Variety,Location,Year,T_l,T_opt,RMSE,MBE,MAE,Comparison,Approach
HeadM105_DaysToHeading,BosworthRue,2016,11,36,0.29750014166666006,-0.29750014166666006,0.29750014166666006,Local vs PRISM,RMSE Only
HeadM105_DaysToHeading,BosworthRue,2017,11,36,0.8129996638890589,-0.8129996638890589,0.8129996638890589,Local vs PRISM,RMSE Only
HeadM105_DaysToHeading,BosworthRue,2018,10,35,4.350057994444342,-4.350057994444342,4.350057994444342,Local vs PRISM,RMSE Only
HeadM105_DaysToHeading,BosworthRue,2019,15,34,1.411664975000008,-1.411664975000008,1.411664975000008,Local vs PRISM,RMSE Only
HeadM105_DaysToHeading,BosworthRue,2020,16,34,2.7376140583332926,-2.7376140583332926,2.7376140583332926,Local vs PRISM,RMSE Only
HeadM105_DaysToHeading,BosworthRue,2021,10,32,1.5149565166666434,1.5149565166666434,1.5149565166666434,Local vs PRISM,RMSE Only
HeadM105_DaysToHeading,BosworthRue,2022,19,39,0.597224633333326,-0.597224633333326,0.597224633333326,Local vs PRISM,RMSE Only
HeadM105_DaysToHeading,BosworthRue,2023,10,33,0.9635878305556388,0.9635878305556388,0.9635878305556388,Local vs PRISM,RMSE Only
HeadM105_DaysToHeading,Canal,2016,11,33,0.0540558888887972,-0.0540558888887972,0.0540558888887972,Local vs PRISM,RMSE Only
HeadM105_DaysToHeading,Canal,2017,10,39,0.5410511361110366,-0.5410511361110366,0.5410511361110366,Local vs PRISM,RMSE Only
HeadM105_DaysToHeading,Canal,2018,10,31,0.36138996666659295,-0.36138996666659295,0.36138996666659295,Local vs PRISM,RMSE Only
HeadM105_DaysToHeading,Canal,2019,12,40,18.13506214444442,18.13506214444442,18.13506214444442,Local vs PRISM,RMSE Only
HeadM105_DaysToHeading,Canal,2020,10,34,0.01638515277772967,-0.01638515277772967,0.01638515277772967,Local vs PRISM,RMSE Only
HeadM105_DaysToHeading,Canal,2023,10,40,9.246255322222169,9.246255322222169,9.246255322222169,Local vs PRISM,RMSE Only
HeadM105_DaysToHeading,Canal,2024,10,39,0.03275709722220199,-0.03275709722220199,0.03275709722220199,Local vs PRISM,RMSE Only
HeadM105_DaysToHeading,DelRio,2016,18,25,0,0,0,Local vs PRISM,RMSE Only
HeadM105_DaysToHeading,DelRio,2021,19,25,0,0,0,Local vs PRISM,RMSE Only
HeadM105_DaysToHeading,DelRio,2022,19,25,0,0,0,Local vs PRISM,RMSE Only
HeadM105_DaysToHeading,DelRio,2023,19,25,0,0,0,Local vs PRISM,RMSE Only
HeadM105_DaysToHeading,ErdmanGallagher,2016,14,30,0.21478013333330637,-0.21478013333330637,0.21478013333330637,Local vs PRISM,RMSE Only
HeadM105_DaysToHeading,ErdmanGallagher,2017,11,36,0.26217315000008057,-0.26217315000008057,0.26217315000008057,Local vs PRISM,RMSE Only
HeadM105_DaysToHeading,ErdmanGallagher,2018,10,33,2.0406657777778037,2.0406657777778037,2.0406657777778037,Local vs PRISM,RMSE Only
HeadM105_DaysToHeading,ErdmanGallagher,2019,10,35,0.3581658250000146,-0.3581658250000146,0.3581658250000146,Local vs PRISM,RMSE Only
HeadM105_DaysToHeading,ErdmanGallagher,2020,11,37,1.9912741555556297,-1.9912741555556297,1.9912741555556297,Local vs PRISM,RMSE Only
HeadM105_DaysToHeading,ErdmanGallagher,2021,20,25,12.753611111111113,12.753611111111113,12.753611111111113,Local vs PRISM,RMSE Only
HeadM105_DaysToHeading,ErdmanGallagher,2023,20,25,52.35111111111111,52.35111111111111,52.35111111111111,Local vs PRISM,RMSE Only
HeadM105_DaysToHeading,ErdmanGallagher,2024,11,29,25.27348890555561,25.27348890555561,25.27348890555561,Local vs PRISM,RMSE Only
HeadM105_DaysToHeading,LarrabeeSheppard,2016,13,38,0.3534895055556717,-0.3534895055556717,0.3534895055556717,Local vs PRISM,RMSE Only
HeadM105_DaysToHeading,LarrabeeSheppard,2017,11,38,0.07521902500002398,-0.07521902500002398,0.07521902500002398,Local vs PRISM,RMSE Only
HeadM105_DaysToHeading,LarrabeeSheppard,2018,18,26,0.18700210833338815,-0.18700210833338815,0.18700210833338815,Local vs PRISM,RMSE Only
HeadM105_DaysToHeading,LarrabeeSheppard,2019,12,35,20.926445288889,20.926445288889,20.926445288889,Local vs PRISM,RMSE Only
HeadM105_DaysToHeading,LarrabeeSheppard,2020,10,35,2.867113655555613,-2.867113655555613,2.867113655555613,Local vs PRISM,RMSE Only
HeadM105_DaysToHeading,LarrabeeSheppard,2021,11,36,1.985515872222095,1.985515872222095,1.985515872222095,Local vs PRISM,RMSE Only
HeadM105_DaysToHeading,LarrabeeSheppard,2022,13,36,0.4293715166668335,0.4293715166668335,0.4293715166668335,Local vs PRISM,RMSE Only
HeadM105_DaysToHeading,LarrabeeSheppard,2023,12,37,0.8351334138890252,-0.8351334138890252,0.8351334138890252,Local vs PRISM,RMSE Only
HeadM105_DaysToHeading,LarrabeeSheppard,2024,10,35,0.13517035555560142,0.13517035555560142,0.13517035555560142,Local vs PRISM,RMSE Only
HeadM105_DaysToHeading,Lauppe,2016,10,40,20.307673674999933,20.307673674999933,20.307673674999933,Local vs PRISM,RMSE Only
HeadM105_DaysToHeading,Lauppe,2017,10,36,1.1333896944445314,-1.1333896944445314,1.1333896944445314,Local vs PRISM,RMSE Only
HeadM105_DaysToHeading,Lauppe,2018,10,36,4.818055138888894,-4.818055138888894,4.818055138888894,Local vs PRISM,RMSE Only
HeadM105_DaysToHeading,Lauppe,2019,11,40,29.896609005555547,29.896609005555547,29.896609005555547,Local vs PRISM,RMSE Only
HeadM105_DaysToHeading,Lauppe,2020,10,37,0.7122255722222235,0.7122255722222235,0.7122255722222235,Local vs PRISM,RMSE Only
HeadM105_DaysToHeading,Lauppe,2021,10,39,1.0075610305555074,1.0075610305555074,1.0075610305555074,Local vs PRISM,RMSE Only
HeadM105_DaysToHeading,Lauppe,2022,13,40,0.11094965277777646,-0.11094965277777646,0.11094965277777646,Local vs PRISM,RMSE Only
HeadM105_DaysToHeading,Lauppe,2023,10,34,1.5863531749998856,-1.5863531749998856,1.5863531749998856,Local vs PRISM,RMSE Only
HeadM105_DaysToHeading,Lauppe,2024,10,40,21.50608438611107,21.50608438611107,21.50608438611107,Local vs PRISM,RMSE Only
HeadM105_DaysToHeading,Rehmann,2017,11,37,0.10244233333332886,0.10244233333332886,0.10244233333332886,Local vs PRISM,RMSE Only
HeadM105_DaysToHeading,Rehmann,2018,20,25,0,0,0,Local vs PRISM,RMSE Only
HeadM105_DaysToHeading,Rehmann,2019,20,25,0,0,0,Local vs PRISM,RMSE Only
HeadM105_DaysToHeading,Rehmann,2021,20,25,0,0,0,Local vs PRISM,RMSE Only
HeadM105_DaysToHeading,Schohr,2016,18,36,0.209113086111131,0.209113086111131,0.209113086111131,Local vs PRISM,RMSE Only
HeadM105_DaysToHeading,Schohr,2017,18,37,0.5223858611111609,0.5223858611111609,0.5223858611111609,Local vs PRISM,RMSE Only
HeadM105_DaysToHeading,Schohr,2018,13,35,1.969943316666786,-1.969943316666786,1.969943316666786,Local vs PRISM,RMSE Only
HeadM105_DaysToHeading,Schohr,2019,20,25,51.01755567777778,51.01755567777778,51.01755567777778,Local vs PRISM,RMSE Only
HeadM105_DaysToHeading,Schohr,2020,10,40,3.3759478611111717,3.3759478611111717,3.3759478611111717,Local vs PRISM,RMSE Only
HeadM105_DaysToHeading,Schohr,2021,12,37,0.09662193611097793,-0.09662193611097793,0.09662193611097793,Local vs PRISM,RMSE Only
HeadM105_DaysToHeading,Schohr,2022,10,37,0.01644113611109787,-0.01644113611109787,0.01644113611109787,Local vs PRISM,RMSE Only
HeadM105_DaysToHeading,Schohr,2023,11,40,21.47566690000008,21.47566690000008,21.47566690000008,Local vs PRISM,RMSE Only
HeadM105_DaysToHeading,Schohr,2024,17,37,1.335485824999978,1.335485824999978,1.335485824999978,Local vs PRISM,RMSE Only
HeadM105_DaysToHeading,Wylie,2016,11,32,2.0245542499999374,-2.0245542499999374,2.0245542499999374,Local vs PRISM,RMSE Only
HeadM105_DaysToHeading,Wylie,2017,20,34,0.35005708611114983,-0.35005708611114983,0.35005708611114983,Local vs PRISM,RMSE Only
HeadM105_DaysToHeading,Wylie,2018,10,32,0.7878902305556039,0.7878902305556039,0.7878902305556039,Local vs PRISM,RMSE Only
HeadM105_DaysToHeading,Wylie,2019,13,35,1.7932799333334517,-1.7932799333334517,1.7932799333334517,Local vs PRISM,RMSE Only
HeadM105_DaysToHeading,Wylie,2020,13,37,1.04155521944449,-1.04155521944449,1.04155521944449,Local vs PRISM,RMSE Only
HeadM105_DaysToHeading,Wylie,2021,10,36,1.9996755527777168,-1.9996755527777168,1.9996755527777168,Local vs PRISM,RMSE Only
HeadM105_DaysToHeading,Wylie,2022,10,31,0.28340463333324806,0.28340463333324806,0.28340463333324806,Local vs PRISM,RMSE Only
HeadM105_DaysToHeading,Wylie,2023,13,38,1.225648994444441,-1.225648994444441,1.225648994444441,Local vs PRISM,RMSE Only
HeadM206_DaysToHeading,BosworthRue,2016,10,33,1.044109280555631,1.044109280555631,1.044109280555631,Local vs PRISM,RMSE Only
HeadM206_DaysToHeading,BosworthRue,2017,11,36,0.7244442500000332,-0.7244442500000332,0.7244442500000332,Local vs PRISM,RMSE Only
HeadM206_DaysToHeading,BosworthRue,2018,10,34,2.2931110944443844,2.2931110944443844,2.2931110944443844,Local vs PRISM,RMSE Only
HeadM206_DaysToHeading,BosworthRue,2019,15,34,1.709776055555608,-1.709776055555608,1.709776055555608,Local vs PRISM,RMSE Only
HeadM206_DaysToHeading,BosworthRue,2020,16,31,1.9596091555555972,1.9596091555555972,1.9596091555555972,Local vs PRISM,RMSE Only
HeadM206_DaysToHeading,BosworthRue,2021,10,32,0.7599568222221933,0.7599568222221933,0.7599568222221933,Local vs PRISM,RMSE Only
HeadM206_DaysToHeading,BosworthRue,2022,13,33,0.1477490805555135,-0.1477490805555135,0.1477490805555135,Local vs PRISM,RMSE Only
HeadM206_DaysToHeading,BosworthRue,2023,10,33,1.0692881333333162,1.0692881333333162,1.0692881333333162,Local vs PRISM,RMSE Only
HeadM206_DaysToHeading,Canal,2016,11,33,0.13744474722216182,-0.13744474722216182,0.13744474722216182,Local vs PRISM,RMSE Only
HeadM206_DaysToHeading,Canal,2017,10,38,0.6270040444444476,0.6270040444444476,0.6270040444444476,Local vs PRISM,RMSE Only
HeadM206_DaysToHeading,Canal,2018,10,31,0.0076122055554606,-0.0076122055554606,0.0076122055554606,Local vs PRISM,RMSE Only
HeadM206_DaysToHeading,Canal,2019,12,40,12.792839650000133,12.792839650000133,12.792839650000133,Local vs PRISM,RMSE Only
HeadM206_DaysToHeading,Canal,2020,11,36,1.2810505888887749,-1.2810505888887749,1.2810505888887749,Local vs PRISM,RMSE Only
HeadM206_DaysToHeading,Canal,2023,10,40,5.165557233333288,5.165557233333288,5.165557233333288,Local vs PRISM,RMSE Only
HeadM206_DaysToHeading,Canal,2024,10,39,0.08101149444451039,-0.08101149444451039,0.08101149444451039,Local vs PRISM,RMSE Only
HeadM206_DaysToHeading,DelRio,2016,18,25,0,0,0,Local vs PRISM,RMSE Only
HeadM206_DaysToHeading,DelRio,2021,19,25,0,0,0,Local vs PRISM,RMSE Only
HeadM206_DaysToHeading,DelRio,2022,19,25,0,0,0,Local vs PRISM,RMSE Only
HeadM206_DaysToHeading,DelRio,2023,19,25,0,0,0,Local vs PRISM,RMSE Only
HeadM206_DaysToHeading,ErdmanGallagher,2016,14,30,0.21478013333330637,-0.21478013333330637,0.21478013333330637,Local vs PRISM,RMSE Only
HeadM206_DaysToHeading,ErdmanGallagher,2017,11,35,0.9107177000000776,0.9107177000000776,0.9107177000000776,Local vs PRISM,RMSE Only
HeadM206_DaysToHeading,ErdmanGallagher,2018,10,33,0.6515568055554013,-0.6515568055554013,0.6515568055554013,Local vs PRISM,RMSE Only
HeadM206_DaysToHeading,ErdmanGallagher,2019,10,35,0.5954995944443908,-0.5954995944443908,0.5954995944443908,Local vs PRISM,RMSE Only
HeadM206_DaysToHeading,ErdmanGallagher,2020,11,37,1.8047189000001256,-1.8047189000001256,1.8047189000001256,Local vs PRISM,RMSE Only
HeadM206_DaysToHeading,ErdmanGallagher,2021,20,25,12.753611111111113,12.753611111111113,12.753611111111113,Local vs PRISM,RMSE Only
HeadM206_DaysToHeading,ErdmanGallagher,2023,20,25,52.35111111111111,52.35111111111111,52.35111111111111,Local vs PRISM,RMSE Only
HeadM206_DaysToHeading,ErdmanGallagher,2024,11,29,25.161534366666615,25.161534366666615,25.161534366666615,Local vs PRISM,RMSE Only
HeadM206_DaysToHeading,LarrabeeSheppard,2016,11,31,0.2475033777777753,0.2475033777777753,0.2475033777777753,Local vs PRISM,RMSE Only
HeadM206_DaysToHeading,LarrabeeSheppard,2017,14,38,0.4318909444446035,0.4318909444446035,0.4318909444446035,Local vs PRISM,RMSE Only
HeadM206_DaysToHeading,LarrabeeSheppard,2018,18,26,0.18700210833338815,-0.18700210833338815,0.18700210833338815,Local vs PRISM,RMSE Only
HeadM206_DaysToHeading,LarrabeeSheppard,2019,12,35,20.926445288889,20.926445288889,20.926445288889,Local vs PRISM,RMSE Only
HeadM206_DaysToHeading,LarrabeeSheppard,2020,10,35,3.4150583138889488,-3.4150583138889488,3.4150583138889488,Local vs PRISM,RMSE Only
HeadM206_DaysToHeading,LarrabeeSheppard,2021,10,34,0.08147060833334763,-0.08147060833334763,0.08147060833334763,Local vs PRISM,RMSE Only
HeadM206_DaysToHeading,LarrabeeSheppard,2022,10,32,2.065412050000077,-2.065412050000077,2.065412050000077,Local vs PRISM,RMSE Only
HeadM206_DaysToHeading,LarrabeeSheppard,2023,12,36,1.6338782055556749,-1.6338782055556749,1.6338782055556749,Local vs PRISM,RMSE Only
HeadM206_DaysToHeading,LarrabeeSheppard,2024,12,39,1.0465158055556003,-1.0465158055556003,1.0465158055556003,Local vs PRISM,RMSE Only
HeadM206_DaysToHeading,Lauppe,2016,10,40,16.843229650000012,16.843229650000012,16.843229650000012,Local vs PRISM,RMSE Only
HeadM206_DaysToHeading,Lauppe,2017,10,35,0.2272232499999518,-0.2272232499999518,0.2272232499999518,Local vs PRISM,RMSE Only
HeadM206_DaysToHeading,Lauppe,2018,10,35,4.148222013888926,4.148222013888926,4.148222013888926,Local vs PRISM,RMSE Only
HeadM206_DaysToHeading,Lauppe,2019,11,40,27.563609699999915,27.563609699999915,27.563609699999915,Local vs PRISM,RMSE Only
HeadM206_DaysToHeading,Lauppe,2020,10,37,0.1606641694445443,-0.1606641694445443,0.1606641694445443,Local vs PRISM,RMSE Only
HeadM206_DaysToHeading,Lauppe,2021,10,39,2.2945254555554584,-2.2945254555554584,2.2945254555554584,Local vs PRISM,RMSE Only
HeadM206_DaysToHeading,Lauppe,2022,19,31,0.15568200277777322,-0.15568200277777322,0.15568200277777322,Local vs PRISM,RMSE Only
HeadM206_DaysToHeading,Lauppe,2023,11,40,0.16090925555567992,0.16090925555567992,0.16090925555567992,Local vs PRISM,RMSE Only
HeadM206_DaysToHeading,Lauppe,2024,10,40,14.58247526944433,14.58247526944433,14.58247526944433,Local vs PRISM,RMSE Only
HeadM206_DaysToHeading,Rehmann,2017,11,36,1.517997161111225,1.517997161111225,1.517997161111225,Local vs PRISM,RMSE Only
HeadM206_DaysToHeading,Rehmann,2018,20,25,0,0,0,Local vs PRISM,RMSE Only
HeadM206_DaysToHeading,Rehmann,2019,20,25,0,0,0,Local vs PRISM,RMSE Only
HeadM206_DaysToHeading,Rehmann,2021,20,25,0,0,0,Local vs PRISM,RMSE Only
HeadM206_DaysToHeading,Schohr,2016,18,36,0.209113086111131,0.209113086111131,0.209113086111131,Local vs PRISM,RMSE Only
HeadM206_DaysToHeading,Schohr,2017,18,35,0.7428340999999818,-0.7428340999999818,0.7428340999999818,Local vs PRISM,RMSE Only
HeadM206_DaysToHeading,Schohr,2018,13,35,0.05899836111098011,-0.05899836111098011,0.05899836111098011,Local vs PRISM,RMSE Only
HeadM206_DaysToHeading,Schohr,2019,20,25,51.01755567777778,51.01755567777778,51.01755567777778,Local vs PRISM,RMSE Only
HeadM206_DaysToHeading,Schohr,2020,10,40,0.6066143138889402,0.6066143138889402,0.6066143138889402,Local vs PRISM,RMSE Only
HeadM206_DaysToHeading,Schohr,2021,12,35,0.13517221111101207,0.13517221111101207,0.13517221111101207,Local vs PRISM,RMSE Only
HeadM206_DaysToHeading,Schohr,2022,20,25,0.05400005277777708,-0.05400005277777708,0.05400005277777708,Local vs PRISM,RMSE Only
HeadM206_DaysToHeading,Schohr,2023,11,40,20.583762372222058,20.583762372222058,20.583762372222058,Local vs PRISM,RMSE Only
HeadM206_DaysToHeading,Schohr,2024,17,37,0.10414215833327488,0.10414215833327488,0.10414215833327488,Local vs PRISM,RMSE Only
HeadM206_DaysToHeading,Wylie,2016,11,32,3.796054263888891,-3.796054263888891,3.796054263888891,Local vs PRISM,RMSE Only
HeadM206_DaysToHeading,Wylie,2017,20,34,0.24294602777780483,-0.24294602777780483,0.24294602777780483,Local vs PRISM,RMSE Only
HeadM206_DaysToHeading,Wylie,2018,10,32,0.27910989166684885,-0.27910989166684885,0.27910989166684885,Local vs PRISM,RMSE Only
HeadM206_DaysToHeading,Wylie,2019,13,35,2.665559094444461,-2.665559094444461,2.665559094444461,Local vs PRISM,RMSE Only
HeadM206_DaysToHeading,Wylie,2020,14,40,0.06805568055551703,-0.06805568055551703,0.06805568055551703,Local vs PRISM,RMSE Only
HeadM206_DaysToHeading,Wylie,2021,10,36,4.426380666666773,-4.426380666666773,4.426380666666773,Local vs PRISM,RMSE Only
HeadM206_DaysToHeading,Wylie,2022,14,34,0.22187125277775976,-0.22187125277775976,0.22187125277775976,Local vs PRISM,RMSE Only
HeadM206_DaysToHeading,Wylie,2023,16,26,0.20773950555559395,-0.20773950555559395,0.20773950555559395,Local vs PRISM,RMSE Only
HeadM209_DaysToHeading,BosworthRue,2016,13,40,0.03483281666649418,-0.03483281666649418,0.03483281666649418,Local vs PRISM,RMSE Only
HeadM209_DaysToHeading,BosworthRue,2017,12,40,1.4125009638887605,1.4125009638887605,1.4125009638887605,Local vs PRISM,RMSE Only
HeadM209_DaysToHeading,BosworthRue,2018,10,33,1.491557555555346,1.491557555555346,1.491557555555346,Local vs PRISM,RMSE Only
HeadM209_DaysToHeading,BosworthRue,2019,13,37,0.643112430555675,-0.643112430555675,0.643112430555675,Local vs PRISM,RMSE Only
HeadM209_DaysToHeading,BosworthRue,2020,11,35,1.7830583638890405,-1.7830583638890405,1.7830583638890405,Local vs PRISM,RMSE Only
HeadM209_DaysToHeading,BosworthRue,2021,11,35,4.4035938027777775,4.4035938027777775,4.4035938027777775,Local vs PRISM,RMSE Only
HeadM209_DaysToHeading,BosworthRue,2022,19,30,0.1264876888889006,-0.1264876888889006,0.1264876888889006,Local vs PRISM,RMSE Only
HeadM209_DaysToHeading,BosworthRue,2023,19,39,1.390453744444443,-1.390453744444443,1.390453744444443,Local vs PRISM,RMSE Only
HeadM209_DaysToHeading,Canal,2016,12,38,1.2318868833333454,1.2318868833333454,1.2318868833333454,Local vs PRISM,RMSE Only
HeadM209_DaysToHeading,Canal,2017,10,38,1.3122781361112177,-1.3122781361112177,1.3122781361112177,Local vs PRISM,RMSE Only
HeadM209_DaysToHeading,Canal,2018,10,31,0.7558319111112723,0.7558319111112723,0.7558319111112723,Local vs PRISM,RMSE Only
HeadM209_DaysToHeading,Canal,2019,12,40,15.274674761111328,15.274674761111328,15.274674761111328,Local vs PRISM,RMSE Only
HeadM209_DaysToHeading,Canal,2020,11,35,0.28489461111098535,0.28489461111098535,0.28489461111098535,Local vs PRISM,RMSE Only
HeadM209_DaysToHeading,Canal,2023,10,40,5.208449344444489,5.208449344444489,5.208449344444489,Local vs PRISM,RMSE Only
HeadM209_DaysToHeading,Canal,2024,11,35,0.3893979138888426,0.3893979138888426,0.3893979138888426,Local vs PRISM,RMSE Only
HeadM209_DaysToHeading,DelRio,2016,18,25,0,0,0,Local vs PRISM,RMSE Only
HeadM209_DaysToHeading,DelRio,2021,19,25,0,0,0,Local vs PRISM,RMSE Only
HeadM209_DaysToHeading,DelRio,2022,20,25,0,0,0,Local vs PRISM,RMSE Only
HeadM209_DaysToHeading,DelRio,2023,20,25,12.546549797222228,-12.546549797222228,12.546549797222228,Local vs PRISM,RMSE Only
HeadM209_DaysToHeading,ErdmanGallagher,2016,10,28,0.06449881944445224,0.06449881944445224,0.06449881944445224,Local vs PRISM,RMSE Only
HeadM209_DaysToHeading,ErdmanGallagher,2017,13,39,0.9566140916667792,-0.9566140916667792,0.9566140916667792,Local vs PRISM,RMSE Only
HeadM209_DaysToHeading,ErdmanGallagher,2018,12,40,1.864670272222156,1.864670272222156,1.864670272222156,Local vs PRISM,RMSE Only
HeadM209_DaysToHeading,ErdmanGallagher,2019,12,33,0.27144984722235677,0.27144984722235677,0.27144984722235677,Local vs PRISM,RMSE Only
HeadM209_DaysToHeading,ErdmanGallagher,2020,10,34,1.031608466666739,-1.031608466666739,1.031608466666739,Local vs PRISM,RMSE Only
HeadM209_DaysToHeading,ErdmanGallagher,2021,20,25,12.753611111111113,12.753611111111113,12.753611111111113,Local vs PRISM,RMSE Only
HeadM209_DaysToHeading,ErdmanGallagher,2023,10,40,61.03522980277785,61.03522980277785,61.03522980277785,Local vs PRISM,RMSE Only
HeadM209_DaysToHeading,ErdmanGallagher,2024,11,29,25.935718166666906,25.935718166666906,25.935718166666906,Local vs PRISM,RMSE Only
HeadM209_DaysToHeading,LarrabeeSheppard,2016,17,32,0.05166559166667639,-0.05166559166667639,0.05166559166667639,Local vs PRISM,RMSE Only
HeadM209_DaysToHeading,LarrabeeSheppard,2017,13,38,0.03432948055547058,-0.03432948055547058,0.03432948055547058,Local vs PRISM,RMSE Only
HeadM209_DaysToHeading,LarrabeeSheppard,2018,16,32,0.12005957222220331,-0.12005957222220331,0.12005957222220331,Local vs PRISM,RMSE Only
HeadM209_DaysToHeading,LarrabeeSheppard,2019,12,39,21.397444166666673,21.397444166666673,21.397444166666673,Local vs PRISM,RMSE Only
HeadM209_DaysToHeading,LarrabeeSheppard,2020,10,34,0.4150552638889166,-0.4150552638889166,0.4150552638889166,Local vs PRISM,RMSE Only
HeadM209_DaysToHeading,LarrabeeSheppard,2021,11,35,0.9999894222221428,-0.9999894222221428,0.9999894222221428,Local vs PRISM,RMSE Only
HeadM209_DaysToHeading,LarrabeeSheppard,2022,13,35,3.478497100000141,3.478497100000141,3.478497100000141,Local vs PRISM,RMSE Only
HeadM209_DaysToHeading,LarrabeeSheppard,2023,11,35,0.4554503722222307,0.4554503722222307,0.4554503722222307,Local vs PRISM,RMSE Only
HeadM209_DaysToHeading,LarrabeeSheppard,2024,10,34,0.516255069444469,-0.516255069444469,0.516255069444469,Local vs PRISM,RMSE Only
HeadM209_DaysToHeading,Lauppe,2016,10,40,8.870839252777614,8.870839252777614,8.870839252777614,Local vs PRISM,RMSE Only
HeadM209_DaysToHeading,Lauppe,2017,10,35,1.247668230555519,-1.247668230555519,1.247668230555519,Local vs PRISM,RMSE Only
HeadM209_DaysToHeading,Lauppe,2018,10,35,5.214000074999831,-5.214000074999831,5.214000074999831,Local vs PRISM,RMSE Only
HeadM209_DaysToHeading,Lauppe,2019,11,40,29.772610363888816,29.772610363888816,29.772610363888816,Local vs PRISM,RMSE Only
HeadM209_DaysToHeading,Lauppe,2020,10,36,0.2896096499998748,-0.2896096499998748,0.2896096499998748,Local vs PRISM,RMSE Only
HeadM209_DaysToHeading,Lauppe,2021,10,37,3.29483028333334,-3.29483028333334,3.29483028333334,Local vs PRISM,RMSE Only
HeadM209_DaysToHeading,Lauppe,2022,15,38,0.11225454722216456,-0.11225454722216456,0.11225454722216456,Local vs PRISM,RMSE Only
HeadM209_DaysToHeading,Lauppe,2023,11,39,0.11174549722227312,-0.11174549722227312,0.11174549722227312,Local vs PRISM,RMSE Only
HeadM209_DaysToHeading,Lauppe,2024,10,40,6.43451644722245,6.43451644722245,6.43451644722245,Local vs PRISM,RMSE Only
HeadM209_DaysToHeading,Rehmann,2017,11,36,2.2252796722220864,-2.2252796722220864,2.2252796722220864,Local vs PRISM,RMSE Only
HeadM209_DaysToHeading,Rehmann,2018,20,25,0,0,0,Local vs PRISM,RMSE Only
HeadM209_DaysToHeading,Rehmann,2019,20,25,0,0,0,Local vs PRISM,RMSE Only
HeadM209_DaysToHeading,Rehmann,2021,20,25,0,0,0,Local vs PRISM,RMSE Only
HeadM209_DaysToHeading,Schohr,2016,16,35,0.02438979722228396,-0.02438979722228396,0.02438979722228396,Local vs PRISM,RMSE Only
HeadM209_DaysToHeading,Schohr,2017,18,40,1.423774291666632,1.423774291666632,1.423774291666632,Local vs PRISM,RMSE Only
HeadM209_DaysToHeading,Schohr,2018,14,33,1.6660004194443443,1.6660004194443443,1.6660004194443443,Local vs PRISM,RMSE Only
HeadM209_DaysToHeading,Schohr,2019,20,25,51.01755567777778,51.01755567777778,51.01755567777778,Local vs PRISM,RMSE Only
HeadM209_DaysToHeading,Schohr,2020,10,36,0.49810627777787886,-0.49810627777787886,0.49810627777787886,Local vs PRISM,RMSE Only
HeadM209_DaysToHeading,Schohr,2021,18,32,0.2041926888888952,0.2041926888888952,0.2041926888888952,Local vs PRISM,RMSE Only
HeadM209_DaysToHeading,Schohr,2022,11,35,1.1992517305554884,-1.1992517305554884,1.1992517305554884,Local vs PRISM,RMSE Only
HeadM209_DaysToHeading,Schohr,2023,11,40,14.43770310833338,14.43770310833338,14.43770310833338,Local vs PRISM,RMSE Only
HeadM209_DaysToHeading,Schohr,2024,17,37,0.10414215833327488,0.10414215833327488,0.10414215833327488,Local vs PRISM,RMSE Only
HeadM209_DaysToHeading,Wylie,2016,12,34,1.6637239444444276,-1.6637239444444276,1.6637239444444276,Local vs PRISM,RMSE Only
HeadM209_DaysToHeading,Wylie,2017,14,36,1.15999740277789,1.15999740277789,1.15999740277789,Local vs PRISM,RMSE Only
HeadM209_DaysToHeading,Wylie,2018,12,37,0.05460969166688301,0.05460969166688301,0.05460969166688301,Local vs PRISM,RMSE Only
HeadM209_DaysToHeading,Wylie,2019,14,37,0.9332773916664792,0.9332773916664792,0.9332773916664792,Local vs PRISM,RMSE Only
HeadM209_DaysToHeading,Wylie,2020,10,33,0.46838863333346126,-0.46838863333346126,0.46838863333346126,Local vs PRISM,RMSE Only
HeadM209_DaysToHeading,Wylie,2021,10,35,1.0181330527777843,-1.0181330527777843,1.0181330527777843,Local vs PRISM,RMSE Only
HeadM209_DaysToHeading,Wylie,2022,10,30,3.199525688888798,3.199525688888798,3.199525688888798,Local vs PRISM,RMSE Only
HeadM209_DaysToHeading,Wylie,2023,16,31,0.23321081111112107,0.23321081111112107,0.23321081111112107,Local vs PRISM,RMSE Only
HeadM210_DaysToHeading,BosworthRue,2016,10,33,1.044109280555631,1.044109280555631,1.044109280555631,Local vs PRISM,RMSE Only
HeadM210_DaysToHeading,BosworthRue,2017,10,34,1.0451664305555823,1.0451664305555823,1.0451664305555823,Local vs PRISM,RMSE Only
HeadM210_DaysToHeading,BosworthRue,2018,10,34,2.2931110944443844,2.2931110944443844,2.2931110944443844,Local vs PRISM,RMSE Only
HeadM210_DaysToHeading,BosworthRue,2019,15,34,1.709776055555608,-1.709776055555608,1.709776055555608,Local vs PRISM,RMSE Only
HeadM210_DaysToHeading,BosworthRue,2020,16,31,1.9596091555555972,1.9596091555555972,1.9596091555555972,Local vs PRISM,RMSE Only
HeadM210_DaysToHeading,BosworthRue,2021,10,32,0.13989276388906546,-0.13989276388906546,0.13989276388906546,Local vs PRISM,RMSE Only
HeadM210_DaysToHeading,BosworthRue,2022,13,33,0.1477490805555135,-0.1477490805555135,0.1477490805555135,Local vs PRISM,RMSE Only
HeadM210_DaysToHeading,BosworthRue,2023,10,33,0.5759385250000832,0.5759385250000832,0.5759385250000832,Local vs PRISM,RMSE Only
HeadM210_DaysToHeading,Canal,2016,11,33,0.00450069999999414,-0.00450069999999414,0.00450069999999414,Local vs PRISM,RMSE Only
HeadM210_DaysToHeading,Canal,2017,10,38,0.01455880833327683,0.01455880833327683,0.01455880833327683,Local vs PRISM,RMSE Only
HeadM210_DaysToHeading,Canal,2018,10,31,0.0076122055554606,-0.0076122055554606,0.0076122055554606,Local vs PRISM,RMSE Only
HeadM210_DaysToHeading,Canal,2019,12,40,12.91272798888872,12.91272798888872,12.91272798888872,Local vs PRISM,RMSE Only
HeadM210_DaysToHeading,Canal,2020,11,36,2.1141616305553725,-2.1141616305553725,2.1141616305553725,Local vs PRISM,RMSE Only
HeadM210_DaysToHeading,Canal,2023,10,40,9.246255322222169,9.246255322222169,9.246255322222169,Local vs PRISM,RMSE Only
HeadM210_DaysToHeading,Canal,2024,10,39,0.08101149444451039,-0.08101149444451039,0.08101149444451039,Local vs PRISM,RMSE Only
HeadM210_DaysToHeading,DelRio,2016,18,25,0,0,0,Local vs PRISM,RMSE Only
HeadM210_DaysToHeading,DelRio,2021,19,25,0,0,0,Local vs PRISM,RMSE Only
HeadM210_DaysToHeading,DelRio,2022,19,25,0,0,0,Local vs PRISM,RMSE Only
HeadM210_DaysToHeading,DelRio,2023,19,25,12.546549797222228,-12.546549797222228,12.546549797222228,Local vs PRISM,RMSE Only
HeadM210_DaysToHeading,ErdmanGallagher,2016,11,28,1.5333327750000765,1.5333327750000765,1.5333327750000765,Local vs PRISM,RMSE Only
HeadM210_DaysToHeading,ErdmanGallagher,2017,11,35,0.9107177000000776,0.9107177000000776,0.9107177000000776,Local vs PRISM,RMSE Only
HeadM210_DaysToHeading,ErdmanGallagher,2018,15,38,0.22078218888896117,0.22078218888896117,0.22078218888896117,Local vs PRISM,RMSE Only
HeadM210_DaysToHeading,ErdmanGallagher,2019,13,40,0.34638861388884834,0.34638861388884834,0.34638861388884834,Local vs PRISM,RMSE Only
HeadM210_DaysToHeading,ErdmanGallagher,2020,11,37,1.8047189000001256,-1.8047189000001256,1.8047189000001256,Local vs PRISM,RMSE Only
HeadM210_DaysToHeading,ErdmanGallagher,2021,20,25,12.753611111111113,12.753611111111113,12.753611111111113,Local vs PRISM,RMSE Only
HeadM210_DaysToHeading,ErdmanGallagher,2023,20,25,52.35111111111111,52.35111111111111,52.35111111111111,Local vs PRISM,RMSE Only
HeadM210_DaysToHeading,ErdmanGallagher,2024,11,29,25.161534366666615,25.161534366666615,25.161534366666615,Local vs PRISM,RMSE Only
HeadM210_DaysToHeading,LarrabeeSheppard,2016,11,31,0.01244121111108143,-0.01244121111108143,0.01244121111108143,Local vs PRISM,RMSE Only
HeadM210_DaysToHeading,LarrabeeSheppard,2017,14,37,0.35638861944448763,-0.35638861944448763,0.35638861944448763,Local vs PRISM,RMSE Only
HeadM210_DaysToHeading,LarrabeeSheppard,2018,18,26,0.18700210833338815,-0.18700210833338815,0.18700210833338815,Local vs PRISM,RMSE Only
HeadM210_DaysToHeading,LarrabeeSheppard,2019,12,35,20.926445288889,20.926445288889,20.926445288889,Local vs PRISM,RMSE Only
HeadM210_DaysToHeading,LarrabeeSheppard,2020,10,34,3.909888980555479,3.909888980555479,3.909888980555479,Local vs PRISM,RMSE Only
HeadM210_DaysToHeading,LarrabeeSheppard,2021,10,34,0.08147060833334763,-0.08147060833334763,0.08147060833334763,Local vs PRISM,RMSE Only
HeadM210_DaysToHeading,LarrabeeSheppard,2022,10,32,1.121257136111126,-1.121257136111126,1.121257136111126,Local vs PRISM,RMSE Only
HeadM210_DaysToHeading,LarrabeeSheppard,2023,12,36,2.039633497222212,-2.039633497222212,2.039633497222212,Local vs PRISM,RMSE Only
HeadM210_DaysToHeading,LarrabeeSheppard,2024,12,39,1.0465158055556003,-1.0465158055556003,1.0465158055556003,Local vs PRISM,RMSE Only
HeadM210_DaysToHeading,Lauppe,2016,10,40,11.431508508333309,11.431508508333309,11.431508508333309,Local vs PRISM,RMSE Only
HeadM210_DaysToHeading,Lauppe,2017,10,35,0.2272232499999518,-0.2272232499999518,0.2272232499999518,Local vs PRISM,RMSE Only
HeadM210_DaysToHeading,Lauppe,2018,10,35,4.292222219444284,4.292222219444284,4.292222219444284,Local vs PRISM,RMSE Only
HeadM210_DaysToHeading,Lauppe,2019,11,40,27.563609699999915,27.563609699999915,27.563609699999915,Local vs PRISM,RMSE Only
HeadM210_DaysToHeading,Lauppe,2020,10,36,1.516724227777786,1.516724227777786,1.516724227777786,Local vs PRISM,RMSE Only
HeadM210_DaysToHeading,Lauppe,2021,10,37,0.4446848944444355,0.4446848944444355,0.4446848944444355,Local vs PRISM,RMSE Only
HeadM210_DaysToHeading,Lauppe,2022,19,31,0.15568200277777322,-0.15568200277777322,0.15568200277777322,Local vs PRISM,RMSE Only
HeadM210_DaysToHeading,Lauppe,2023,11,40,0.16090925555567992,0.16090925555567992,0.16090925555567992,Local vs PRISM,RMSE Only
HeadM210_DaysToHeading,Lauppe,2024,10,40,14.58247526944433,14.58247526944433,14.58247526944433,Local vs PRISM,RMSE Only
HeadM210_DaysToHeading,Rehmann,2017,11,36,1.517997161111225,1.517997161111225,1.517997161111225,Local vs PRISM,RMSE Only
HeadM210_DaysToHeading,Rehmann,2018,20,25,0,0,0,Local vs PRISM,RMSE Only
HeadM210_DaysToHeading,Rehmann,2019,20,25,0,0,0,Local vs PRISM,RMSE Only
HeadM210_DaysToHeading,Rehmann,2021,20,25,0,0,0,Local vs PRISM,RMSE Only
HeadM210_DaysToHeading,Schohr,2016,18,36,0.209113086111131,0.209113086111131,0.209113086111131,Local vs PRISM,RMSE Only
HeadM210_DaysToHeading,Schohr,2017,13,34,0.07016476111107295,0.07016476111107295,0.07016476111107295,Local vs PRISM,RMSE Only
HeadM210_DaysToHeading,Schohr,2018,13,35,0.05899836111098011,-0.05899836111098011,0.05899836111098011,Local vs PRISM,RMSE Only
HeadM210_DaysToHeading,Schohr,2019,20,25,51.01755567777778,51.01755567777778,51.01755567777778,Local vs PRISM,RMSE Only
HeadM210_DaysToHeading,Schohr,2020,10,40,0.6066143138889402,0.6066143138889402,0.6066143138889402,Local vs PRISM,RMSE Only
HeadM210_DaysToHeading,Schohr,2021,20,36,0.1282392083333335,0.1282392083333335,0.1282392083333335,Local vs PRISM,RMSE Only
HeadM210_DaysToHeading,Schohr,2022,20,25,0.05400005277777708,-0.05400005277777708,0.05400005277777708,Local vs PRISM,RMSE Only
HeadM210_DaysToHeading,Schohr,2023,11,40,18.70080756388893,18.70080756388893,18.70080756388893,Local vs PRISM,RMSE Only
HeadM210_DaysToHeading,Schohr,2024,17,37,0.10414215833327488,0.10414215833327488,0.10414215833327488,Local vs PRISM,RMSE Only
HeadM210_DaysToHeading,Wylie,2016,11,32,3.796054263888891,-3.796054263888891,3.796054263888891,Local vs PRISM,RMSE Only
HeadM210_DaysToHeading,Wylie,2017,20,34,0.24294602777780483,-0.24294602777780483,0.24294602777780483,Local vs PRISM,RMSE Only
HeadM210_DaysToHeading,Wylie,2018,10,32,0.27910989166684885,-0.27910989166684885,0.27910989166684885,Local vs PRISM,RMSE Only
HeadM210_DaysToHeading,Wylie,2019,13,35,1.631836188888883,-1.631836188888883,1.631836188888883,Local vs PRISM,RMSE Only
HeadM210_DaysToHeading,Wylie,2020,14,40,0.06805568055551703,-0.06805568055551703,0.06805568055551703,Local vs PRISM,RMSE Only
HeadM210_DaysToHeading,Wylie,2021,10,36,4.426380666666773,-4.426380666666773,4.426380666666773,Local vs PRISM,RMSE Only
HeadM210_DaysToHeading,Wylie,2022,10,31,1.5702284027777296,-1.5702284027777296,1.5702284027777296,Local vs PRISM,RMSE Only
HeadM210_DaysToHeading,Wylie,2023,17,25,0.4408183027777568,-0.4408183027777568,0.4408183027777568,Local vs PRISM,RMSE Only
HeadM211_DaysToHeading,BosworthRue,2016,10,33,1.673279880555583,-1.673279880555583,1.673279880555583,Local vs PRISM,RMSE Only
HeadM211_DaysToHeading,BosworthRue,2017,10,34,0.5933330000000296,-0.5933330000000296,0.5933330000000296,Local vs PRISM,RMSE Only
HeadM211_DaysToHeading,BosworthRue,2018,11,39,1.7598317888889596,1.7598317888889596,1.7598317888889596,Local vs PRISM,RMSE Only
HeadM211_DaysToHeading,BosworthRue,2019,13,37,0.643112430555675,-0.643112430555675,0.643112430555675,Local vs PRISM,RMSE Only
HeadM211_DaysToHeading,BosworthRue,2020,11,35,1.7830583638890405,-1.7830583638890405,1.7830583638890405,Local vs PRISM,RMSE Only
HeadM211_DaysToHeading,BosworthRue,2021,16,40,2.521179583333378,2.521179583333378,2.521179583333378,Local vs PRISM,RMSE Only
HeadM211_DaysToHeading,BosworthRue,2022,19,30,0.1264876888889006,-0.1264876888889006,0.1264876888889006,Local vs PRISM,RMSE Only
HeadM211_DaysToHeading,BosworthRue,2023,19,39,1.390453744444443,-1.390453744444443,1.390453744444443,Local vs PRISM,RMSE Only
HeadM211_DaysToHeading,Canal,2016,12,38,1.2318868833333454,1.2318868833333454,1.2318868833333454,Local vs PRISM,RMSE Only
HeadM211_DaysToHeading,Canal,2017,10,38,1.3122781361112177,-1.3122781361112177,1.3122781361112177,Local vs PRISM,RMSE Only
HeadM211_DaysToHeading,Canal,2018,10,31,0.06883205555550376,0.06883205555550376,0.06883205555550376,Local vs PRISM,RMSE Only
HeadM211_DaysToHeading,Canal,2019,12,40,13.20050780833344,13.20050780833344,13.20050780833344,Local vs PRISM,RMSE Only
HeadM211_DaysToHeading,Canal,2020,13,40,1.7615029861110545,1.7615029861110545,1.7615029861110545,Local vs PRISM,RMSE Only
HeadM211_DaysToHeading,Canal,2023,10,40,5.534244344444232,5.534244344444232,5.534244344444232,Local vs PRISM,RMSE Only
HeadM211_DaysToHeading,Canal,2024,11,35,0.3893979138888426,0.3893979138888426,0.3893979138888426,Local vs PRISM,RMSE Only
HeadM211_DaysToHeading,DelRio,2021,19,25,0,0,0,Local vs PRISM,RMSE Only
HeadM211_DaysToHeading,DelRio,2022,19,25,0,0,0,Local vs PRISM,RMSE Only
HeadM211_DaysToHeading,DelRio,2023,20,25,12.546549797222228,-12.546549797222228,12.546549797222228,Local vs PRISM,RMSE Only
HeadM211_DaysToHeading,ErdmanGallagher,2017,11,35,0.04116211111090706,0.04116211111090706,0.04116211111090706,Local vs PRISM,RMSE Only
HeadM211_DaysToHeading,ErdmanGallagher,2018,12,40,0.8010593333333418,0.8010593333333418,0.8010593333333418,Local vs PRISM,RMSE Only
HeadM211_DaysToHeading,ErdmanGallagher,2019,12,33,0.16744931666676166,0.16744931666676166,0.16744931666676166,Local vs PRISM,RMSE Only
HeadM211_DaysToHeading,ErdmanGallagher,2020,10,34,1.031608466666739,-1.031608466666739,1.031608466666739,Local vs PRISM,RMSE Only
HeadM211_DaysToHeading,ErdmanGallagher,2021,20,25,12.753611111111113,12.753611111111113,12.753611111111113,Local vs PRISM,RMSE Only
HeadM211_DaysToHeading,ErdmanGallagher,2023,10,40,65.21132823611106,65.21132823611106,65.21132823611106,Local vs PRISM,RMSE Only
HeadM211_DaysToHeading,ErdmanGallagher,2024,11,29,25.86706811111117,25.86706811111117,25.86706811111117,Local vs PRISM,RMSE Only
HeadM211_DaysToHeading,LarrabeeSheppard,2016,17,32,0.05166559166667639,-0.05166559166667639,0.05166559166667639,Local vs PRISM,RMSE Only
HeadM211_DaysToHeading,LarrabeeSheppard,2017,13,38,0.03432948055547058,-0.03432948055547058,0.03432948055547058,Local vs PRISM,RMSE Only
HeadM211_DaysToHeading,LarrabeeSheppard,2018,17,27,0.03022572777774712,-0.03022572777774712,0.03022572777774712,Local vs PRISM,RMSE Only
HeadM211_DaysToHeading,LarrabeeSheppard,2019,12,39,18.000833369444308,18.000833369444308,18.000833369444308,Local vs PRISM,RMSE Only
HeadM211_DaysToHeading,LarrabeeSheppard,2020,10,34,0.7447217888889099,-0.7447217888889099,0.7447217888889099,Local vs PRISM,RMSE Only
HeadM211_DaysToHeading,LarrabeeSheppard,2021,12,40,0.19625715555571333,-0.19625715555571333,0.19625715555571333,Local vs PRISM,RMSE Only
HeadM211_DaysToHeading,LarrabeeSheppard,2022,13,35,2.3078754861110156,2.3078754861110156,2.3078754861110156,Local vs PRISM,RMSE Only
HeadM211_DaysToHeading,LarrabeeSheppard,2023,11,35,0.25498871388867883,0.25498871388867883,0.25498871388867883,Local vs PRISM,RMSE Only
HeadM211_DaysToHeading,LarrabeeSheppard,2024,13,38,0.1735719666667137,0.1735719666667137,0.1735719666667137,Local vs PRISM,RMSE Only
HeadM211_DaysToHeading,Lauppe,2017,10,35,0.21344284166684704,0.21344284166684704,0.21344284166684704,Local vs PRISM,RMSE Only
HeadM211_DaysToHeading,Lauppe,2018,10,35,5.214000074999831,-5.214000074999831,5.214000074999831,Local vs PRISM,RMSE Only
HeadM211_DaysToHeading,Lauppe,2019,11,40,29.772610363888816,29.772610363888816,29.772610363888816,Local vs PRISM,RMSE Only
HeadM211_DaysToHeading,Lauppe,2020,10,36,0.2896096499998748,-0.2896096499998748,0.2896096499998748,Local vs PRISM,RMSE Only
HeadM211_DaysToHeading,Lauppe,2021,10,36,3.140573655555727,3.140573655555727,3.140573655555727,Local vs PRISM,RMSE Only
HeadM211_DaysToHeading,Lauppe,2022,15,38,0.11225454722216456,-0.11225454722216456,0.11225454722216456,Local vs PRISM,RMSE Only
HeadM211_DaysToHeading,Lauppe,2023,11,39,0.11174549722227312,-0.11174549722227312,0.11174549722227312,Local vs PRISM,RMSE Only
HeadM211_DaysToHeading,Lauppe,2024,10,40,5.416371861110974,5.416371861110974,5.416371861110974,Local vs PRISM,RMSE Only
HeadM211_DaysToHeading,Rehmann,2017,11,36,2.129501444444486,-2.129501444444486,2.129501444444486,Local vs PRISM,RMSE Only
HeadM211_DaysToHeading,Rehmann,2018,20,25,0,0,0,Local vs PRISM,RMSE Only
HeadM211_DaysToHeading,Rehmann,2019,20,25,0,0,0,Local vs PRISM,RMSE Only
HeadM211_DaysToHeading,Rehmann,2021,20,25,0,0,0,Local vs PRISM,RMSE Only
HeadM211_DaysToHeading,Schohr,2016,16,35,0.02438979722228396,-0.02438979722228396,0.02438979722228396,Local vs PRISM,RMSE Only
HeadM211_DaysToHeading,Schohr,2017,16,32,0.5242773055556427,0.5242773055556427,0.5242773055556427,Local vs PRISM,RMSE Only
HeadM211_DaysToHeading,Schohr,2018,14,33,0.11755641666673,0.11755641666673,0.11755641666673,Local vs PRISM,RMSE Only
HeadM211_DaysToHeading,Schohr,2019,20,25,51.01755567777778,51.01755567777778,51.01755567777778,Local vs PRISM,RMSE Only
HeadM211_DaysToHeading,Schohr,2020,10,36,0.6040508138889891,-0.6040508138889891,0.6040508138889891,Local vs PRISM,RMSE Only
HeadM211_DaysToHeading,Schohr,2021,18,32,0.2041926888888952,0.2041926888888952,0.2041926888888952,Local vs PRISM,RMSE Only
HeadM211_DaysToHeading,Schohr,2022,11,35,1.1992517305554884,-1.1992517305554884,1.1992517305554884,Local vs PRISM,RMSE Only
HeadM211_DaysToHeading,Schohr,2023,11,40,14.43770310833338,14.43770310833338,14.43770310833338,Local vs PRISM,RMSE Only
HeadM211_DaysToHeading,Schohr,2024,17,37,0.10414215833327488,0.10414215833327488,0.10414215833327488,Local vs PRISM,RMSE Only
HeadM211_DaysToHeading,Wylie,2016,12,34,1.6637239444444276,-1.6637239444444276,1.6637239444444276,Local vs PRISM,RMSE Only
HeadM211_DaysToHeading,Wylie,2017,14,36,1.15999740277789,1.15999740277789,1.15999740277789,Local vs PRISM,RMSE Only
HeadM211_DaysToHeading,Wylie,2018,12,37,0.05460969166688301,0.05460969166688301,0.05460969166688301,Local vs PRISM,RMSE Only
HeadM211_DaysToHeading,Wylie,2019,12,34,0.6411700777778151,-0.6411700777778151,0.6411700777778151,Local vs PRISM,RMSE Only
HeadM211_DaysToHeading,Wylie,2020,10,33,1.6785555527776523,-1.6785555527776523,1.6785555527776523,Local vs PRISM,RMSE Only
HeadM211_DaysToHeading,Wylie,2021,10,35,0.2057281305555989,-0.2057281305555989,0.2057281305555989,Local vs PRISM,RMSE Only
HeadM211_DaysToHeading,Wylie,2022,10,30,0.2994599000001017,0.2994599000001017,0.2994599000001017,Local vs PRISM,RMSE Only
HeadM211_DaysToHeading,Wylie,2023,16,31,0.23321081111112107,0.23321081111112107,0.23321081111112107,Local vs PRISM,RMSE Only
HeadM401_DaysToHeading,Canal,2024,12,40,8.251885302777737,8.251885302777737,8.251885302777737,Local vs PRISM,RMSE Only
HeadM401_DaysToHeading,ErdmanGallagher,2024,19,25,38.676269933333344,38.676269933333344,38.676269933333344,Local vs PRISM,RMSE Only
HeadM401_DaysToHeading,LarrabeeSheppard,2024,10,34,0.516255069444469,-0.516255069444469,0.516255069444469,Local vs PRISM,RMSE Only
HeadM401_DaysToHeading,Lauppe,2024,19,25,38.69844778055554,38.69844778055554,38.69844778055554,Local vs PRISM,RMSE Only
HeadM401_DaysToHeading,Schohr,2016,11,28,0.6752778416666843,0.6752778416666843,0.6752778416666843,Local vs PRISM,RMSE Only
HeadM401_DaysToHeading,Schohr,2017,16,30,0.07400069166646972,-0.07400069166646972,0.07400069166646972,Local vs PRISM,RMSE Only
HeadM401_DaysToHeading,Schohr,2024,17,40,3.6069692083333393,3.6069692083333393,3.6069692083333393,Local vs PRISM,RMSE Only
HeadM401_DaysToHeading,Wylie,2016,13,38,0.4868305805557611,-0.4868305805557611,0.4868305805557611,Local vs PRISM,RMSE Only
HeadM401_DaysToHeading,Wylie,2017,12,34,0.2324396083333795,0.2324396083333795,0.2324396083333795,Local vs PRISM,RMSE Only
HeadM105_DaysToHeading,BosworthRue,2016,11,36,0.29750014166666006,-0.29750014166666006,0.29750014166666006,Local vs PRISM,RMSE + MAE + MBE
HeadM105_DaysToHeading,BosworthRue,2017,11,36,0.8129996638890589,-0.8129996638890589,0.8129996638890589,Local vs PRISM,RMSE + MAE + MBE
HeadM105_DaysToHeading,BosworthRue,2018,10,35,4.350057994444342,-4.350057994444342,4.350057994444342,Local vs PRISM,RMSE + MAE + MBE
HeadM105_DaysToHeading,BosworthRue,2019,15,34,1.411664975000008,-1.411664975000008,1.411664975000008,Local vs PRISM,RMSE + MAE + MBE
HeadM105_DaysToHeading,BosworthRue,2020,16,34,2.7376140583332926,-2.7376140583332926,2.7376140583332926,Local vs PRISM,RMSE + MAE + MBE
HeadM105_DaysToHeading,BosworthRue,2021,10,32,1.5149565166666434,1.5149565166666434,1.5149565166666434,Local vs PRISM,RMSE + MAE + MBE
HeadM105_DaysToHeading,BosworthRue,2022,19,39,0.597224633333326,-0.597224633333326,0.597224633333326,Local vs PRISM,RMSE + MAE + MBE
HeadM105_DaysToHeading,BosworthRue,2023,10,33,0.9635878305556388,0.9635878305556388,0.9635878305556388,Local vs PRISM,RMSE + MAE + MBE
HeadM105_DaysToHeading,Canal,2016,11,33,0.0540558888887972,-0.0540558888887972,0.0540558888887972,Local vs PRISM,RMSE + MAE + MBE
HeadM105_DaysToHeading,Canal,2017,10,39,0.5410511361110366,-0.5410511361110366,0.5410511361110366,Local vs PRISM,RMSE + MAE + MBE
HeadM105_DaysToHeading,Canal,2018,10,31,0.36138996666659295,-0.36138996666659295,0.36138996666659295,Local vs PRISM,RMSE + MAE + MBE
HeadM105_DaysToHeading,Canal,2019,12,40,18.13506214444442,18.13506214444442,18.13506214444442,Local vs PRISM,RMSE + MAE + MBE
HeadM105_DaysToHeading,Canal,2020,10,34,0.01638515277772967,-0.01638515277772967,0.01638515277772967,Local vs PRISM,RMSE + MAE + MBE
HeadM105_DaysToHeading,Canal,2023,10,40,9.246255322222169,9.246255322222169,9.246255322222169,Local vs PRISM,RMSE + MAE + MBE
HeadM105_DaysToHeading,Canal,2024,10,39,0.03275709722220199,-0.03275709722220199,0.03275709722220199,Local vs PRISM,RMSE + MAE + MBE
HeadM105_DaysToHeading,DelRio,2016,18,25,0,0,0,Local vs PRISM,RMSE + MAE + MBE
HeadM105_DaysToHeading,DelRio,2021,19,25,0,0,0,Local vs PRISM,RMSE + MAE + MBE
HeadM105_DaysToHeading,DelRio,2022,19,25,0,0,0,Local vs PRISM,RMSE + MAE + MBE
HeadM105_DaysToHeading,DelRio,2023,19,25,0,0,0,Local vs PRISM,RMSE + MAE + MBE
HeadM105_DaysToHeading,ErdmanGallagher,2016,14,30,0.21478013333330637,-0.21478013333330637,0.21478013333330637,Local vs PRISM,RMSE + MAE + MBE
HeadM105_DaysToHeading,ErdmanGallagher,2017,11,36,0.26217315000008057,-0.26217315000008057,0.26217315000008057,Local vs PRISM,RMSE + MAE + MBE
HeadM105_DaysToHeading,ErdmanGallagher,2018,10,33,2.0406657777778037,2.0406657777778037,2.0406657777778037,Local vs PRISM,RMSE + MAE + MBE
HeadM105_DaysToHeading,ErdmanGallagher,2019,10,35,0.3581658250000146,-0.3581658250000146,0.3581658250000146,Local vs PRISM,RMSE + MAE + MBE
HeadM105_DaysToHeading,ErdmanGallagher,2020,11,37,1.9912741555556297,-1.9912741555556297,1.9912741555556297,Local vs PRISM,RMSE + MAE + MBE
HeadM105_DaysToHeading,ErdmanGallagher,2021,20,25,12.753611111111113,12.753611111111113,12.753611111111113,Local vs PRISM,RMSE + MAE + MBE
HeadM105_DaysToHeading,ErdmanGallagher,2023,20,25,52.35111111111111,52.35111111111111,52.35111111111111,Local vs PRISM,RMSE + MAE + MBE
HeadM105_DaysToHeading,ErdmanGallagher,2024,11,29,25.27348890555561,25.27348890555561,25.27348890555561,Local vs PRISM,RMSE + MAE + MBE
HeadM105_DaysToHeading,LarrabeeSheppard,2016,13,38,0.3534895055556717,-0.3534895055556717,0.3534895055556717,Local vs PRISM,RMSE + MAE + MBE
HeadM105_DaysToHeading,LarrabeeSheppard,2017,11,38,0.07521902500002398,-0.07521902500002398,0.07521902500002398,Local vs PRISM,RMSE + MAE + MBE
HeadM105_DaysToHeading,LarrabeeSheppard,2018,18,26,0.18700210833338815,-0.18700210833338815,0.18700210833338815,Local vs PRISM,RMSE + MAE + MBE
HeadM105_DaysToHeading,LarrabeeSheppard,2019,12,35,20.926445288889,20.926445288889,20.926445288889,Local vs PRISM,RMSE + MAE + MBE
HeadM105_DaysToHeading,LarrabeeSheppard,2020,10,35,2.867113655555613,-2.867113655555613,2.867113655555613,Local vs PRISM,RMSE + MAE + MBE
HeadM105_DaysToHeading,LarrabeeSheppard,2021,11,36,1.985515872222095,1.985515872222095,1.985515872222095,Local vs PRISM,RMSE + MAE + MBE
HeadM105_DaysToHeading,LarrabeeSheppard,2022,13,36,0.4293715166668335,0.4293715166668335,0.4293715166668335,Local vs PRISM,RMSE + MAE + MBE
HeadM105_DaysToHeading,LarrabeeSheppard,2023,12,37,0.8351334138890252,-0.8351334138890252,0.8351334138890252,Local vs PRISM,RMSE + MAE + MBE
HeadM105_DaysToHeading,LarrabeeSheppard,2024,10,35,0.13517035555560142,0.13517035555560142,0.13517035555560142,Local vs PRISM,RMSE + MAE + MBE
HeadM105_DaysToHeading,Lauppe,2016,10,40,20.307673674999933,20.307673674999933,20.307673674999933,Local vs PRISM,RMSE + MAE + MBE
HeadM105_DaysToHeading,Lauppe,2017,10,36,1.1333896944445314,-1.1333896944445314,1.1333896944445314,Local vs PRISM,RMSE + MAE + MBE
HeadM105_DaysToHeading,Lauppe,2018,10,36,4.818055138888894,-4.818055138888894,4.818055138888894,Local vs PRISM,RMSE + MAE + MBE
HeadM105_DaysToHeading,Lauppe,2019,11,40,29.896609005555547,29.896609005555547,29.896609005555547,Local vs PRISM,RMSE + MAE + MBE
HeadM105_DaysToHeading,Lauppe,2020,10,37,0.7122255722222235,0.7122255722222235,0.7122255722222235,Local vs PRISM,RMSE + MAE + MBE
HeadM105_DaysToHeading,Lauppe,2021,10,39,1.0075610305555074,1.0075610305555074,1.0075610305555074,Local vs PRISM,RMSE + MAE + MBE
HeadM105_DaysToHeading,Lauppe,2022,13,40,0.11094965277777646,-0.11094965277777646,0.11094965277777646,Local vs PRISM,RMSE + MAE + MBE
HeadM105_DaysToHeading,Lauppe,2023,10,34,1.5863531749998856,-1.5863531749998856,1.5863531749998856,Local vs PRISM,RMSE + MAE + MBE
HeadM105_DaysToHeading,Lauppe,2024,10,40,21.50608438611107,21.50608438611107,21.50608438611107,Local vs PRISM,RMSE + MAE + MBE
HeadM105_DaysToHeading,Rehmann,2017,11,37,0.10244233333332886,0.10244233333332886,0.10244233333332886,Local vs PRISM,RMSE + MAE + MBE
HeadM105_DaysToHeading,Rehmann,2018,20,25,0,0,0,Local vs PRISM,RMSE + MAE + MBE
HeadM105_DaysToHeading,Rehmann,2019,20,25,0,0,0,Local vs PRISM,RMSE + MAE + MBE
HeadM105_DaysToHeading,Rehmann,2021,20,25,0,0,0,Local vs PRISM,RMSE + MAE + MBE
HeadM105_DaysToHeading,Schohr,2016,18,36,0.209113086111131,0.209113086111131,0.209113086111131,Local vs PRISM,RMSE + MAE + MBE
HeadM105_DaysToHeading,Schohr,2017,18,37,0.5223858611111609,0.5223858611111609,0.5223858611111609,Local vs PRISM,RMSE + MAE + MBE
HeadM105_DaysToHeading,Schohr,2018,13,35,1.969943316666786,-1.969943316666786,1.969943316666786,Local vs PRISM,RMSE + MAE + MBE
HeadM105_DaysToHeading,Schohr,2019,20,25,51.01755567777778,51.01755567777778,51.01755567777778,Local vs PRISM,RMSE + MAE + MBE
HeadM105_DaysToHeading,Schohr,2020,10,40,3.3759478611111717,3.3759478611111717,3.3759478611111717,Local vs PRISM,RMSE + MAE + MBE
HeadM105_DaysToHeading,Schohr,2021,12,37,0.09662193611097793,-0.09662193611097793,0.09662193611097793,Local vs PRISM,RMSE + MAE + MBE
HeadM105_DaysToHeading,Schohr,2022,10,37,0.01644113611109787,-0.01644113611109787,0.01644113611109787,Local vs PRISM,RMSE + MAE + MBE
HeadM105_DaysToHeading,Schohr,2023,11,40,21.47566690000008,21.47566690000008,21.47566690000008,Local vs PRISM,RMSE + MAE + MBE
HeadM105_DaysToHeading,Schohr,2024,17,37,1.335485824999978,1.335485824999978,1.335485824999978,Local vs PRISM,RMSE + MAE + MBE
HeadM105_DaysToHeading,Wylie,2016,11,32,2.0245542499999374,-2.0245542499999374,2.0245542499999374,Local vs PRISM,RMSE + MAE + MBE
HeadM105_DaysToHeading,Wylie,2017,20,34,0.35005708611114983,-0.35005708611114983,0.35005708611114983,Local vs PRISM,RMSE + MAE + MBE
HeadM105_DaysToHeading,Wylie,2018,10,32,0.7878902305556039,0.7878902305556039,0.7878902305556039,Local vs PRISM,RMSE + MAE + MBE
HeadM105_DaysToHeading,Wylie,2019,13,35,1.7932799333334517,-1.7932799333334517,1.7932799333334517,Local vs PRISM,RMSE + MAE + MBE
HeadM105_DaysToHeading,Wylie,2020,13,37,1.04155521944449,-1.04155521944449,1.04155521944449,Local vs PRISM,RMSE + MAE + MBE
HeadM105_DaysToHeading,Wylie,2021,10,36,1.9996755527777168,-1.9996755527777168,1.9996755527777168,Local vs PRISM,RMSE + MAE + MBE
HeadM105_DaysToHeading,Wylie,2022,10,31,0.28340463333324806,0.28340463333324806,0.28340463333324806,Local vs PRISM,RMSE + MAE + MBE
HeadM105_DaysToHeading,Wylie,2023,13,38,1.225648994444441,-1.225648994444441,1.225648994444441,Local vs PRISM,RMSE + MAE + MBE
HeadM206_DaysToHeading,BosworthRue,2016,10,33,1.044109280555631,1.044109280555631,1.044109280555631,Local vs PRISM,RMSE + MAE + MBE
HeadM206_DaysToHeading,BosworthRue,2017,11,36,0.7244442500000332,-0.7244442500000332,0.7244442500000332,Local vs PRISM,RMSE + MAE + MBE
HeadM206_DaysToHeading,BosworthRue,2018,10,34,2.2931110944443844,2.2931110944443844,2.2931110944443844,Local vs PRISM,RMSE + MAE + MBE
HeadM206_DaysToHeading,BosworthRue,2019,15,34,1.709776055555608,-1.709776055555608,1.709776055555608,Local vs PRISM,RMSE + MAE + MBE
HeadM206_DaysToHeading,BosworthRue,2020,16,31,1.9596091555555972,1.9596091555555972,1.9596091555555972,Local vs PRISM,RMSE + MAE + MBE
HeadM206_DaysToHeading,BosworthRue,2021,10,32,0.7599568222221933,0.7599568222221933,0.7599568222221933,Local vs PRISM,RMSE + MAE + MBE
HeadM206_DaysToHeading,BosworthRue,2022,13,33,0.1477490805555135,-0.1477490805555135,0.1477490805555135,Local vs PRISM,RMSE + MAE + MBE
HeadM206_DaysToHeading,BosworthRue,2023,10,33,1.0692881333333162,1.0692881333333162,1.0692881333333162,Local vs PRISM,RMSE + MAE + MBE
HeadM206_DaysToHeading,Canal,2016,11,33,0.13744474722216182,-0.13744474722216182,0.13744474722216182,Local vs PRISM,RMSE + MAE + MBE
HeadM206_DaysToHeading,Canal,2017,10,38,0.6270040444444476,0.6270040444444476,0.6270040444444476,Local vs PRISM,RMSE + MAE + MBE
HeadM206_DaysToHeading,Canal,2018,10,31,0.0076122055554606,-0.0076122055554606,0.0076122055554606,Local vs PRISM,RMSE + MAE + MBE
HeadM206_DaysToHeading,Canal,2019,12,40,12.792839650000133,12.792839650000133,12.792839650000133,Local vs PRISM,RMSE + MAE + MBE
HeadM206_DaysToHeading,Canal,2020,11,36,1.2810505888887749,-1.2810505888887749,1.2810505888887749,Local vs PRISM,RMSE + MAE + MBE
HeadM206_DaysToHeading,Canal,2023,10,40,5.165557233333288,5.165557233333288,5.165557233333288,Local vs PRISM,RMSE + MAE + MBE
HeadM206_DaysToHeading,Canal,2024,10,39,0.08101149444451039,-0.08101149444451039,0.08101149444451039,Local vs PRISM,RMSE + MAE + MBE
HeadM206_DaysToHeading,DelRio,2016,18,25,0,0,0,Local vs PRISM,RMSE + MAE + MBE
HeadM206_DaysToHeading,DelRio,2021,19,25,0,0,0,Local vs PRISM,RMSE + MAE + MBE
HeadM206_DaysToHeading,DelRio,2022,19,25,0,0,0,Local vs PRISM,RMSE + MAE + MBE
HeadM206_DaysToHeading,DelRio,2023,19,25,0,0,0,Local vs PRISM,RMSE + MAE + MBE
HeadM206_DaysToHeading,ErdmanGallagher,2016,14,30,0.21478013333330637,-0.21478013333330637,0.21478013333330637,Local vs PRISM,RMSE + MAE + MBE
HeadM206_DaysToHeading,ErdmanGallagher,2017,11,35,0.9107177000000776,0.9107177000000776,0.9107177000000776,Local vs PRISM,RMSE + MAE + MBE
HeadM206_DaysToHeading,ErdmanGallagher,2018,10,33,0.6515568055554013,-0.6515568055554013,0.6515568055554013,Local vs PRISM,RMSE + MAE + MBE
HeadM206_DaysToHeading,ErdmanGallagher,2019,10,35,0.5954995944443908,-0.5954995944443908,0.5954995944443908,Local vs PRISM,RMSE + MAE + MBE
HeadM206_DaysToHeading,ErdmanGallagher,2020,11,37,1.8047189000001256,-1.8047189000001256,1.8047189000001256,Local vs PRISM,RMSE + MAE + MBE
HeadM206_DaysToHeading,ErdmanGallagher,2021,20,25,12.753611111111113,12.753611111111113,12.753611111111113,Local vs PRISM,RMSE + MAE + MBE
HeadM206_DaysToHeading,ErdmanGallagher,2023,20,25,52.35111111111111,52.35111111111111,52.35111111111111,Local vs PRISM,RMSE + MAE + MBE
HeadM206_DaysToHeading,ErdmanGallagher,2024,11,29,25.161534366666615,25.161534366666615,25.161534366666615,Local vs PRISM,RMSE + MAE + MBE
HeadM206_DaysToHeading,LarrabeeSheppard,2016,11,31,0.2475033777777753,0.2475033777777753,0.2475033777777753,Local vs PRISM,RMSE + MAE + MBE
HeadM206_DaysToHeading,LarrabeeSheppard,2017,14,38,0.4318909444446035,0.4318909444446035,0.4318909444446035,Local vs PRISM,RMSE + MAE + MBE
HeadM206_DaysToHeading,LarrabeeSheppard,2018,18,26,0.18700210833338815,-0.18700210833338815,0.18700210833338815,Local vs PRISM,RMSE + MAE + MBE
HeadM206_DaysToHeading,LarrabeeSheppard,2019,12,35,20.926445288889,20.926445288889,20.926445288889,Local vs PRISM,RMSE + MAE + MBE
HeadM206_DaysToHeading,LarrabeeSheppard,2020,10,35,3.4150583138889488,-3.4150583138889488,3.4150583138889488,Local vs PRISM,RMSE + MAE + MBE
HeadM206_DaysToHeading,LarrabeeSheppard,2021,10,34,0.08147060833334763,-0.08147060833334763,0.08147060833334763,Local vs PRISM,RMSE + MAE + MBE
HeadM206_DaysToHeading,LarrabeeSheppard,2022,10,32,2.065412050000077,-2.065412050000077,2.065412050000077,Local vs PRISM,RMSE + MAE + MBE
HeadM206_DaysToHeading,LarrabeeSheppard,2023,12,36,1.6338782055556749,-1.6338782055556749,1.6338782055556749,Local vs PRISM,RMSE + MAE + MBE
HeadM206_DaysToHeading,LarrabeeSheppard,2024,12,39,1.0465158055556003,-1.0465158055556003,1.0465158055556003,Local vs PRISM,RMSE + MAE + MBE
HeadM206_DaysToHeading,Lauppe,2016,10,40,16.843229650000012,16.843229650000012,16.843229650000012,Local vs PRISM,RMSE + MAE + MBE
HeadM206_DaysToHeading,Lauppe,2017,10,35,0.2272232499999518,-0.2272232499999518,0.2272232499999518,Local vs PRISM,RMSE + MAE + MBE
HeadM206_DaysToHeading,Lauppe,2018,10,35,4.148222013888926,4.148222013888926,4.148222013888926,Local vs PRISM,RMSE + MAE + MBE
HeadM206_DaysToHeading,Lauppe,2019,11,40,27.563609699999915,27.563609699999915,27.563609699999915,Local vs PRISM,RMSE + MAE + MBE
HeadM206_DaysToHeading,Lauppe,2020,10,37,0.1606641694445443,-0.1606641694445443,0.1606641694445443,Local vs PRISM,RMSE + MAE + MBE
HeadM206_DaysToHeading,Lauppe,2021,10,39,2.2945254555554584,-2.2945254555554584,2.2945254555554584,Local vs PRISM,RMSE + MAE + MBE
HeadM206_DaysToHeading,Lauppe,2022,19,31,0.15568200277777322,-0.15568200277777322,0.15568200277777322,Local vs PRISM,RMSE + MAE + MBE
HeadM206_DaysToHeading,Lauppe,2023,11,40,0.16090925555567992,0.16090925555567992,0.16090925555567992,Local vs PRISM,RMSE + MAE + MBE
HeadM206_DaysToHeading,Lauppe,2024,10,40,14.58247526944433,14.58247526944433,14.58247526944433,Local vs PRISM,RMSE + MAE + MBE
HeadM206_DaysToHeading,Rehmann,2017,11,36,1.517997161111225,1.517997161111225,1.517997161111225,Local vs PRISM,RMSE + MAE + MBE
HeadM206_DaysToHeading,Rehmann,2018,20,25,0,0,0,Local vs PRISM,RMSE + MAE + MBE
HeadM206_DaysToHeading,Rehmann,2019,20,25,0,0,0,Local vs PRISM,RMSE + MAE + MBE
HeadM206_DaysToHeading,Rehmann,2021,20,25,0,0,0,Local vs PRISM,RMSE + MAE + MBE
HeadM206_DaysToHeading,Schohr,2016,18,36,0.209113086111131,0.209113086111131,0.209113086111131,Local vs PRISM,RMSE + MAE + MBE
HeadM206_DaysToHeading,Schohr,2017,18,35,0.7428340999999818,-0.7428340999999818,0.7428340999999818,Local vs PRISM,RMSE + MAE + MBE
HeadM206_DaysToHeading,Schohr,2018,13,35,0.05899836111098011,-0.05899836111098011,0.05899836111098011,Local vs PRISM,RMSE + MAE + MBE
HeadM206_DaysToHeading,Schohr,2019,20,25,51.01755567777778,51.01755567777778,51.01755567777778,Local vs PRISM,RMSE + MAE + MBE
HeadM206_DaysToHeading,Schohr,2020,10,40,0.6066143138889402,0.6066143138889402,0.6066143138889402,Local vs PRISM,RMSE + MAE + MBE
HeadM206_DaysToHeading,Schohr,2021,12,35,0.13517221111101207,0.13517221111101207,0.13517221111101207,Local vs PRISM,RMSE + MAE + MBE
HeadM206_DaysToHeading,Schohr,2022,20,25,0.05400005277777708,-0.05400005277777708,0.05400005277777708,Local vs PRISM,RMSE + MAE + MBE
HeadM206_DaysToHeading,Schohr,2023,11,40,20.583762372222058,20.583762372222058,20.583762372222058,Local vs PRISM,RMSE + MAE + MBE
HeadM206_DaysToHeading,Schohr,2024,17,37,0.10414215833327488,0.10414215833327488,0.10414215833327488,Local vs PRISM,RMSE + MAE + MBE
HeadM206_DaysToHeading,Wylie,2016,11,32,3.796054263888891,-3.796054263888891,3.796054263888891,Local vs PRISM,RMSE + MAE + MBE
HeadM206_DaysToHeading,Wylie,2017,20,34,0.24294602777780483,-0.24294602777780483,0.24294602777780483,Local vs PRISM,RMSE + MAE + MBE
HeadM206_DaysToHeading,Wylie,2018,10,32,0.27910989166684885,-0.27910989166684885,0.27910989166684885,Local vs PRISM,RMSE + MAE + MBE
HeadM206_DaysToHeading,Wylie,2019,13,35,2.665559094444461,-2.665559094444461,2.665559094444461,Local vs PRISM,RMSE + MAE + MBE
HeadM206_DaysToHeading,Wylie,2020,14,40,0.06805568055551703,-0.06805568055551703,0.06805568055551703,Local vs PRISM,RMSE + MAE + MBE
HeadM206_DaysToHeading,Wylie,2021,10,36,4.426380666666773,-4.426380666666773,4.426380666666773,Local vs PRISM,RMSE + MAE + MBE
HeadM206_DaysToHeading,Wylie,2022,14,34,0.22187125277775976,-0.22187125277775976,0.22187125277775976,Local vs PRISM,RMSE + MAE + MBE
HeadM206_DaysToHeading,Wylie,2023,16,26,0.20773950555559395,-0.20773950555559395,0.20773950555559395,Local vs PRISM,RMSE + MAE + MBE
HeadM209_DaysToHeading,BosworthRue,2016,13,40,0.03483281666649418,-0.03483281666649418,0.03483281666649418,Local vs PRISM,RMSE + MAE + MBE
HeadM209_DaysToHeading,BosworthRue,2017,12,40,1.4125009638887605,1.4125009638887605,1.4125009638887605,Local vs PRISM,RMSE + MAE + MBE
HeadM209_DaysToHeading,BosworthRue,2018,10,33,1.491557555555346,1.491557555555346,1.491557555555346,Local vs PRISM,RMSE + MAE + MBE
HeadM209_DaysToHeading,BosworthRue,2019,13,37,0.643112430555675,-0.643112430555675,0.643112430555675,Local vs PRISM,RMSE + MAE + MBE
HeadM209_DaysToHeading,BosworthRue,2020,11,35,1.7830583638890405,-1.7830583638890405,1.7830583638890405,Local vs PRISM,RMSE + MAE + MBE
HeadM209_DaysToHeading,BosworthRue,2021,11,35,4.4035938027777775,4.4035938027777775,4.4035938027777775,Local vs PRISM,RMSE + MAE + MBE
HeadM209_DaysToHeading,BosworthRue,2022,19,30,0.1264876888889006,-0.1264876888889006,0.1264876888889006,Local vs PRISM,RMSE + MAE + MBE
HeadM209_DaysToHeading,BosworthRue,2023,19,39,1.390453744444443,-1.390453744444443,1.390453744444443,Local vs PRISM,RMSE + MAE + MBE
HeadM209_DaysToHeading,Canal,2016,12,38,1.2318868833333454,1.2318868833333454,1.2318868833333454,Local vs PRISM,RMSE + MAE + MBE
HeadM209_DaysToHeading,Canal,2017,10,38,1.3122781361112177,-1.3122781361112177,1.3122781361112177,Local vs PRISM,RMSE + MAE + MBE
HeadM209_DaysToHeading,Canal,2018,10,31,0.7558319111112723,0.7558319111112723,0.7558319111112723,Local vs PRISM,RMSE + MAE + MBE
HeadM209_DaysToHeading,Canal,2019,12,40,15.274674761111328,15.274674761111328,15.274674761111328,Local vs PRISM,RMSE + MAE + MBE
HeadM209_DaysToHeading,Canal,2020,11,35,0.28489461111098535,0.28489461111098535,0.28489461111098535,Local vs PRISM,RMSE + MAE + MBE
HeadM209_DaysToHeading,Canal,2023,10,40,5.208449344444489,5.208449344444489,5.208449344444489,Local vs PRISM,RMSE + MAE + MBE
HeadM209_DaysToHeading,Canal,2024,11,35,0.3893979138888426,0.3893979138888426,0.3893979138888426,Local vs PRISM,RMSE + MAE + MBE
HeadM209_DaysToHeading,DelRio,2016,18,25,0,0,0,Local vs PRISM,RMSE + MAE + MBE
HeadM209_DaysToHeading,DelRio,2021,19,25,0,0,0,Local vs PRISM,RMSE + MAE + MBE
HeadM209_DaysToHeading,DelRio,2022,20,25,0,0,0,Local vs PRISM,RMSE + MAE + MBE
HeadM209_DaysToHeading,DelRio,2023,20,25,12.546549797222228,-12.546549797222228,12.546549797222228,Local vs PRISM,RMSE + MAE + MBE
HeadM209_DaysToHeading,ErdmanGallagher,2016,10,28,0.06449881944445224,0.06449881944445224,0.06449881944445224,Local vs PRISM,RMSE + MAE + MBE
HeadM209_DaysToHeading,ErdmanGallagher,2017,13,39,0.9566140916667792,-0.9566140916667792,0.9566140916667792,Local vs PRISM,RMSE + MAE + MBE
HeadM209_DaysToHeading,ErdmanGallagher,2018,12,40,1.864670272222156,1.864670272222156,1.864670272222156,Local vs PRISM,RMSE + MAE + MBE
HeadM209_DaysToHeading,ErdmanGallagher,2019,12,33,0.27144984722235677,0.27144984722235677,0.27144984722235677,Local vs PRISM,RMSE + MAE + MBE
HeadM209_DaysToHeading,ErdmanGallagher,2020,10,34,1.031608466666739,-1.031608466666739,1.031608466666739,Local vs PRISM,RMSE + MAE + MBE
HeadM209_DaysToHeading,ErdmanGallagher,2021,20,25,12.753611111111113,12.753611111111113,12.753611111111113,Local vs PRISM,RMSE + MAE + MBE
HeadM209_DaysToHeading,ErdmanGallagher,2023,10,40,61.03522980277785,61.03522980277785,61.03522980277785,Local vs PRISM,RMSE + MAE + MBE
HeadM209_DaysToHeading,ErdmanGallagher,2024,11,29,25.935718166666906,25.935718166666906,25.935718166666906,Local vs PRISM,RMSE + MAE + MBE
HeadM209_DaysToHeading,LarrabeeSheppard,2016,17,32,0.05166559166667639,-0.05166559166667639,0.05166559166667639,Local vs PRISM,RMSE + MAE + MBE
HeadM209_DaysToHeading,LarrabeeSheppard,2017,13,38,0.03432948055547058,-0.03432948055547058,0.03432948055547058,Local vs PRISM,RMSE + MAE + MBE
HeadM209_DaysToHeading,LarrabeeSheppard,2018,16,32,0.12005957222220331,-0.12005957222220331,0.12005957222220331,Local vs PRISM,RMSE + MAE + MBE
HeadM209_DaysToHeading,LarrabeeSheppard,2019,12,39,21.397444166666673,21.397444166666673,21.397444166666673,Local vs PRISM,RMSE + MAE + MBE
HeadM209_DaysToHeading,LarrabeeSheppard,2020,10,34,0.4150552638889166,-0.4150552638889166,0.4150552638889166,Local vs PRISM,RMSE + MAE + MBE
HeadM209_DaysToHeading,LarrabeeSheppard,2021,11,35,0.9999894222221428,-0.9999894222221428,0.9999894222221428,Local vs PRISM,RMSE + MAE + MBE
HeadM209_DaysToHeading,LarrabeeSheppard,2022,13,35,3.478497100000141,3.478497100000141,3.478497100000141,Local vs PRISM,RMSE + MAE + MBE
HeadM209_DaysToHeading,LarrabeeSheppard,2023,11,35,0.4554503722222307,0.4554503722222307,0.4554503722222307,Local vs PRISM,RMSE + MAE + MBE
HeadM209_DaysToHeading,LarrabeeSheppard,2024,10,34,0.516255069444469,-0.516255069444469,0.516255069444469,Local vs PRISM,RMSE + MAE + MBE
HeadM209_DaysToHeading,Lauppe,2016,10,40,8.870839252777614,8.870839252777614,8.870839252777614,Local vs PRISM,RMSE + MAE + MBE
HeadM209_DaysToHeading,Lauppe,2017,10,35,1.247668230555519,-1.247668230555519,1.247668230555519,Local vs PRISM,RMSE + MAE + MBE
HeadM209_DaysToHeading,Lauppe,2018,10,35,5.214000074999831,-5.214000074999831,5.214000074999831,Local vs PRISM,RMSE + MAE + MBE
HeadM209_DaysToHeading,Lauppe,2019,11,40,29.772610363888816,29.772610363888816,29.772610363888816,Local vs PRISM,RMSE + MAE + MBE
HeadM209_DaysToHeading,Lauppe,2020,10,36,0.2896096499998748,-0.2896096499998748,0.2896096499998748,Local vs PRISM,RMSE + MAE + MBE
HeadM209_DaysToHeading,Lauppe,2021,10,37,3.29483028333334,-3.29483028333334,3.29483028333334,Local vs PRISM,RMSE + MAE + MBE
HeadM209_DaysToHeading,Lauppe,2022,15,38,0.11225454722216456,-0.11225454722216456,0.11225454722216456,Local vs PRISM,RMSE + MAE + MBE
HeadM209_DaysToHeading,Lauppe,2023,11,39,0.11174549722227312,-0.11174549722227312,0.11174549722227312,Local vs PRISM,RMSE + MAE + MBE
HeadM209_DaysToHeading,Lauppe,2024,10,40,6.43451644722245,6.43451644722245,6.43451644722245,Local vs PRISM,RMSE + MAE + MBE
HeadM209_DaysToHeading,Rehmann,2017,11,36,2.2252796722220864,-2.2252796722220864,2.2252796722220864,Local vs PRISM,RMSE + MAE + MBE
HeadM209_DaysToHeading,Rehmann,2018,20,25,0,0,0,Local vs PRISM,RMSE + MAE + MBE
HeadM209_DaysToHeading,Rehmann,2019,20,25,0,0,0,Local vs PRISM,RMSE + MAE + MBE
HeadM209_DaysToHeading,Rehmann,2021,20,25,0,0,0,Local vs PRISM,RMSE + MAE + MBE
HeadM209_DaysToHeading,Schohr,2016,16,35,0.02438979722228396,-0.02438979722228396,0.02438979722228396,Local vs PRISM,RMSE + MAE + MBE
HeadM209_DaysToHeading,Schohr,2017,18,40,1.423774291666632,1.423774291666632,1.423774291666632,Local vs PRISM,RMSE + MAE + MBE
HeadM209_DaysToHeading,Schohr,2018,14,33,1.6660004194443443,1.6660004194443443,1.6660004194443443,Local vs PRISM,RMSE + MAE + MBE
HeadM209_DaysToHeading,Schohr,2019,20,25,51.01755567777778,51.01755567777778,51.01755567777778,Local vs PRISM,RMSE + MAE + MBE
HeadM209_DaysToHeading,Schohr,2020,10,36,0.49810627777787886,-0.49810627777787886,0.49810627777787886,Local vs PRISM,RMSE + MAE + MBE
HeadM209_DaysToHeading,Schohr,2021,18,32,0.2041926888888952,0.2041926888888952,0.2041926888888952,Local vs PRISM,RMSE + MAE + MBE
HeadM209_DaysToHeading,Schohr,2022,11,35,1.1992517305554884,-1.1992517305554884,1.1992517305554884,Local vs PRISM,RMSE + MAE + MBE
HeadM209_DaysToHeading,Schohr,2023,11,40,14.43770310833338,14.43770310833338,14.43770310833338,Local vs PRISM,RMSE + MAE + MBE
HeadM209_DaysToHeading,Schohr,2024,17,37,0.10414215833327488,0.10414215833327488,0.10414215833327488,Local vs PRISM,RMSE + MAE + MBE
HeadM209_DaysToHeading,Wylie,2016,12,34,1.6637239444444276,-1.6637239444444276,1.6637239444444276,Local vs PRISM,RMSE + MAE + MBE
HeadM209_DaysToHeading,Wylie,2017,14,36,1.15999740277789,1.15999740277789,1.15999740277789,Local vs PRISM,RMSE + MAE + MBE
HeadM209_DaysToHeading,Wylie,2018,12,37,0.05460969166688301,0.05460969166688301,0.05460969166688301,Local vs PRISM,RMSE + MAE + MBE
HeadM209_DaysToHeading,Wylie,2019,14,37,0.9332773916664792,0.9332773916664792,0.9332773916664792,Local vs PRISM,RMSE + MAE + MBE
HeadM209_DaysToHeading,Wylie,2020,10,33,0.46838863333346126,-0.46838863333346126,0.46838863333346126,Local vs PRISM,RMSE + MAE + MBE
HeadM209_DaysToHeading,Wylie,2021,10,35,1.0181330527777843,-1.0181330527777843,1.0181330527777843,Local vs PRISM,RMSE + MAE + MBE
HeadM209_DaysToHeading,Wylie,2022,10,30,3.199525688888798,3.199525688888798,3.199525688888798,Local vs PRISM,RMSE + MAE + MBE
HeadM209_DaysToHeading,Wylie,2023,16,31,0.23321081111112107,0.23321081111112107,0.23321081111112107,Local vs PRISM,RMSE + MAE + MBE
HeadM210_DaysToHeading,BosworthRue,2016,10,33,1.044109280555631,1.044109280555631,1.044109280555631,Local vs PRISM,RMSE + MAE + MBE
HeadM210_DaysToHeading,BosworthRue,2017,10,34,1.0451664305555823,1.0451664305555823,1.0451664305555823,Local vs PRISM,RMSE + MAE + MBE
HeadM210_DaysToHeading,BosworthRue,2018,10,34,2.2931110944443844,2.2931110944443844,2.2931110944443844,Local vs PRISM,RMSE + MAE + MBE
HeadM210_DaysToHeading,BosworthRue,2019,15,34,1.709776055555608,-1.709776055555608,1.709776055555608,Local vs PRISM,RMSE + MAE + MBE
HeadM210_DaysToHeading,BosworthRue,2020,16,31,1.9596091555555972,1.9596091555555972,1.9596091555555972,Local vs PRISM,RMSE + MAE + MBE
HeadM210_DaysToHeading,BosworthRue,2021,10,32,0.13989276388906546,-0.13989276388906546,0.13989276388906546,Local vs PRISM,RMSE + MAE + MBE
HeadM210_DaysToHeading,BosworthRue,2022,13,33,0.1477490805555135,-0.1477490805555135,0.1477490805555135,Local vs PRISM,RMSE + MAE + MBE
HeadM210_DaysToHeading,BosworthRue,2023,10,33,0.5759385250000832,0.5759385250000832,0.5759385250000832,Local vs PRISM,RMSE + MAE + MBE
HeadM210_DaysToHeading,Canal,2016,11,33,0.00450069999999414,-0.00450069999999414,0.00450069999999414,Local vs PRISM,RMSE + MAE + MBE
HeadM210_DaysToHeading,Canal,2017,10,38,0.01455880833327683,0.01455880833327683,0.01455880833327683,Local vs PRISM,RMSE + MAE + MBE
HeadM210_DaysToHeading,Canal,2018,10,31,0.0076122055554606,-0.0076122055554606,0.0076122055554606,Local vs PRISM,RMSE + MAE + MBE
HeadM210_DaysToHeading,Canal,2019,12,40,12.91272798888872,12.91272798888872,12.91272798888872,Local vs PRISM,RMSE + MAE + MBE
HeadM210_DaysToHeading,Canal,2020,11,36,2.1141616305553725,-2.1141616305553725,2.1141616305553725,Local vs PRISM,RMSE + MAE + MBE
HeadM210_DaysToHeading,Canal,2023,10,40,9.246255322222169,9.246255322222169,9.246255322222169,Local vs PRISM,RMSE + MAE + MBE
HeadM210_DaysToHeading,Canal,2024,10,39,0.08101149444451039,-0.08101149444451039,0.08101149444451039,Local vs PRISM,RMSE + MAE + MBE
HeadM210_DaysToHeading,DelRio,2016,18,25,0,0,0,Local vs PRISM,RMSE + MAE + MBE
HeadM210_DaysToHeading,DelRio,2021,19,25,0,0,0,Local vs PRISM,RMSE + MAE + MBE
HeadM210_DaysToHeading,DelRio,2022,19,25,0,0,0,Local vs PRISM,RMSE + MAE + MBE
HeadM210_DaysToHeading,DelRio,2023,19,25,12.546549797222228,-12.546549797222228,12.546549797222228,Local vs PRISM,RMSE + MAE + MBE
HeadM210_DaysToHeading,ErdmanGallagher,2016,11,28,1.5333327750000765,1.5333327750000765,1.5333327750000765,Local vs PRISM,RMSE + MAE + MBE
HeadM210_DaysToHeading,ErdmanGallagher,2017,11,35,0.9107177000000776,0.9107177000000776,0.9107177000000776,Local vs PRISM,RMSE + MAE + MBE
HeadM210_DaysToHeading,ErdmanGallagher,2018,15,38,0.22078218888896117,0.22078218888896117,0.22078218888896117,Local vs PRISM,RMSE + MAE + MBE
HeadM210_DaysToHeading,ErdmanGallagher,2019,13,40,0.34638861388884834,0.34638861388884834,0.34638861388884834,Local vs PRISM,RMSE + MAE + MBE
HeadM210_DaysToHeading,ErdmanGallagher,2020,11,37,1.8047189000001256,-1.8047189000001256,1.8047189000001256,Local vs PRISM,RMSE + MAE + MBE
HeadM210_DaysToHeading,ErdmanGallagher,2021,20,25,12.753611111111113,12.753611111111113,12.753611111111113,Local vs PRISM,RMSE + MAE + MBE
HeadM210_DaysToHeading,ErdmanGallagher,2023,20,25,52.35111111111111,52.35111111111111,52.35111111111111,Local vs PRISM,RMSE + MAE + MBE
HeadM210_DaysToHeading,ErdmanGallagher,2024,11,29,25.161534366666615,25.161534366666615,25.161534366666615,Local vs PRISM,RMSE + MAE + MBE
HeadM210_DaysToHeading,LarrabeeSheppard,2016,11,31,0.01244121111108143,-0.01244121111108143,0.01244121111108143,Local vs PRISM,RMSE + MAE + MBE
HeadM210_DaysToHeading,LarrabeeSheppard,2017,14,37,0.35638861944448763,-0.35638861944448763,0.35638861944448763,Local vs PRISM,RMSE + MAE + MBE
HeadM210_DaysToHeading,LarrabeeSheppard,2018,18,26,0.18700210833338815,-0.18700210833338815,0.18700210833338815,Local vs PRISM,RMSE + MAE + MBE
HeadM210_DaysToHeading,LarrabeeSheppard,2019,12,35,20.926445288889,20.926445288889,20.926445288889,Local vs PRISM,RMSE + MAE + MBE
HeadM210_DaysToHeading,LarrabeeSheppard,2020,10,34,3.909888980555479,3.909888980555479,3.909888980555479,Local vs PRISM,RMSE + MAE + MBE
HeadM210_DaysToHeading,LarrabeeSheppard,2021,10,34,0.08147060833334763,-0.08147060833334763,0.08147060833334763,Local vs PRISM,RMSE + MAE + MBE
HeadM210_DaysToHeading,LarrabeeSheppard,2022,10,32,1.121257136111126,-1.121257136111126,1.121257136111126,Local vs PRISM,RMSE + MAE + MBE
HeadM210_DaysToHeading,LarrabeeSheppard,2023,12,36,2.039633497222212,-2.039633497222212,2.039633497222212,Local vs PRISM,RMSE + MAE + MBE
HeadM210_DaysToHeading,LarrabeeSheppard,2024,12,39,1.0465158055556003,-1.0465158055556003,1.0465158055556003,Local vs PRISM,RMSE + MAE + MBE
HeadM210_DaysToHeading,Lauppe,2016,10,40,11.431508508333309,11.431508508333309,11.431508508333309,Local vs PRISM,RMSE + MAE + MBE
HeadM210_DaysToHeading,Lauppe,2017,10,35,0.2272232499999518,-0.2272232499999518,0.2272232499999518,Local vs PRISM,RMSE + MAE + MBE
HeadM210_DaysToHeading,Lauppe,2018,10,35,4.292222219444284,4.292222219444284,4.292222219444284,Local vs PRISM,RMSE + MAE + MBE
HeadM210_DaysToHeading,Lauppe,2019,11,40,27.563609699999915,27.563609699999915,27.563609699999915,Local vs PRISM,RMSE + MAE + MBE
HeadM210_DaysToHeading,Lauppe,2020,10,36,1.516724227777786,1.516724227777786,1.516724227777786,Local vs PRISM,RMSE + MAE + MBE
HeadM210_DaysToHeading,Lauppe,2021,10,37,0.4446848944444355,0.4446848944444355,0.4446848944444355,Local vs PRISM,RMSE + MAE + MBE
HeadM210_DaysToHeading,Lauppe,2022,19,31,0.15568200277777322,-0.15568200277777322,0.15568200277777322,Local vs PRISM,RMSE + MAE + MBE
HeadM210_DaysToHeading,Lauppe,2023,11,40,0.16090925555567992,0.16090925555567992,0.16090925555567992,Local vs PRISM,RMSE + MAE + MBE
HeadM210_DaysToHeading,Lauppe,2024,10,40,14.58247526944433,14.58247526944433,14.58247526944433,Local vs PRISM,RMSE + MAE + MBE
HeadM210_DaysToHeading,Rehmann,2017,11,36,1.517997161111225,1.517997161111225,1.517997161111225,Local vs PRISM,RMSE + MAE + MBE
HeadM210_DaysToHeading,Rehmann,2018,20,25,0,0,0,Local vs PRISM,RMSE + MAE + MBE
HeadM210_DaysToHeading,Rehmann,2019,20,25,0,0,0,Local vs PRISM,RMSE + MAE + MBE
HeadM210_DaysToHeading,Rehmann,2021,20,25,0,0,0,Local vs PRISM,RMSE + MAE + MBE
HeadM210_DaysToHeading,Schohr,2016,18,36,0.209113086111131,0.209113086111131,0.209113086111131,Local vs PRISM,RMSE + MAE + MBE
HeadM210_DaysToHeading,Schohr,2017,13,34,0.07016476111107295,0.07016476111107295,0.07016476111107295,Local vs PRISM,RMSE + MAE + MBE
HeadM210_DaysToHeading,Schohr,2018,13,35,0.05899836111098011,-0.05899836111098011,0.05899836111098011,Local vs PRISM,RMSE + MAE + MBE
HeadM210_DaysToHeading,Schohr,2019,20,25,51.01755567777778,51.01755567777778,51.01755567777778,Local vs PRISM,RMSE + MAE + MBE
HeadM210_DaysToHeading,Schohr,2020,10,40,0.6066143138889402,0.6066143138889402,0.6066143138889402,Local vs PRISM,RMSE + MAE + MBE
HeadM210_DaysToHeading,Schohr,2021,20,36,0.1282392083333335,0.1282392083333335,0.1282392083333335,Local vs PRISM,RMSE + MAE + MBE
HeadM210_DaysToHeading,Schohr,2022,20,25,0.05400005277777708,-0.05400005277777708,0.05400005277777708,Local vs PRISM,RMSE + MAE + MBE
HeadM210_DaysToHeading,Schohr,2023,11,40,18.70080756388893,18.70080756388893,18.70080756388893,Local vs PRISM,RMSE + MAE + MBE
HeadM210_DaysToHeading,Schohr,2024,17,37,0.10414215833327488,0.10414215833327488,0.10414215833327488,Local vs PRISM,RMSE + MAE + MBE
HeadM210_DaysToHeading,Wylie,2016,11,32,3.796054263888891,-3.796054263888891,3.796054263888891,Local vs PRISM,RMSE + MAE + MBE
HeadM210_DaysToHeading,Wylie,2017,20,34,0.24294602777780483,-0.24294602777780483,0.24294602777780483,Local vs PRISM,RMSE + MAE + MBE
HeadM210_DaysToHeading,Wylie,2018,10,32,0.27910989166684885,-0.27910989166684885,0.27910989166684885,Local vs PRISM,RMSE + MAE + MBE
HeadM210_DaysToHeading,Wylie,2019,13,35,1.631836188888883,-1.631836188888883,1.631836188888883,Local vs PRISM,RMSE + MAE + MBE
HeadM210_DaysToHeading,Wylie,2020,14,40,0.06805568055551703,-0.06805568055551703,0.06805568055551703,Local vs PRISM,RMSE + MAE + MBE
HeadM210_DaysToHeading,Wylie,2021,10,36,4.426380666666773,-4.426380666666773,4.426380666666773,Local vs PRISM,RMSE + MAE + MBE
HeadM210_DaysToHeading,Wylie,2022,10,31,1.5702284027777296,-1.5702284027777296,1.5702284027777296,Local vs PRISM,RMSE + MAE + MBE
HeadM210_DaysToHeading,Wylie,2023,17,25,0.4408183027777568,-0.4408183027777568,0.4408183027777568,Local vs PRISM,RMSE + MAE + MBE
HeadM211_DaysToHeading,BosworthRue,2016,10,33,1.673279880555583,-1.673279880555583,1.673279880555583,Local vs PRISM,RMSE + MAE + MBE
HeadM211_DaysToHeading,BosworthRue,2017,10,34,0.5933330000000296,-0.5933330000000296,0.5933330000000296,Local vs PRISM,RMSE + MAE + MBE
HeadM211_DaysToHeading,BosworthRue,2018,11,39,1.7598317888889596,1.7598317888889596,1.7598317888889596,Local vs PRISM,RMSE + MAE + MBE
HeadM211_DaysToHeading,BosworthRue,2019,13,37,0.643112430555675,-0.643112430555675,0.643112430555675,Local vs PRISM,RMSE + MAE + MBE
HeadM211_DaysToHeading,BosworthRue,2020,11,35,1.7830583638890405,-1.7830583638890405,1.7830583638890405,Local vs PRISM,RMSE + MAE + MBE
HeadM211_DaysToHeading,BosworthRue,2021,16,40,2.521179583333378,2.521179583333378,2.521179583333378,Local vs PRISM,RMSE + MAE + MBE
HeadM211_DaysToHeading,BosworthRue,2022,19,30,0.1264876888889006,-0.1264876888889006,0.1264876888889006,Local vs PRISM,RMSE + MAE + MBE
HeadM211_DaysToHeading,BosworthRue,2023,19,39,1.390453744444443,-1.390453744444443,1.390453744444443,Local vs PRISM,RMSE + MAE + MBE
HeadM211_DaysToHeading,Canal,2016,12,38,1.2318868833333454,1.2318868833333454,1.2318868833333454,Local vs PRISM,RMSE + MAE + MBE
HeadM211_DaysToHeading,Canal,2017,10,38,1.3122781361112177,-1.3122781361112177,1.3122781361112177,Local vs PRISM,RMSE + MAE + MBE
HeadM211_DaysToHeading,Canal,2018,10,31,0.06883205555550376,0.06883205555550376,0.06883205555550376,Local vs PRISM,RMSE + MAE + MBE
HeadM211_DaysToHeading,Canal,2019,12,40,13.20050780833344,13.20050780833344,13.20050780833344,Local vs PRISM,RMSE + MAE + MBE
HeadM211_DaysToHeading,Canal,2020,13,40,1.7615029861110545,1.7615029861110545,1.7615029861110545,Local vs PRISM,RMSE + MAE + MBE
HeadM211_DaysToHeading,Canal,2023,10,40,5.534244344444232,5.534244344444232,5.534244344444232,Local vs PRISM,RMSE + MAE + MBE
HeadM211_DaysToHeading,Canal,2024,11,35,0.3893979138888426,0.3893979138888426,0.3893979138888426,Local vs PRISM,RMSE + MAE + MBE
HeadM211_DaysToHeading,DelRio,2021,19,25,0,0,0,Local vs PRISM,RMSE + MAE + MBE
HeadM211_DaysToHeading,DelRio,2022,19,25,0,0,0,Local vs PRISM,RMSE + MAE + MBE
HeadM211_DaysToHeading,DelRio,2023,20,25,12.546549797222228,-12.546549797222228,12.546549797222228,Local vs PRISM,RMSE + MAE + MBE
HeadM211_DaysToHeading,ErdmanGallagher,2017,11,35,0.04116211111090706,0.04116211111090706,0.04116211111090706,Local vs PRISM,RMSE + MAE + MBE
HeadM211_DaysToHeading,ErdmanGallagher,2018,12,40,0.8010593333333418,0.8010593333333418,0.8010593333333418,Local vs PRISM,RMSE + MAE + MBE
HeadM211_DaysToHeading,ErdmanGallagher,2019,12,33,0.16744931666676166,0.16744931666676166,0.16744931666676166,Local vs PRISM,RMSE + MAE + MBE
HeadM211_DaysToHeading,ErdmanGallagher,2020,10,34,1.031608466666739,-1.031608466666739,1.031608466666739,Local vs PRISM,RMSE + MAE + MBE
HeadM211_DaysToHeading,ErdmanGallagher,2021,20,25,12.753611111111113,12.753611111111113,12.753611111111113,Local vs PRISM,RMSE + MAE + MBE
HeadM211_DaysToHeading,ErdmanGallagher,2023,10,40,65.21132823611106,65.21132823611106,65.21132823611106,Local vs PRISM,RMSE + MAE + MBE
HeadM211_DaysToHeading,ErdmanGallagher,2024,11,29,25.86706811111117,25.86706811111117,25.86706811111117,Local vs PRISM,RMSE + MAE + MBE
HeadM211_DaysToHeading,LarrabeeSheppard,2016,17,32,0.05166559166667639,-0.05166559166667639,0.05166559166667639,Local vs PRISM,RMSE + MAE + MBE
HeadM211_DaysToHeading,LarrabeeSheppard,2017,13,38,0.03432948055547058,-0.03432948055547058,0.03432948055547058,Local vs PRISM,RMSE + MAE + MBE
HeadM211_DaysToHeading,LarrabeeSheppard,2018,17,27,0.03022572777774712,-0.03022572777774712,0.03022572777774712,Local vs PRISM,RMSE + MAE + MBE
HeadM211_DaysToHeading,LarrabeeSheppard,2019,12,39,18.000833369444308,18.000833369444308,18.000833369444308,Local vs PRISM,RMSE + MAE + MBE
HeadM211_DaysToHeading,LarrabeeSheppard,2020,10,34,0.7447217888889099,-0.7447217888889099,0.7447217888889099,Local vs PRISM,RMSE + MAE + MBE
HeadM211_DaysToHeading,LarrabeeSheppard,2021,12,40,0.19625715555571333,-0.19625715555571333,0.19625715555571333,Local vs PRISM,RMSE + MAE + MBE
HeadM211_DaysToHeading,LarrabeeSheppard,2022,13,35,2.3078754861110156,2.3078754861110156,2.3078754861110156,Local vs PRISM,RMSE + MAE + MBE
HeadM211_DaysToHeading,LarrabeeSheppard,2023,11,35,0.25498871388867883,0.25498871388867883,0.25498871388867883,Local vs PRISM,RMSE + MAE + MBE
HeadM211_DaysToHeading,LarrabeeSheppard,2024,13,38,0.1735719666667137,0.1735719666667137,0.1735719666667137,Local vs PRISM,RMSE + MAE + MBE
HeadM211_DaysToHeading,Lauppe,2017,10,35,0.21344284166684704,0.21344284166684704,0.21344284166684704,Local vs PRISM,RMSE + MAE + MBE
HeadM211_DaysToHeading,Lauppe,2018,10,35,5.214000074999831,-5.214000074999831,5.214000074999831,Local vs PRISM,RMSE + MAE + MBE
HeadM211_DaysToHeading,Lauppe,2019,11,40,29.772610363888816,29.772610363888816,29.772610363888816,Local vs PRISM,RMSE + MAE + MBE
HeadM211_DaysToHeading,Lauppe,2020,10,36,0.2896096499998748,-0.2896096499998748,0.2896096499998748,Local vs PRISM,RMSE + MAE + MBE
HeadM211_DaysToHeading,Lauppe,2021,10,36,3.140573655555727,3.140573655555727,3.140573655555727,Local vs PRISM,RMSE + MAE + MBE
HeadM211_DaysToHeading,Lauppe,2022,15,38,0.11225454722216456,-0.11225454722216456,0.11225454722216456,Local vs PRISM,RMSE + MAE + MBE
HeadM211_DaysToHeading,Lauppe,2023,11,39,0.11174549722227312,-0.11174549722227312,0.11174549722227312,Local vs PRISM,RMSE + MAE + MBE
HeadM211_DaysToHeading,Lauppe,2024,10,40,5.416371861110974,5.416371861110974,5.416371861110974,Local vs PRISM,RMSE + MAE + MBE
HeadM211_DaysToHeading,Rehmann,2017,11,36,2.129501444444486,-2.129501444444486,2.129501444444486,Local vs PRISM,RMSE + MAE + MBE
HeadM211_DaysToHeading,Rehmann,2018,20,25,0,0,0,Local vs PRISM,RMSE + MAE + MBE
HeadM211_DaysToHeading,Rehmann,2019,20,25,0,0,0,Local vs PRISM,RMSE + MAE + MBE
HeadM211_DaysToHeading,Rehmann,2021,20,25,0,0,0,Local vs PRISM,RMSE + MAE + MBE
HeadM211_DaysToHeading,Schohr,2016,16,35,0.02438979722228396,-0.02438979722228396,0.02438979722228396,Local vs PRISM,RMSE + MAE + MBE
HeadM211_DaysToHeading,Schohr,2017,16,32,0.5242773055556427,0.5242773055556427,0.5242773055556427,Local vs PRISM,RMSE + MAE + MBE
HeadM211_DaysToHeading,Schohr,2018,14,33,0.11755641666673,0.11755641666673,0.11755641666673,Local vs PRISM,RMSE + MAE + MBE
HeadM211_DaysToHeading,Schohr,2019,20,25,51.01755567777778,51.01755567777778,51.01755567777778,Local vs PRISM,RMSE + MAE + MBE
HeadM211_DaysToHeading,Schohr,2020,10,36,0.6040508138889891,-0.6040508138889891,0.6040508138889891,Local vs PRISM,RMSE + MAE + MBE
HeadM211_DaysToHeading,Schohr,2021,18,32,0.2041926888888952,0.2041926888888952,0.2041926888888952,Local vs PRISM,RMSE + MAE + MBE
HeadM211_DaysToHeading,Schohr,2022,11,35,1.1992517305554884,-1.1992517305554884,1.1992517305554884,Local vs PRISM,RMSE + MAE + MBE
HeadM211_DaysToHeading,Schohr,2023,11,40,14.43770310833338,14.43770310833338,14.43770310833338,Local vs PRISM,RMSE + MAE + MBE
HeadM211_DaysToHeading,Schohr,2024,17,37,0.10414215833327488,0.10414215833327488,0.10414215833327488,Local vs PRISM,RMSE + MAE + MBE
HeadM211_DaysToHeading,Wylie,2016,12,34,1.6637239444444276,-1.6637239444444276,1.6637239444444276,Local vs PRISM,RMSE + MAE + MBE
HeadM211_DaysToHeading,Wylie,2017,14,36,1.15999740277789,1.15999740277789,1.15999740277789,Local vs PRISM,RMSE + MAE + MBE
HeadM211_DaysToHeading,Wylie,2018,12,37,0.05460969166688301,0.05460969166688301,0.05460969166688301,Local vs PRISM,RMSE + MAE + MBE
HeadM211_DaysToHeading,Wylie,2019,12,34,0.6411700777778151,-0.6411700777778151,0.6411700777778151,Local vs PRISM,RMSE + MAE + MBE
HeadM211_DaysToHeading,Wylie,2020,10,33,1.6785555527776523,-1.6785555527776523,1.6785555527776523,Local vs PRISM,RMSE + MAE + MBE
HeadM211_DaysToHeading,Wylie,2021,10,35,0.2057281305555989,-0.2057281305555989,0.2057281305555989,Local vs PRISM,RMSE + MAE + MBE
HeadM211_DaysToHeading,Wylie,2022,10,30,0.2994599000001017,0.2994599000001017,0.2994599000001017,Local vs PRISM,RMSE + MAE + MBE
HeadM211_DaysToHeading,Wylie,2023,16,31,0.23321081111112107,0.23321081111112107,0.23321081111112107,Local vs PRISM,RMSE + MAE + MBE
HeadM401_DaysToHeading,Canal,2024,12,40,8.251885302777737,8.251885302777737,8.251885302777737,Local vs PRISM,RMSE + MAE + MBE
HeadM401_DaysToHeading,ErdmanGallagher,2024,19,25,38.676269933333344,38.676269933333344,38.676269933333344,Local vs PRISM,RMSE + MAE + MBE
HeadM401_DaysToHeading,LarrabeeSheppard,2024,10,34,0.516255069444469,-0.516255069444469,0.516255069444469,Local vs PRISM,RMSE + MAE + MBE
HeadM401_DaysToHeading,Lauppe,2024,19,25,38.69844778055554,38.69844778055554,38.69844778055554,Local vs PRISM,RMSE + MAE + MBE
HeadM401_DaysToHeading,Schohr,2016,11,28,0.6752778416666843,0.6752778416666843,0.6752778416666843,Local vs PRISM,RMSE + MAE + MBE
HeadM401_DaysToHeading,Schohr,2017,16,30,0.07400069166646972,-0.07400069166646972,0.07400069166646972,Local vs PRISM,RMSE + MAE + MBE
HeadM401_DaysToHeading,Schohr,2024,17,40,3.6069692083333393,3.6069692083333393,3.6069692083333393,Local vs PRISM,RMSE + MAE + MBE
HeadM401_DaysToHeading,Wylie,2016,13,38,0.4868305805557611,-0.4868305805557611,0.4868305805557611,Local vs PRISM,RMSE + MAE + MBE
HeadM401_DaysToHeading,Wylie,2017,12,34,0.2324396083333795,0.2324396083333795,0.2324396083333795,Local vs PRISM,RMSE + MAE + MBE
HeadM105_DaysToHeading,BosworthRue,2016,20,25,89.80555555555556,89.80555555555556,89.80555555555556,Local vs Station,RMSE Only
HeadM105_DaysToHeading,BosworthRue,2017,10,40,135.56183328055556,135.56183328055556,135.56183328055556,Local vs Station,RMSE Only
HeadM105_DaysToHeading,BosworthRue,2018,20,25,25.13861111111111,25.13861111111111,25.13861111111111,Local vs Station,RMSE Only
HeadM105_DaysToHeading,BosworthRue,2019,10,40,51.27966667777764,51.27966667777764,51.27966667777764,Local vs Station,RMSE Only
HeadM105_DaysToHeading,BosworthRue,2020,20,25,39.143333333333345,39.143333333333345,39.143333333333345,Local vs Station,RMSE Only
HeadM105_DaysToHeading,BosworthRue,2021,20,25,0,0,0,Local vs Station,RMSE Only
HeadM105_DaysToHeading,BosworthRue,2022,10,38,4.340339141666618,-4.340339141666618,4.340339141666618,Local vs Station,RMSE Only
HeadM105_DaysToHeading,BosworthRue,2023,10,40,39.711883158333194,39.711883158333194,39.711883158333194,Local vs Station,RMSE Only
HeadM105_DaysToHeading,Canal,2016,10,27,0.5772222222223036,0.5772222222223036,0.5772222222223036,Local vs Station,RMSE Only
HeadM105_DaysToHeading,Canal,2017,19,36,0.15911072222223763,-0.15911072222223763,0.15911072222223763,Local vs Station,RMSE Only
HeadM105_DaysToHeading,Canal,2018,10,31,0.8666666666666742,0.8666666666666742,0.8666666666666742,Local vs Station,RMSE Only
HeadM105_DaysToHeading,Canal,2019,20,35,0.6341666666666725,0.6341666666666725,0.6341666666666725,Local vs Station,RMSE Only
HeadM105_DaysToHeading,Canal,2020,12,35,0.5319998555555685,-0.5319998555555685,0.5319998555555685,Local vs Station,RMSE Only
HeadM105_DaysToHeading,Canal,2023,11,40,0.00972283333339874,-0.00972283333339874,0.00972283333339874,Local vs Station,RMSE Only
HeadM105_DaysToHeading,Canal,2024,13,31,0.15805555555550654,-0.15805555555550654,0.15805555555550654,Local vs Station,RMSE Only
HeadM105_DaysToHeading,DelRio,2016,18,25,0,0,0,Local vs Station,RMSE Only
HeadM105_DaysToHeading,DelRio,2021,10,25,0,0,0,Local vs Station,RMSE Only
HeadM105_DaysToHeading,DelRio,2022,14,25,0,0,0,Local vs Station,RMSE Only
HeadM105_DaysToHeading,DelRio,2023,12,25,0,0,0,Local vs Station,RMSE Only
HeadM105_DaysToHeading,ErdmanGallagher,2016,11,39,0.15827776944433936,0.15827776944433936,0.15827776944433936,Local vs Station,RMSE Only
HeadM105_DaysToHeading,ErdmanGallagher,2017,10,39,0.21933373611113893,-0.21933373611113893,0.21933373611113893,Local vs Station,RMSE Only
HeadM105_DaysToHeading,ErdmanGallagher,2018,20,25,1.6274999999999975,-1.6274999999999975,1.6274999999999975,Local vs Station,RMSE Only
HeadM105_DaysToHeading,ErdmanGallagher,2019,10,34,0.5608333333334485,-0.5608333333334485,0.5608333333334485,Local vs Station,RMSE Only
HeadM105_DaysToHeading,ErdmanGallagher,2020,10,40,1.971166291666805,1.971166291666805,1.971166291666805,Local vs Station,RMSE Only
HeadM105_DaysToHeading,ErdmanGallagher,2021,19,32,0.01194444444444542,-0.01194444444444542,0.01194444444444542,Local vs Station,RMSE Only
HeadM105_DaysToHeading,ErdmanGallagher,2023,10,40,51.911283372222215,51.911283372222215,51.911283372222215,Local vs Station,RMSE Only
HeadM105_DaysToHeading,ErdmanGallagher,2024,10,40,25.485833333333403,25.485833333333403,25.485833333333403,Local vs Station,RMSE Only
HeadM105_DaysToHeading,LarrabeeSheppard,2016,10,39,76.77366661666656,76.77366661666656,76.77366661666656,Local vs Station,RMSE Only
HeadM105_DaysToHeading,LarrabeeSheppard,2017,20,25,31.763055555555553,31.763055555555553,31.763055555555553,Local vs Station,RMSE Only
HeadM105_DaysToHeading,LarrabeeSheppard,2018,20,38,13.46944444444444,13.46944444444444,13.46944444444444,Local vs Station,RMSE Only
HeadM105_DaysToHeading,LarrabeeSheppard,2019,10,33,62.83300006944432,62.83300006944432,62.83300006944432,Local vs Station,RMSE Only
HeadM105_DaysToHeading,LarrabeeSheppard,2020,20,25,52.81222222222223,52.81222222222223,52.81222222222223,Local vs Station,RMSE Only
HeadM105_DaysToHeading,LarrabeeSheppard,2021,20,25,38.85666666666667,38.85666666666667,38.85666666666667,Local vs Station,RMSE Only
HeadM105_DaysToHeading,LarrabeeSheppard,2022,20,32,0.20611111111111313,0.20611111111111313,0.20611111111111313,Local vs Station,RMSE Only
HeadM105_DaysToHeading,LarrabeeSheppard,2023,11,39,34.186666666666724,34.186666666666724,34.186666666666724,Local vs Station,RMSE Only
HeadM105_DaysToHeading,LarrabeeSheppard,2024,10,40,49.94194444444451,49.94194444444451,49.94194444444451,Local vs Station,RMSE Only
HeadM105_DaysToHeading,Lauppe,2016,20,25,26.152499999999996,26.152499999999996,26.152499999999996,Local vs Station,RMSE Only
HeadM105_DaysToHeading,Lauppe,2017,10,40,36.2576664805556,36.2576664805556,36.2576664805556,Local vs Station,RMSE Only
HeadM105_DaysToHeading,Lauppe,2018,20,35,0.09833333333333272,0.09833333333333272,0.09833333333333272,Local vs Station,RMSE Only
HeadM105_DaysToHeading,Lauppe,2019,20,25,41.75027777777778,41.75027777777778,41.75027777777778,Local vs Station,RMSE Only
HeadM105_DaysToHeading,Lauppe,2020,20,25,52.446666666666665,52.446666666666665,52.446666666666665,Local vs Station,RMSE Only
HeadM105_DaysToHeading,Lauppe,2021,20,25,13.290555555555557,13.290555555555557,13.290555555555557,Local vs Station,RMSE Only
HeadM105_DaysToHeading,Lauppe,2022,20,34,0.19222222222222385,0.19222222222222385,0.19222222222222385,Local vs Station,RMSE Only
HeadM105_DaysToHeading,Lauppe,2023,10,40,0.6411111111110586,-0.6411111111110586,0.6411111111110586,Local vs Station,RMSE Only
HeadM105_DaysToHeading,Lauppe,2024,20,25,77.14757245,77.14757245,77.14757245,Local vs Station,RMSE Only
HeadM105_DaysToHeading,Rehmann,2017,12,29,0.02338836111107412,0.02338836111107412,0.02338836111107412,Local vs Station,RMSE Only
HeadM105_DaysToHeading,Rehmann,2018,11,32,2.2847781666666833,2.2847781666666833,2.2847781666666833,Local vs Station,RMSE Only
HeadM105_DaysToHeading,Rehmann,2019,20,25,0,0,0,Local vs Station,RMSE Only
HeadM105_DaysToHeading,Rehmann,2021,20,25,0,0,0,Local vs Station,RMSE Only
HeadM105_DaysToHeading,Schohr,2016,13,37,0.17888888888887777,-0.17888888888887777,0.17888888888887777,Local vs Station,RMSE Only
HeadM105_DaysToHeading,Schohr,2017,16,25,0.05627780000008897,0.05627780000008897,0.05627780000008897,Local vs Station,RMSE Only
HeadM105_DaysToHeading,Schohr,2018,13,27,1.4787776861111297,-1.4787776861111297,1.4787776861111297,Local vs Station,RMSE Only
HeadM105_DaysToHeading,Schohr,2019,20,25,24.927499999999995,24.927499999999995,24.927499999999995,Local vs Station,RMSE Only
HeadM105_DaysToHeading,Schohr,2020,20,35,0.11027777777776748,-0.11027777777776748,0.11027777777776748,Local vs Station,RMSE Only
HeadM105_DaysToHeading,Schohr,2021,19,25,0,0,0,Local vs Station,RMSE Only
HeadM105_DaysToHeading,Schohr,2022,11,38,0.0758333333333212,0.0758333333333212,0.0758333333333212,Local vs Station,RMSE Only
HeadM105_DaysToHeading,Schohr,2023,10,40,10.565555555555648,10.565555555555648,10.565555555555648,Local vs Station,RMSE Only
HeadM105_DaysToHeading,Schohr,2024,18,37,0.7708333333332575,0.7708333333332575,0.7708333333332575,Local vs Station,RMSE Only
HeadM105_DaysToHeading,Wylie,2016,20,25,0.3291666666666657,0.3291666666666657,0.3291666666666657,Local vs Station,RMSE Only
HeadM105_DaysToHeading,Wylie,2017,11,38,0.13161064444443582,0.13161064444443582,0.13161064444443582,Local vs Station,RMSE Only
HeadM105_DaysToHeading,Wylie,2018,10,32,1.1211666555557258,-1.1211666555557258,1.1211666555557258,Local vs Station,RMSE Only
HeadM105_DaysToHeading,Wylie,2019,12,37,1.0466667999999115,-1.0466667999999115,1.0466667999999115,Local vs Station,RMSE Only
HeadM105_DaysToHeading,Wylie,2020,14,25,0.16000000000008183,-0.16000000000008183,0.16000000000008183,Local vs Station,RMSE Only
HeadM105_DaysToHeading,Wylie,2021,10,40,46.03344984166665,46.03344984166665,46.03344984166665,Local vs Station,RMSE Only
HeadM105_DaysToHeading,Wylie,2022,18,25,1.727222222222224,-1.727222222222224,1.727222222222224,Local vs Station,RMSE Only
HeadM105_DaysToHeading,Wylie,2023,12,35,0.05142230000001291,-0.05142230000001291,0.05142230000001291,Local vs Station,RMSE Only
HeadM206_DaysToHeading,BosworthRue,2016,20,25,89.80555555555556,89.80555555555556,89.80555555555556,Local vs Station,RMSE Only
HeadM206_DaysToHeading,BosworthRue,2017,10,40,135.914888836111,135.914888836111,135.914888836111,Local vs Station,RMSE Only
HeadM206_DaysToHeading,BosworthRue,2018,20,25,25.13861111111111,25.13861111111111,25.13861111111111,Local vs Station,RMSE Only
HeadM206_DaysToHeading,BosworthRue,2019,10,40,50.8455000111112,50.8455000111112,50.8455000111112,Local vs Station,RMSE Only
HeadM206_DaysToHeading,BosworthRue,2020,20,25,39.143333333333345,39.143333333333345,39.143333333333345,Local vs Station,RMSE Only
HeadM206_DaysToHeading,BosworthRue,2021,20,25,0,0,0,Local vs Station,RMSE Only
HeadM206_DaysToHeading,BosworthRue,2022,10,40,0.08811691944447375,-0.08811691944447375,0.08811691944447375,Local vs Station,RMSE Only
HeadM206_DaysToHeading,BosworthRue,2023,10,40,40.29271649166674,40.29271649166674,40.29271649166674,Local vs Station,RMSE Only
HeadM206_DaysToHeading,Canal,2016,10,27,0.02166666666664696,0.02166666666664696,0.02166666666664696,Local vs Station,RMSE Only
HeadM206_DaysToHeading,Canal,2017,19,36,0.6496662777778397,-0.6496662777778397,0.6496662777778397,Local vs Station,RMSE Only
HeadM206_DaysToHeading,Canal,2018,17,35,1.602777777777817,-1.602777777777817,1.602777777777817,Local vs Station,RMSE Only
HeadM206_DaysToHeading,Canal,2019,20,35,0.6341666666666725,0.6341666666666725,0.6341666666666725,Local vs Station,RMSE Only
HeadM206_DaysToHeading,Canal,2020,11,34,0.7042216583333811,-0.7042216583333811,0.7042216583333811,Local vs Station,RMSE Only
HeadM206_DaysToHeading,Canal,2023,10,37,0.15333272222210326,0.15333272222210326,0.15333272222210326,Local vs Station,RMSE Only
HeadM206_DaysToHeading,Canal,2024,12,35,0.2108333333333121,0.2108333333333121,0.2108333333333121,Local vs Station,RMSE Only
HeadM206_DaysToHeading,DelRio,2016,18,25,0,0,0,Local vs Station,RMSE Only
HeadM206_DaysToHeading,DelRio,2021,10,25,0,0,0,Local vs Station,RMSE Only
HeadM206_DaysToHeading,DelRio,2022,14,25,0,0,0,Local vs Station,RMSE Only
HeadM206_DaysToHeading,DelRio,2023,12,25,0,0,0,Local vs Station,RMSE Only
HeadM206_DaysToHeading,ErdmanGallagher,2016,11,38,0.332166658333108,0.332166658333108,0.332166658333108,Local vs Station,RMSE Only
HeadM206_DaysToHeading,ErdmanGallagher,2017,10,38,0.02822262499989847,-0.02822262499989847,0.02822262499989847,Local vs Station,RMSE Only
HeadM206_DaysToHeading,ErdmanGallagher,2018,20,25,1.6274999999999975,-1.6274999999999975,1.6274999999999975,Local vs Station,RMSE Only
HeadM206_DaysToHeading,ErdmanGallagher,2019,12,40,0.04388888888888687,0.04388888888888687,0.04388888888888687,Local vs Station,RMSE Only
HeadM206_DaysToHeading,ErdmanGallagher,2020,10,40,0.7847774027777632,0.7847774027777632,0.7847774027777632,Local vs Station,RMSE Only
HeadM206_DaysToHeading,ErdmanGallagher,2021,19,32,0.01194444444444542,-0.01194444444444542,0.01194444444444542,Local vs Station,RMSE Only
HeadM206_DaysToHeading,ErdmanGallagher,2023,10,40,50.77100559444443,50.77100559444443,50.77100559444443,Local vs Station,RMSE Only
HeadM206_DaysToHeading,ErdmanGallagher,2024,10,40,21.257777777777846,21.257777777777846,21.257777777777846,Local vs Station,RMSE Only
HeadM206_DaysToHeading,LarrabeeSheppard,2016,10,39,76.49755550555551,76.49755550555551,76.49755550555551,Local vs Station,RMSE Only
HeadM206_DaysToHeading,LarrabeeSheppard,2017,20,25,44.61194444444445,44.61194444444445,44.61194444444445,Local vs Station,RMSE Only
HeadM206_DaysToHeading,LarrabeeSheppard,2018,20,38,13.46944444444444,13.46944444444444,13.46944444444444,Local vs Station,RMSE Only
HeadM206_DaysToHeading,LarrabeeSheppard,2019,10,33,62.83300006944432,62.83300006944432,62.83300006944432,Local vs Station,RMSE Only
HeadM206_DaysToHeading,LarrabeeSheppard,2020,20,25,52.81222222222223,52.81222222222223,52.81222222222223,Local vs Station,RMSE Only
HeadM206_DaysToHeading,LarrabeeSheppard,2021,19,25,38.38499999999999,38.38499999999999,38.38499999999999,Local vs Station,RMSE Only
HeadM206_DaysToHeading,LarrabeeSheppard,2022,20,32,0.20611111111111313,0.20611111111111313,0.20611111111111313,Local vs Station,RMSE Only
HeadM206_DaysToHeading,LarrabeeSheppard,2023,11,39,33.089722222222235,33.089722222222235,33.089722222222235,Local vs Station,RMSE Only
HeadM206_DaysToHeading,LarrabeeSheppard,2024,10,40,44.3125,44.3125,44.3125,Local vs Station,RMSE Only
HeadM206_DaysToHeading,Lauppe,2016,20,25,26.152499999999996,26.152499999999996,26.152499999999996,Local vs Station,RMSE Only
HeadM206_DaysToHeading,Lauppe,2017,10,40,31.40516648055541,31.40516648055541,31.40516648055541,Local vs Station,RMSE Only
HeadM206_DaysToHeading,Lauppe,2018,20,35,0.09833333333333272,0.09833333333333272,0.09833333333333272,Local vs Station,RMSE Only
HeadM206_DaysToHeading,Lauppe,2019,20,25,41.75027777777778,41.75027777777778,41.75027777777778,Local vs Station,RMSE Only
HeadM206_DaysToHeading,Lauppe,2020,20,25,52.446666666666665,52.446666666666665,52.446666666666665,Local vs Station,RMSE Only
HeadM206_DaysToHeading,Lauppe,2021,20,25,13.290555555555557,13.290555555555557,13.290555555555557,Local vs Station,RMSE Only
HeadM206_DaysToHeading,Lauppe,2022,19,39,7.831666666666678,7.831666666666678,7.831666666666678,Local vs Station,RMSE Only
HeadM206_DaysToHeading,Lauppe,2023,10,39,0.08000000000015461,-0.08000000000015461,0.08000000000015461,Local vs Station,RMSE Only
HeadM206_DaysToHeading,Lauppe,2024,20,25,77.14757245,77.14757245,77.14757245,Local vs Station,RMSE Only
HeadM206_DaysToHeading,Rehmann,2017,12,27,0.46800052777780365,-0.46800052777780365,0.46800052777780365,Local vs Station,RMSE Only
HeadM206_DaysToHeading,Rehmann,2018,11,32,0.9127218333333076,-0.9127218333333076,0.9127218333333076,Local vs Station,RMSE Only
HeadM206_DaysToHeading,Rehmann,2019,20,25,0,0,0,Local vs Station,RMSE Only
HeadM206_DaysToHeading,Rehmann,2021,20,25,0,0,0,Local vs Station,RMSE Only
HeadM206_DaysToHeading,Schohr,2016,12,31,0.20000000000004547,0.20000000000004547,0.20000000000004547,Local vs Station,RMSE Only
HeadM206_DaysToHeading,Schohr,2017,16,34,0.08933335555559552,0.08933335555559552,0.08933335555559552,Local vs Station,RMSE Only
HeadM206_DaysToHeading,Schohr,2018,13,27,2.001833241666759,-2.001833241666759,2.001833241666759,Local vs Station,RMSE Only
HeadM206_DaysToHeading,Schohr,2019,20,25,24.927499999999995,24.927499999999995,24.927499999999995,Local vs Station,RMSE Only
HeadM206_DaysToHeading,Schohr,2020,20,35,0.11027777777776748,-0.11027777777776748,0.11027777777776748,Local vs Station,RMSE Only
HeadM206_DaysToHeading,Schohr,2021,19,25,0,0,0,Local vs Station,RMSE Only
HeadM206_DaysToHeading,Schohr,2022,20,25,0.13916666666666444,-0.13916666666666444,0.13916666666666444,Local vs Station,RMSE Only
HeadM206_DaysToHeading,Schohr,2023,10,40,10.501388888889096,10.501388888889096,10.501388888889096,Local vs Station,RMSE Only
HeadM206_DaysToHeading,Schohr,2024,18,37,0.26972222222218534,0.26972222222218534,0.26972222222218534,Local vs Station,RMSE Only
HeadM206_DaysToHeading,Wylie,2016,20,25,0.3011111111111049,0.3011111111111049,0.3011111111111049,Local vs Station,RMSE Only
HeadM206_DaysToHeading,Wylie,2017,11,38,0.6217226888888945,-0.6217226888888945,0.6217226888888945,Local vs Station,RMSE Only
HeadM206_DaysToHeading,Wylie,2018,10,32,0.3758888777779248,-0.3758888777779248,0.3758888777779248,Local vs Station,RMSE Only
HeadM206_DaysToHeading,Wylie,2019,12,36,0.4408334666666178,-0.4408334666666178,0.4408334666666178,Local vs Station,RMSE Only
HeadM206_DaysToHeading,Wylie,2020,14,33,0.2813888888888414,0.2813888888888414,0.2813888888888414,Local vs Station,RMSE Only
HeadM206_DaysToHeading,Wylie,2021,10,40,46.242616508333185,46.242616508333185,46.242616508333185,Local vs Station,RMSE Only
HeadM206_DaysToHeading,Wylie,2022,10,36,0.11138888888876863,-0.11138888888876863,0.11138888888876863,Local vs Station,RMSE Only
HeadM206_DaysToHeading,Wylie,2023,12,34,2.807188811111132,2.807188811111132,2.807188811111132,Local vs Station,RMSE Only
HeadM209_DaysToHeading,BosworthRue,2016,20,25,89.80555555555556,89.80555555555556,89.80555555555556,Local vs Station,RMSE Only
HeadM209_DaysToHeading,BosworthRue,2017,10,40,135.42294439166653,135.42294439166653,135.42294439166653,Local vs Station,RMSE Only
HeadM209_DaysToHeading,BosworthRue,2018,20,25,25.13861111111111,25.13861111111111,25.13861111111111,Local vs Station,RMSE Only
HeadM209_DaysToHeading,BosworthRue,2019,10,40,49.43244445555547,49.43244445555547,49.43244445555547,Local vs Station,RMSE Only
HeadM209_DaysToHeading,BosworthRue,2020,20,25,39.143333333333345,39.143333333333345,39.143333333333345,Local vs Station,RMSE Only
HeadM209_DaysToHeading,BosworthRue,2021,20,25,0,0,0,Local vs Station,RMSE Only
HeadM209_DaysToHeading,BosworthRue,2022,10,39,0.697994191666794,0.697994191666794,0.697994191666794,Local vs Station,RMSE Only
HeadM209_DaysToHeading,BosworthRue,2023,10,40,34.45966093611128,34.45966093611128,34.45966093611128,Local vs Station,RMSE Only
HeadM209_DaysToHeading,Canal,2016,16,34,0.05138888888893689,-0.05138888888893689,0.05138888888893689,Local vs Station,RMSE Only
HeadM209_DaysToHeading,Canal,2017,12,39,0.4845004638887076,0.4845004638887076,0.4845004638887076,Local vs Station,RMSE Only
HeadM209_DaysToHeading,Canal,2018,17,34,1.6936111111111245,1.6936111111111245,1.6936111111111245,Local vs Station,RMSE Only
HeadM209_DaysToHeading,Canal,2019,10,38,0.08249999999998181,-0.08249999999998181,0.08249999999998181,Local vs Station,RMSE Only
HeadM209_DaysToHeading,Canal,2020,17,37,0.19711147500015613,0.19711147500015613,0.19711147500015613,Local vs Station,RMSE Only
HeadM209_DaysToHeading,Canal,2023,11,39,0.6916660555555154,0.6916660555555154,0.6916660555555154,Local vs Station,RMSE Only
HeadM209_DaysToHeading,Canal,2024,10,33,0.3763888888888687,0.3763888888888687,0.3763888888888687,Local vs Station,RMSE Only
HeadM209_DaysToHeading,DelRio,2016,18,25,0,0,0,Local vs Station,RMSE Only
HeadM209_DaysToHeading,DelRio,2021,10,25,0,0,0,Local vs Station,RMSE Only
HeadM209_DaysToHeading,DelRio,2022,14,25,0,0,0,Local vs Station,RMSE Only
HeadM209_DaysToHeading,DelRio,2023,12,25,0,0,0,Local vs Station,RMSE Only
HeadM209_DaysToHeading,ErdmanGallagher,2016,11,37,0.03272221388874641,0.03272221388874641,0.03272221388874641,Local vs Station,RMSE Only
HeadM209_DaysToHeading,ErdmanGallagher,2017,11,38,0.9140559583331652,-0.9140559583331652,0.9140559583331652,Local vs Station,RMSE Only
HeadM209_DaysToHeading,ErdmanGallagher,2018,11,38,0.6334443638886569,-0.6334443638886569,0.6334443638886569,Local vs Station,RMSE Only
HeadM209_DaysToHeading,ErdmanGallagher,2019,11,35,0.3358333333333121,0.3358333333333121,0.3358333333333121,Local vs Station,RMSE Only
HeadM209_DaysToHeading,ErdmanGallagher,2020,10,36,0.8663337083332863,-0.8663337083332863,0.8663337083332863,Local vs Station,RMSE Only
HeadM209_DaysToHeading,ErdmanGallagher,2021,19,32,0.01194444444444542,-0.01194444444444542,0.01194444444444542,Local vs Station,RMSE Only
HeadM209_DaysToHeading,ErdmanGallagher,2023,20,25,39.41138888888889,39.41138888888889,39.41138888888889,Local vs Station,RMSE Only
HeadM209_DaysToHeading,ErdmanGallagher,2024,10,40,16.719722222222117,16.719722222222117,16.719722222222117,Local vs Station,RMSE Only
HeadM209_DaysToHeading,LarrabeeSheppard,2016,10,39,76.02755550555548,76.02755550555548,76.02755550555548,Local vs Station,RMSE Only
HeadM209_DaysToHeading,LarrabeeSheppard,2017,20,25,44.57611111111109,44.57611111111109,44.57611111111109,Local vs Station,RMSE Only
HeadM209_DaysToHeading,LarrabeeSheppard,2018,20,38,13.46944444444444,13.46944444444444,13.46944444444444,Local vs Station,RMSE Only
HeadM209_DaysToHeading,LarrabeeSheppard,2019,10,33,62.85300006944453,62.85300006944453,62.85300006944453,Local vs Station,RMSE Only
HeadM209_DaysToHeading,LarrabeeSheppard,2020,20,25,52.81222222222223,52.81222222222223,52.81222222222223,Local vs Station,RMSE Only
HeadM209_DaysToHeading,LarrabeeSheppard,2021,19,25,10.384999999999993,10.384999999999993,10.384999999999993,Local vs Station,RMSE Only
HeadM209_DaysToHeading,LarrabeeSheppard,2022,20,32,0.20611111111111313,0.20611111111111313,0.20611111111111313,Local vs Station,RMSE Only
HeadM209_DaysToHeading,LarrabeeSheppard,2023,11,39,29.10888888888894,29.10888888888894,29.10888888888894,Local vs Station,RMSE Only
HeadM209_DaysToHeading,LarrabeeSheppard,2024,10,40,38.30833333333317,38.30833333333317,38.30833333333317,Local vs Station,RMSE Only
HeadM209_DaysToHeading,Lauppe,2016,20,25,26.152499999999996,26.152499999999996,26.152499999999996,Local vs Station,RMSE Only
HeadM209_DaysToHeading,Lauppe,2017,10,40,26.856833147222005,26.856833147222005,26.856833147222005,Local vs Station,RMSE Only
HeadM209_DaysToHeading,Lauppe,2018,20,35,0.09833333333333272,0.09833333333333272,0.09833333333333272,Local vs Station,RMSE Only
HeadM209_DaysToHeading,Lauppe,2019,20,25,41.75027777777778,41.75027777777778,41.75027777777778,Local vs Station,RMSE Only
HeadM209_DaysToHeading,Lauppe,2020,20,25,52.446666666666665,52.446666666666665,52.446666666666665,Local vs Station,RMSE Only
HeadM209_DaysToHeading,Lauppe,2021,20,25,13.290555555555557,13.290555555555557,13.290555555555557,Local vs Station,RMSE Only
HeadM209_DaysToHeading,Lauppe,2022,19,39,7.831666666666678,7.831666666666678,7.831666666666678,Local vs Station,RMSE Only
HeadM209_DaysToHeading,Lauppe,2023,20,25,0.2658333333333367,0.2658333333333367,0.2658333333333367,Local vs Station,RMSE Only
HeadM209_DaysToHeading,Lauppe,2024,20,25,77.14757245,77.14757245,77.14757245,Local vs Station,RMSE Only
HeadM209_DaysToHeading,Rehmann,2017,11,26,1.5313338611110794,-1.5313338611110794,1.5313338611110794,Local vs Station,RMSE Only
HeadM209_DaysToHeading,Rehmann,2018,11,33,3.3396662777777237,-3.3396662777777237,3.3396662777777237,Local vs Station,RMSE Only
HeadM209_DaysToHeading,Rehmann,2019,20,25,0,0,0,Local vs Station,RMSE Only
HeadM209_DaysToHeading,Rehmann,2021,20,25,0,0,0,Local vs Station,RMSE Only
HeadM209_DaysToHeading,Schohr,2016,13,35,0.3966666666665333,-0.3966666666665333,0.3966666666665333,Local vs Station,RMSE Only
HeadM209_DaysToHeading,Schohr,2017,16,27,0.23372219999998833,-0.23372219999998833,0.23372219999998833,Local vs Station,RMSE Only
HeadM209_DaysToHeading,Schohr,2018,13,27,4.17294435277779,-4.17294435277779,4.17294435277779,Local vs Station,RMSE Only
HeadM209_DaysToHeading,Schohr,2019,20,25,24.927499999999995,24.927499999999995,24.927499999999995,Local vs Station,RMSE Only
HeadM209_DaysToHeading,Schohr,2020,20,35,0.11027777777776748,-0.11027777777776748,0.11027777777776748,Local vs Station,RMSE Only
HeadM209_DaysToHeading,Schohr,2021,19,25,0,0,0,Local vs Station,RMSE Only
HeadM209_DaysToHeading,Schohr,2022,11,36,1.4030555555557385,1.4030555555557385,1.4030555555557385,Local vs Station,RMSE Only
HeadM209_DaysToHeading,Schohr,2023,18,37,0.2855555555555611,-0.2855555555555611,0.2855555555555611,Local vs Station,RMSE Only
HeadM209_DaysToHeading,Schohr,2024,18,37,0.26972222222218534,0.26972222222218534,0.26972222222218534,Local vs Station,RMSE Only
HeadM209_DaysToHeading,Wylie,2016,11,26,0.10466648611111395,-0.10466648611111395,0.10466648611111395,Local vs Station,RMSE Only
HeadM209_DaysToHeading,Wylie,2017,13,40,0.4358893555556733,-0.4358893555556733,0.4358893555556733,Local vs Station,RMSE Only
HeadM209_DaysToHeading,Wylie,2018,11,35,0.9472777666667298,-0.9472777666667298,0.9472777666667298,Local vs Station,RMSE Only
HeadM209_DaysToHeading,Wylie,2019,12,36,2.018333466666718,-2.018333466666718,2.018333466666718,Local vs Station,RMSE Only
HeadM209_DaysToHeading,Wylie,2020,10,33,0.5491668777779068,-0.5491668777779068,0.5491668777779068,Local vs Station,RMSE Only
HeadM209_DaysToHeading,Wylie,2021,10,40,45.58594984166666,45.58594984166666,45.58594984166666,Local vs Station,RMSE Only
HeadM209_DaysToHeading,Wylie,2022,19,40,1.8972222222222257,1.8972222222222257,1.8972222222222257,Local vs Station,RMSE Only
HeadM209_DaysToHeading,Wylie,2023,20,25,0.19972222222222055,-0.19972222222222055,0.19972222222222055,Local vs Station,RMSE Only
HeadM210_DaysToHeading,BosworthRue,2016,20,25,89.80555555555556,89.80555555555556,89.80555555555556,Local vs Station,RMSE Only
HeadM210_DaysToHeading,BosworthRue,2017,10,40,137.2557221694442,137.2557221694442,137.2557221694442,Local vs Station,RMSE Only
HeadM210_DaysToHeading,BosworthRue,2018,20,25,25.13861111111111,25.13861111111111,25.13861111111111,Local vs Station,RMSE Only
HeadM210_DaysToHeading,BosworthRue,2019,10,40,50.8455000111112,50.8455000111112,50.8455000111112,Local vs Station,RMSE Only
HeadM210_DaysToHeading,BosworthRue,2020,20,25,39.143333333333345,39.143333333333345,39.143333333333345,Local vs Station,RMSE Only
HeadM210_DaysToHeading,BosworthRue,2021,20,25,0,0,0,Local vs Station,RMSE Only
HeadM210_DaysToHeading,BosworthRue,2022,10,40,0.08811691944447375,-0.08811691944447375,0.08811691944447375,Local vs Station,RMSE Only
HeadM210_DaysToHeading,BosworthRue,2023,10,40,40.216327602777824,40.216327602777824,40.216327602777824,Local vs Station,RMSE Only
HeadM210_DaysToHeading,Canal,2016,13,35,0.14861111111122227,0.14861111111122227,0.14861111111122227,Local vs Station,RMSE Only
HeadM210_DaysToHeading,Canal,2017,19,36,0.6496662777778397,-0.6496662777778397,0.6496662777778397,Local vs Station,RMSE Only
HeadM210_DaysToHeading,Canal,2018,17,35,1.602777777777817,-1.602777777777817,1.602777777777817,Local vs Station,RMSE Only
HeadM210_DaysToHeading,Canal,2019,10,33,0.2030555555554656,0.2030555555554656,0.2030555555554656,Local vs Station,RMSE Only
HeadM210_DaysToHeading,Canal,2020,12,34,0.42661167500000374,0.42661167500000374,0.42661167500000374,Local vs Station,RMSE Only
HeadM210_DaysToHeading,Canal,2023,11,40,0.00972283333339874,-0.00972283333339874,0.00972283333339874,Local vs Station,RMSE Only
HeadM210_DaysToHeading,Canal,2024,12,35,0.2108333333333121,0.2108333333333121,0.2108333333333121,Local vs Station,RMSE Only
HeadM210_DaysToHeading,DelRio,2016,18,25,0,0,0,Local vs Station,RMSE Only
HeadM210_DaysToHeading,DelRio,2021,10,25,0,0,0,Local vs Station,RMSE Only
HeadM210_DaysToHeading,DelRio,2022,14,25,0,0,0,Local vs Station,RMSE Only
HeadM210_DaysToHeading,DelRio,2023,12,25,0,0,0,Local vs Station,RMSE Only
HeadM210_DaysToHeading,ErdmanGallagher,2016,11,38,0.6378333416666919,-0.6378333416666919,0.6378333416666919,Local vs Station,RMSE Only
HeadM210_DaysToHeading,ErdmanGallagher,2017,10,38,0.02822262499989847,-0.02822262499989847,0.02822262499989847,Local vs Station,RMSE Only
HeadM210_DaysToHeading,ErdmanGallagher,2018,20,25,1.6274999999999975,-1.6274999999999975,1.6274999999999975,Local vs Station,RMSE Only
HeadM210_DaysToHeading,ErdmanGallagher,2019,12,39,0.807777777777801,0.807777777777801,0.807777777777801,Local vs Station,RMSE Only
HeadM210_DaysToHeading,ErdmanGallagher,2020,10,40,0.7847774027777632,0.7847774027777632,0.7847774027777632,Local vs Station,RMSE Only
HeadM210_DaysToHeading,ErdmanGallagher,2021,19,32,0.01194444444444542,-0.01194444444444542,0.01194444444444542,Local vs Station,RMSE Only
HeadM210_DaysToHeading,ErdmanGallagher,2023,10,40,50.77100559444443,50.77100559444443,50.77100559444443,Local vs Station,RMSE Only
HeadM210_DaysToHeading,ErdmanGallagher,2024,10,40,21.257777777777846,21.257777777777846,21.257777777777846,Local vs Station,RMSE Only
HeadM210_DaysToHeading,LarrabeeSheppard,2016,10,39,77.0469999500001,77.0469999500001,77.0469999500001,Local vs Station,RMSE Only
HeadM210_DaysToHeading,LarrabeeSheppard,2017,20,25,44.57611111111109,44.57611111111109,44.57611111111109,Local vs Station,RMSE Only
HeadM210_DaysToHeading,LarrabeeSheppard,2018,20,38,13.46944444444444,13.46944444444444,13.46944444444444,Local vs Station,RMSE Only
HeadM210_DaysToHeading,LarrabeeSheppard,2019,10,33,62.83300006944432,62.83300006944432,62.83300006944432,Local vs Station,RMSE Only
HeadM210_DaysToHeading,LarrabeeSheppard,2020,20,25,52.81222222222223,52.81222222222223,52.81222222222223,Local vs Station,RMSE Only
HeadM210_DaysToHeading,LarrabeeSheppard,2021,19,25,38.38499999999999,38.38499999999999,38.38499999999999,Local vs Station,RMSE Only
HeadM210_DaysToHeading,LarrabeeSheppard,2022,20,32,0.20611111111111313,0.20611111111111313,0.20611111111111313,Local vs Station,RMSE Only
HeadM210_DaysToHeading,LarrabeeSheppard,2023,11,39,32.7302777777777,32.7302777777777,32.7302777777777,Local vs Station,RMSE Only
HeadM210_DaysToHeading,LarrabeeSheppard,2024,10,40,44.3125,44.3125,44.3125,Local vs Station,RMSE Only
HeadM210_DaysToHeading,Lauppe,2016,20,25,26.152499999999996,26.152499999999996,26.152499999999996,Local vs Station,RMSE Only
HeadM210_DaysToHeading,Lauppe,2017,10,40,31.40516648055541,31.40516648055541,31.40516648055541,Local vs Station,RMSE Only
HeadM210_DaysToHeading,Lauppe,2018,20,35,0.09833333333333272,0.09833333333333272,0.09833333333333272,Local vs Station,RMSE Only
HeadM210_DaysToHeading,Lauppe,2019,20,25,41.75027777777778,41.75027777777778,41.75027777777778,Local vs Station,RMSE Only
HeadM210_DaysToHeading,Lauppe,2020,20,25,52.446666666666665,52.446666666666665,52.446666666666665,Local vs Station,RMSE Only
HeadM210_DaysToHeading,Lauppe,2021,20,25,13.290555555555557,13.290555555555557,13.290555555555557,Local vs Station,RMSE Only
HeadM210_DaysToHeading,Lauppe,2022,19,39,7.831666666666678,7.831666666666678,7.831666666666678,Local vs Station,RMSE Only
HeadM210_DaysToHeading,Lauppe,2023,10,39,0.08000000000015461,-0.08000000000015461,0.08000000000015461,Local vs Station,RMSE Only
HeadM210_DaysToHeading,Lauppe,2024,20,25,77.14757245,77.14757245,77.14757245,Local vs Station,RMSE Only
HeadM210_DaysToHeading,Rehmann,2017,12,27,0.46800052777780365,-0.46800052777780365,0.46800052777780365,Local vs Station,RMSE Only
HeadM210_DaysToHeading,Rehmann,2018,11,32,0.5479996111109813,-0.5479996111109813,0.5479996111109813,Local vs Station,RMSE Only
HeadM210_DaysToHeading,Rehmann,2019,20,25,0,0,0,Local vs Station,RMSE Only
HeadM210_DaysToHeading,Rehmann,2021,20,25,0,0,0,Local vs Station,RMSE Only
HeadM210_DaysToHeading,Schohr,2016,11,30,0.16777777777770098,-0.16777777777770098,0.16777777777770098,Local vs Station,RMSE Only
HeadM210_DaysToHeading,Schohr,2017,16,34,0.7492777555555676,-0.7492777555555676,0.7492777555555676,Local vs Station,RMSE Only
HeadM210_DaysToHeading,Schohr,2018,13,27,2.001833241666759,-2.001833241666759,2.001833241666759,Local vs Station,RMSE Only
HeadM210_DaysToHeading,Schohr,2019,20,25,24.927499999999995,24.927499999999995,24.927499999999995,Local vs Station,RMSE Only
HeadM210_DaysToHeading,Schohr,2020,20,35,0.11027777777776748,-0.11027777777776748,0.11027777777776748,Local vs Station,RMSE Only
HeadM210_DaysToHeading,Schohr,2021,19,25,0,0,0,Local vs Station,RMSE Only
HeadM210_DaysToHeading,Schohr,2022,20,25,0.13916666666666444,-0.13916666666666444,0.13916666666666444,Local vs Station,RMSE Only
HeadM210_DaysToHeading,Schohr,2023,10,40,10.44583333333344,10.44583333333344,10.44583333333344,Local vs Station,RMSE Only
HeadM210_DaysToHeading,Schohr,2024,18,37,0.26972222222218534,0.26972222222218534,0.26972222222218534,Local vs Station,RMSE Only
HeadM210_DaysToHeading,Wylie,2016,20,25,0.3011111111111049,0.3011111111111049,0.3011111111111049,Local vs Station,RMSE Only
HeadM210_DaysToHeading,Wylie,2017,11,38,0.6217226888888945,-0.6217226888888945,0.6217226888888945,Local vs Station,RMSE Only
HeadM210_DaysToHeading,Wylie,2018,10,32,0.3758888777779248,-0.3758888777779248,0.3758888777779248,Local vs Station,RMSE Only
HeadM210_DaysToHeading,Wylie,2019,12,36,0.5466665333333367,0.5466665333333367,0.5466665333333367,Local vs Station,RMSE Only
HeadM210_DaysToHeading,Wylie,2020,14,33,0.2813888888888414,0.2813888888888414,0.2813888888888414,Local vs Station,RMSE Only
HeadM210_DaysToHeading,Wylie,2021,10,40,46.242616508333185,46.242616508333185,46.242616508333185,Local vs Station,RMSE Only
HeadM210_DaysToHeading,Wylie,2022,10,36,0.8594444444445344,-0.8594444444445344,0.8594444444445344,Local vs Station,RMSE Only
HeadM210_DaysToHeading,Wylie,2023,12,35,2.4003111888888498,-2.4003111888888498,2.4003111888888498,Local vs Station,RMSE Only
HeadM211_DaysToHeading,BosworthRue,2016,20,25,89.80555555555556,89.80555555555556,89.80555555555556,Local vs Station,RMSE Only
HeadM211_DaysToHeading,BosworthRue,2017,10,40,134.85933328055555,134.85933328055555,134.85933328055555,Local vs Station,RMSE Only
HeadM211_DaysToHeading,BosworthRue,2018,20,25,25.13861111111111,25.13861111111111,25.13861111111111,Local vs Station,RMSE Only
HeadM211_DaysToHeading,BosworthRue,2019,10,40,49.43244445555547,49.43244445555547,49.43244445555547,Local vs Station,RMSE Only
HeadM211_DaysToHeading,BosworthRue,2020,20,25,39.143333333333345,39.143333333333345,39.143333333333345,Local vs Station,RMSE Only
HeadM211_DaysToHeading,BosworthRue,2021,20,25,0,0,0,Local vs Station,RMSE Only
HeadM211_DaysToHeading,BosworthRue,2022,10,39,0.34966085833320903,0.34966085833320903,0.34966085833320903,Local vs Station,RMSE Only
HeadM211_DaysToHeading,BosworthRue,2023,10,40,34.45966093611128,34.45966093611128,34.45966093611128,Local vs Station,RMSE Only
HeadM211_DaysToHeading,Canal,2016,16,34,0.05138888888893689,-0.05138888888893689,0.05138888888893689,Local vs Station,RMSE Only
HeadM211_DaysToHeading,Canal,2017,12,39,0.4845004638887076,0.4845004638887076,0.4845004638887076,Local vs Station,RMSE Only
HeadM211_DaysToHeading,Canal,2018,20,33,1.8449999999999989,-1.8449999999999989,1.8449999999999989,Local vs Station,RMSE Only
HeadM211_DaysToHeading,Canal,2019,11,40,0.09694444444448892,0.09694444444448892,0.09694444444448892,Local vs Station,RMSE Only
HeadM211_DaysToHeading,Canal,2020,20,40,0.20694444444441729,-0.20694444444441729,0.20694444444441729,Local vs Station,RMSE Only
HeadM211_DaysToHeading,Canal,2023,11,39,0.1919450555558342,-0.1919450555558342,0.1919450555558342,Local vs Station,RMSE Only
HeadM211_DaysToHeading,Canal,2024,10,33,0.3763888888888687,0.3763888888888687,0.3763888888888687,Local vs Station,RMSE Only
HeadM211_DaysToHeading,DelRio,2021,10,25,0,0,0,Local vs Station,RMSE Only
HeadM211_DaysToHeading,DelRio,2022,14,25,0,0,0,Local vs Station,RMSE Only
HeadM211_DaysToHeading,DelRio,2023,12,25,0,0,0,Local vs Station,RMSE Only
HeadM211_DaysToHeading,ErdmanGallagher,2017,10,38,0.4004448472223885,-0.4004448472223885,0.4004448472223885,Local vs Station,RMSE Only
HeadM211_DaysToHeading,ErdmanGallagher,2018,11,38,1.3087221416665216,-1.3087221416665216,1.3087221416665216,Local vs Station,RMSE Only
HeadM211_DaysToHeading,ErdmanGallagher,2019,12,39,1.5824999999999818,-1.5824999999999818,1.5824999999999818,Local vs Station,RMSE Only
HeadM211_DaysToHeading,ErdmanGallagher,2020,10,36,0.8663337083332863,-0.8663337083332863,0.8663337083332863,Local vs Station,RMSE Only
HeadM211_DaysToHeading,ErdmanGallagher,2021,19,32,0.01194444444444542,-0.01194444444444542,0.01194444444444542,Local vs Station,RMSE Only
HeadM211_DaysToHeading,ErdmanGallagher,2023,20,25,39.41138888888889,39.41138888888889,39.41138888888889,Local vs Station,RMSE Only
HeadM211_DaysToHeading,ErdmanGallagher,2024,10,40,15.62166666666667,15.62166666666667,15.62166666666667,Local vs Station,RMSE Only
HeadM211_DaysToHeading,LarrabeeSheppard,2016,10,39,76.02755550555548,76.02755550555548,76.02755550555548,Local vs Station,RMSE Only
HeadM211_DaysToHeading,LarrabeeSheppard,2017,20,25,44.57611111111109,44.57611111111109,44.57611111111109,Local vs Station,RMSE Only
HeadM211_DaysToHeading,LarrabeeSheppard,2018,20,38,13.46944444444444,13.46944444444444,13.46944444444444,Local vs Station,RMSE Only
HeadM211_DaysToHeading,LarrabeeSheppard,2019,10,33,62.96522229166658,62.96522229166658,62.96522229166658,Local vs Station,RMSE Only
HeadM211_DaysToHeading,LarrabeeSheppard,2020,20,25,52.81222222222223,52.81222222222223,52.81222222222223,Local vs Station,RMSE Only
HeadM211_DaysToHeading,LarrabeeSheppard,2021,19,25,10.384999999999993,10.384999999999993,10.384999999999993,Local vs Station,RMSE Only
HeadM211_DaysToHeading,LarrabeeSheppard,2022,10,38,0.11626677222216132,-0.11626677222216132,0.11626677222216132,Local vs Station,RMSE Only
HeadM211_DaysToHeading,LarrabeeSheppard,2023,11,39,29.55416666666656,29.55416666666656,29.55416666666656,Local vs Station,RMSE Only
HeadM211_DaysToHeading,LarrabeeSheppard,2024,10,40,37.45722222222207,37.45722222222207,37.45722222222207,Local vs Station,RMSE Only
HeadM211_DaysToHeading,Lauppe,2017,10,40,29.194610925000006,29.194610925000006,29.194610925000006,Local vs Station,RMSE Only
HeadM211_DaysToHeading,Lauppe,2018,20,35,0.09833333333333272,0.09833333333333272,0.09833333333333272,Local vs Station,RMSE Only
HeadM211_DaysToHeading,Lauppe,2019,20,25,41.75027777777778,41.75027777777778,41.75027777777778,Local vs Station,RMSE Only
HeadM211_DaysToHeading,Lauppe,2020,20,25,52.446666666666665,52.446666666666665,52.446666666666665,Local vs Station,RMSE Only
HeadM211_DaysToHeading,Lauppe,2021,20,25,13.290555555555557,13.290555555555557,13.290555555555557,Local vs Station,RMSE Only
HeadM211_DaysToHeading,Lauppe,2022,19,39,7.831666666666678,7.831666666666678,7.831666666666678,Local vs Station,RMSE Only
HeadM211_DaysToHeading,Lauppe,2023,20,25,0.2658333333333367,0.2658333333333367,0.2658333333333367,Local vs Station,RMSE Only
HeadM211_DaysToHeading,Lauppe,2024,20,25,77.14757245,77.14757245,77.14757245,Local vs Station,RMSE Only
HeadM211_DaysToHeading,Rehmann,2017,11,25,0.01716719444448244,-0.01716719444448244,0.01716719444448244,Local vs Station,RMSE Only
HeadM211_DaysToHeading,Rehmann,2018,11,33,1.8693885000000137,-1.8693885000000137,1.8693885000000137,Local vs Station,RMSE Only
HeadM211_DaysToHeading,Rehmann,2019,20,25,0,0,0,Local vs Station,RMSE Only
HeadM211_DaysToHeading,Rehmann,2021,20,25,0,0,0,Local vs Station,RMSE Only
HeadM211_DaysToHeading,Schohr,2016,14,34,0.5891666666666424,0.5891666666666424,0.5891666666666424,Local vs Station,RMSE Only
HeadM211_DaysToHeading,Schohr,2017,16,31,0.1140555777777763,0.1140555777777763,0.1140555777777763,Local vs Station,RMSE Only
HeadM211_DaysToHeading,Schohr,2018,13,27,6.619888797222188,-6.619888797222188,6.619888797222188,Local vs Station,RMSE Only
HeadM211_DaysToHeading,Schohr,2019,20,25,24.927499999999995,24.927499999999995,24.927499999999995,Local vs Station,RMSE Only
HeadM211_DaysToHeading,Schohr,2020,20,35,0.11027777777776748,-0.11027777777776748,0.11027777777776748,Local vs Station,RMSE Only
HeadM211_DaysToHeading,Schohr,2021,19,25,0,0,0,Local vs Station,RMSE Only
HeadM211_DaysToHeading,Schohr,2022,11,36,1.4030555555557385,1.4030555555557385,1.4030555555557385,Local vs Station,RMSE Only
HeadM211_DaysToHeading,Schohr,2023,18,37,0.2855555555555611,-0.2855555555555611,0.2855555555555611,Local vs Station,RMSE Only
HeadM211_DaysToHeading,Schohr,2024,18,37,0.26972222222218534,0.26972222222218534,0.26972222222218534,Local vs Station,RMSE Only
HeadM211_DaysToHeading,Wylie,2016,11,26,0.10466648611111395,-0.10466648611111395,0.10466648611111395,Local vs Station,RMSE Only
HeadM211_DaysToHeading,Wylie,2017,13,40,0.4358893555556733,-0.4358893555556733,0.4358893555556733,Local vs Station,RMSE Only
HeadM211_DaysToHeading,Wylie,2018,11,35,0.9472777666667298,-0.9472777666667298,0.9472777666667298,Local vs Station,RMSE Only
HeadM211_DaysToHeading,Wylie,2019,14,38,0.14694444444444343,0.14694444444444343,0.14694444444444343,Local vs Station,RMSE Only
HeadM211_DaysToHeading,Wylie,2020,10,33,0.3761113222221866,-0.3761113222221866,0.3761113222221866,Local vs Station,RMSE Only
HeadM211_DaysToHeading,Wylie,2021,10,40,45.49233873055573,45.49233873055573,45.49233873055573,Local vs Station,RMSE Only
HeadM211_DaysToHeading,Wylie,2022,19,40,1.8972222222222257,1.8972222222222257,1.8972222222222257,Local vs Station,RMSE Only
HeadM211_DaysToHeading,Wylie,2023,20,25,0.19972222222222055,-0.19972222222222055,0.19972222222222055,Local vs Station,RMSE Only
HeadM401_DaysToHeading,Canal,2024,17,38,0.8716666666666697,-0.8716666666666697,0.8716666666666697,Local vs Station,RMSE Only
HeadM401_DaysToHeading,ErdmanGallagher,2024,10,34,0.3694444444442979,-0.3694444444442979,0.3694444444442979,Local vs Station,RMSE Only
HeadM401_DaysToHeading,LarrabeeSheppard,2024,10,40,38.30833333333317,38.30833333333317,38.30833333333317,Local vs Station,RMSE Only
HeadM401_DaysToHeading,Lauppe,2024,20,25,77.14757245,77.14757245,77.14757245,Local vs Station,RMSE Only
HeadM401_DaysToHeading,Schohr,2016,11,27,0.3763888888888687,0.3763888888888687,0.3763888888888687,Local vs Station,RMSE Only
HeadM401_DaysToHeading,Schohr,2017,14,26,40.274833616666456,-40.274833616666456,40.274833616666456,Local vs Station,RMSE Only
HeadM401_DaysToHeading,Schohr,2024,18,37,0.26972222222218534,0.26972222222218534,0.26972222222218534,Local vs Station,RMSE Only
HeadM401_DaysToHeading,Wylie,2016,20,25,0.3011111111111049,0.3011111111111049,0.3011111111111049,Local vs Station,RMSE Only
HeadM401_DaysToHeading,Wylie,2017,13,37,0.5932773111110237,0.5932773111110237,0.5932773111110237,Local vs Station,RMSE Only
HeadM105_DaysToHeading,BosworthRue,2016,20,25,89.80555555555556,89.80555555555556,89.80555555555556,Local vs Station,RMSE + MAE + MBE
HeadM105_DaysToHeading,BosworthRue,2017,10,40,135.56183328055556,135.56183328055556,135.56183328055556,Local vs Station,RMSE + MAE + MBE
HeadM105_DaysToHeading,BosworthRue,2018,20,25,25.13861111111111,25.13861111111111,25.13861111111111,Local vs Station,RMSE + MAE + MBE
HeadM105_DaysToHeading,BosworthRue,2019,10,40,51.27966667777764,51.27966667777764,51.27966667777764,Local vs Station,RMSE + MAE + MBE
HeadM105_DaysToHeading,BosworthRue,2020,20,25,39.143333333333345,39.143333333333345,39.143333333333345,Local vs Station,RMSE + MAE + MBE
HeadM105_DaysToHeading,BosworthRue,2021,20,25,0,0,0,Local vs Station,RMSE + MAE + MBE
HeadM105_DaysToHeading,BosworthRue,2022,10,38,4.340339141666618,-4.340339141666618,4.340339141666618,Local vs Station,RMSE + MAE + MBE
HeadM105_DaysToHeading,BosworthRue,2023,10,40,39.711883158333194,39.711883158333194,39.711883158333194,Local vs Station,RMSE + MAE + MBE
HeadM105_DaysToHeading,Canal,2016,10,27,0.5772222222223036,0.5772222222223036,0.5772222222223036,Local vs Station,RMSE + MAE + MBE
HeadM105_DaysToHeading,Canal,2017,19,36,0.15911072222223763,-0.15911072222223763,0.15911072222223763,Local vs Station,RMSE + MAE + MBE
HeadM105_DaysToHeading,Canal,2018,10,31,0.8666666666666742,0.8666666666666742,0.8666666666666742,Local vs Station,RMSE + MAE + MBE
HeadM105_DaysToHeading,Canal,2019,20,35,0.6341666666666725,0.6341666666666725,0.6341666666666725,Local vs Station,RMSE + MAE + MBE
HeadM105_DaysToHeading,Canal,2020,12,35,0.5319998555555685,-0.5319998555555685,0.5319998555555685,Local vs Station,RMSE + MAE + MBE
HeadM105_DaysToHeading,Canal,2023,11,40,0.00972283333339874,-0.00972283333339874,0.00972283333339874,Local vs Station,RMSE + MAE + MBE
HeadM105_DaysToHeading,Canal,2024,13,31,0.15805555555550654,-0.15805555555550654,0.15805555555550654,Local vs Station,RMSE + MAE + MBE
HeadM105_DaysToHeading,DelRio,2016,18,25,0,0,0,Local vs Station,RMSE + MAE + MBE
HeadM105_DaysToHeading,DelRio,2021,10,25,0,0,0,Local vs Station,RMSE + MAE + MBE
HeadM105_DaysToHeading,DelRio,2022,14,25,0,0,0,Local vs Station,RMSE + MAE + MBE
HeadM105_DaysToHeading,DelRio,2023,12,25,0,0,0,Local vs Station,RMSE + MAE + MBE
HeadM105_DaysToHeading,ErdmanGallagher,2016,11,39,0.15827776944433936,0.15827776944433936,0.15827776944433936,Local vs Station,RMSE + MAE + MBE
HeadM105_DaysToHeading,ErdmanGallagher,2017,10,39,0.21933373611113893,-0.21933373611113893,0.21933373611113893,Local vs Station,RMSE + MAE + MBE
HeadM105_DaysToHeading,ErdmanGallagher,2018,20,25,1.6274999999999975,-1.6274999999999975,1.6274999999999975,Local vs Station,RMSE + MAE + MBE
HeadM105_DaysToHeading,ErdmanGallagher,2019,10,34,0.5608333333334485,-0.5608333333334485,0.5608333333334485,Local vs Station,RMSE + MAE + MBE
HeadM105_DaysToHeading,ErdmanGallagher,2020,10,40,1.971166291666805,1.971166291666805,1.971166291666805,Local vs Station,RMSE + MAE + MBE
HeadM105_DaysToHeading,ErdmanGallagher,2021,19,32,0.01194444444444542,-0.01194444444444542,0.01194444444444542,Local vs Station,RMSE + MAE + MBE
HeadM105_DaysToHeading,ErdmanGallagher,2023,10,40,51.911283372222215,51.911283372222215,51.911283372222215,Local vs Station,RMSE + MAE + MBE
HeadM105_DaysToHeading,ErdmanGallagher,2024,10,40,25.485833333333403,25.485833333333403,25.485833333333403,Local vs Station,RMSE + MAE + MBE
HeadM105_DaysToHeading,LarrabeeSheppard,2016,10,39,76.77366661666656,76.77366661666656,76.77366661666656,Local vs Station,RMSE + MAE + MBE
HeadM105_DaysToHeading,LarrabeeSheppard,2017,20,25,31.763055555555553,31.763055555555553,31.763055555555553,Local vs Station,RMSE + MAE + MBE
HeadM105_DaysToHeading,LarrabeeSheppard,2018,20,38,13.46944444444444,13.46944444444444,13.46944444444444,Local vs Station,RMSE + MAE + MBE
HeadM105_DaysToHeading,LarrabeeSheppard,2019,10,33,62.83300006944432,62.83300006944432,62.83300006944432,Local vs Station,RMSE + MAE + MBE
HeadM105_DaysToHeading,LarrabeeSheppard,2020,20,25,52.81222222222223,52.81222222222223,52.81222222222223,Local vs Station,RMSE + MAE + MBE
HeadM105_DaysToHeading,LarrabeeSheppard,2021,20,25,38.85666666666667,38.85666666666667,38.85666666666667,Local vs Station,RMSE + MAE + MBE
HeadM105_DaysToHeading,LarrabeeSheppard,2022,20,32,0.20611111111111313,0.20611111111111313,0.20611111111111313,Local vs Station,RMSE + MAE + MBE
HeadM105_DaysToHeading,LarrabeeSheppard,2023,11,39,34.186666666666724,34.186666666666724,34.186666666666724,Local vs Station,RMSE + MAE + MBE
HeadM105_DaysToHeading,LarrabeeSheppard,2024,10,40,49.94194444444451,49.94194444444451,49.94194444444451,Local vs Station,RMSE + MAE + MBE
HeadM105_DaysToHeading,Lauppe,2016,20,25,26.152499999999996,26.152499999999996,26.152499999999996,Local vs Station,RMSE + MAE + MBE
HeadM105_DaysToHeading,Lauppe,2017,10,40,36.2576664805556,36.2576664805556,36.2576664805556,Local vs Station,RMSE + MAE + MBE
HeadM105_DaysToHeading,Lauppe,2018,20,35,0.09833333333333272,0.09833333333333272,0.09833333333333272,Local vs Station,RMSE + MAE + MBE
HeadM105_DaysToHeading,Lauppe,2019,20,25,41.75027777777778,41.75027777777778,41.75027777777778,Local vs Station,RMSE + MAE + MBE
HeadM105_DaysToHeading,Lauppe,2020,20,25,52.446666666666665,52.446666666666665,52.446666666666665,Local vs Station,RMSE + MAE + MBE
HeadM105_DaysToHeading,Lauppe,2021,20,25,13.290555555555557,13.290555555555557,13.290555555555557,Local vs Station,RMSE + MAE + MBE
HeadM105_DaysToHeading,Lauppe,2022,20,34,0.19222222222222385,0.19222222222222385,0.19222222222222385,Local vs Station,RMSE + MAE + MBE
HeadM105_DaysToHeading,Lauppe,2023,10,40,0.6411111111110586,-0.6411111111110586,0.6411111111110586,Local vs Station,RMSE + MAE + MBE
HeadM105_DaysToHeading,Lauppe,2024,20,25,77.14757245,77.14757245,77.14757245,Local vs Station,RMSE + MAE + MBE
HeadM105_DaysToHeading,Rehmann,2017,12,29,0.02338836111107412,0.02338836111107412,0.02338836111107412,Local vs Station,RMSE + MAE + MBE
HeadM105_DaysToHeading,Rehmann,2018,11,32,2.2847781666666833,2.2847781666666833,2.2847781666666833,Local vs Station,RMSE + MAE + MBE
HeadM105_DaysToHeading,Rehmann,2019,20,25,0,0,0,Local vs Station,RMSE + MAE + MBE
HeadM105_DaysToHeading,Rehmann,2021,20,25,0,0,0,Local vs Station,RMSE + MAE + MBE
HeadM105_DaysToHeading,Schohr,2016,13,37,0.17888888888887777,-0.17888888888887777,0.17888888888887777,Local vs Station,RMSE + MAE + MBE
HeadM105_DaysToHeading,Schohr,2017,16,25,0.05627780000008897,0.05627780000008897,0.05627780000008897,Local vs Station,RMSE + MAE + MBE
HeadM105_DaysToHeading,Schohr,2018,13,27,1.4787776861111297,-1.4787776861111297,1.4787776861111297,Local vs Station,RMSE + MAE + MBE
HeadM105_DaysToHeading,Schohr,2019,20,25,24.927499999999995,24.927499999999995,24.927499999999995,Local vs Station,RMSE + MAE + MBE
HeadM105_DaysToHeading,Schohr,2020,20,35,0.11027777777776748,-0.11027777777776748,0.11027777777776748,Local vs Station,RMSE + MAE + MBE
HeadM105_DaysToHeading,Schohr,2021,19,25,0,0,0,Local vs Station,RMSE + MAE + MBE
HeadM105_DaysToHeading,Schohr,2022,11,38,0.0758333333333212,0.0758333333333212,0.0758333333333212,Local vs Station,RMSE + MAE + MBE
HeadM105_DaysToHeading,Schohr,2023,10,40,10.565555555555648,10.565555555555648,10.565555555555648,Local vs Station,RMSE + MAE + MBE
HeadM105_DaysToHeading,Schohr,2024,18,37,0.7708333333332575,0.7708333333332575,0.7708333333332575,Local vs Station,RMSE + MAE + MBE
HeadM105_DaysToHeading,Wylie,2016,20,25,0.3291666666666657,0.3291666666666657,0.3291666666666657,Local vs Station,RMSE + MAE + MBE
HeadM105_DaysToHeading,Wylie,2017,11,38,0.13161064444443582,0.13161064444443582,0.13161064444443582,Local vs Station,RMSE + MAE + MBE
HeadM105_DaysToHeading,Wylie,2018,10,32,1.1211666555557258,-1.1211666555557258,1.1211666555557258,Local vs Station,RMSE + MAE + MBE
HeadM105_DaysToHeading,Wylie,2019,12,37,1.0466667999999115,-1.0466667999999115,1.0466667999999115,Local vs Station,RMSE + MAE + MBE
HeadM105_DaysToHeading,Wylie,2020,14,25,0.16000000000008183,-0.16000000000008183,0.16000000000008183,Local vs Station,RMSE + MAE + MBE
HeadM105_DaysToHeading,Wylie,2021,10,40,46.03344984166665,46.03344984166665,46.03344984166665,Local vs Station,RMSE + MAE + MBE
HeadM105_DaysToHeading,Wylie,2022,18,25,1.727222222222224,-1.727222222222224,1.727222222222224,Local vs Station,RMSE + MAE + MBE
HeadM105_DaysToHeading,Wylie,2023,12,35,0.05142230000001291,-0.05142230000001291,0.05142230000001291,Local vs Station,RMSE + MAE + MBE
HeadM206_DaysToHeading,BosworthRue,2016,20,25,89.80555555555556,89.80555555555556,89.80555555555556,Local vs Station,RMSE + MAE + MBE
HeadM206_DaysToHeading,BosworthRue,2017,10,40,135.914888836111,135.914888836111,135.914888836111,Local vs Station,RMSE + MAE + MBE
HeadM206_DaysToHeading,BosworthRue,2018,20,25,25.13861111111111,25.13861111111111,25.13861111111111,Local vs Station,RMSE + MAE + MBE
HeadM206_DaysToHeading,BosworthRue,2019,10,40,50.8455000111112,50.8455000111112,50.8455000111112,Local vs Station,RMSE + MAE + MBE
HeadM206_DaysToHeading,BosworthRue,2020,20,25,39.143333333333345,39.143333333333345,39.143333333333345,Local vs Station,RMSE + MAE + MBE
HeadM206_DaysToHeading,BosworthRue,2021,20,25,0,0,0,Local vs Station,RMSE + MAE + MBE
HeadM206_DaysToHeading,BosworthRue,2022,10,40,0.08811691944447375,-0.08811691944447375,0.08811691944447375,Local vs Station,RMSE + MAE + MBE
HeadM206_DaysToHeading,BosworthRue,2023,10,40,40.29271649166674,40.29271649166674,40.29271649166674,Local vs Station,RMSE + MAE + MBE
HeadM206_DaysToHeading,Canal,2016,10,27,0.02166666666664696,0.02166666666664696,0.02166666666664696,Local vs Station,RMSE + MAE + MBE
HeadM206_DaysToHeading,Canal,2017,19,36,0.6496662777778397,-0.6496662777778397,0.6496662777778397,Local vs Station,RMSE + MAE + MBE
HeadM206_DaysToHeading,Canal,2018,17,35,1.602777777777817,-1.602777777777817,1.602777777777817,Local vs Station,RMSE + MAE + MBE
HeadM206_DaysToHeading,Canal,2019,20,35,0.6341666666666725,0.6341666666666725,0.6341666666666725,Local vs Station,RMSE + MAE + MBE
HeadM206_DaysToHeading,Canal,2020,11,34,0.7042216583333811,-0.7042216583333811,0.7042216583333811,Local vs Station,RMSE + MAE + MBE
HeadM206_DaysToHeading,Canal,2023,10,37,0.15333272222210326,0.15333272222210326,0.15333272222210326,Local vs Station,RMSE + MAE + MBE
HeadM206_DaysToHeading,Canal,2024,12,35,0.2108333333333121,0.2108333333333121,0.2108333333333121,Local vs Station,RMSE + MAE + MBE
HeadM206_DaysToHeading,DelRio,2016,18,25,0,0,0,Local vs Station,RMSE + MAE + MBE
HeadM206_DaysToHeading,DelRio,2021,10,25,0,0,0,Local vs Station,RMSE + MAE + MBE
HeadM206_DaysToHeading,DelRio,2022,14,25,0,0,0,Local vs Station,RMSE + MAE + MBE
HeadM206_DaysToHeading,DelRio,2023,12,25,0,0,0,Local vs Station,RMSE + MAE + MBE
HeadM206_DaysToHeading,ErdmanGallagher,2016,11,38,0.332166658333108,0.332166658333108,0.332166658333108,Local vs Station,RMSE + MAE + MBE
HeadM206_DaysToHeading,ErdmanGallagher,2017,10,38,0.02822262499989847,-0.02822262499989847,0.02822262499989847,Local vs Station,RMSE + MAE + MBE
HeadM206_DaysToHeading,ErdmanGallagher,2018,20,25,1.6274999999999975,-1.6274999999999975,1.6274999999999975,Local vs Station,RMSE + MAE + MBE
HeadM206_DaysToHeading,ErdmanGallagher,2019,12,40,0.04388888888888687,0.04388888888888687,0.04388888888888687,Local vs Station,RMSE + MAE + MBE
HeadM206_DaysToHeading,ErdmanGallagher,2020,10,40,0.7847774027777632,0.7847774027777632,0.7847774027777632,Local vs Station,RMSE + MAE + MBE
HeadM206_DaysToHeading,ErdmanGallagher,2021,19,32,0.01194444444444542,-0.01194444444444542,0.01194444444444542,Local vs Station,RMSE + MAE + MBE
HeadM206_DaysToHeading,ErdmanGallagher,2023,10,40,50.77100559444443,50.77100559444443,50.77100559444443,Local vs Station,RMSE + MAE + MBE
HeadM206_DaysToHeading,ErdmanGallagher,2024,10,40,21.257777777777846,21.257777777777846,21.257777777777846,Local vs Station,RMSE + MAE + MBE
HeadM206_DaysToHeading,LarrabeeSheppard,2016,10,39,76.49755550555551,76.49755550555551,76.49755550555551,Local vs Station,RMSE + MAE + MBE
HeadM206_DaysToHeading,LarrabeeSheppard,2017,20,25,44.61194444444445,44.61194444444445,44.61194444444445,Local vs Station,RMSE + MAE + MBE
HeadM206_DaysToHeading,LarrabeeSheppard,2018,20,38,13.46944444444444,13.46944444444444,13.46944444444444,Local vs Station,RMSE + MAE + MBE
HeadM206_DaysToHeading,LarrabeeSheppard,2019,10,33,62.83300006944432,62.83300006944432,62.83300006944432,Local vs Station,RMSE + MAE + MBE
HeadM206_DaysToHeading,LarrabeeSheppard,2020,20,25,52.81222222222223,52.81222222222223,52.81222222222223,Local vs Station,RMSE + MAE + MBE
HeadM206_DaysToHeading,LarrabeeSheppard,2021,19,25,38.38499999999999,38.38499999999999,38.38499999999999,Local vs Station,RMSE + MAE + MBE
HeadM206_DaysToHeading,LarrabeeSheppard,2022,20,32,0.20611111111111313,0.20611111111111313,0.20611111111111313,Local vs Station,RMSE + MAE + MBE
HeadM206_DaysToHeading,LarrabeeSheppard,2023,11,39,33.089722222222235,33.089722222222235,33.089722222222235,Local vs Station,RMSE + MAE + MBE
HeadM206_DaysToHeading,LarrabeeSheppard,2024,10,40,44.3125,44.3125,44.3125,Local vs Station,RMSE + MAE + MBE
HeadM206_DaysToHeading,Lauppe,2016,20,25,26.152499999999996,26.152499999999996,26.152499999999996,Local vs Station,RMSE + MAE + MBE
HeadM206_DaysToHeading,Lauppe,2017,10,40,31.40516648055541,31.40516648055541,31.40516648055541,Local vs Station,RMSE + MAE + MBE
HeadM206_DaysToHeading,Lauppe,2018,20,35,0.09833333333333272,0.09833333333333272,0.09833333333333272,Local vs Station,RMSE + MAE + MBE
HeadM206_DaysToHeading,Lauppe,2019,20,25,41.75027777777778,41.75027777777778,41.75027777777778,Local vs Station,RMSE + MAE + MBE
HeadM206_DaysToHeading,Lauppe,2020,20,25,52.446666666666665,52.446666666666665,52.446666666666665,Local vs Station,RMSE + MAE + MBE
HeadM206_DaysToHeading,Lauppe,2021,20,25,13.290555555555557,13.290555555555557,13.290555555555557,Local vs Station,RMSE + MAE + MBE
HeadM206_DaysToHeading,Lauppe,2022,19,39,7.831666666666678,7.831666666666678,7.831666666666678,Local vs Station,RMSE + MAE + MBE
HeadM206_DaysToHeading,Lauppe,2023,10,39,0.08000000000015461,-0.08000000000015461,0.08000000000015461,Local vs Station,RMSE + MAE + MBE
HeadM206_DaysToHeading,Lauppe,2024,20,25,77.14757245,77.14757245,77.14757245,Local vs Station,RMSE + MAE + MBE
HeadM206_DaysToHeading,Rehmann,2017,12,27,0.46800052777780365,-0.46800052777780365,0.46800052777780365,Local vs Station,RMSE + MAE + MBE
HeadM206_DaysToHeading,Rehmann,2018,11,32,0.9127218333333076,-0.9127218333333076,0.9127218333333076,Local vs Station,RMSE + MAE + MBE
HeadM206_DaysToHeading,Rehmann,2019,20,25,0,0,0,Local vs Station,RMSE + MAE + MBE
HeadM206_DaysToHeading,Rehmann,2021,20,25,0,0,0,Local vs Station,RMSE + MAE + MBE
HeadM206_DaysToHeading,Schohr,2016,12,31,0.20000000000004547,0.20000000000004547,0.20000000000004547,Local vs Station,RMSE + MAE + MBE
HeadM206_DaysToHeading,Schohr,2017,16,34,0.08933335555559552,0.08933335555559552,0.08933335555559552,Local vs Station,RMSE + MAE + MBE
HeadM206_DaysToHeading,Schohr,2018,13,27,2.001833241666759,-2.001833241666759,2.001833241666759,Local vs Station,RMSE + MAE + MBE
HeadM206_DaysToHeading,Schohr,2019,20,25,24.927499999999995,24.927499999999995,24.927499999999995,Local vs Station,RMSE + MAE + MBE
HeadM206_DaysToHeading,Schohr,2020,20,35,0.11027777777776748,-0.11027777777776748,0.11027777777776748,Local vs Station,RMSE + MAE + MBE
HeadM206_DaysToHeading,Schohr,2021,19,25,0,0,0,Local vs Station,RMSE + MAE + MBE
HeadM206_DaysToHeading,Schohr,2022,20,25,0.13916666666666444,-0.13916666666666444,0.13916666666666444,Local vs Station,RMSE + MAE + MBE
HeadM206_DaysToHeading,Schohr,2023,10,40,10.501388888889096,10.501388888889096,10.501388888889096,Local vs Station,RMSE + MAE + MBE
HeadM206_DaysToHeading,Schohr,2024,18,37,0.26972222222218534,0.26972222222218534,0.26972222222218534,Local vs Station,RMSE + MAE + MBE
HeadM206_DaysToHeading,Wylie,2016,20,25,0.3011111111111049,0.3011111111111049,0.3011111111111049,Local vs Station,RMSE + MAE + MBE
HeadM206_DaysToHeading,Wylie,2017,11,38,0.6217226888888945,-0.6217226888888945,0.6217226888888945,Local vs Station,RMSE + MAE + MBE
HeadM206_DaysToHeading,Wylie,2018,10,32,0.3758888777779248,-0.3758888777779248,0.3758888777779248,Local vs Station,RMSE + MAE + MBE
HeadM206_DaysToHeading,Wylie,2019,12,36,0.4408334666666178,-0.4408334666666178,0.4408334666666178,Local vs Station,RMSE + MAE + MBE
HeadM206_DaysToHeading,Wylie,2020,14,33,0.2813888888888414,0.2813888888888414,0.2813888888888414,Local vs Station,RMSE + MAE + MBE
HeadM206_DaysToHeading,Wylie,2021,10,40,46.242616508333185,46.242616508333185,46.242616508333185,Local vs Station,RMSE + MAE + MBE
HeadM206_DaysToHeading,Wylie,2022,10,36,0.11138888888876863,-0.11138888888876863,0.11138888888876863,Local vs Station,RMSE + MAE + MBE
HeadM206_DaysToHeading,Wylie,2023,12,34,2.807188811111132,2.807188811111132,2.807188811111132,Local vs Station,RMSE + MAE + MBE
HeadM209_DaysToHeading,BosworthRue,2016,20,25,89.80555555555556,89.80555555555556,89.80555555555556,Local vs Station,RMSE + MAE + MBE
HeadM209_DaysToHeading,BosworthRue,2017,10,40,135.42294439166653,135.42294439166653,135.42294439166653,Local vs Station,RMSE + MAE + MBE
HeadM209_DaysToHeading,BosworthRue,2018,20,25,25.13861111111111,25.13861111111111,25.13861111111111,Local vs Station,RMSE + MAE + MBE
HeadM209_DaysToHeading,BosworthRue,2019,10,40,49.43244445555547,49.43244445555547,49.43244445555547,Local vs Station,RMSE + MAE + MBE
HeadM209_DaysToHeading,BosworthRue,2020,20,25,39.143333333333345,39.143333333333345,39.143333333333345,Local vs Station,RMSE + MAE + MBE
HeadM209_DaysToHeading,BosworthRue,2021,20,25,0,0,0,Local vs Station,RMSE + MAE + MBE
HeadM209_DaysToHeading,BosworthRue,2022,10,39,0.697994191666794,0.697994191666794,0.697994191666794,Local vs Station,RMSE + MAE + MBE
HeadM209_DaysToHeading,BosworthRue,2023,10,40,34.45966093611128,34.45966093611128,34.45966093611128,Local vs Station,RMSE + MAE + MBE
HeadM209_DaysToHeading,Canal,2016,16,34,0.05138888888893689,-0.05138888888893689,0.05138888888893689,Local vs Station,RMSE + MAE + MBE
HeadM209_DaysToHeading,Canal,2017,12,39,0.4845004638887076,0.4845004638887076,0.4845004638887076,Local vs Station,RMSE + MAE + MBE
HeadM209_DaysToHeading,Canal,2018,17,34,1.6936111111111245,1.6936111111111245,1.6936111111111245,Local vs Station,RMSE + MAE + MBE
HeadM209_DaysToHeading,Canal,2019,10,38,0.08249999999998181,-0.08249999999998181,0.08249999999998181,Local vs Station,RMSE + MAE + MBE
HeadM209_DaysToHeading,Canal,2020,17,37,0.19711147500015613,0.19711147500015613,0.19711147500015613,Local vs Station,RMSE + MAE + MBE
HeadM209_DaysToHeading,Canal,2023,11,39,0.6916660555555154,0.6916660555555154,0.6916660555555154,Local vs Station,RMSE + MAE + MBE
HeadM209_DaysToHeading,Canal,2024,10,33,0.3763888888888687,0.3763888888888687,0.3763888888888687,Local vs Station,RMSE + MAE + MBE
HeadM209_DaysToHeading,DelRio,2016,18,25,0,0,0,Local vs Station,RMSE + MAE + MBE
HeadM209_DaysToHeading,DelRio,2021,10,25,0,0,0,Local vs Station,RMSE + MAE + MBE
HeadM209_DaysToHeading,DelRio,2022,14,25,0,0,0,Local vs Station,RMSE + MAE + MBE
HeadM209_DaysToHeading,DelRio,2023,12,25,0,0,0,Local vs Station,RMSE + MAE + MBE
HeadM209_DaysToHeading,ErdmanGallagher,2016,11,37,0.03272221388874641,0.03272221388874641,0.03272221388874641,Local vs Station,RMSE + MAE + MBE
HeadM209_DaysToHeading,ErdmanGallagher,2017,11,38,0.9140559583331652,-0.9140559583331652,0.9140559583331652,Local vs Station,RMSE + MAE + MBE
HeadM209_DaysToHeading,ErdmanGallagher,2018,11,38,0.6334443638886569,-0.6334443638886569,0.6334443638886569,Local vs Station,RMSE + MAE + MBE
HeadM209_DaysToHeading,ErdmanGallagher,2019,11,35,0.3358333333333121,0.3358333333333121,0.3358333333333121,Local vs Station,RMSE + MAE + MBE
HeadM209_DaysToHeading,ErdmanGallagher,2020,10,36,0.8663337083332863,-0.8663337083332863,0.8663337083332863,Local vs Station,RMSE + MAE + MBE
HeadM209_DaysToHeading,ErdmanGallagher,2021,19,32,0.01194444444444542,-0.01194444444444542,0.01194444444444542,Local vs Station,RMSE + MAE + MBE
HeadM209_DaysToHeading,ErdmanGallagher,2023,20,25,39.41138888888889,39.41138888888889,39.41138888888889,Local vs Station,RMSE + MAE + MBE
HeadM209_DaysToHeading,ErdmanGallagher,2024,10,40,16.719722222222117,16.719722222222117,16.719722222222117,Local vs Station,RMSE + MAE + MBE
HeadM209_DaysToHeading,LarrabeeSheppard,2016,10,39,76.02755550555548,76.02755550555548,76.02755550555548,Local vs Station,RMSE + MAE + MBE
HeadM209_DaysToHeading,LarrabeeSheppard,2017,20,25,44.57611111111109,44.57611111111109,44.57611111111109,Local vs Station,RMSE + MAE + MBE
HeadM209_DaysToHeading,LarrabeeSheppard,2018,20,38,13.46944444444444,13.46944444444444,13.46944444444444,Local vs Station,RMSE + MAE + MBE
HeadM209_DaysToHeading,LarrabeeSheppard,2019,10,33,62.85300006944453,62.85300006944453,62.85300006944453,Local vs Station,RMSE + MAE + MBE
HeadM209_DaysToHeading,LarrabeeSheppard,2020,20,25,52.81222222222223,52.81222222222223,52.81222222222223,Local vs Station,RMSE + MAE + MBE
HeadM209_DaysToHeading,LarrabeeSheppard,2021,19,25,10.384999999999993,10.384999999999993,10.384999999999993,Local vs Station,RMSE + MAE + MBE
HeadM209_DaysToHeading,LarrabeeSheppard,2022,20,32,0.20611111111111313,0.20611111111111313,0.20611111111111313,Local vs Station,RMSE + MAE + MBE
HeadM209_DaysToHeading,LarrabeeSheppard,2023,11,39,29.10888888888894,29.10888888888894,29.10888888888894,Local vs Station,RMSE + MAE + MBE
HeadM209_DaysToHeading,LarrabeeSheppard,2024,10,40,38.30833333333317,38.30833333333317,38.30833333333317,Local vs Station,RMSE + MAE + MBE
HeadM209_DaysToHeading,Lauppe,2016,20,25,26.152499999999996,26.152499999999996,26.152499999999996,Local vs Station,RMSE + MAE + MBE
HeadM209_DaysToHeading,Lauppe,2017,10,40,26.856833147222005,26.856833147222005,26.856833147222005,Local vs Station,RMSE + MAE + MBE
HeadM209_DaysToHeading,Lauppe,2018,20,35,0.09833333333333272,0.09833333333333272,0.09833333333333272,Local vs Station,RMSE + MAE + MBE
HeadM209_DaysToHeading,Lauppe,2019,20,25,41.75027777777778,41.75027777777778,41.75027777777778,Local vs Station,RMSE + MAE + MBE
HeadM209_DaysToHeading,Lauppe,2020,20,25,52.446666666666665,52.446666666666665,52.446666666666665,Local vs Station,RMSE + MAE + MBE
HeadM209_DaysToHeading,Lauppe,2021,20,25,13.290555555555557,13.290555555555557,13.290555555555557,Local vs Station,RMSE + MAE + MBE
HeadM209_DaysToHeading,Lauppe,2022,19,39,7.831666666666678,7.831666666666678,7.831666666666678,Local vs Station,RMSE + MAE + MBE
HeadM209_DaysToHeading,Lauppe,2023,20,25,0.2658333333333367,0.2658333333333367,0.2658333333333367,Local vs Station,RMSE + MAE + MBE
HeadM209_DaysToHeading,Lauppe,2024,20,25,77.14757245,77.14757245,77.14757245,Local vs Station,RMSE + MAE + MBE
HeadM209_DaysToHeading,Rehmann,2017,11,26,1.5313338611110794,-1.5313338611110794,1.5313338611110794,Local vs Station,RMSE + MAE + MBE
HeadM209_DaysToHeading,Rehmann,2018,11,33,3.3396662777777237,-3.3396662777777237,3.3396662777777237,Local vs Station,RMSE + MAE + MBE
HeadM209_DaysToHeading,Rehmann,2019,20,25,0,0,0,Local vs Station,RMSE + MAE + MBE
HeadM209_DaysToHeading,Rehmann,2021,20,25,0,0,0,Local vs Station,RMSE + MAE + MBE
HeadM209_DaysToHeading,Schohr,2016,13,35,0.3966666666665333,-0.3966666666665333,0.3966666666665333,Local vs Station,RMSE + MAE + MBE
HeadM209_DaysToHeading,Schohr,2017,16,27,0.23372219999998833,-0.23372219999998833,0.23372219999998833,Local vs Station,RMSE + MAE + MBE
HeadM209_DaysToHeading,Schohr,2018,13,27,4.17294435277779,-4.17294435277779,4.17294435277779,Local vs Station,RMSE + MAE + MBE
HeadM209_DaysToHeading,Schohr,2019,20,25,24.927499999999995,24.927499999999995,24.927499999999995,Local vs Station,RMSE + MAE + MBE
HeadM209_DaysToHeading,Schohr,2020,20,35,0.11027777777776748,-0.11027777777776748,0.11027777777776748,Local vs Station,RMSE + MAE + MBE
HeadM209_DaysToHeading,Schohr,2021,19,25,0,0,0,Local vs Station,RMSE + MAE + MBE
HeadM209_DaysToHeading,Schohr,2022,11,36,1.4030555555557385,1.4030555555557385,1.4030555555557385,Local vs Station,RMSE + MAE + MBE
HeadM209_DaysToHeading,Schohr,2023,18,37,0.2855555555555611,-0.2855555555555611,0.2855555555555611,Local vs Station,RMSE + MAE + MBE
HeadM209_DaysToHeading,Schohr,2024,18,37,0.26972222222218534,0.26972222222218534,0.26972222222218534,Local vs Station,RMSE + MAE + MBE
HeadM209_DaysToHeading,Wylie,2016,11,26,0.10466648611111395,-0.10466648611111395,0.10466648611111395,Local vs Station,RMSE + MAE + MBE
HeadM209_DaysToHeading,Wylie,2017,13,40,0.4358893555556733,-0.4358893555556733,0.4358893555556733,Local vs Station,RMSE + MAE + MBE
HeadM209_DaysToHeading,Wylie,2018,11,35,0.9472777666667298,-0.9472777666667298,0.9472777666667298,Local vs Station,RMSE + MAE + MBE
HeadM209_DaysToHeading,Wylie,2019,12,36,2.018333466666718,-2.018333466666718,2.018333466666718,Local vs Station,RMSE + MAE + MBE
HeadM209_DaysToHeading,Wylie,2020,10,33,0.5491668777779068,-0.5491668777779068,0.5491668777779068,Local vs Station,RMSE + MAE + MBE
HeadM209_DaysToHeading,Wylie,2021,10,40,45.58594984166666,45.58594984166666,45.58594984166666,Local vs Station,RMSE + MAE + MBE
HeadM209_DaysToHeading,Wylie,2022,19,40,1.8972222222222257,1.8972222222222257,1.8972222222222257,Local vs Station,RMSE + MAE + MBE
HeadM209_DaysToHeading,Wylie,2023,20,25,0.19972222222222055,-0.19972222222222055,0.19972222222222055,Local vs Station,RMSE + MAE + MBE
HeadM210_DaysToHeading,BosworthRue,2016,20,25,89.80555555555556,89.80555555555556,89.80555555555556,Local vs Station,RMSE + MAE + MBE
HeadM210_DaysToHeading,BosworthRue,2017,10,40,137.2557221694442,137.2557221694442,137.2557221694442,Local vs Station,RMSE + MAE + MBE
HeadM210_DaysToHeading,BosworthRue,2018,20,25,25.13861111111111,25.13861111111111,25.13861111111111,Local vs Station,RMSE + MAE + MBE
HeadM210_DaysToHeading,BosworthRue,2019,10,40,50.8455000111112,50.8455000111112,50.8455000111112,Local vs Station,RMSE + MAE + MBE
HeadM210_DaysToHeading,BosworthRue,2020,20,25,39.143333333333345,39.143333333333345,39.143333333333345,Local vs Station,RMSE + MAE + MBE
HeadM210_DaysToHeading,BosworthRue,2021,20,25,0,0,0,Local vs Station,RMSE + MAE + MBE
HeadM210_DaysToHeading,BosworthRue,2022,10,40,0.08811691944447375,-0.08811691944447375,0.08811691944447375,Local vs Station,RMSE + MAE + MBE
HeadM210_DaysToHeading,BosworthRue,2023,10,40,40.216327602777824,40.216327602777824,40.216327602777824,Local vs Station,RMSE + MAE + MBE
HeadM210_DaysToHeading,Canal,2016,13,35,0.14861111111122227,0.14861111111122227,0.14861111111122227,Local vs Station,RMSE + MAE + MBE
HeadM210_DaysToHeading,Canal,2017,19,36,0.6496662777778397,-0.6496662777778397,0.6496662777778397,Local vs Station,RMSE + MAE + MBE
HeadM210_DaysToHeading,Canal,2018,17,35,1.602777777777817,-1.602777777777817,1.602777777777817,Local vs Station,RMSE + MAE + MBE
HeadM210_DaysToHeading,Canal,2019,10,33,0.2030555555554656,0.2030555555554656,0.2030555555554656,Local vs Station,RMSE + MAE + MBE
HeadM210_DaysToHeading,Canal,2020,12,34,0.42661167500000374,0.42661167500000374,0.42661167500000374,Local vs Station,RMSE + MAE + MBE
HeadM210_DaysToHeading,Canal,2023,11,40,0.00972283333339874,-0.00972283333339874,0.00972283333339874,Local vs Station,RMSE + MAE + MBE
HeadM210_DaysToHeading,Canal,2024,12,35,0.2108333333333121,0.2108333333333121,0.2108333333333121,Local vs Station,RMSE + MAE + MBE
HeadM210_DaysToHeading,DelRio,2016,18,25,0,0,0,Local vs Station,RMSE + MAE + MBE
HeadM210_DaysToHeading,DelRio,2021,10,25,0,0,0,Local vs Station,RMSE + MAE + MBE
HeadM210_DaysToHeading,DelRio,2022,14,25,0,0,0,Local vs Station,RMSE + MAE + MBE
HeadM210_DaysToHeading,DelRio,2023,12,25,0,0,0,Local vs Station,RMSE + MAE + MBE
HeadM210_DaysToHeading,ErdmanGallagher,2016,11,38,0.6378333416666919,-0.6378333416666919,0.6378333416666919,Local vs Station,RMSE + MAE + MBE
HeadM210_DaysToHeading,ErdmanGallagher,2017,10,38,0.02822262499989847,-0.02822262499989847,0.02822262499989847,Local vs Station,RMSE + MAE + MBE
HeadM210_DaysToHeading,ErdmanGallagher,2018,20,25,1.6274999999999975,-1.6274999999999975,1.6274999999999975,Local vs Station,RMSE + MAE + MBE
HeadM210_DaysToHeading,ErdmanGallagher,2019,12,39,0.807777777777801,0.807777777777801,0.807777777777801,Local vs Station,RMSE + MAE + MBE
HeadM210_DaysToHeading,ErdmanGallagher,2020,10,40,0.7847774027777632,0.7847774027777632,0.7847774027777632,Local vs Station,RMSE + MAE + MBE
HeadM210_DaysToHeading,ErdmanGallagher,2021,19,32,0.01194444444444542,-0.01194444444444542,0.01194444444444542,Local vs Station,RMSE + MAE + MBE
HeadM210_DaysToHeading,ErdmanGallagher,2023,10,40,50.77100559444443,50.77100559444443,50.77100559444443,Local vs Station,RMSE + MAE + MBE
HeadM210_DaysToHeading,ErdmanGallagher,2024,10,40,21.257777777777846,21.257777777777846,21.257777777777846,Local vs Station,RMSE + MAE + MBE
HeadM210_DaysToHeading,LarrabeeSheppard,2016,10,39,77.0469999500001,77.0469999500001,77.0469999500001,Local vs Station,RMSE + MAE + MBE
HeadM210_DaysToHeading,LarrabeeSheppard,2017,20,25,44.57611111111109,44.57611111111109,44.57611111111109,Local vs Station,RMSE + MAE + MBE
HeadM210_DaysToHeading,LarrabeeSheppard,2018,20,38,13.46944444444444,13.46944444444444,13.46944444444444,Local vs Station,RMSE + MAE + MBE
HeadM210_DaysToHeading,LarrabeeSheppard,2019,10,33,62.83300006944432,62.83300006944432,62.83300006944432,Local vs Station,RMSE + MAE + MBE
HeadM210_DaysToHeading,LarrabeeSheppard,2020,20,25,52.81222222222223,52.81222222222223,52.81222222222223,Local vs Station,RMSE + MAE + MBE
HeadM210_DaysToHeading,LarrabeeSheppard,2021,19,25,38.38499999999999,38.38499999999999,38.38499999999999,Local vs Station,RMSE + MAE + MBE
HeadM210_DaysToHeading,LarrabeeSheppard,2022,20,32,0.20611111111111313,0.20611111111111313,0.20611111111111313,Local vs Station,RMSE + MAE + MBE
HeadM210_DaysToHeading,LarrabeeSheppard,2023,11,39,32.7302777777777,32.7302777777777,32.7302777777777,Local vs Station,RMSE + MAE + MBE
HeadM210_DaysToHeading,LarrabeeSheppard,2024,10,40,44.3125,44.3125,44.3125,Local vs Station,RMSE + MAE + MBE
HeadM210_DaysToHeading,Lauppe,2016,20,25,26.152499999999996,26.152499999999996,26.152499999999996,Local vs Station,RMSE + MAE + MBE
HeadM210_DaysToHeading,Lauppe,2017,10,40,31.40516648055541,31.40516648055541,31.40516648055541,Local vs Station,RMSE + MAE + MBE
HeadM210_DaysToHeading,Lauppe,2018,20,35,0.09833333333333272,0.09833333333333272,0.09833333333333272,Local vs Station,RMSE + MAE + MBE
HeadM210_DaysToHeading,Lauppe,2019,20,25,41.75027777777778,41.75027777777778,41.75027777777778,Local vs Station,RMSE + MAE + MBE
HeadM210_DaysToHeading,Lauppe,2020,20,25,52.446666666666665,52.446666666666665,52.446666666666665,Local vs Station,RMSE + MAE + MBE
HeadM210_DaysToHeading,Lauppe,2021,20,25,13.290555555555557,13.290555555555557,13.290555555555557,Local vs Station,RMSE + MAE + MBE
HeadM210_DaysToHeading,Lauppe,2022,19,39,7.831666666666678,7.831666666666678,7.831666666666678,Local vs Station,RMSE + MAE + MBE
HeadM210_DaysToHeading,Lauppe,2023,10,39,0.08000000000015461,-0.08000000000015461,0.08000000000015461,Local vs Station,RMSE + MAE + MBE
HeadM210_DaysToHeading,Lauppe,2024,20,25,77.14757245,77.14757245,77.14757245,Local vs Station,RMSE + MAE + MBE
HeadM210_DaysToHeading,Rehmann,2017,12,27,0.46800052777780365,-0.46800052777780365,0.46800052777780365,Local vs Station,RMSE + MAE + MBE
HeadM210_DaysToHeading,Rehmann,2018,11,32,0.5479996111109813,-0.5479996111109813,0.5479996111109813,Local vs Station,RMSE + MAE + MBE
HeadM210_DaysToHeading,Rehmann,2019,20,25,0,0,0,Local vs Station,RMSE + MAE + MBE
HeadM210_DaysToHeading,Rehmann,2021,20,25,0,0,0,Local vs Station,RMSE + MAE + MBE
HeadM210_DaysToHeading,Schohr,2016,11,30,0.16777777777770098,-0.16777777777770098,0.16777777777770098,Local vs Station,RMSE + MAE + MBE
HeadM210_DaysToHeading,Schohr,2017,16,34,0.7492777555555676,-0.7492777555555676,0.7492777555555676,Local vs Station,RMSE + MAE + MBE
HeadM210_DaysToHeading,Schohr,2018,13,27,2.001833241666759,-2.001833241666759,2.001833241666759,Local vs Station,RMSE + MAE + MBE
HeadM210_DaysToHeading,Schohr,2019,20,25,24.927499999999995,24.927499999999995,24.927499999999995,Local vs Station,RMSE + MAE + MBE
HeadM210_DaysToHeading,Schohr,2020,20,35,0.11027777777776748,-0.11027777777776748,0.11027777777776748,Local vs Station,RMSE + MAE + MBE
HeadM210_DaysToHeading,Schohr,2021,19,25,0,0,0,Local vs Station,RMSE + MAE + MBE
HeadM210_DaysToHeading,Schohr,2022,20,25,0.13916666666666444,-0.13916666666666444,0.13916666666666444,Local vs Station,RMSE + MAE + MBE
HeadM210_DaysToHeading,Schohr,2023,10,40,10.44583333333344,10.44583333333344,10.44583333333344,Local vs Station,RMSE + MAE + MBE
HeadM210_DaysToHeading,Schohr,2024,18,37,0.26972222222218534,0.26972222222218534,0.26972222222218534,Local vs Station,RMSE + MAE + MBE
HeadM210_DaysToHeading,Wylie,2016,20,25,0.3011111111111049,0.3011111111111049,0.3011111111111049,Local vs Station,RMSE + MAE + MBE
HeadM210_DaysToHeading,Wylie,2017,11,38,0.6217226888888945,-0.6217226888888945,0.6217226888888945,Local vs Station,RMSE + MAE + MBE
HeadM210_DaysToHeading,Wylie,2018,10,32,0.3758888777779248,-0.3758888777779248,0.3758888777779248,Local vs Station,RMSE + MAE + MBE
HeadM210_DaysToHeading,Wylie,2019,12,36,0.5466665333333367,0.5466665333333367,0.5466665333333367,Local vs Station,RMSE + MAE + MBE
HeadM210_DaysToHeading,Wylie,2020,14,33,0.2813888888888414,0.2813888888888414,0.2813888888888414,Local vs Station,RMSE + MAE + MBE
HeadM210_DaysToHeading,Wylie,2021,10,40,46.242616508333185,46.242616508333185,46.242616508333185,Local vs Station,RMSE + MAE + MBE
HeadM210_DaysToHeading,Wylie,2022,10,36,0.8594444444445344,-0.8594444444445344,0.8594444444445344,Local vs Station,RMSE + MAE + MBE
HeadM210_DaysToHeading,Wylie,2023,12,35,2.4003111888888498,-2.4003111888888498,2.4003111888888498,Local vs Station,RMSE + MAE + MBE
HeadM211_DaysToHeading,BosworthRue,2016,20,25,89.80555555555556,89.80555555555556,89.80555555555556,Local vs Station,RMSE + MAE + MBE
HeadM211_DaysToHeading,BosworthRue,2017,10,40,134.85933328055555,134.85933328055555,134.85933328055555,Local vs Station,RMSE + MAE + MBE
HeadM211_DaysToHeading,BosworthRue,2018,20,25,25.13861111111111,25.13861111111111,25.13861111111111,Local vs Station,RMSE + MAE + MBE
HeadM211_DaysToHeading,BosworthRue,2019,10,40,49.43244445555547,49.43244445555547,49.43244445555547,Local vs Station,RMSE + MAE + MBE
HeadM211_DaysToHeading,BosworthRue,2020,20,25,39.143333333333345,39.143333333333345,39.143333333333345,Local vs Station,RMSE + MAE + MBE
HeadM211_DaysToHeading,BosworthRue,2021,20,25,0,0,0,Local vs Station,RMSE + MAE + MBE
HeadM211_DaysToHeading,BosworthRue,2022,10,39,0.34966085833320903,0.34966085833320903,0.34966085833320903,Local vs Station,RMSE + MAE + MBE
HeadM211_DaysToHeading,BosworthRue,2023,10,40,34.45966093611128,34.45966093611128,34.45966093611128,Local vs Station,RMSE + MAE + MBE
HeadM211_DaysToHeading,Canal,2016,16,34,0.05138888888893689,-0.05138888888893689,0.05138888888893689,Local vs Station,RMSE + MAE + MBE
HeadM211_DaysToHeading,Canal,2017,12,39,0.4845004638887076,0.4845004638887076,0.4845004638887076,Local vs Station,RMSE + MAE + MBE
HeadM211_DaysToHeading,Canal,2018,20,33,1.8449999999999989,-1.8449999999999989,1.8449999999999989,Local vs Station,RMSE + MAE + MBE
HeadM211_DaysToHeading,Canal,2019,11,40,0.09694444444448892,0.09694444444448892,0.09694444444448892,Local vs Station,RMSE + MAE + MBE
HeadM211_DaysToHeading,Canal,2020,20,40,0.20694444444441729,-0.20694444444441729,0.20694444444441729,Local vs Station,RMSE + MAE + MBE
HeadM211_DaysToHeading,Canal,2023,11,39,0.1919450555558342,-0.1919450555558342,0.1919450555558342,Local vs Station,RMSE + MAE + MBE
HeadM211_DaysToHeading,Canal,2024,10,33,0.3763888888888687,0.3763888888888687,0.3763888888888687,Local vs Station,RMSE + MAE + MBE
HeadM211_DaysToHeading,DelRio,2021,10,25,0,0,0,Local vs Station,RMSE + MAE + MBE
HeadM211_DaysToHeading,DelRio,2022,14,25,0,0,0,Local vs Station,RMSE + MAE + MBE
HeadM211_DaysToHeading,DelRio,2023,12,25,0,0,0,Local vs Station,RMSE + MAE + MBE
HeadM211_DaysToHeading,ErdmanGallagher,2017,10,38,0.4004448472223885,-0.4004448472223885,0.4004448472223885,Local vs Station,RMSE + MAE + MBE
HeadM211_DaysToHeading,ErdmanGallagher,2018,11,38,1.3087221416665216,-1.3087221416665216,1.3087221416665216,Local vs Station,RMSE + MAE + MBE
HeadM211_DaysToHeading,ErdmanGallagher,2019,12,39,1.5824999999999818,-1.5824999999999818,1.5824999999999818,Local vs Station,RMSE + MAE + MBE
HeadM211_DaysToHeading,ErdmanGallagher,2020,10,36,0.8663337083332863,-0.8663337083332863,0.8663337083332863,Local vs Station,RMSE + MAE + MBE
HeadM211_DaysToHeading,ErdmanGallagher,2021,19,32,0.01194444444444542,-0.01194444444444542,0.01194444444444542,Local vs Station,RMSE + MAE + MBE
HeadM211_DaysToHeading,ErdmanGallagher,2023,20,25,39.41138888888889,39.41138888888889,39.41138888888889,Local vs Station,RMSE + MAE + MBE
HeadM211_DaysToHeading,ErdmanGallagher,2024,10,40,15.62166666666667,15.62166666666667,15.62166666666667,Local vs Station,RMSE + MAE + MBE
HeadM211_DaysToHeading,LarrabeeSheppard,2016,10,39,76.02755550555548,76.02755550555548,76.02755550555548,Local vs Station,RMSE + MAE + MBE
HeadM211_DaysToHeading,LarrabeeSheppard,2017,20,25,44.57611111111109,44.57611111111109,44.57611111111109,Local vs Station,RMSE + MAE + MBE
HeadM211_DaysToHeading,LarrabeeSheppard,2018,20,38,13.46944444444444,13.46944444444444,13.46944444444444,Local vs Station,RMSE + MAE + MBE
HeadM211_DaysToHeading,LarrabeeSheppard,2019,10,33,62.96522229166658,62.96522229166658,62.96522229166658,Local vs Station,RMSE + MAE + MBE
HeadM211_DaysToHeading,LarrabeeSheppard,2020,20,25,52.81222222222223,52.81222222222223,52.81222222222223,Local vs Station,RMSE + MAE + MBE
HeadM211_DaysToHeading,LarrabeeSheppard,2021,19,25,10.384999999999993,10.384999999999993,10.384999999999993,Local vs Station,RMSE + MAE + MBE
HeadM211_DaysToHeading,LarrabeeSheppard,2022,10,38,0.11626677222216132,-0.11626677222216132,0.11626677222216132,Local vs Station,RMSE + MAE + MBE
HeadM211_DaysToHeading,LarrabeeSheppard,2023,11,39,29.55416666666656,29.55416666666656,29.55416666666656,Local vs Station,RMSE + MAE + MBE
HeadM211_DaysToHeading,LarrabeeSheppard,2024,10,40,37.45722222222207,37.45722222222207,37.45722222222207,Local vs Station,RMSE + MAE + MBE
HeadM211_DaysToHeading,Lauppe,2017,10,40,29.194610925000006,29.194610925000006,29.194610925000006,Local vs Station,RMSE + MAE + MBE
HeadM211_DaysToHeading,Lauppe,2018,20,35,0.09833333333333272,0.09833333333333272,0.09833333333333272,Local vs Station,RMSE + MAE + MBE
HeadM211_DaysToHeading,Lauppe,2019,20,25,41.75027777777778,41.75027777777778,41.75027777777778,Local vs Station,RMSE + MAE + MBE
HeadM211_DaysToHeading,Lauppe,2020,20,25,52.446666666666665,52.446666666666665,52.446666666666665,Local vs Station,RMSE + MAE + MBE
HeadM211_DaysToHeading,Lauppe,2021,20,25,13.290555555555557,13.290555555555557,13.290555555555557,Local vs Station,RMSE + MAE + MBE
HeadM211_DaysToHeading,Lauppe,2022,19,39,7.831666666666678,7.831666666666678,7.831666666666678,Local vs Station,RMSE + MAE + MBE
HeadM211_DaysToHeading,Lauppe,2023,20,25,0.2658333333333367,0.2658333333333367,0.2658333333333367,Local vs Station,RMSE + MAE + MBE
HeadM211_DaysToHeading,Lauppe,2024,20,25,77.14757245,77.14757245,77.14757245,Local vs Station,RMSE + MAE + MBE
HeadM211_DaysToHeading,Rehmann,2017,11,25,0.01716719444448244,-0.01716719444448244,0.01716719444448244,Local vs Station,RMSE + MAE + MBE
HeadM211_DaysToHeading,Rehmann,2018,11,33,1.8693885000000137,-1.8693885000000137,1.8693885000000137,Local vs Station,RMSE + MAE + MBE
HeadM211_DaysToHeading,Rehmann,2019,20,25,0,0,0,Local vs Station,RMSE + MAE + MBE
HeadM211_DaysToHeading,Rehmann,2021,20,25,0,0,0,Local vs Station,RMSE + MAE + MBE
HeadM211_DaysToHeading,Schohr,2016,14,34,0.5891666666666424,0.5891666666666424,0.5891666666666424,Local vs Station,RMSE + MAE + MBE
HeadM211_DaysToHeading,Schohr,2017,16,31,0.1140555777777763,0.1140555777777763,0.1140555777777763,Local vs Station,RMSE + MAE + MBE
HeadM211_DaysToHeading,Schohr,2018,13,27,6.619888797222188,-6.619888797222188,6.619888797222188,Local vs Station,RMSE + MAE + MBE
HeadM211_DaysToHeading,Schohr,2019,20,25,24.927499999999995,24.927499999999995,24.927499999999995,Local vs Station,RMSE + MAE + MBE
HeadM211_DaysToHeading,Schohr,2020,20,35,0.11027777777776748,-0.11027777777776748,0.11027777777776748,Local vs Station,RMSE + MAE + MBE
HeadM211_DaysToHeading,Schohr,2021,19,25,0,0,0,Local vs Station,RMSE + MAE + MBE
HeadM211_DaysToHeading,Schohr,2022,11,36,1.4030555555557385,1.4030555555557385,1.4030555555557385,Local vs Station,RMSE + MAE + MBE
HeadM211_DaysToHeading,Schohr,2023,18,37,0.2855555555555611,-0.2855555555555611,0.2855555555555611,Local vs Station,RMSE + MAE + MBE
HeadM211_DaysToHeading,Schohr,2024,18,37,0.26972222222218534,0.26972222222218534,0.26972222222218534,Local vs Station,RMSE + MAE + MBE
HeadM211_DaysToHeading,Wylie,2016,11,26,0.10466648611111395,-0.10466648611111395,0.10466648611111395,Local vs Station,RMSE + MAE + MBE
HeadM211_DaysToHeading,Wylie,2017,13,40,0.4358893555556733,-0.4358893555556733,0.4358893555556733,Local vs Station,RMSE + MAE + MBE
HeadM211_DaysToHeading,Wylie,2018,11,35,0.9472777666667298,-0.9472777666667298,0.9472777666667298,Local vs Station,RMSE + MAE + MBE
HeadM211_DaysToHeading,Wylie,2019,14,38,0.14694444444444343,0.14694444444444343,0.14694444444444343,Local vs Station,RMSE + MAE + MBE
HeadM211_DaysToHeading,Wylie,2020,10,33,0.3761113222221866,-0.3761113222221866,0.3761113222221866,Local vs Station,RMSE + MAE + MBE
HeadM211_DaysToHeading,Wylie,2021,10,40,45.49233873055573,45.49233873055573,45.49233873055573,Local vs Station,RMSE + MAE + MBE
HeadM211_DaysToHeading,Wylie,2022,19,40,1.8972222222222257,1.8972222222222257,1.8972222222222257,Local vs Station,RMSE + MAE + MBE
HeadM211_DaysToHeading,Wylie,2023,20,25,0.19972222222222055,-0.19972222222222055,0.19972222222222055,Local vs Station,RMSE + MAE + MBE
HeadM401_DaysToHeading,Canal,2024,17,38,0.8716666666666697,-0.8716666666666697,0.8716666666666697,Local vs Station,RMSE + MAE + MBE
HeadM401_DaysToHeading,ErdmanGallagher,2024,10,34,0.3694444444442979,-0.3694444444442979,0.3694444444442979,Local vs Station,RMSE + MAE + MBE
HeadM401_DaysToHeading,LarrabeeSheppard,2024,10,40,38.30833333333317,38.30833333333317,38.30833333333317,Local vs Station,RMSE + MAE + MBE
HeadM401_DaysToHeading,Lauppe,2024,20,25,77.14757245,77.14757245,77.14757245,Local vs Station,RMSE + MAE + MBE
HeadM401_DaysToHeading,Schohr,2016,11,27,0.3763888888888687,0.3763888888888687,0.3763888888888687,Local vs Station,RMSE + MAE + MBE
HeadM401_DaysToHeading,Schohr,2017,14,26,40.274833616666456,-40.274833616666456,40.274833616666456,Local vs Station,RMSE + MAE + MBE
HeadM401_DaysToHeading,Schohr,2024,18,37,0.26972222222218534,0.26972222222218534,0.26972222222218534,Local vs Station,RMSE + MAE + MBE
HeadM401_DaysToHeading,Wylie,2016,20,25,0.3011111111111049,0.3011111111111049,0.3011111111111049,Local vs Station,RMSE + MAE + MBE
HeadM401_DaysToHeading,Wylie,2017,13,37,0.5932773111110237,0.5932773111110237,0.5932773111110237,Local vs Station,RMSE + MAE + MBE
