Variety,Location,T_l,T_opt,Comparison,RMSE,MBE,MAE
HeadM105_DaysToHeading,BosworthRue,10,25,Local vs PRISM,42.55921337769367,40.630168868055534,40.630168868055534
HeadM105_DaysToHeading,BosworthRue,10,26,Local vs PRISM,40.956557720729606,38.86811723472222,38.86811723472222
HeadM105_DaysToHeading,BosworthRue,10,27,Local vs PRISM,39.323113323381776,36.98811021076391,36.98811021076391
HeadM105_DaysToHeading,BosworthRue,10,28,Local vs PRISM,36.92355252622425,34.365387450000014,34.365387450000014
HeadM105_DaysToHeading,BosworthRue,10,29,Local vs PRISM,33.561450127988145,30.417725673958316,30.417725673958316
HeadM105_DaysToHeading,BosworthRue,10,30,Local vs PRISM,28.718594379742097,24.651668348263897,25.904189019791644
HeadM105_DaysToHeading,BosworthRue,10,31,Local vs PRISM,23.14297272635019,17.234748494444446,20.682661718750026
HeadM105_DaysToHeading,BosworthRue,10,32,Local vs PRISM,18.187348836568603,8.32225545520835,15.181001223263948
HeadM105_DaysToHeading,BosworthRue,10,33,Local vs PRISM,17.717184366801085,-1.860273750694418,13.934489981250024
HeadM105_DaysToHeading,BosworthRue,10,34,Local vs PRISM,23.545009622249463,-12.784718162847255,16.406190292013903
HeadM105_DaysToHeading,BosworthRue,10,35,Local vs PRISM,32.47215272337088,-23.71500541944441,23.71500541944441
HeadM105_DaysToHeading,BosworthRue,10,36,Local vs PRISM,41.4084242574531,-33.331264598611085,33.331264598611085
HeadM105_DaysToHeading,BosworthRue,10,37,Local vs PRISM,49.634192262131755,-41.47669904166665,41.47669904166665
HeadM105_DaysToHeading,BosworthRue,10,38,Local vs PRISM,56.2078454355394,-47.91296980590272,47.91296980590272
HeadM105_DaysToHeading,BosworthRue,10,39,Local vs PRISM,60.39674174631918,-51.95833122951393,51.95833122951393
HeadM105_DaysToHeading,BosworthRue,10,40,Local vs PRISM,62.00143902466452,-53.693689580208314,53.693689580208314
HeadM105_DaysToHeading,BosworthRue,11,25,Local vs PRISM,62.708437832076456,59.124939536111114,59.124939536111114
HeadM105_DaysToHeading,BosworthRue,11,26,Local vs PRISM,61.97825257617708,58.05253283124998,58.05253283124998
HeadM105_DaysToHeading,BosworthRue,11,27,Local vs PRISM,60.99413608932116,56.67032497222223,56.67032497222223
HeadM105_DaysToHeading,BosworthRue,11,28,Local vs PRISM,59.223462269513306,54.477970307986084,54.477970307986084
HeadM105_DaysToHeading,BosworthRue,11,29,Local vs PRISM,56.1380490371481,50.88045077673608,50.88045077673608
HeadM105_DaysToHeading,BosworthRue,11,30,Local vs PRISM,51.23858885883986,45.348455884375,45.348455884375
HeadM105_DaysToHeading,BosworthRue,11,31,Local vs PRISM,44.82460437438094,37.994310927083305,37.994310927083305
HeadM105_DaysToHeading,BosworthRue,11,32,Local vs PRISM,37.54890447318293,29.12303104999991,31.38947711874995
HeadM105_DaysToHeading,BosworthRue,11,33,Local vs PRISM,30.971578968296914,18.991564380208317,27.304983376736104
HeadM105_DaysToHeading,BosworthRue,11,34,Local vs PRISM,26.677633465358266,8.06711996805555,23.286100621527822
HeadM105_DaysToHeading,BosworthRue,11,35,Local vs PRISM,26.99091656327269,-2.8631672885416606,20.574518536458356
HeadM105_DaysToHeading,BosworthRue,11,36,Local vs PRISM,30.685903395328662,-12.479426467708365,20.324254021875035
HeadM105_DaysToHeading,BosworthRue,11,37,Local vs PRISM,36.285955628733866,-20.624860910763942,25.78604107326393
HeadM105_DaysToHeading,BosworthRue,11,38,Local vs PRISM,41.715747404823006,-27.061131675000027,31.079423086805562
HeadM105_DaysToHeading,BosworthRue,11,39,Local vs PRISM,45.42803167549946,-31.10649309861111,34.94878439236112
HeadM105_DaysToHeading,BosworthRue,11,40,Local vs PRISM,46.785097433615384,-32.84185144930561,36.93714238888893
HeadM105_DaysToHeading,BosworthRue,12,25,Local vs PRISM,100.56975348384927,91.91949056840275,91.91949056840275
HeadM105_DaysToHeading,BosworthRue,12,26,Local vs PRISM,101.791147861042,92.61637888888889,92.61637888888889
HeadM105_DaysToHeading,BosworthRue,12,27,Local vs PRISM,102.41488602519978,92.74917638645833,92.74917638645833
HeadM105_DaysToHeading,BosworthRue,12,28,Local vs PRISM,102.09947779880684,91.80740852013889,91.80740852013889
HeadM105_DaysToHeading,BosworthRue,12,29,Local vs PRISM,100.41864553912514,89.21982760138889,89.21982760138889
HeadM105_DaysToHeading,BosworthRue,12,30,Local vs PRISM,96.6371269630936,84.40315746840277,84.40315746840277
HeadM105_DaysToHeading,BosworthRue,12,31,Local vs PRISM,90.9633307866268,77.50939986041664,77.50939986041664
HeadM105_DaysToHeading,BosworthRue,12,32,Local vs PRISM,83.91499666156278,68.88418163472225,69.79311198888892
HeadM105_DaysToHeading,BosworthRue,12,33,Local vs PRISM,76.31482908391307,58.92083418368057,62.407708986458346
HeadM105_DaysToHeading,BosworthRue,12,34,Local vs PRISM,68.60869807162342,48.0533522614583,58.25355714131943
HeadM105_DaysToHeading,BosworthRue,12,35,Local vs PRISM,61.88469404464554,37.075627508680526,53.91381883854163
HeadM105_DaysToHeading,BosworthRue,12,36,Local vs PRISM,56.9273235747592,27.459368329513865,50.90733744756952
HeadM105_DaysToHeading,BosworthRue,12,37,Local vs PRISM,54.796098957304615,19.31393388645826,50.083888653819386
HeadM105_DaysToHeading,BosworthRue,12,38,Local vs PRISM,54.459320065318174,12.87766312222223,49.558174590972186
HeadM105_DaysToHeading,BosworthRue,12,39,Local vs PRISM,54.852618446224504,8.832301698611133,49.26606738263891
HeadM105_DaysToHeading,BosworthRue,12,40,Local vs PRISM,54.8096178522894,7.096943347916664,48.62336877499999
HeadM105_DaysToHeading,BosworthRue,13,25,Local vs PRISM,126.91259459041889,120.16685394687501,120.16685394687501
HeadM105_DaysToHeading,BosworthRue,13,26,Local vs PRISM,130.4352692296252,123.18005475208334,123.18005475208334
HeadM105_DaysToHeading,BosworthRue,13,27,Local vs PRISM,133.26590390943443,125.49803276805557,125.49803276805557
HeadM105_DaysToHeading,BosworthRue,13,28,Local vs PRISM,134.99399818976414,126.61443978854167,126.61443978854167
HeadM105_DaysToHeading,BosworthRue,13,29,Local vs PRISM,134.96612574671215,125.92606496944445,125.92606496944445
HeadM105_DaysToHeading,BosworthRue,13,30,Local vs PRISM,132.52145838919515,122.79089756631944,122.79089756631944
HeadM105_DaysToHeading,BosworthRue,13,31,Local vs PRISM,127.84988852387598,117.33045225520833,117.33045225520833
HeadM105_DaysToHeading,BosworthRue,13,32,Local vs PRISM,121.16553470494861,109.73991982187499,109.73991982187499
HeadM105_DaysToHeading,BosworthRue,13,33,Local vs PRISM,113.18615493584988,100.40643463194442,100.40643463194442
HeadM105_DaysToHeading,BosworthRue,13,34,Local vs PRISM,104.45249850154316,89.93188369444445,89.93188369444445
HeadM105_DaysToHeading,BosworthRue,13,35,Local vs PRISM,95.97143135089738,79.1512715020833,80.80786797986109
HeadM105_DaysToHeading,BosworthRue,13,36,Local vs PRISM,88.73897255117853,69.56581218854164,75.23775588854163
HeadM105_DaysToHeading,BosworthRue,13,37,Local vs PRISM,83.7837862102795,61.39492155520833,71.10746157673611
HeadM105_DaysToHeading,BosworthRue,13,38,Local vs PRISM,80.33974702205661,54.89615079097226,67.86755283611112
HeadM105_DaysToHeading,BosworthRue,13,39,Local vs PRISM,78.39366568081884,50.788289367361145,65.67001455833334
HeadM105_DaysToHeading,BosworthRue,13,40,Local vs PRISM,77.18603345743458,48.990431016666676,64.22608047847224
HeadM105_DaysToHeading,BosworthRue,14,25,Local vs PRISM,118.17385137598258,113.3169282305555,113.3169282305555
HeadM105_DaysToHeading,BosworthRue,14,26,Local vs PRISM,121.96112447668119,116.77925461944439,116.77925461944439
HeadM105_DaysToHeading,BosworthRue,14,27,Local vs PRISM,125.41863520174216,119.82888048611107,119.82888048611107
HeadM105_DaysToHeading,BosworthRue,14,28,Local vs PRISM,127.80438614030389,121.8609889677083,121.8609889677083
HeadM105_DaysToHeading,BosworthRue,14,29,Local vs PRISM,128.42175818871104,122.06810708055554,122.06810708055554
HeadM105_DaysToHeading,BosworthRue,14,30,Local vs PRISM,126.68028434927474,119.89112718611112,119.89112718611112
HeadM105_DaysToHeading,BosworthRue,14,31,Local vs PRISM,122.59042657440831,115.32469770034722,115.32469770034722
HeadM105_DaysToHeading,BosworthRue,14,32,Local vs PRISM,116.29046615497133,108.41481056388888,108.41481056388888
HeadM105_DaysToHeading,BosworthRue,14,33,Local vs PRISM,108.52458194880472,99.34153363090275,99.34153363090275
HeadM105_DaysToHeading,BosworthRue,14,34,Local vs PRISM,100.23850926641585,89.11266845625,91.50489807847224
HeadM105_DaysToHeading,BosworthRue,14,35,Local vs PRISM,92.1042357126703,78.45540808888886,85.09717264583331
HeadM105_DaysToHeading,BosworthRue,14,36,Local vs PRISM,85.26163849044872,68.87970571979163,79.53681749895831
HeadM105_DaysToHeading,BosworthRue,14,37,Local vs PRISM,80.37060894187101,60.77040885729164,75.4681169579861
HeadM105_DaysToHeading,BosworthRue,14,38,Local vs PRISM,76.93585367726291,54.27163809305553,72.22820821736109
HeadM105_DaysToHeading,BosworthRue,14,39,Local vs PRISM,74.95833838018532,50.16377666944443,70.03066993958332
HeadM105_DaysToHeading,BosworthRue,14,40,Local vs PRISM,73.77870944964856,48.365918318750005,68.58673585972224
HeadM105_DaysToHeading,BosworthRue,15,25,Local vs PRISM,125.86418184150703,116.45501102361109,116.45501102361109
HeadM105_DaysToHeading,BosworthRue,15,26,Local vs PRISM,130.59545104214257,120.68928185694443,120.68928185694443
HeadM105_DaysToHeading,BosworthRue,15,27,Local vs PRISM,135.11774192277366,124.64949232465278,124.64949232465278
HeadM105_DaysToHeading,BosworthRue,15,28,Local vs PRISM,138.98705275456805,127.94183200555557,127.94183200555557
HeadM105_DaysToHeading,BosworthRue,15,29,Local vs PRISM,141.84763898580798,129.98721394999998,129.98721394999998
HeadM105_DaysToHeading,BosworthRue,15,30,Local vs PRISM,142.94140929768645,130.15645001354167,130.15645001354167
HeadM105_DaysToHeading,BosworthRue,15,31,Local vs PRISM,141.850126197369,128.160047434375,128.160047434375
HeadM105_DaysToHeading,BosworthRue,15,32,Local vs PRISM,138.38116509730767,123.52710166458331,123.52710166458331
HeadM105_DaysToHeading,BosworthRue,15,33,Local vs PRISM,133.01781519133996,116.25823274374999,116.25823274374999
HeadM105_DaysToHeading,BosworthRue,15,34,Local vs PRISM,126.59022559375941,107.58993398194445,107.94285022569446
HeadM105_DaysToHeading,BosworthRue,15,35,Local vs PRISM,119.4565870898531,97.99766885173611,103.42800282604168
HeadM105_DaysToHeading,BosworthRue,15,36,Local vs PRISM,112.90070421570847,89.16889946944444,100.14688627152775
HeadM105_DaysToHeading,BosworthRue,15,37,Local vs PRISM,107.35544900324285,81.2154647,97.29711598680557
HeadM105_DaysToHeading,BosworthRue,15,38,Local vs PRISM,103.32360522049538,74.84768709444445,94.92956149166666
HeadM105_DaysToHeading,BosworthRue,15,39,Local vs PRISM,100.9978392273404,70.80523708055557,93.28313677638891
HeadM105_DaysToHeading,BosworthRue,15,40,Local vs PRISM,99.71381458914938,68.97044125416663,92.0110014361111
HeadM105_DaysToHeading,BosworthRue,16,25,Local vs PRISM,135.40500346659834,123.70118754479165,123.70118754479165
HeadM105_DaysToHeading,BosworthRue,16,26,Local vs PRISM,140.99805293775802,128.82618754479165,128.82618754479165
HeadM105_DaysToHeading,BosworthRue,16,27,Local vs PRISM,146.52309749658227,133.87633549930555,133.87633549930555
HeadM105_DaysToHeading,BosworthRue,16,28,Local vs PRISM,151.6100263058,138.4569257770833,138.4569257770833
HeadM105_DaysToHeading,BosworthRue,16,29,Local vs PRISM,156.03716726653732,142.33755077708332,142.33755077708332
HeadM105_DaysToHeading,BosworthRue,16,30,Local vs PRISM,159.59287909685105,145.21904383263887,145.21904383263887
HeadM105_DaysToHeading,BosworthRue,16,31,Local vs PRISM,161.98810060110532,146.86495921319445,146.86495921319445
HeadM105_DaysToHeading,BosworthRue,16,32,Local vs PRISM,162.38143719207284,146.35807445347223,146.35807445347223
HeadM105_DaysToHeading,BosworthRue,16,33,Local vs PRISM,160.28105613685267,143.12771623125,143.12771623125
HeadM105_DaysToHeading,BosworthRue,16,34,Local vs PRISM,156.3570006823927,137.77639620729167,138.460799721875
HeadM105_DaysToHeading,BosworthRue,16,35,Local vs PRISM,150.6730735667186,130.3036716434028,133.6142003982639
HeadM105_DaysToHeading,BosworthRue,16,36,Local vs PRISM,144.86249199790123,122.80123538645836,128.78962524479167
HeadM105_DaysToHeading,BosworthRue,16,37,Local vs PRISM,139.3880077235739,115.63063895729167,124.05752971631944
HeadM105_DaysToHeading,BosworthRue,16,38,Local vs PRISM,134.60257817084232,109.71110689201386,119.4632477989583
HeadM105_DaysToHeading,BosworthRue,16,39,Local vs PRISM,131.44921323311718,105.69161354479166,116.03375460451389
HeadM105_DaysToHeading,BosworthRue,16,40,Local vs PRISM,130.01350408404818,103.81621895798611,114.26586008715276
HeadM105_DaysToHeading,BosworthRue,17,25,Local vs PRISM,119.20032948182566,111.90912560590277,111.90912560590277
HeadM105_DaysToHeading,BosworthRue,17,26,Local vs PRISM,124.2321764626974,116.59662560590277,116.59662560590277
HeadM105_DaysToHeading,BosworthRue,17,27,Local vs PRISM,129.24702967265432,121.26423883819444,121.26423883819444
HeadM105_DaysToHeading,BosworthRue,17,28,Local vs PRISM,134.12513158517862,125.78014161597221,125.78014161597221
HeadM105_DaysToHeading,BosworthRue,17,29,Local vs PRISM,138.68279862073933,129.98531522708333,129.98531522708333
HeadM105_DaysToHeading,BosworthRue,17,30,Local vs PRISM,142.8231583877016,133.66493328263888,133.66493328263888
HeadM105_DaysToHeading,BosworthRue,17,31,Local vs PRISM,146.40165612350165,136.77986318715278,136.77986318715278
HeadM105_DaysToHeading,BosworthRue,17,32,Local vs PRISM,148.61057792909122,138.57185276493055,138.57185276493055
HeadM105_DaysToHeading,BosworthRue,17,33,Local vs PRISM,149.19908683054828,138.69264722118055,138.69264722118055
HeadM105_DaysToHeading,BosworthRue,17,34,Local vs PRISM,147.87442838105358,136.96282083229167,136.96282083229167
HeadM105_DaysToHeading,BosworthRue,17,35,Local vs PRISM,144.84551835623728,133.46900913715277,133.46900913715277
HeadM105_DaysToHeading,BosworthRue,17,36,Local vs PRISM,140.97445519202586,129.09500233368055,129.09500233368055
HeadM105_DaysToHeading,BosworthRue,17,37,Local vs PRISM,136.52301092874177,123.99186019166666,123.99186019166666
HeadM105_DaysToHeading,BosworthRue,17,38,Local vs PRISM,132.20086856815072,119.23230232118054,119.23230232118054
HeadM105_DaysToHeading,BosworthRue,17,39,Local vs PRISM,129.11293581629369,115.82742598784722,115.82742598784722
HeadM105_DaysToHeading,BosworthRue,17,40,Local vs PRISM,127.62741207247255,114.13057564062497,114.13057564062497
HeadM105_DaysToHeading,BosworthRue,18,25,Local vs PRISM,94.48474412555545,76.94753259409723,83.69104165659722
HeadM105_DaysToHeading,BosworthRue,18,26,Local vs PRISM,98.35197511628914,80.07253259409723,87.06604165659722
HeadM105_DaysToHeading,BosworthRue,18,27,Local vs PRISM,102.17542051825778,83.14728953854167,90.39079860104167
HeadM105_DaysToHeading,BosworthRue,18,28,Local vs PRISM,105.90001495792566,86.10697703854167,93.60048610104167
HeadM105_DaysToHeading,BosworthRue,18,29,Local vs PRISM,109.45342067283993,88.90253259409722,96.64604165659722
HeadM105_DaysToHeading,BosworthRue,18,30,Local vs PRISM,112.86175849096503,91.51065759409722,99.55541665659723
HeadM105_DaysToHeading,BosworthRue,18,31,Local vs PRISM,116.12254004897459,93.93794860972223,102.40819378333333
HeadM105_DaysToHeading,BosworthRue,18,32,Local vs PRISM,118.85809276368323,95.73326110972222,104.73927017222222
HeadM105_DaysToHeading,BosworthRue,18,33,Local vs PRISM,121.12308949847183,96.92850001041667,106.57333682708332
HeadM105_DaysToHeading,BosworthRue,18,34,Local vs PRISM,122.40226839986052,97.19301389930556,107.4204896048611
HeadM105_DaysToHeading,BosworthRue,18,35,Local vs PRISM,122.24801420839054,95.97103456076388,106.87698248854167
HeadM105_DaysToHeading,BosworthRue,18,36,Local vs PRISM,121.26377812347863,93.79451368541666,105.51608661319445
HeadM105_DaysToHeading,BosworthRue,18,37,Local vs PRISM,119.52427706066757,90.78642355069444,103.44910758958332
HeadM105_DaysToHeading,BosworthRue,18,38,Local vs PRISM,117.37568354856471,87.28539741875,100.86356874513889
HeadM105_DaysToHeading,BosworthRue,18,39,Local vs PRISM,115.73197958983357,84.47662117569443,98.80479250208333
HeadM105_DaysToHeading,BosworthRue,18,40,Local vs PRISM,115.03256046113466,82.84476369652776,97.75377227291665
HeadM105_DaysToHeading,BosworthRue,19,25,Local vs PRISM,49.95775751195676,21.11205663680555,42.72728849236111
HeadM105_DaysToHeading,BosworthRue,19,26,Local vs PRISM,51.93332342384506,21.924556636805548,44.41478849236111
HeadM105_DaysToHeading,BosworthRue,19,27,Local vs PRISM,53.90895220710486,22.737056636805548,46.10228849236111
HeadM105_DaysToHeading,BosworthRue,19,28,Local vs PRISM,55.882061451572035,23.540181636805546,47.78041349236111
HeadM105_DaysToHeading,BosworthRue,19,29,Local vs PRISM,57.841781799422215,24.214417747916656,49.40853849236112
HeadM105_DaysToHeading,BosworthRue,19,30,Local vs PRISM,59.74825210630182,24.785667747916655,50.979788492361116
HeadM105_DaysToHeading,BosworthRue,19,31,Local vs PRISM,61.650485744095555,25.366361541319435,52.5604822857639
HeadM105_DaysToHeading,BosworthRue,19,32,Local vs PRISM,63.51642315397645,25.795076819097215,54.131350341319454
HeadM105_DaysToHeading,BosworthRue,19,33,Local vs PRISM,65.2797473211989,25.93705598576388,55.6967322857639
HeadM105_DaysToHeading,BosworthRue,19,34,Local vs PRISM,66.89135561391595,25.74889626354166,57.087947563541675
HeadM105_DaysToHeading,BosworthRue,19,35,Local vs PRISM,68.10190857584344,24.843160089583332,58.10194762638889
HeadM105_DaysToHeading,BosworthRue,19,36,Local vs PRISM,69.12265982889441,23.080458658680556,59.07759361979167
HeadM105_DaysToHeading,BosworthRue,19,37,Local vs PRISM,69.73442347204768,20.885326872569436,59.68550318368056
HeadM105_DaysToHeading,BosworthRue,19,38,Local vs PRISM,69.98665593294245,18.380935481597213,59.83841275520834
HeadM105_DaysToHeading,BosworthRue,19,39,Local vs PRISM,69.95962571811322,16.22462990520833,59.925760357986114
HeadM105_DaysToHeading,BosworthRue,19,40,Local vs PRISM,70.22912171680427,14.740043176041667,60.242972003819446
HeadM105_DaysToHeading,BosworthRue,20,25,Local vs PRISM,45.434907388517985,19.720734282291666,38.33667433993055
HeadM105_DaysToHeading,BosworthRue,20,26,Local vs PRISM,47.20243835445351,20.470734282291666,39.83667433993055
HeadM105_DaysToHeading,BosworthRue,20,27,Local vs PRISM,48.969986357040796,21.220734282291666,41.33667433993055
HeadM105_DaysToHeading,BosworthRue,20,28,Local vs PRISM,50.73754961575834,21.970734282291666,42.83667433993055
HeadM105_DaysToHeading,BosworthRue,20,29,Local vs PRISM,52.50512658983232,22.720734282291666,44.33667433993055
HeadM105_DaysToHeading,BosworthRue,20,30,Local vs PRISM,54.27271593920001,23.470734282291666,45.83667433993055
HeadM105_DaysToHeading,BosworthRue,20,31,Local vs PRISM,56.03944023375035,24.217609282291665,47.333549339930556
HeadM105_DaysToHeading,BosworthRue,20,32,Local vs PRISM,57.806420439241414,24.848442615624997,48.81063267326388
HeadM105_DaysToHeading,BosworthRue,20,33,Local vs PRISM,59.35698709169683,25.30330372673611,50.140493784374996
HeadM105_DaysToHeading,BosworthRue,20,34,Local vs PRISM,60.903173117688816,25.65003983784722,51.54375767326388
HeadM105_DaysToHeading,BosworthRue,20,35,Local vs PRISM,61.934103697178614,25.587463386111107,52.53619523611111
HeadM105_DaysToHeading,BosworthRue,20,36,Local vs PRISM,62.60347213319441,24.97676189618055,53.181465968402776
HeadM105_DaysToHeading,BosworthRue,20,37,Local vs PRISM,62.90111220192762,24.131616162152774,53.53807003576389
HeadM105_DaysToHeading,BosworthRue,20,38,Local vs PRISM,62.882622706285225,23.049150855902777,53.508354839930554
HeadM105_DaysToHeading,BosworthRue,20,39,Local vs PRISM,62.77610409327801,22.011340043402775,53.29429356215278
HeadM105_DaysToHeading,BosworthRue,20,40,Local vs PRISM,62.65036608858567,21.24756487326389,52.96306835034722
HeadM105_DaysToHeading,Canal,10,25,Local vs PRISM,58.76583838431498,55.355234081746026,55.355234081746026
HeadM105_DaysToHeading,Canal,10,26,Local vs PRISM,57.90602781860823,54.3572214138889,54.3572214138889
HeadM105_DaysToHeading,Canal,10,27,Local vs PRISM,56.467193379194086,52.70488830595237,52.70488830595237
HeadM105_DaysToHeading,Canal,10,28,Local vs PRISM,53.84657541469421,49.72112843015869,49.72112843015869
HeadM105_DaysToHeading,Canal,10,29,Local vs PRISM,50.10194457215528,45.56332631309527,45.56332631309527
HeadM105_DaysToHeading,Canal,10,30,Local vs PRISM,45.64949266633777,40.47177313968257,40.47177313968257
HeadM105_DaysToHeading,Canal,10,31,Local vs PRISM,40.32734806379847,34.347065099999995,34.45031937619045
HeadM105_DaysToHeading,Canal,10,32,Local vs PRISM,33.85388307843391,27.172300369444446,29.026744837698402
HeadM105_DaysToHeading,Canal,10,33,Local vs PRISM,27.629102099258805,19.435369269841267,23.411449111904762
HeadM105_DaysToHeading,Canal,10,34,Local vs PRISM,24.234527826289455,12.038442744047611,20.239997884523778
HeadM105_DaysToHeading,Canal,10,35,Local vs PRISM,24.257626956743483,5.041389632539709,22.126626335714263
HeadM105_DaysToHeading,Canal,10,36,Local vs PRISM,25.753254954668414,-0.7977364380951875,23.256104141269866
HeadM105_DaysToHeading,Canal,10,37,Local vs PRISM,26.763516245001515,-4.895433805158665,22.926453963888807
HeadM105_DaysToHeading,Canal,10,38,Local vs PRISM,27.324893363008474,-7.899239109920553,21.83850513293651
HeadM105_DaysToHeading,Canal,10,39,Local vs PRISM,27.429551451993852,-9.468321978968188,21.114748957539614
HeadM105_DaysToHeading,Canal,10,40,Local vs PRISM,27.55374887882881,-10.399823752777738,21.898708048809485
HeadM105_DaysToHeading,Canal,11,25,Local vs PRISM,64.37524037183975,61.39644103611109,61.39644103611109
HeadM105_DaysToHeading,Canal,11,26,Local vs PRISM,64.00469788032686,60.92158702539684,60.92158702539684
HeadM105_DaysToHeading,Canal,11,27,Local vs PRISM,62.98172894125442,59.73896821825396,59.73896821825396
HeadM105_DaysToHeading,Canal,11,28,Local vs PRISM,60.64497647499836,57.19158148174602,57.19158148174602
HeadM105_DaysToHeading,Canal,11,29,Local vs PRISM,57.14022321834906,53.31949365039686,53.31949365039686
HeadM105_DaysToHeading,Canal,11,30,Local vs PRISM,52.81376959055789,48.470440384126974,48.470440384126974
HeadM105_DaysToHeading,Canal,11,31,Local vs PRISM,47.14799440433072,42.48158951785711,42.48158951785711
HeadM105_DaysToHeading,Canal,11,32,Local vs PRISM,39.922118723653114,35.349824736111096,35.349824736111096
HeadM105_DaysToHeading,Canal,11,33,Local vs PRISM,32.31450481311155,27.612893636508016,27.628338176190532
HeadM105_DaysToHeading,Canal,11,34,Local vs PRISM,25.940741036652096,20.215967110714246,22.16612585357143
HeadM105_DaysToHeading,Canal,11,35,Local vs PRISM,21.860330240209908,13.218913999206361,18.48810466190478
HeadM105_DaysToHeading,Canal,11,36,Local vs PRISM,20.310629592532436,7.379787928571432,17.25001066428568
HeadM105_DaysToHeading,Canal,11,37,Local vs PRISM,19.58838925814242,3.2820905615079385,16.707983561507962
HeadM105_DaysToHeading,Canal,11,38,Local vs PRISM,19.415118723169726,0.27828525674604926,17.098873765476178
HeadM105_DaysToHeading,Canal,11,39,Local vs PRISM,19.189871280194502,-1.2907976123015683,17.005084015476182
HeadM105_DaysToHeading,Canal,11,40,Local vs PRISM,19.098479720667022,-2.222299386111087,17.01215433690475
HeadM105_DaysToHeading,Canal,12,25,Local vs PRISM,79.63238431693526,76.39631394484127,76.39631394484127
HeadM105_DaysToHeading,Canal,12,26,Local vs PRISM,80.39099756090518,76.95995992460318,76.95995992460318
HeadM105_DaysToHeading,Canal,12,27,Local vs PRISM,80.1487196236039,76.63434963214286,76.63434963214286
HeadM105_DaysToHeading,Canal,12,28,Local vs PRISM,78.10535712674007,74.60324851944445,74.60324851944445
HeadM105_DaysToHeading,Canal,12,29,Local vs PRISM,74.4354055348167,70.95973925555556,70.95973925555556
HeadM105_DaysToHeading,Canal,12,30,Local vs PRISM,69.66309320718898,66.22118601984126,66.22118601984126
HeadM105_DaysToHeading,Canal,12,31,Local vs PRISM,63.66114930625359,60.407120903968234,60.407120903968234
HeadM105_DaysToHeading,Canal,12,32,Local vs PRISM,56.557495940910414,53.31485608650793,53.31485608650793
HeadM105_DaysToHeading,Canal,12,33,Local vs PRISM,49.14743310236637,45.57792498690477,45.57792498690477
HeadM105_DaysToHeading,Canal,12,34,Local vs PRISM,42.14563484382829,38.180998461111095,38.180998461111095
HeadM105_DaysToHeading,Canal,12,35,Local vs PRISM,36.08912863828443,31.183945349603196,32.39199129484128
HeadM105_DaysToHeading,Canal,12,36,Local vs PRISM,31.31451420573814,25.344819278968252,28.92043702738095
HeadM105_DaysToHeading,Canal,12,37,Local vs PRISM,27.618989608206608,21.24712191190479,25.70689837380949
HeadM105_DaysToHeading,Canal,12,38,Local vs PRISM,24.95573159451275,18.243316607142884,22.96252191111109
HeadM105_DaysToHeading,Canal,12,39,Local vs PRISM,23.768975063929965,16.674233738095236,21.603121581745995
HeadM105_DaysToHeading,Canal,12,40,Local vs PRISM,23.257270194415877,15.742731964285733,20.90361988730157
HeadM105_DaysToHeading,Canal,13,25,Local vs PRISM,113.64637681682206,109.32112360238095,109.32112360238095
HeadM105_DaysToHeading,Canal,13,26,Local vs PRISM,116.69343209280062,112.07951796388889,112.07951796388889
HeadM105_DaysToHeading,Canal,13,27,Local vs PRISM,118.75555779183735,113.93840202261902,113.93840202261902
HeadM105_DaysToHeading,Canal,13,28,Local vs PRISM,118.86792289741781,113.96033463412698,113.96033463412698
HeadM105_DaysToHeading,Canal,13,29,Local vs PRISM,116.91289409743375,112.02762461746032,112.02762461746032
HeadM105_DaysToHeading,Canal,13,30,Local vs PRISM,113.19823536117053,108.30036397579366,108.30036397579366
HeadM105_DaysToHeading,Canal,13,31,Local vs PRISM,107.9812382700223,103.16258446706347,103.16258446706347
HeadM105_DaysToHeading,Canal,13,32,Local vs PRISM,101.42135294856465,96.35595532539683,96.35595532539683
HeadM105_DaysToHeading,Canal,13,33,Local vs PRISM,94.36169147773835,88.75530973492064,88.75530973492064
HeadM105_DaysToHeading,Canal,13,34,Local vs PRISM,87.6323635379857,81.42981178055558,81.42981178055558
HeadM105_DaysToHeading,Canal,13,35,Local vs PRISM,81.60427377989822,74.46468741269841,74.46468741269841
HeadM105_DaysToHeading,Canal,13,36,Local vs PRISM,76.65886519615273,68.55413277063494,68.55413277063494
HeadM105_DaysToHeading,Canal,13,37,Local vs PRISM,73.05849457354086,64.38500683214286,64.38500683214286
HeadM105_DaysToHeading,Canal,13,38,Local vs PRISM,70.54491267767465,61.34691581309523,61.34691581309523
HeadM105_DaysToHeading,Canal,13,39,Local vs PRISM,69.41043761745534,59.777832944047645,59.777832944047645
HeadM105_DaysToHeading,Canal,13,40,Local vs PRISM,68.90316845982397,58.84633117023811,58.84633117023811
HeadM105_DaysToHeading,Canal,14,25,Local vs PRISM,142.84611367251136,139.68753339563494,139.68753339563494
HeadM105_DaysToHeading,Canal,14,26,Local vs PRISM,147.78266814397682,144.48303104642858,144.48303104642858
HeadM105_DaysToHeading,Canal,14,27,Local vs PRISM,152.14565187562258,148.71993097817463,148.71993097817463
HeadM105_DaysToHeading,Canal,14,28,Local vs PRISM,155.23157876858141,151.78648651825395,151.78648651825395
HeadM105_DaysToHeading,Canal,14,29,Local vs PRISM,156.0084397663561,152.6967740111111,152.6967740111111
HeadM105_DaysToHeading,Canal,14,30,Local vs PRISM,154.5553662583895,151.4395774781746,151.4395774781746
HeadM105_DaysToHeading,Canal,14,31,Local vs PRISM,151.10071213914276,148.1040405809524,148.1040405809524
HeadM105_DaysToHeading,Canal,14,32,Local vs PRISM,145.5321000436411,142.3162969146825,142.3162969146825
HeadM105_DaysToHeading,Canal,14,33,Local vs PRISM,138.91583848461195,135.30280843769842,135.30280843769842
HeadM105_DaysToHeading,Canal,14,34,Local vs PRISM,132.08975577067142,128.1728818373016,128.1728818373016
HeadM105_DaysToHeading,Canal,14,35,Local vs PRISM,125.47054766313165,121.29375736666665,121.29375736666665
HeadM105_DaysToHeading,Canal,14,36,Local vs PRISM,119.74119827343196,115.39885824722221,115.39885824722221
HeadM105_DaysToHeading,Canal,14,37,Local vs PRISM,115.79255760380371,111.22973230873019,111.22973230873019
HeadM105_DaysToHeading,Canal,14,38,Local vs PRISM,112.97537925560809,108.19164128968256,108.19164128968256
HeadM105_DaysToHeading,Canal,14,39,Local vs PRISM,111.68454938547737,106.62255842063493,106.62255842063493
HeadM105_DaysToHeading,Canal,14,40,Local vs PRISM,111.03700643399378,105.69105664682543,105.69105664682543
HeadM105_DaysToHeading,Canal,15,25,Local vs PRISM,118.81472752751938,117.39708212698412,117.39708212698412
HeadM105_DaysToHeading,Canal,15,26,Local vs PRISM,123.2366003367543,121.73422498412698,121.73422498412698
HeadM105_DaysToHeading,Canal,15,27,Local vs PRISM,127.404729115571,125.83961704484125,125.83961704484125
HeadM105_DaysToHeading,Canal,15,28,Local vs PRISM,131.03557918817938,129.4524741765873,129.4524741765873
HeadM105_DaysToHeading,Canal,15,29,Local vs PRISM,133.71821749464453,132.16152184484125,132.16152184484125
HeadM105_DaysToHeading,Canal,15,30,Local vs PRISM,134.44834018793205,132.99577428293654,132.99577428293654
HeadM105_DaysToHeading,Canal,15,31,Local vs PRISM,132.79935609993043,131.4470808305556,131.4470808305556
HeadM105_DaysToHeading,Canal,15,32,Local vs PRISM,128.14160604410378,126.85197358650795,126.85197358650795
HeadM105_DaysToHeading,Canal,15,33,Local vs PRISM,121.87385750859688,120.48152071507936,120.48152071507936
HeadM105_DaysToHeading,Canal,15,34,Local vs PRISM,115.22039753123616,113.7378243388889,113.7378243388889
HeadM105_DaysToHeading,Canal,15,35,Local vs PRISM,108.55783849514302,107.00305700436509,107.00305700436509
HeadM105_DaysToHeading,Canal,15,36,Local vs PRISM,102.6057891888768,101.03672931349205,101.03672931349205
HeadM105_DaysToHeading,Canal,15,37,Local vs PRISM,98.43651121227559,96.79617480357142,96.79617480357142
HeadM105_DaysToHeading,Canal,15,38,Local vs PRISM,95.49302010396742,93.73943299087303,93.73943299087303
HeadM105_DaysToHeading,Canal,15,39,Local vs PRISM,94.0419845552426,92.17035012182541,92.17035012182541
HeadM105_DaysToHeading,Canal,15,40,Local vs PRISM,93.25836508780131,91.23884834801588,91.23884834801588
HeadM105_DaysToHeading,Canal,16,25,Local vs PRISM,133.60334291719573,129.37055520952381,129.37055520952381
HeadM105_DaysToHeading,Canal,16,26,Local vs PRISM,138.76062412787473,134.37055520952381,134.37055520952381
HeadM105_DaysToHeading,Canal,16,27,Local vs PRISM,143.76584027608803,139.2105766261905,139.2105766261905
HeadM105_DaysToHeading,Canal,16,28,Local vs PRISM,148.28363550504184,143.58613218174602,143.58613218174602
HeadM105_DaysToHeading,Canal,16,29,Local vs PRISM,152.30031591266538,147.4282028619048,147.4282028619048
HeadM105_DaysToHeading,Canal,16,30,Local vs PRISM,154.90613048912894,149.82971082579365,149.82971082579365
HeadM105_DaysToHeading,Canal,16,31,Local vs PRISM,155.78543613053256,150.42118558928573,150.42118558928573
HeadM105_DaysToHeading,Canal,16,32,Local vs PRISM,153.91029446834347,148.15923658809524,148.15923658809524
HeadM105_DaysToHeading,Canal,16,33,Local vs PRISM,149.99742140625872,143.739560459127,143.739560459127
HeadM105_DaysToHeading,Canal,16,34,Local vs PRISM,145.1125073087935,138.2004566515873,138.2004566515873
HeadM105_DaysToHeading,Canal,16,35,Local vs PRISM,139.69577758756384,131.85517312817464,131.85517312817464
HeadM105_DaysToHeading,Canal,16,36,Local vs PRISM,134.66286352119155,126.07298823095239,126.07298823095239
HeadM105_DaysToHeading,Canal,16,37,Local vs PRISM,130.86392282545808,121.87250514325396,121.87250514325396
HeadM105_DaysToHeading,Canal,16,38,Local vs PRISM,128.06626227084055,118.88647773531746,118.88647773531746
HeadM105_DaysToHeading,Canal,16,39,Local vs PRISM,126.622819374621,117.31739486626985,117.31739486626985
HeadM105_DaysToHeading,Canal,16,40,Local vs PRISM,125.86264166038234,116.38589309246034,116.38589309246034
HeadM105_DaysToHeading,Canal,17,25,Local vs PRISM,122.49363147866356,115.55930721825396,115.55930721825396
HeadM105_DaysToHeading,Canal,17,26,Local vs PRISM,127.43013388934514,120.2021643611111,120.2021643611111
HeadM105_DaysToHeading,Canal,17,27,Local vs PRISM,132.325891406255,124.80244213888888,124.80244213888888
HeadM105_DaysToHeading,Canal,17,28,Local vs PRISM,137.04535952802902,129.2310135674603,129.2310135674603
HeadM105_DaysToHeading,Canal,17,29,Local vs PRISM,141.52333595914908,133.41717154920636,133.41717154920636
HeadM105_DaysToHeading,Canal,17,30,Local vs PRISM,145.46200521274562,137.01923504126984,137.01923504126984
HeadM105_DaysToHeading,Canal,17,31,Local vs PRISM,148.57335406008505,139.74026679285714,139.74026679285714
HeadM105_DaysToHeading,Canal,17,32,Local vs PRISM,149.85857276920743,140.55802081785714,140.55802081785714
HeadM105_DaysToHeading,Canal,17,33,Local vs PRISM,149.7021283154663,139.70058266666666,139.70058266666666
HeadM105_DaysToHeading,Canal,17,34,Local vs PRISM,148.17948136172367,137.3706299126984,137.3706299126984
HeadM105_DaysToHeading,Canal,17,35,Local vs PRISM,145.2518778579496,133.70550125992065,133.70550125992065
HeadM105_DaysToHeading,Canal,17,36,Local vs PRISM,141.39443146519426,129.30222359325396,129.30222359325396
HeadM105_DaysToHeading,Canal,17,37,Local vs PRISM,138.0790032066831,125.63850596428573,125.63850596428573
HeadM105_DaysToHeading,Canal,17,38,Local vs PRISM,135.7143409480114,123.00632115436508,123.00632115436508
HeadM105_DaysToHeading,Canal,17,39,Local vs PRISM,134.35351887580367,121.51702404325398,121.51702404325398
HeadM105_DaysToHeading,Canal,17,40,Local vs PRISM,133.55674456751066,120.58552226944445,120.58552226944445
HeadM105_DaysToHeading,Canal,18,25,Local vs PRISM,108.18691600658867,102.63842766150793,102.63842766150793
HeadM105_DaysToHeading,Canal,18,26,Local vs PRISM,112.4818839630092,106.7098562329365,106.7098562329365
HeadM105_DaysToHeading,Canal,18,27,Local vs PRISM,116.77342435119647,110.77699909007937,110.77699909007937
HeadM105_DaysToHeading,Canal,18,28,Local vs PRISM,121.00924221798955,114.77699909007937,114.77699909007937
HeadM105_DaysToHeading,Canal,18,29,Local vs PRISM,125.22009154661701,118.76379199246033,118.76379199246033
HeadM105_DaysToHeading,Canal,18,30,Local vs PRISM,129.25449772364001,122.5852205638889,122.5852205638889
HeadM105_DaysToHeading,Canal,18,31,Local vs PRISM,132.80488026286378,125.93664913531747,125.93664913531747
HeadM105_DaysToHeading,Canal,18,32,Local vs PRISM,135.502274359755,128.4208554845238,128.4208554845238
HeadM105_DaysToHeading,Canal,18,33,Local vs PRISM,137.22735911153129,129.80504428492065,129.80504428492065
HeadM105_DaysToHeading,Canal,18,34,Local vs PRISM,137.81807352323844,129.85866936031746,129.85866936031746
HeadM105_DaysToHeading,Canal,18,35,Local vs PRISM,136.8007634555452,128.19358447579367,128.19358447579367
HeadM105_DaysToHeading,Canal,18,36,Local vs PRISM,134.6164751623432,125.49688637460318,125.49688637460318
HeadM105_DaysToHeading,Canal,18,37,Local vs PRISM,132.37153005737662,123.01054719880953,123.01054719880953
HeadM105_DaysToHeading,Canal,18,38,Local vs PRISM,130.32866761312644,120.85871914007936,120.85871914007936
HeadM105_DaysToHeading,Canal,18,39,Local vs PRISM,128.99353572949695,119.54657290595239,119.54657290595239
HeadM105_DaysToHeading,Canal,18,40,Local vs PRISM,128.14355235599643,118.66762812420636,118.66762812420636
HeadM105_DaysToHeading,Canal,19,25,Local vs PRISM,82.41577142959403,76.13468542857143,76.13468542857143
HeadM105_DaysToHeading,Canal,19,26,Local vs PRISM,85.5926750035519,79.06325685714285,79.06325685714285
HeadM105_DaysToHeading,Canal,19,27,Local vs PRISM,88.76974109406041,81.99182828571428,81.99182828571428
HeadM105_DaysToHeading,Canal,19,28,Local vs PRISM,91.94695285469585,84.92039971428571,84.92039971428571
HeadM105_DaysToHeading,Canal,19,29,Local vs PRISM,95.12429568903566,87.84897114285714,87.84897114285714
HeadM105_DaysToHeading,Canal,19,30,Local vs PRISM,98.2499717550127,90.7253997142857,90.7253997142857
HeadM105_DaysToHeading,Canal,19,31,Local vs PRISM,101.19842078266703,93.41083622222222,93.41083622222222
HeadM105_DaysToHeading,Canal,19,32,Local vs PRISM,103.99918204080983,95.87416955555554,95.87416955555554
HeadM105_DaysToHeading,Canal,19,33,Local vs PRISM,106.10181469659956,97.62006624801587,97.62006624801587
HeadM105_DaysToHeading,Canal,19,34,Local vs PRISM,107.38775545256784,98.5409084484127,98.5409084484127
HeadM105_DaysToHeading,Canal,19,35,Local vs PRISM,107.26313062851068,98.0450187531746,98.0450187531746
HeadM105_DaysToHeading,Canal,19,36,Local vs PRISM,105.94555317926553,96.40994916785714,96.40994916785714
HeadM105_DaysToHeading,Canal,19,37,Local vs PRISM,104.31184662698283,94.48110564444445,94.48110564444445
HeadM105_DaysToHeading,Canal,19,38,Local vs PRISM,102.62841807479991,92.67485512142859,92.67485512142859
HeadM105_DaysToHeading,Canal,19,39,Local vs PRISM,101.6602884011657,91.64350006984128,91.64350006984128
HeadM105_DaysToHeading,Canal,19,40,Local vs PRISM,100.9729628505943,90.88726946666667,90.88726946666667
HeadM105_DaysToHeading,Canal,20,25,Local vs PRISM,67.58938962517932,58.80565320595238,58.80565320595238
HeadM105_DaysToHeading,Canal,20,26,Local vs PRISM,70.13133116997672,61.01993892023809,61.01993892023809
HeadM105_DaysToHeading,Canal,20,27,Local vs PRISM,72.67331150339972,63.234224634523805,63.234224634523805
HeadM105_DaysToHeading,Canal,20,28,Local vs PRISM,75.21532669274238,65.44851034880952,65.44851034880952
HeadM105_DaysToHeading,Canal,20,29,Local vs PRISM,77.7573733195144,67.66279606309524,67.66279606309524
HeadM105_DaysToHeading,Canal,20,30,Local vs PRISM,80.28799508456997,69.86208177738095,69.86208177738095
HeadM105_DaysToHeading,Canal,20,31,Local vs PRISM,82.77573412900405,72.00493892023809,72.00493892023809
HeadM105_DaysToHeading,Canal,20,32,Local vs PRISM,85.25940662440847,74.14200241230158,74.14200241230158
HeadM105_DaysToHeading,Canal,20,33,Local vs PRISM,87.54385912610537,76.08474050753968,76.08474050753968
HeadM105_DaysToHeading,Canal,20,34,Local vs PRISM,89.13046556886827,77.3860500313492,77.3860500313492
HeadM105_DaysToHeading,Canal,20,35,Local vs PRISM,89.8413311746283,77.82721585238096,77.82721585238096
HeadM105_DaysToHeading,Canal,20,36,Local vs PRISM,89.55978907869178,77.25697775714286,77.25697775714286
HeadM105_DaysToHeading,Canal,20,37,Local vs PRISM,88.69021394256019,76.18191449642858,76.18191449642858
HeadM105_DaysToHeading,Canal,20,38,Local vs PRISM,87.57248614231978,74.9082344829365,74.9082344829365
HeadM105_DaysToHeading,Canal,20,39,Local vs PRISM,86.92463416436422,74.03886410198413,74.03886410198413
HeadM105_DaysToHeading,Canal,20,40,Local vs PRISM,86.51843051825769,73.35600414563491,73.35600414563491
HeadM105_DaysToHeading,DelRio,10,25,Local vs PRISM,181.02798219030493,-154.81449632777776,154.81449632777776
HeadM105_DaysToHeading,DelRio,10,26,Local vs PRISM,190.0034100373115,-163.48359990902776,163.48359990902776
HeadM105_DaysToHeading,DelRio,10,27,Local vs PRISM,198.20052712075795,-172.18701963541665,172.18701963541665
HeadM105_DaysToHeading,DelRio,10,28,Local vs PRISM,205.714019394928,-180.65120436249998,180.65120436249998
HeadM105_DaysToHeading,DelRio,10,29,Local vs PRISM,212.94712927507567,-188.8262308277778,188.8262308277778
HeadM105_DaysToHeading,DelRio,10,30,Local vs PRISM,219.82284499804467,-197.0875768138889,197.0875768138889
HeadM105_DaysToHeading,DelRio,10,31,Local vs PRISM,225.96362393314678,-204.94230237638885,204.94230237638885
HeadM105_DaysToHeading,DelRio,10,32,Local vs PRISM,231.90204126996815,-212.29725560208334,212.29725560208334
HeadM105_DaysToHeading,DelRio,10,33,Local vs PRISM,236.5393520445247,-218.22723745208333,218.22723745208333
HeadM105_DaysToHeading,DelRio,10,34,Local vs PRISM,239.2509660218218,-222.2093954347222,222.2093954347222
HeadM105_DaysToHeading,DelRio,10,35,Local vs PRISM,241.6977737033148,-226.0332436006945,226.0332436006945
HeadM105_DaysToHeading,DelRio,10,36,Local vs PRISM,243.33071344092758,-228.92634843888888,228.92634843888888
HeadM105_DaysToHeading,DelRio,10,37,Local vs PRISM,244.75824124212014,-231.18955090347225,231.18955090347225
HeadM105_DaysToHeading,DelRio,10,38,Local vs PRISM,245.75870282788037,-232.6066484194445,232.6066484194445
HeadM105_DaysToHeading,DelRio,10,39,Local vs PRISM,246.02421925195557,-233.00638075972222,233.00638075972222
HeadM105_DaysToHeading,DelRio,10,40,Local vs PRISM,246.0496348903989,-233.0408992736111,233.0408992736111
HeadM105_DaysToHeading,DelRio,11,25,Local vs PRISM,196.59676918645113,-141.41185992361108,173.05830385138887
HeadM105_DaysToHeading,DelRio,11,26,Local vs PRISM,206.36088714438182,-149.61719179027781,180.88002449305557
HeadM105_DaysToHeading,DelRio,11,27,Local vs PRISM,215.56576483073508,-158.7691466138889,187.65906253611115
HeadM105_DaysToHeading,DelRio,11,28,Local vs PRISM,224.08409768306524,-167.96791079583335,193.56160463333333
HeadM105_DaysToHeading,DelRio,11,29,Local vs PRISM,232.16705062363818,-176.83768757013888,199.10782583958337
HeadM105_DaysToHeading,DelRio,11,30,Local vs PRISM,239.85228837457075,-186.25938364097226,204.02027176597227
HeadM105_DaysToHeading,DelRio,11,31,Local vs PRISM,247.07146319852518,-195.70845532916664,208.01498283055557
HeadM105_DaysToHeading,DelRio,11,32,Local vs PRISM,254.03696647238493,-204.86201966597224,211.83518614791666
HeadM105_DaysToHeading,DelRio,11,33,Local vs PRISM,259.2911578657847,-212.1728334993056,214.4374172451389
HeadM105_DaysToHeading,DelRio,11,34,Local vs PRISM,262.44020154300017,-217.2938803708333,217.2938803708333
HeadM105_DaysToHeading,DelRio,11,35,Local vs PRISM,264.95346493524045,-222.0274507590278,222.0274507590278
HeadM105_DaysToHeading,DelRio,11,36,Local vs PRISM,266.38233001616135,-225.48305559722226,225.48305559722226
HeadM105_DaysToHeading,DelRio,11,37,Local vs PRISM,267.34107669255417,-227.88514695069443,227.88514695069443
HeadM105_DaysToHeading,DelRio,11,38,Local vs PRISM,268.0853206055136,-229.42724446666668,229.42724446666668
HeadM105_DaysToHeading,DelRio,11,39,Local vs PRISM,268.33080638478975,-229.9519768069444,229.9519768069444
HeadM105_DaysToHeading,DelRio,11,40,Local vs PRISM,268.3941450187965,-230.07677309861114,230.07677309861114
HeadM105_DaysToHeading,DelRio,12,25,Local vs PRISM,183.4563927571291,-138.5826735881944,161.42311696875
HeadM105_DaysToHeading,DelRio,12,26,Local vs PRISM,193.13221896646937,-147.10146802708334,168.83580018263888
HeadM105_DaysToHeading,DelRio,12,27,Local vs PRISM,202.36481559897928,-156.28697434861112,175.24494518749998
HeadM105_DaysToHeading,DelRio,12,28,Local vs PRISM,211.13398093983426,-165.78114170694448,180.86208481388888
HeadM105_DaysToHeading,DelRio,12,29,Local vs PRISM,219.7308217942747,-175.2096312020833,186.38376869513888
HeadM105_DaysToHeading,DelRio,12,30,Local vs PRISM,228.26152947241238,-185.28432620138886,191.4362134236111
HeadM105_DaysToHeading,DelRio,12,31,Local vs PRISM,236.762571733407,-195.8382731104167,195.8382731104167
HeadM105_DaysToHeading,DelRio,12,32,Local vs PRISM,244.81001490078805,-206.0229682493055,206.0229682493055
HeadM105_DaysToHeading,DelRio,12,33,Local vs PRISM,251.68496696048263,-214.80614357500002,214.80614357500002
HeadM105_DaysToHeading,DelRio,12,34,Local vs PRISM,256.10515252790475,-221.0744852326389,221.0744852326389
HeadM105_DaysToHeading,DelRio,12,35,Local vs PRISM,259.69463215335225,-226.9676043277778,226.9676043277778
HeadM105_DaysToHeading,DelRio,12,36,Local vs PRISM,262.0404613668872,-231.30661194375006,231.30661194375006
HeadM105_DaysToHeading,DelRio,12,37,Local vs PRISM,263.58093184659424,-234.14717551944443,234.14717551944443
HeadM105_DaysToHeading,DelRio,12,38,Local vs PRISM,264.5232716016588,-235.8628841465278,235.8628841465278
HeadM105_DaysToHeading,DelRio,12,39,Local vs PRISM,264.8178368293424,-236.3985192645833,236.3985192645833
HeadM105_DaysToHeading,DelRio,12,40,Local vs PRISM,264.8890113093409,-236.52331555625,236.52331555625
HeadM105_DaysToHeading,DelRio,13,25,Local vs PRISM,182.61262529516412,-120.33385159583332,174.57187844444442
HeadM105_DaysToHeading,DelRio,13,26,Local vs PRISM,191.60005939408808,-127.26367533194443,182.7461465111111
HeadM105_DaysToHeading,DelRio,13,27,Local vs PRISM,199.963853855307,-134.80564433263888,190.01672662291665
HeadM105_DaysToHeading,DelRio,13,28,Local vs PRISM,207.80984908262653,-142.75778832361112,196.59184288194444
HeadM105_DaysToHeading,DelRio,13,29,Local vs PRISM,215.85512143338224,-151.18852131180554,203.27527037847224
HeadM105_DaysToHeading,DelRio,13,30,Local vs PRISM,223.66034692212506,-160.42308030347226,209.27357937013892
HeadM105_DaysToHeading,DelRio,13,31,Local vs PRISM,231.43414667632598,-170.61410597638888,214.70968844444445
HeadM105_DaysToHeading,DelRio,13,32,Local vs PRISM,239.24222928200192,-180.96535275833332,219.9861575180555
HeadM105_DaysToHeading,DelRio,13,33,Local vs PRISM,246.07104321569673,-190.12063882291667,224.2705826020833
HeadM105_DaysToHeading,DelRio,13,34,Local vs PRISM,250.57089069716685,-196.88970951388887,226.4708479958333
HeadM105_DaysToHeading,DelRio,13,35,Local vs PRISM,253.79399683083685,-202.91070393750002,227.32406551944447
HeadM105_DaysToHeading,DelRio,13,36,Local vs PRISM,255.7438868814585,-207.37154519583336,227.1915179569444
HeadM105_DaysToHeading,DelRio,13,37,Local vs PRISM,257.00747184415115,-210.3289145368056,226.97191371736113
HeadM105_DaysToHeading,DelRio,13,38,Local vs PRISM,257.8147692055417,-212.1404855527778,226.77998474722224
HeadM105_DaysToHeading,DelRio,13,39,Local vs PRISM,258.1522321102729,-212.77334289305554,226.72909254583334
HeadM105_DaysToHeading,DelRio,13,40,Local vs PRISM,258.24956063844695,-212.89813918472223,226.8453887402778
HeadM105_DaysToHeading,DelRio,14,25,Local vs PRISM,155.4469753656292,-80.02427174375,152.65107733819445
HeadM105_DaysToHeading,DelRio,14,26,Local vs PRISM,162.73361720287826,-83.9777398298611,159.77023986875
HeadM105_DaysToHeading,DelRio,14,27,Local vs PRISM,169.96358903133867,-88.04867577916667,166.82020359583333
HeadM105_DaysToHeading,DelRio,14,28,Local vs PRISM,177.0065181395601,-92.2164881263889,173.73801594305556
HeadM105_DaysToHeading,DelRio,14,29,Local vs PRISM,184.1632699681602,-96.82495477708335,180.71676037152778
HeadM105_DaysToHeading,DelRio,14,30,Local vs PRISM,191.04929596620946,-102.08455592708333,187.48511152152778
HeadM105_DaysToHeading,DelRio,14,31,Local vs PRISM,198.0176419373566,-108.23521368888888,194.19382483888887
HeadM105_DaysToHeading,DelRio,14,32,Local vs PRISM,204.64767447152016,-114.51464565625002,200.58672902847223
HeadM105_DaysToHeading,DelRio,14,33,Local vs PRISM,210.48742753025013,-120.47613855486111,206.13322272847222
HeadM105_DaysToHeading,DelRio,14,34,Local vs PRISM,214.6256572318123,-125.46042900833334,209.93945781666667
HeadM105_DaysToHeading,DelRio,14,35,Local vs PRISM,217.68195487374808,-130.42450650625,212.52675782708334
HeadM105_DaysToHeading,DelRio,14,36,Local vs PRISM,219.8639962304731,-134.87671478680556,214.11657723402777
HeadM105_DaysToHeading,DelRio,14,37,Local vs PRISM,221.38019307376584,-138.46133336875002,215.06797299791668
HeadM105_DaysToHeading,DelRio,14,38,Local vs PRISM,222.18317095902913,-140.89470830416667,215.49784794722223
HeadM105_DaysToHeading,DelRio,14,39,Local vs PRISM,222.53299179474186,-141.8192323111111,215.7386224125
HeadM105_DaysToHeading,DelRio,14,40,Local vs PRISM,222.72438408606908,-142.0690286027778,215.97991860694447
HeadM105_DaysToHeading,DelRio,15,25,Local vs PRISM,109.46450136256328,-45.74038979583334,108.9396125013889
HeadM105_DaysToHeading,DelRio,15,26,Local vs PRISM,114.2540834003152,-47.7439273263889,113.70315003194446
HeadM105_DaysToHeading,DelRio,15,27,Local vs PRISM,119.03053584974501,-49.7439273263889,118.45315003194446
HeadM105_DaysToHeading,DelRio,15,28,Local vs PRISM,123.92243375221561,-51.87007300694445,123.32929571250001
HeadM105_DaysToHeading,DelRio,15,29,Local vs PRISM,128.78761968441887,-54.25853965763889,128.20859569652777
HeadM105_DaysToHeading,DelRio,15,30,Local vs PRISM,133.44584859383127,-56.93994636319445,132.91625240208333
HeadM105_DaysToHeading,DelRio,15,31,Local vs PRISM,138.1169299762561,-60.20811274930557,137.68816878819445
HeadM105_DaysToHeading,DelRio,15,32,Local vs PRISM,142.6726196175243,-63.757570684027776,142.3510989451389
HeadM105_DaysToHeading,DelRio,15,33,Local vs PRISM,146.91370236404916,-67.39756060416667,146.69608886527777
HeadM105_DaysToHeading,DelRio,15,34,Local vs PRISM,150.40879462325248,-70.88878641458334,150.2739813423611
HeadM105_DaysToHeading,DelRio,15,35,Local vs PRISM,153.53460343488717,-74.71102586180555,153.4622766048611
HeadM105_DaysToHeading,DelRio,15,36,Local vs PRISM,155.9476484067703,-78.28637209236112,155.89748394652776
HeadM105_DaysToHeading,DelRio,15,37,Local vs PRISM,158.1068771202818,-81.67046765625003,158.03157951041666
HeadM105_DaysToHeading,DelRio,15,38,Local vs PRISM,159.5905700713349,-84.20325900625001,159.4453713784722
HeadM105_DaysToHeading,DelRio,15,39,Local vs PRISM,160.41926014034894,-85.33928300625,160.22464585069446
HeadM105_DaysToHeading,DelRio,15,40,Local vs PRISM,160.87098477960532,-85.77927369375001,160.66463653819446
HeadM105_DaysToHeading,DelRio,16,25,Local vs PRISM,62.961003509445945,-35.40057050694445,62.57434870694445
HeadM105_DaysToHeading,DelRio,16,26,Local vs PRISM,65.61778859755894,-37.02057050694445,65.20434870694444
HeadM105_DaysToHeading,DelRio,16,27,Local vs PRISM,68.27065125211132,-38.64557050694445,67.82934870694444
HeadM105_DaysToHeading,DelRio,16,28,Local vs PRISM,70.92386385653901,-40.27057050694445,70.45434870694444
HeadM105_DaysToHeading,DelRio,16,29,Local vs PRISM,73.74201896107995,-42.04140384027778,73.22518204027779
HeadM105_DaysToHeading,DelRio,16,30,Local vs PRISM,76.57565803944557,-43.86392165694445,76.01394985694445
HeadM105_DaysToHeading,DelRio,16,31,Local vs PRISM,79.41464861431245,-46.000866101388894,78.79367207916667
HeadM105_DaysToHeading,DelRio,16,32,Local vs PRISM,82.14216136547277,-48.16520349791668,81.45800947569445
HeadM105_DaysToHeading,DelRio,16,33,Local vs PRISM,84.81417574724533,-50.31270349791667,84.06050947569446
HeadM105_DaysToHeading,DelRio,16,34,Local vs PRISM,87.31880197303269,-52.77034238680557,86.42231503125001
HeadM105_DaysToHeading,DelRio,16,35,Local vs PRISM,89.8407424064791,-55.57114472361111,88.72311736805555
HeadM105_DaysToHeading,DelRio,16,36,Local vs PRISM,92.02102205861594,-58.39035398333334,90.5934377388889
HeadM105_DaysToHeading,DelRio,16,37,Local vs PRISM,94.04716922153281,-61.08130443055556,92.28438818611112
HeadM105_DaysToHeading,DelRio,16,38,Local vs PRISM,95.54209334307801,-63.15025911388889,93.4843433875
HeadM105_DaysToHeading,DelRio,16,39,Local vs PRISM,96.4828419452261,-64.26690826666666,94.28299270694444
HeadM105_DaysToHeading,DelRio,16,40,Local vs PRISM,96.95539890333139,-64.72056176666666,94.73664620694444
HeadM105_DaysToHeading,DelRio,17,25,Local vs PRISM,63.574434860803,-43.19247388819444,60.09872388819444
HeadM105_DaysToHeading,DelRio,17,26,Local vs PRISM,66.34703659666626,-45.06747388819444,62.72372388819444
HeadM105_DaysToHeading,DelRio,17,27,Local vs PRISM,69.11964093112942,-46.94247388819444,65.34872388819444
HeadM105_DaysToHeading,DelRio,17,28,Local vs PRISM,71.8922475635388,-48.81747388819444,67.97372388819444
HeadM105_DaysToHeading,DelRio,17,29,Local vs PRISM,74.66485623789842,-50.69247388819444,70.59872388819444
HeadM105_DaysToHeading,DelRio,17,30,Local vs PRISM,77.38766929704728,-52.533011197916665,73.18926119791666
HeadM105_DaysToHeading,DelRio,17,31,Local vs PRISM,79.97991148867817,-54.283011197916665,75.68926119791666
HeadM105_DaysToHeading,DelRio,17,32,Local vs PRISM,82.57252039416281,-56.033011197916665,78.18926119791666
HeadM105_DaysToHeading,DelRio,17,33,Local vs PRISM,85.1654625229739,-57.783011197916665,80.68926119791666
HeadM105_DaysToHeading,DelRio,17,34,Local vs PRISM,87.75811486182583,-59.654747309027776,83.13696953125
HeadM105_DaysToHeading,DelRio,17,35,Local vs PRISM,90.36562134671478,-61.80255967569444,85.53478189791666
HeadM105_DaysToHeading,DelRio,17,36,Local vs PRISM,92.7300891294923,-63.91211923888889,87.66989701666667
HeadM105_DaysToHeading,DelRio,17,37,Local vs PRISM,94.59135132429009,-65.65746864652778,89.41524642430556
HeadM105_DaysToHeading,DelRio,17,38,Local vs PRISM,95.7550571195374,-66.83825573333334,90.5960335111111
HeadM105_DaysToHeading,DelRio,17,39,Local vs PRISM,96.58409621200566,-67.71586785138888,91.47364562916667
HeadM105_DaysToHeading,DelRio,17,40,Local vs PRISM,97.09366921569192,-68.25285468472222,92.0106324625
HeadM105_DaysToHeading,DelRio,18,25,Local vs PRISM,31.55648011535895,-26.35056185694445,26.35056185694445
HeadM105_DaysToHeading,DelRio,18,26,Local vs PRISM,32.902762194988036,-27.47556185694445,27.47556185694445
HeadM105_DaysToHeading,DelRio,18,27,Local vs PRISM,34.24904499177784,-28.60056185694445,28.60056185694445
HeadM105_DaysToHeading,DelRio,18,28,Local vs PRISM,35.59532842435523,-29.72556185694445,29.72556185694445
HeadM105_DaysToHeading,DelRio,18,29,Local vs PRISM,36.94161242320915,-30.85056185694445,30.85056185694445
HeadM105_DaysToHeading,DelRio,18,30,Local vs PRISM,38.28789692860512,-31.97556185694445,31.97556185694445
HeadM105_DaysToHeading,DelRio,18,31,Local vs PRISM,39.63418188892485,-33.100561856944445,33.100561856944445
HeadM105_DaysToHeading,DelRio,18,32,Local vs PRISM,40.98046725933304,-34.225561856944445,34.225561856944445
HeadM105_DaysToHeading,DelRio,18,33,Local vs PRISM,42.3267530006987,-35.350561856944445,35.350561856944445
HeadM105_DaysToHeading,DelRio,18,34,Local vs PRISM,43.67303907871589,-36.47556185694445,36.47556185694445
HeadM105_DaysToHeading,DelRio,18,35,Local vs PRISM,44.86737059943403,-37.498374223611115,37.498374223611115
HeadM105_DaysToHeading,DelRio,18,36,Local vs PRISM,45.91746231140489,-38.42338681180556,38.42338681180556
HeadM105_DaysToHeading,DelRio,18,37,Local vs PRISM,46.60122374682535,-39.09727406458334,39.09727406458334
HeadM105_DaysToHeading,DelRio,18,38,Local vs PRISM,47.22201212080856,-39.72227406458334,39.72227406458334
HeadM105_DaysToHeading,DelRio,18,39,Local vs PRISM,47.842893739659296,-40.33972382847223,40.33972382847223
HeadM105_DaysToHeading,DelRio,18,40,Local vs PRISM,48.227267557607256,-40.74089837708334,40.74089837708334
HeadM105_DaysToHeading,DelRio,19,25,Local vs PRISM,0,0,0
HeadM105_DaysToHeading,DelRio,19,26,Local vs PRISM,0,0,0
HeadM105_DaysToHeading,DelRio,19,27,Local vs PRISM,0,0,0
HeadM105_DaysToHeading,DelRio,19,28,Local vs PRISM,0,0,0
HeadM105_DaysToHeading,DelRio,19,29,Local vs PRISM,0,0,0
HeadM105_DaysToHeading,DelRio,19,30,Local vs PRISM,0,0,0
HeadM105_DaysToHeading,DelRio,19,31,Local vs PRISM,0,0,0
HeadM105_DaysToHeading,DelRio,19,32,Local vs PRISM,0,0,0
HeadM105_DaysToHeading,DelRio,19,33,Local vs PRISM,0,0,0
HeadM105_DaysToHeading,DelRio,19,34,Local vs PRISM,0,0,0
HeadM105_DaysToHeading,DelRio,19,35,Local vs PRISM,0,0,0
HeadM105_DaysToHeading,DelRio,19,36,Local vs PRISM,0,0,0
HeadM105_DaysToHeading,DelRio,19,37,Local vs PRISM,0,0,0
HeadM105_DaysToHeading,DelRio,19,38,Local vs PRISM,0,0,0
HeadM105_DaysToHeading,DelRio,19,39,Local vs PRISM,0,0,0
HeadM105_DaysToHeading,DelRio,19,40,Local vs PRISM,0,0,0
HeadM105_DaysToHeading,DelRio,20,25,Local vs PRISM,0,0,0
HeadM105_DaysToHeading,DelRio,20,26,Local vs PRISM,0,0,0
HeadM105_DaysToHeading,DelRio,20,27,Local vs PRISM,0,0,0
HeadM105_DaysToHeading,DelRio,20,28,Local vs PRISM,0,0,0
HeadM105_DaysToHeading,DelRio,20,29,Local vs PRISM,0,0,0
HeadM105_DaysToHeading,DelRio,20,30,Local vs PRISM,0,0,0
HeadM105_DaysToHeading,DelRio,20,31,Local vs PRISM,0,0,0
HeadM105_DaysToHeading,DelRio,20,32,Local vs PRISM,0,0,0
HeadM105_DaysToHeading,DelRio,20,33,Local vs PRISM,0,0,0
HeadM105_DaysToHeading,DelRio,20,34,Local vs PRISM,0,0,0
HeadM105_DaysToHeading,DelRio,20,35,Local vs PRISM,0,0,0
HeadM105_DaysToHeading,DelRio,20,36,Local vs PRISM,0,0,0
HeadM105_DaysToHeading,DelRio,20,37,Local vs PRISM,0,0,0
HeadM105_DaysToHeading,DelRio,20,38,Local vs PRISM,0,0,0
HeadM105_DaysToHeading,DelRio,20,39,Local vs PRISM,0,0,0
HeadM105_DaysToHeading,DelRio,20,40,Local vs PRISM,0,0,0
HeadM105_DaysToHeading,ErdmanGallagher,10,25,Local vs PRISM,53.79333755170702,46.04784827743056,46.04784827743056
HeadM105_DaysToHeading,ErdmanGallagher,10,26,Local vs PRISM,54.904867409904305,46.628325105902775,46.628325105902775
HeadM105_DaysToHeading,ErdmanGallagher,10,27,Local vs PRISM,56.360202817621776,47.38783246319446,47.38783246319446
HeadM105_DaysToHeading,ErdmanGallagher,10,28,Local vs PRISM,57.19398791587708,47.659432049305565,47.659432049305565
HeadM105_DaysToHeading,ErdmanGallagher,10,29,Local vs PRISM,56.77990526000117,46.36091908784718,47.130016554513844
HeadM105_DaysToHeading,ErdmanGallagher,10,30,Local vs PRISM,55.553224895429025,43.91685489270833,46.602327444791655
HeadM105_DaysToHeading,ErdmanGallagher,10,31,Local vs PRISM,54.39925691460516,41.15899837951392,45.95922093576391
HeadM105_DaysToHeading,ErdmanGallagher,10,32,Local vs PRISM,52.09024364721596,36.37850547777778,43.69096403194443
HeadM105_DaysToHeading,ErdmanGallagher,10,33,Local vs PRISM,49.95831304814774,29.486770680208295,39.22445091493053
HeadM105_DaysToHeading,ErdmanGallagher,10,34,Local vs PRISM,48.09790665128104,21.098785515972153,36.33114623055552
HeadM105_DaysToHeading,ErdmanGallagher,10,35,Local vs PRISM,48.79189990025692,12.699541258333312,38.707429654166646
HeadM105_DaysToHeading,ErdmanGallagher,10,36,Local vs PRISM,50.695873854866434,4.787560511805552,43.93171439305557
HeadM105_DaysToHeading,ErdmanGallagher,10,37,Local vs PRISM,52.58215582396085,-1.6030003652777225,47.225236970833265
HeadM105_DaysToHeading,ErdmanGallagher,10,38,Local vs PRISM,54.071453506364165,-6.012583660416681,49.2247785875
HeadM105_DaysToHeading,ErdmanGallagher,10,39,Local vs PRISM,54.93241820972017,-8.706403653472194,50.2510957819444
HeadM105_DaysToHeading,ErdmanGallagher,10,40,Local vs PRISM,55.16804584633524,-10.028485347916643,50.551139233333316
HeadM105_DaysToHeading,ErdmanGallagher,11,25,Local vs PRISM,77.97966151588516,63.127537760763886,63.127537760763886
HeadM105_DaysToHeading,ErdmanGallagher,11,26,Local vs PRISM,80.38766884828686,64.48354016180554,64.48354016180554
HeadM105_DaysToHeading,ErdmanGallagher,11,27,Local vs PRISM,82.97023799327587,65.84775984826389,65.84775984826389
HeadM105_DaysToHeading,ErdmanGallagher,11,28,Local vs PRISM,84.8153391730156,66.66735799548613,66.66735799548613
HeadM105_DaysToHeading,ErdmanGallagher,11,29,Local vs PRISM,85.16795614961278,65.80450262152779,66.86575273680556
HeadM105_DaysToHeading,ErdmanGallagher,11,30,Local vs PRISM,84.36740506595844,63.63268216458333,66.61030736527776
HeadM105_DaysToHeading,ErdmanGallagher,11,31,Local vs PRISM,83.2474608153191,60.967263037847204,66.0596382427083
HeadM105_DaysToHeading,ErdmanGallagher,11,32,Local vs PRISM,80.56859830434371,56.220545107986126,63.825156310763916
HeadM105_DaysToHeading,ErdmanGallagher,11,33,Local vs PRISM,77.2126485024106,49.281141614930576,59.310974498263946
HeadM105_DaysToHeading,ErdmanGallagher,11,34,Local vs PRISM,73.68243080089032,40.83065645069446,53.70103064652774
HeadM105_DaysToHeading,ErdmanGallagher,11,35,Local vs PRISM,71.77181128054609,32.370856637499955,50.334397514583245
HeadM105_DaysToHeading,ErdmanGallagher,11,36,Local vs PRISM,70.76836818617367,24.458875890972195,49.0646004423611
HeadM105_DaysToHeading,ErdmanGallagher,11,37,Local vs PRISM,70.11157706332821,18.068315013888892,51.364441791666664
HeadM105_DaysToHeading,ErdmanGallagher,11,38,Local vs PRISM,69.85943385340249,13.658731718750005,53.3639834083333
HeadM105_DaysToHeading,ErdmanGallagher,11,39,Local vs PRISM,69.70289881570052,10.964911725694392,54.39030060277777
HeadM105_DaysToHeading,ErdmanGallagher,11,40,Local vs PRISM,69.34756948246881,9.642830031249986,54.69034405416667
HeadM105_DaysToHeading,ErdmanGallagher,12,25,Local vs PRISM,124.81039639930343,91.70823858333334,94.17957216319444
HeadM105_DaysToHeading,ErdmanGallagher,12,26,Local vs PRISM,129.97003546848052,94.63299771493054,97.57742843715276
HeadM105_DaysToHeading,ErdmanGallagher,12,27,Local vs PRISM,134.69770625886693,97.25466101076391,100.69220283298613
HeadM105_DaysToHeading,ErdmanGallagher,12,28,Local vs PRISM,138.58648586752477,99.33084653472218,103.29212458055551
HeadM105_DaysToHeading,ErdmanGallagher,12,29,Local vs PRISM,140.89178136544274,99.70617845937498,104.93358144965278
HeadM105_DaysToHeading,ErdmanGallagher,12,30,Local vs PRISM,141.34540862596197,98.25219515069443,105.3638482298611
HeadM105_DaysToHeading,ErdmanGallagher,12,31,Local vs PRISM,141.17861828591373,96.11245072500003,105.33885380833334
HeadM105_DaysToHeading,ErdmanGallagher,12,32,Local vs PRISM,139.16005567963586,91.64405699097225,103.38269607222225
HeadM105_DaysToHeading,ErdmanGallagher,12,33,Local vs PRISM,136.1668062341979,84.97917169444447,99.14303245625
HeadM105_DaysToHeading,ErdmanGallagher,12,34,Local vs PRISM,132.4284057285232,76.61091757499999,93.96983349930555
HeadM105_DaysToHeading,ErdmanGallagher,12,35,Local vs PRISM,129.46528371824348,68.06778641527775,90.5198690208333
HeadM105_DaysToHeading,ErdmanGallagher,12,36,Local vs PRISM,127.03097373124785,60.08531955763891,88.18901633541665
HeadM105_DaysToHeading,ErdmanGallagher,12,37,Local vs PRISM,125.05323128752339,53.68877735937501,87.5408081947917
HeadM105_DaysToHeading,ErdmanGallagher,12,38,Local vs PRISM,123.78461264259472,49.27919406423614,87.5601832378472
HeadM105_DaysToHeading,ErdmanGallagher,12,39,Local vs PRISM,123.00816001632427,46.58537407118054,87.76348701562499
HeadM105_DaysToHeading,ErdmanGallagher,12,40,Local vs PRISM,122.36851104239514,45.2632923767361,87.83440544618051
HeadM105_DaysToHeading,ErdmanGallagher,13,25,Local vs PRISM,129.1502288112026,110.66664810937499,110.66664810937499
HeadM105_DaysToHeading,ErdmanGallagher,13,26,Local vs PRISM,134.4314704750881,114.828338403125,114.828338403125
HeadM105_DaysToHeading,ErdmanGallagher,13,27,Local vs PRISM,139.4607210708551,118.80874888958334,118.80874888958334
HeadM105_DaysToHeading,ErdmanGallagher,13,28,Local vs PRISM,144.06882645138845,122.33470025659722,122.33470025659722
HeadM105_DaysToHeading,ErdmanGallagher,13,29,Local vs PRISM,147.36515320272306,124.28834593298613,124.28834593298613
HeadM105_DaysToHeading,ErdmanGallagher,13,30,Local vs PRISM,148.77509194367852,124.33828115312498,124.33828115312498
HeadM105_DaysToHeading,ErdmanGallagher,13,31,Local vs PRISM,149.04020499152688,123.16069060243055,123.82049674756945
HeadM105_DaysToHeading,ErdmanGallagher,13,32,Local vs PRISM,147.11089066205682,119.46927502638889,122.51631716944442
HeadM105_DaysToHeading,ErdmanGallagher,13,33,Local vs PRISM,142.96599104254224,112.9844021368056,118.45713830486115
HeadM105_DaysToHeading,ErdmanGallagher,13,34,Local vs PRISM,137.5557395992657,104.74146586979168,112.34979925590278
HeadM105_DaysToHeading,ErdmanGallagher,13,35,Local vs PRISM,132.49153850597497,96.25272845937499,106.418381121875
HeadM105_DaysToHeading,ErdmanGallagher,13,36,Local vs PRISM,128.0279709881636,88.2726436586806,101.1932134920139
HeadM105_DaysToHeading,ErdmanGallagher,13,37,Local vs PRISM,124.58616993595777,81.9007195159722,97.42560937708329
HeadM105_DaysToHeading,ErdmanGallagher,13,38,Local vs PRISM,122.3218197367964,77.50284877187501,94.94623905312498
HeadM105_DaysToHeading,ErdmanGallagher,13,39,Local vs PRISM,120.97064620028208,74.80902877881945,93.42816835868055
HeadM105_DaysToHeading,ErdmanGallagher,13,40,Local vs PRISM,120.10421840251907,73.48694708437502,92.50971215034723
HeadM105_DaysToHeading,ErdmanGallagher,14,25,Local vs PRISM,153.52291024412952,126.09929433680554,126.09929433680554
HeadM105_DaysToHeading,ErdmanGallagher,14,26,Local vs PRISM,159.99553502323377,131.09264161354167,131.09264161354167
HeadM105_DaysToHeading,ErdmanGallagher,14,27,Local vs PRISM,166.21267247522792,135.88224654375,135.88224654375
HeadM105_DaysToHeading,ErdmanGallagher,14,28,Local vs PRISM,172.0047234878374,140.25960767395833,140.25960767395833
HeadM105_DaysToHeading,ErdmanGallagher,14,29,Local vs PRISM,177.16043330730906,143.77102434930555,143.77102434930555
HeadM105_DaysToHeading,ErdmanGallagher,14,30,Local vs PRISM,181.231995698164,146.19079952083337,146.2444945541667
HeadM105_DaysToHeading,ErdmanGallagher,14,31,Local vs PRISM,184.20104416062355,147.34330810694445,148.81637814027778
HeadM105_DaysToHeading,ErdmanGallagher,14,32,Local vs PRISM,184.63983982070658,145.79758688020834,149.11690674131944
HeadM105_DaysToHeading,ErdmanGallagher,14,33,Local vs PRISM,182.77706714482412,141.0594467340278,146.2413082013889
HeadM105_DaysToHeading,ErdmanGallagher,14,34,Local vs PRISM,179.32662714598627,134.11529815347222,141.25150674375
HeadM105_DaysToHeading,ErdmanGallagher,14,35,Local vs PRISM,175.50575112217533,126.43417768715281,136.03045556909726
HeadM105_DaysToHeading,ErdmanGallagher,14,36,Local vs PRISM,171.7607678075811,118.75055364340278,131.10174869618055
HeadM105_DaysToHeading,ErdmanGallagher,14,37,Local vs PRISM,168.47579575991702,112.48750923333333,127.44302431388888
HeadM105_DaysToHeading,ErdmanGallagher,14,38,Local vs PRISM,166.04340877228853,108.11758210069445,124.99159760138889
HeadM105_DaysToHeading,ErdmanGallagher,14,39,Local vs PRISM,164.44483518015292,105.42340082291668,123.47316562222224
HeadM105_DaysToHeading,ErdmanGallagher,14,40,Local vs PRISM,163.4043374368562,104.10131912847223,122.5547094138889
HeadM105_DaysToHeading,ErdmanGallagher,15,25,Local vs PRISM,139.4944659922711,121.40143878715277,121.40143878715277
HeadM105_DaysToHeading,ErdmanGallagher,15,26,Local vs PRISM,145.3166391206521,126.36429995277777,126.36429995277777
HeadM105_DaysToHeading,ErdmanGallagher,15,27,Local vs PRISM,151.05598728169653,131.24255138194442,131.24255138194442
HeadM105_DaysToHeading,ErdmanGallagher,15,28,Local vs PRISM,156.56815325549732,135.9576902708333,135.9576902708333
HeadM105_DaysToHeading,ErdmanGallagher,15,29,Local vs PRISM,161.6717703780642,140.20928749305557,140.20928749305557
HeadM105_DaysToHeading,ErdmanGallagher,15,30,Local vs PRISM,166.33595218173173,144.06897512673612,144.06897512673612
HeadM105_DaysToHeading,ErdmanGallagher,15,31,Local vs PRISM,170.36864187138673,147.15468415625003,147.15468415625003
HeadM105_DaysToHeading,ErdmanGallagher,15,32,Local vs PRISM,172.1907902838085,148.00457661979166,148.00457661979166
HeadM105_DaysToHeading,ErdmanGallagher,15,33,Local vs PRISM,172.1185729725535,146.07716502256946,146.07716502256946
HeadM105_DaysToHeading,ErdmanGallagher,15,34,Local vs PRISM,169.91121713314655,141.21612835729167,141.21612835729167
HeadM105_DaysToHeading,ErdmanGallagher,15,35,Local vs PRISM,166.37671374497728,134.5208536517361,134.5208536517361
HeadM105_DaysToHeading,ErdmanGallagher,15,36,Local vs PRISM,162.44922544860862,127.45830470416664,127.45830470416664
HeadM105_DaysToHeading,ErdmanGallagher,15,37,Local vs PRISM,158.83467644493584,121.485687390625,122.50920006354167
HeadM105_DaysToHeading,ErdmanGallagher,15,38,Local vs PRISM,156.05893839743908,117.1895291121528,119.44091701631947
HeadM105_DaysToHeading,ErdmanGallagher,15,39,Local vs PRISM,154.22754240704342,114.51972279618057,117.21011035312502
HeadM105_DaysToHeading,ErdmanGallagher,15,40,Local vs PRISM,153.21762163742076,113.19764110173614,116.03502849201394
HeadM105_DaysToHeading,ErdmanGallagher,16,25,Local vs PRISM,109.75350786008472,103.14356037638889,103.14356037638889
HeadM105_DaysToHeading,ErdmanGallagher,16,26,Local vs PRISM,114.27559735009227,107.39356037638889,107.39356037638889
HeadM105_DaysToHeading,ErdmanGallagher,16,27,Local vs PRISM,118.74036063409608,111.58182426527777,111.58182426527777
HeadM105_DaysToHeading,ErdmanGallagher,16,28,Local vs PRISM,123.15466393197488,115.71501870972222,115.71501870972222
HeadM105_DaysToHeading,ErdmanGallagher,16,29,Local vs PRISM,127.32199102787673,119.56078259861111,119.56078259861111
HeadM105_DaysToHeading,ErdmanGallagher,16,30,Local vs PRISM,131.23991232919596,123.22169582534721,123.22169582534721
HeadM105_DaysToHeading,ErdmanGallagher,16,31,Local vs PRISM,134.57659658125746,126.31773262395834,126.31773262395834
HeadM105_DaysToHeading,ErdmanGallagher,16,32,Local vs PRISM,136.89492964327061,128.35857652118054,128.35857652118054
HeadM105_DaysToHeading,ErdmanGallagher,16,33,Local vs PRISM,138.02092152368851,129.10041881423612,129.10041881423612
HeadM105_DaysToHeading,ErdmanGallagher,16,34,Local vs PRISM,137.14194151631267,127.74874322013889,127.74874322013889
HeadM105_DaysToHeading,ErdmanGallagher,16,35,Local vs PRISM,134.6050185591345,124.43270880902779,124.43270880902779
HeadM105_DaysToHeading,ErdmanGallagher,16,36,Local vs PRISM,130.91126319009564,119.70363740069443,119.70363740069443
HeadM105_DaysToHeading,ErdmanGallagher,16,37,Local vs PRISM,127.42813488164923,115.13050894166666,115.13050894166666
HeadM105_DaysToHeading,ErdmanGallagher,16,38,Local vs PRISM,124.4252387018785,111.31971934618056,111.31971934618056
HeadM105_DaysToHeading,ErdmanGallagher,16,39,Local vs PRISM,122.33655371817014,108.80485064131946,108.80485064131946
HeadM105_DaysToHeading,ErdmanGallagher,16,40,Local vs PRISM,121.25700756871761,107.48675637395834,107.48675637395834
HeadM105_DaysToHeading,ErdmanGallagher,17,25,Local vs PRISM,86.54965736168734,81.6901575548611,81.6901575548611
HeadM105_DaysToHeading,ErdmanGallagher,17,26,Local vs PRISM,90.05677735593386,85.0026575548611,85.0026575548611
HeadM105_DaysToHeading,ErdmanGallagher,17,27,Local vs PRISM,93.56436611256984,88.3151575548611,88.3151575548611
HeadM105_DaysToHeading,ErdmanGallagher,17,28,Local vs PRISM,97.07237281718095,91.6276575548611,91.6276575548611
HeadM105_DaysToHeading,ErdmanGallagher,17,29,Local vs PRISM,100.50207455593922,94.8514075548611,94.8514075548611
HeadM105_DaysToHeading,ErdmanGallagher,17,30,Local vs PRISM,103.79018888438841,97.9539075548611,97.9539075548611
HeadM105_DaysToHeading,ErdmanGallagher,17,31,Local vs PRISM,106.84743794830861,100.80977561041666,100.80977561041666
HeadM105_DaysToHeading,ErdmanGallagher,17,32,Local vs PRISM,109.5085367940652,103.24992639861112,103.24992639861112
HeadM105_DaysToHeading,ErdmanGallagher,17,33,Local vs PRISM,111.76984254563746,105.22117149236112,105.22117149236112
HeadM105_DaysToHeading,ErdmanGallagher,17,34,Local vs PRISM,113.0178481996667,106.16473202256944,106.16473202256944
HeadM105_DaysToHeading,ErdmanGallagher,17,35,Local vs PRISM,112.97575824530878,105.58408426180556,105.58408426180556
HeadM105_DaysToHeading,ErdmanGallagher,17,36,Local vs PRISM,111.6325994044052,103.59087320798612,103.59087320798612
HeadM105_DaysToHeading,ErdmanGallagher,17,37,Local vs PRISM,109.67578770393929,100.90555566076388,100.90555566076388
HeadM105_DaysToHeading,ErdmanGallagher,17,38,Local vs PRISM,107.6028355934296,98.21602345277779,98.21602345277779
HeadM105_DaysToHeading,ErdmanGallagher,17,39,Local vs PRISM,105.95312355579647,96.15217927916669,96.15217927916669
HeadM105_DaysToHeading,ErdmanGallagher,17,40,Local vs PRISM,105.0352567130181,94.96377255694445,94.96377255694445
HeadM105_DaysToHeading,ErdmanGallagher,18,25,Local vs PRISM,69.26088867357495,53.975379520486115,59.33987958576388
HeadM105_DaysToHeading,ErdmanGallagher,18,26,Local vs PRISM,72.02109980073072,56.10037952048611,61.71487958576388
HeadM105_DaysToHeading,ErdmanGallagher,18,27,Local vs PRISM,74.78139429804907,58.22537952048611,64.08987958576388
HeadM105_DaysToHeading,ErdmanGallagher,18,28,Local vs PRISM,77.54176326221733,60.35037952048611,66.46487958576388
HeadM105_DaysToHeading,ErdmanGallagher,18,29,Local vs PRISM,80.26522212258637,62.415205909375,68.77970597465277
HeadM105_DaysToHeading,ErdmanGallagher,18,30,Local vs PRISM,82.87701333493104,64.415205909375,71.02970597465277
HeadM105_DaysToHeading,ErdmanGallagher,18,31,Local vs PRISM,85.44564497622007,66.36471979826389,73.22921986354166
HeadM105_DaysToHeading,ErdmanGallagher,18,32,Local vs PRISM,87.87278884833104,68.14987058645833,75.2643706517361
HeadM105_DaysToHeading,ErdmanGallagher,18,33,Local vs PRISM,90.12504333330601,69.75813447534723,77.122634540625
HeadM105_DaysToHeading,ErdmanGallagher,18,34,Local vs PRISM,91.94645255635152,70.766849753125,78.59662759618055
HeadM105_DaysToHeading,ErdmanGallagher,18,35,Local vs PRISM,93.37700551515205,71.03786162291668,79.79500057708333
HeadM105_DaysToHeading,ErdmanGallagher,18,36,Local vs PRISM,93.9156919174923,70.48024795902779,80.29627580208333
HeadM105_DaysToHeading,ErdmanGallagher,18,37,Local vs PRISM,93.921928800071,69.26549384791667,80.41992446875
HeadM105_DaysToHeading,ErdmanGallagher,18,38,Local vs PRISM,93.37696503631828,67.66101292291667,79.97394328055555
HeadM105_DaysToHeading,ErdmanGallagher,18,39,Local vs PRISM,92.89128008788143,66.22736170763888,79.5974169125
HeadM105_DaysToHeading,ErdmanGallagher,18,40,Local vs PRISM,92.62619708113665,65.24116087777779,79.4923410548611
HeadM105_DaysToHeading,ErdmanGallagher,19,25,Local vs PRISM,55.65882781884738,46.62799677430556,46.62799677430556
HeadM105_DaysToHeading,ErdmanGallagher,19,26,Local vs PRISM,57.83032344329354,48.44049677430556,48.44049677430556
HeadM105_DaysToHeading,ErdmanGallagher,19,27,Local vs PRISM,60.00187501190103,50.25299677430556,50.25299677430556
HeadM105_DaysToHeading,ErdmanGallagher,19,28,Local vs PRISM,62.17347666273489,52.06549677430556,52.06549677430556
HeadM105_DaysToHeading,ErdmanGallagher,19,29,Local vs PRISM,64.34512332507792,53.87799677430556,53.87799677430556
HeadM105_DaysToHeading,ErdmanGallagher,19,30,Local vs PRISM,66.5168105903112,55.69049677430556,55.69049677430556
HeadM105_DaysToHeading,ErdmanGallagher,19,31,Local vs PRISM,68.68853460727767,57.50299677430556,57.50299677430556
HeadM105_DaysToHeading,ErdmanGallagher,19,32,Local vs PRISM,70.7687988942109,59.210948163194445,59.210948163194445
HeadM105_DaysToHeading,ErdmanGallagher,19,33,Local vs PRISM,72.71374670544378,60.79251066319444,60.79251066319444
HeadM105_DaysToHeading,ErdmanGallagher,19,34,Local vs PRISM,74.36457032312202,62.099559274305555,62.099559274305555
HeadM105_DaysToHeading,ErdmanGallagher,19,35,Local vs PRISM,75.60453385446002,62.98892522291666,62.98892522291666
HeadM105_DaysToHeading,ErdmanGallagher,19,36,Local vs PRISM,76.25043938280254,63.39367609270833,63.50264853576389
HeadM105_DaysToHeading,ErdmanGallagher,19,37,Local vs PRISM,76.37347440565763,63.32975521006944,63.93386654201389
HeadM105_DaysToHeading,ErdmanGallagher,19,38,Local vs PRISM,76.1762807871973,62.9924921625,63.97460329583333
HeadM105_DaysToHeading,ErdmanGallagher,19,39,Local vs PRISM,75.93510963162115,62.552853832638895,63.96533982013889
HeadM105_DaysToHeading,ErdmanGallagher,19,40,Local vs PRISM,75.82025950297302,62.16090320763889,64.15151419513889
HeadM105_DaysToHeading,ErdmanGallagher,20,25,Local vs PRISM,39.49715618315818,34.408637590625,34.408637590625
HeadM105_DaysToHeading,ErdmanGallagher,20,26,Local vs PRISM,41.00672082231763,35.721137590625,35.721137590625
HeadM105_DaysToHeading,ErdmanGallagher,20,27,Local vs PRISM,42.51634342981775,37.033637590625,37.033637590625
HeadM105_DaysToHeading,ErdmanGallagher,20,28,Local vs PRISM,44.02601804257246,38.346137590625,38.346137590625
HeadM105_DaysToHeading,ErdmanGallagher,20,29,Local vs PRISM,45.53573948809466,39.658637590625,39.658637590625
HeadM105_DaysToHeading,ErdmanGallagher,20,30,Local vs PRISM,47.04550325770076,40.971137590625,40.971137590625
HeadM105_DaysToHeading,ErdmanGallagher,20,31,Local vs PRISM,48.555305403354645,42.283637590625,42.283637590625
HeadM105_DaysToHeading,ErdmanGallagher,20,32,Local vs PRISM,50.04644347563608,43.547665368402775,43.547665368402775
HeadM105_DaysToHeading,ErdmanGallagher,20,33,Local vs PRISM,51.49112005382754,44.72717925729167,44.72717925729167
HeadM105_DaysToHeading,ErdmanGallagher,20,34,Local vs PRISM,52.87821261169014,45.81193620173611,45.81193620173611
HeadM105_DaysToHeading,ErdmanGallagher,20,35,Local vs PRISM,54.16516392983854,46.76669314618056,46.76669314618056
HeadM105_DaysToHeading,ErdmanGallagher,20,36,Local vs PRISM,55.11108927221439,47.461762590625,47.461762590625
HeadM105_DaysToHeading,ErdmanGallagher,20,37,Local vs PRISM,55.63671655494349,47.829575090625,47.829575090625
HeadM105_DaysToHeading,ErdmanGallagher,20,38,Local vs PRISM,55.67846545895768,47.85824462708334,47.85824462708334
HeadM105_DaysToHeading,ErdmanGallagher,20,39,Local vs PRISM,55.554062175673586,47.73196362013889,47.73196362013889
HeadM105_DaysToHeading,ErdmanGallagher,20,40,Local vs PRISM,55.522008677265795,47.52702688402778,47.52702688402778
HeadM105_DaysToHeading,LarrabeeSheppard,10,25,Local vs PRISM,40.28960965679831,37.60747585216048,37.60747585216048
HeadM105_DaysToHeading,LarrabeeSheppard,10,26,Local vs PRISM,38.98066477906657,36.280495244753084,36.280495244753084
HeadM105_DaysToHeading,LarrabeeSheppard,10,27,Local vs PRISM,37.30454026798135,34.630675428703704,34.630675428703704
HeadM105_DaysToHeading,LarrabeeSheppard,10,28,Local vs PRISM,35.11713383095369,32.44055063024689,32.44055063024689
HeadM105_DaysToHeading,LarrabeeSheppard,10,29,Local vs PRISM,32.10173465529697,29.13476049320987,29.231835535802475
HeadM105_DaysToHeading,LarrabeeSheppard,10,30,Local vs PRISM,27.913140149999506,24.243165238888892,25.447240166049383
HeadM105_DaysToHeading,LarrabeeSheppard,10,31,Local vs PRISM,23.67850451389579,18.63148127222218,21.522494499999954
HeadM105_DaysToHeading,LarrabeeSheppard,10,32,Local vs PRISM,19.891787145552264,12.320673881172752,17.86397970401231
HeadM105_DaysToHeading,LarrabeeSheppard,10,33,Local vs PRISM,17.09135707076028,5.130051910493851,15.955459691358076
HeadM105_DaysToHeading,LarrabeeSheppard,10,34,Local vs PRISM,18.596280905740766,-2.7064745265432117,14.75607549135801
HeadM105_DaysToHeading,LarrabeeSheppard,10,35,Local vs PRISM,24.76946587205004,-11.260273220061814,18.001922678703774
HeadM105_DaysToHeading,LarrabeeSheppard,10,36,Local vs PRISM,32.03462246859353,-19.013843446913622,24.66779577530868
HeadM105_DaysToHeading,LarrabeeSheppard,10,37,Local vs PRISM,37.20274929030091,-24.30204828024691,29.271924516666687
HeadM105_DaysToHeading,LarrabeeSheppard,10,38,Local vs PRISM,40.54239124283834,-27.913624808950644,32.87590830030864
HeadM105_DaysToHeading,LarrabeeSheppard,10,39,Local vs PRISM,42.21115773387117,-29.91901770092593,34.927856945370394
HeadM105_DaysToHeading,LarrabeeSheppard,10,40,Local vs PRISM,43.01831897867667,-30.942609546604974,35.97114014907412
HeadM105_DaysToHeading,LarrabeeSheppard,11,25,Local vs PRISM,49.12903258586736,44.78197228086419,44.78197228086419
HeadM105_DaysToHeading,LarrabeeSheppard,11,26,Local vs PRISM,48.17014642264283,43.61826940555554,43.61826940555554
HeadM105_DaysToHeading,LarrabeeSheppard,11,27,Local vs PRISM,46.81874072073165,42.104622429012316,42.104622429012316
HeadM105_DaysToHeading,LarrabeeSheppard,11,28,Local vs PRISM,45.04762626935341,40.074670510802434,40.074670510802434
HeadM105_DaysToHeading,LarrabeeSheppard,11,29,Local vs PRISM,42.405953869175235,36.83193594197532,36.92901098456792
HeadM105_DaysToHeading,LarrabeeSheppard,11,30,Local vs PRISM,38.659512364205504,31.995896243209852,33.19997117037034
HeadM105_DaysToHeading,LarrabeeSheppard,11,31,Local vs PRISM,34.61198178029695,26.419434541975257,29.31044776975303
HeadM105_DaysToHeading,LarrabeeSheppard,11,32,Local vs PRISM,30.52890133420335,20.1086271509259,25.90805632685188
HeadM105_DaysToHeading,LarrabeeSheppard,11,33,Local vs PRISM,26.423481242631887,12.918005180246887,23.999536314197535
HeadM105_DaysToHeading,LarrabeeSheppard,11,34,Local vs PRISM,24.67418240749193,5.081478743209851,22.800152114197495
HeadM105_DaysToHeading,LarrabeeSheppard,11,35,Local vs PRISM,27.2222563479636,-3.4723199503087017,22.514355630555556
HeadM105_DaysToHeading,LarrabeeSheppard,11,36,Local vs PRISM,32.36451674704192,-11.225890177160535,24.575866669753093
HeadM105_DaysToHeading,LarrabeeSheppard,11,37,Local vs PRISM,36.484381120394985,-16.514095010493847,26.693823151234582
HeadM105_DaysToHeading,LarrabeeSheppard,11,38,Local vs PRISM,39.11508831903034,-20.12567153919756,28.635609300308666
HeadM105_DaysToHeading,LarrabeeSheppard,11,39,Local vs PRISM,40.286876707459534,-22.131064431172845,30.46533572314815
HeadM105_DaysToHeading,LarrabeeSheppard,11,40,Local vs PRISM,40.71820811240529,-23.154656276851888,31.332952118209885
HeadM105_DaysToHeading,LarrabeeSheppard,12,25,Local vs PRISM,69.05680340156704,65.87440122191356,65.87440122191356
HeadM105_DaysToHeading,LarrabeeSheppard,12,26,Local vs PRISM,69.06573429032265,65.7163372111111,65.7163372111111
HeadM105_DaysToHeading,LarrabeeSheppard,12,27,Local vs PRISM,68.47511124373197,64.9315451024691,64.9315451024691
HeadM105_DaysToHeading,LarrabeeSheppard,12,28,Local vs PRISM,67.28245161490047,63.4925375802469,63.4925375802469
HeadM105_DaysToHeading,LarrabeeSheppard,12,29,Local vs PRISM,64.98566080040992,60.747564102160496,60.747564102160496
HeadM105_DaysToHeading,LarrabeeSheppard,12,30,Local vs PRISM,60.81713449020577,56.18157985648142,56.18157985648142
HeadM105_DaysToHeading,LarrabeeSheppard,12,31,Local vs PRISM,55.66018220699451,50.744729187345655,50.744729187345655
HeadM105_DaysToHeading,LarrabeeSheppard,12,32,Local vs PRISM,49.847788474065965,44.47188841851851,44.47188841851851
HeadM105_DaysToHeading,LarrabeeSheppard,12,33,Local vs PRISM,43.03193377882107,37.2812664478395,37.2812664478395
HeadM105_DaysToHeading,LarrabeeSheppard,12,34,Local vs PRISM,35.94220605611864,29.44474001080246,29.44474001080246
HeadM105_DaysToHeading,LarrabeeSheppard,12,35,Local vs PRISM,29.751176045186522,20.89094131728397,22.654634561111138
HeadM105_DaysToHeading,LarrabeeSheppard,12,36,Local vs PRISM,26.805880973065268,13.137371090432087,21.131130689197523
HeadM105_DaysToHeading,LarrabeeSheppard,12,37,Local vs PRISM,26.532933199524944,7.849166257098697,21.34546895462966
HeadM105_DaysToHeading,LarrabeeSheppard,12,38,Local vs PRISM,26.625622618620568,4.237589728395038,21.351636998765407
HeadM105_DaysToHeading,LarrabeeSheppard,12,39,Local vs PRISM,26.534718392989912,2.2321968364197016,20.722752236419726
HeadM105_DaysToHeading,LarrabeeSheppard,12,40,Local vs PRISM,26.36467831592397,1.2086049907407466,20.349585906790153
HeadM105_DaysToHeading,LarrabeeSheppard,13,25,Local vs PRISM,91.49769152710763,87.60196886450618,87.60196886450618
HeadM105_DaysToHeading,LarrabeeSheppard,13,26,Local vs PRISM,93.00466401751773,89.15421895493824,89.15421895493824
HeadM105_DaysToHeading,LarrabeeSheppard,13,27,Local vs PRISM,93.41593323366466,89.59263202623455,89.59263202623455
HeadM105_DaysToHeading,LarrabeeSheppard,13,28,Local vs PRISM,93.06567808012285,89.25914468580245,89.25914468580245
HeadM105_DaysToHeading,LarrabeeSheppard,13,29,Local vs PRISM,91.32008123321064,87.47243729814814,87.47243729814814
HeadM105_DaysToHeading,LarrabeeSheppard,13,30,Local vs PRISM,87.7238362412627,83.81334184907405,83.81334184907405
HeadM105_DaysToHeading,LarrabeeSheppard,13,31,Local vs PRISM,83.02368837127703,79.06818565123457,79.06818565123457
HeadM105_DaysToHeading,LarrabeeSheppard,13,32,Local vs PRISM,77.63873857081488,73.32803927530864,73.32803927530864
HeadM105_DaysToHeading,LarrabeeSheppard,13,33,Local vs PRISM,71.29893164384804,66.43720609753082,66.43720609753082
HeadM105_DaysToHeading,LarrabeeSheppard,13,34,Local vs PRISM,64.61561478053538,58.725401823456814,58.725401823456814
HeadM105_DaysToHeading,LarrabeeSheppard,13,35,Local vs PRISM,58.214887591988415,50.22754757283948,50.22754757283948
HeadM105_DaysToHeading,LarrabeeSheppard,13,36,Local vs PRISM,53.55528442488448,42.473977345987656,42.473977345987656
HeadM105_DaysToHeading,LarrabeeSheppard,13,37,Local vs PRISM,51.10647447881192,37.18577251265432,38.97050010401232
HeadM105_DaysToHeading,LarrabeeSheppard,13,38,Local vs PRISM,49.60366816071205,33.574195983950595,36.00547589567902
HeadM105_DaysToHeading,LarrabeeSheppard,13,39,Local vs PRISM,48.77101337404469,31.568803091975283,34.503638299999984
HeadM105_DaysToHeading,LarrabeeSheppard,13,40,Local vs PRISM,48.39692875431295,30.54521124629629,33.57404652839504
HeadM105_DaysToHeading,LarrabeeSheppard,14,25,Local vs PRISM,121.62442618960078,117.50352378796296,117.50352378796296
HeadM105_DaysToHeading,LarrabeeSheppard,14,26,Local vs PRISM,125.3364689046746,121.0346405617284,121.0346405617284
HeadM105_DaysToHeading,LarrabeeSheppard,14,27,Local vs PRISM,128.35864308302135,123.90174433858019,123.90174433858019
HeadM105_DaysToHeading,LarrabeeSheppard,14,28,Local vs PRISM,130.2849383940467,125.77210747932097,125.77210747932097
HeadM105_DaysToHeading,LarrabeeSheppard,14,29,Local vs PRISM,130.4511402612982,125.89656656666665,125.89656656666665
HeadM105_DaysToHeading,LarrabeeSheppard,14,30,Local vs PRISM,128.5542511650945,123.87159295277779,123.87159295277779
HeadM105_DaysToHeading,LarrabeeSheppard,14,31,Local vs PRISM,124.86825579355728,120.0572245765432,120.0572245765432
HeadM105_DaysToHeading,LarrabeeSheppard,14,32,Local vs PRISM,119.9446592745965,114.86240652530861,114.86240652530861
HeadM105_DaysToHeading,LarrabeeSheppard,14,33,Local vs PRISM,114.03334068941632,108.34888988611107,108.34888988611107
HeadM105_DaysToHeading,LarrabeeSheppard,14,34,Local vs PRISM,107.71897314022249,100.90597560802466,100.90597560802466
HeadM105_DaysToHeading,LarrabeeSheppard,14,35,Local vs PRISM,101.00190875224405,92.5386213030864,92.5386213030864
HeadM105_DaysToHeading,LarrabeeSheppard,14,36,Local vs PRISM,95.22882175026253,84.8961621873457,84.8961621873457
HeadM105_DaysToHeading,LarrabeeSheppard,14,37,Local vs PRISM,91.49025905469156,79.6727461722222,79.6727461722222
HeadM105_DaysToHeading,LarrabeeSheppard,14,38,Local vs PRISM,88.95198580301651,76.09988076759261,76.09988076759261
HeadM105_DaysToHeading,LarrabeeSheppard,14,39,Local vs PRISM,87.62750126834982,74.09448787561729,74.46340099475306
HeadM105_DaysToHeading,LarrabeeSheppard,14,40,Local vs PRISM,87.16087523896948,73.07089602993828,74.3183648712963
HeadM105_DaysToHeading,LarrabeeSheppard,15,25,Local vs PRISM,126.34768459753435,122.83221614135802,122.83221614135802
HeadM105_DaysToHeading,LarrabeeSheppard,15,26,Local vs PRISM,130.9854185198739,127.35490509166665,127.35490509166665
HeadM105_DaysToHeading,LarrabeeSheppard,15,27,Local vs PRISM,135.23942313828897,131.4568939984568,131.4568939984568
HeadM105_DaysToHeading,LarrabeeSheppard,15,28,Local vs PRISM,138.741169885757,134.83306936512346,134.83306936512346
HeadM105_DaysToHeading,LarrabeeSheppard,15,29,Local vs PRISM,140.8850880278529,136.83190363425925,136.83190363425925
HeadM105_DaysToHeading,LarrabeeSheppard,15,30,Local vs PRISM,141.03999103557985,136.71771871358024,136.71771871358024
HeadM105_DaysToHeading,LarrabeeSheppard,15,31,Local vs PRISM,139.17717868852833,134.5886722089506,134.5886722089506
HeadM105_DaysToHeading,LarrabeeSheppard,15,32,Local vs PRISM,135.47736082697938,130.67458972129631,130.67458972129631
HeadM105_DaysToHeading,LarrabeeSheppard,15,33,Local vs PRISM,130.3170346197374,125.18167539012346,125.18167539012346
HeadM105_DaysToHeading,LarrabeeSheppard,15,34,Local vs PRISM,124.26485654080668,118.3392348240741,118.3392348240741
HeadM105_DaysToHeading,LarrabeeSheppard,15,35,Local vs PRISM,117.5522420577466,110.35393050370371,110.35393050370371
HeadM105_DaysToHeading,LarrabeeSheppard,15,36,Local vs PRISM,111.4921593273672,102.88313337160496,102.88313337160496
HeadM105_DaysToHeading,LarrabeeSheppard,15,37,Local vs PRISM,107.40542934671788,97.783983875,97.783983875
HeadM105_DaysToHeading,LarrabeeSheppard,15,38,Local vs PRISM,104.50484828797072,94.28406840956791,94.28406840956791
HeadM105_DaysToHeading,LarrabeeSheppard,15,39,Local vs PRISM,102.7303447735025,92.29584758858024,92.29584758858024
HeadM105_DaysToHeading,LarrabeeSheppard,15,40,Local vs PRISM,101.81117083319712,91.27225574290122,91.27225574290122
HeadM105_DaysToHeading,LarrabeeSheppard,16,25,Local vs PRISM,113.32396728878169,105.33353288611113,105.33353288611113
HeadM105_DaysToHeading,LarrabeeSheppard,16,26,Local vs PRISM,117.87683163168559,109.55449344135803,109.55449344135803
HeadM105_DaysToHeading,LarrabeeSheppard,16,27,Local vs PRISM,122.31855904468736,113.62899961419755,113.62899961419755
HeadM105_DaysToHeading,LarrabeeSheppard,16,28,Local vs PRISM,126.47741240090423,117.40977121913582,117.40977121913582
HeadM105_DaysToHeading,LarrabeeSheppard,16,29,Local vs PRISM,129.7685549405265,120.3025713469136,120.3025713469136
HeadM105_DaysToHeading,LarrabeeSheppard,16,30,Local vs PRISM,131.71951271152776,121.80084936728394,121.80084936728394
HeadM105_DaysToHeading,LarrabeeSheppard,16,31,Local vs PRISM,132.3373674659792,121.81335143858024,121.81335143858024
HeadM105_DaysToHeading,LarrabeeSheppard,16,32,Local vs PRISM,130.99928182508302,119.90452632808643,119.90452632808643
HeadM105_DaysToHeading,LarrabeeSheppard,16,33,Local vs PRISM,127.61029784805135,115.87006483765433,115.87006483765433
HeadM105_DaysToHeading,LarrabeeSheppard,16,34,Local vs PRISM,122.68526704387618,110.07429149351852,110.07429149351852
HeadM105_DaysToHeading,LarrabeeSheppard,16,35,Local vs PRISM,116.54769580973259,102.73796959969135,102.73796959969135
HeadM105_DaysToHeading,LarrabeeSheppard,16,36,Local vs PRISM,110.58147172103699,95.49463332839508,95.49463332839508
HeadM105_DaysToHeading,LarrabeeSheppard,16,37,Local vs PRISM,106.55755131419042,90.40018396265431,90.40018396265431
HeadM105_DaysToHeading,LarrabeeSheppard,16,38,Local vs PRISM,103.99762091488742,86.85755244783952,86.85755244783952
HeadM105_DaysToHeading,LarrabeeSheppard,16,39,Local vs PRISM,102.51845251474448,84.86933162685186,85.06317217623459
HeadM105_DaysToHeading,LarrabeeSheppard,16,40,Local vs PRISM,101.79763523186828,83.84573978117285,84.15308644783954
HeadM105_DaysToHeading,LarrabeeSheppard,17,25,Local vs PRISM,133.75474623826292,124.0571151515432,124.0571151515432
HeadM105_DaysToHeading,LarrabeeSheppard,17,26,Local vs PRISM,139.24283720157192,129.17440286728396,129.17440286728396
HeadM105_DaysToHeading,LarrabeeSheppard,17,27,Local vs PRISM,144.6597599099851,134.22252015123456,134.22252015123456
HeadM105_DaysToHeading,LarrabeeSheppard,17,28,Local vs PRISM,149.88740024484844,139.05563743518516,139.05563743518516
HeadM105_DaysToHeading,LarrabeeSheppard,17,29,Local vs PRISM,154.54196360500598,143.3303820074074,143.3303820074074
HeadM105_DaysToHeading,LarrabeeSheppard,17,30,Local vs PRISM,158.3753629976967,146.78839319814816,146.78839319814816
HeadM105_DaysToHeading,LarrabeeSheppard,17,31,Local vs PRISM,161.4533128187354,149.36766853179012,149.36766853179012
HeadM105_DaysToHeading,LarrabeeSheppard,17,32,Local vs PRISM,162.98188057565503,150.37133455925925,150.37133455925925
HeadM105_DaysToHeading,LarrabeeSheppard,17,33,Local vs PRISM,162.19015028015843,148.95376855462965,148.95376855462965
HeadM105_DaysToHeading,LarrabeeSheppard,17,34,Local vs PRISM,159.46913718914772,145.31963940462964,145.31963940462964
HeadM105_DaysToHeading,LarrabeeSheppard,17,35,Local vs PRISM,155.12004043215128,139.60223148364196,139.60223148364196
HeadM105_DaysToHeading,LarrabeeSheppard,17,36,Local vs PRISM,150.60013610272426,133.42322451481482,133.42322451481482
HeadM105_DaysToHeading,LarrabeeSheppard,17,37,Local vs PRISM,147.6405658437588,128.97363712098766,129.454216454321
HeadM105_DaysToHeading,LarrabeeSheppard,17,38,Local vs PRISM,145.48973057012483,125.7468610574074,127.27777362222221
HeadM105_DaysToHeading,LarrabeeSheppard,17,39,Local vs PRISM,144.0722922528144,123.87190690617284,125.81826373641975
HeadM105_DaysToHeading,LarrabeeSheppard,17,40,Local vs PRISM,143.28960812944612,122.90387061604937,124.94422752037036
HeadM105_DaysToHeading,LarrabeeSheppard,18,25,Local vs PRISM,106.47846240908831,96.61172793086418,96.76439506604937
HeadM105_DaysToHeading,LarrabeeSheppard,18,26,Local vs PRISM,110.7535721921375,100.5385835478395,100.58013957191358
HeadM105_DaysToHeading,LarrabeeSheppard,18,27,Local vs PRISM,115.04103485878339,104.48302799228392,104.48302799228392
HeadM105_DaysToHeading,LarrabeeSheppard,18,28,Local vs PRISM,119.29363837888135,108.39997243672838,108.39997243672838
HeadM105_DaysToHeading,LarrabeeSheppard,18,29,Local vs PRISM,123.34003288128066,112.0929700376543,112.0929700376543
HeadM105_DaysToHeading,LarrabeeSheppard,18,30,Local vs PRISM,127.02830755124846,115.43508616666665,115.43508616666665
HeadM105_DaysToHeading,LarrabeeSheppard,18,31,Local vs PRISM,130.40400978716175,118.40717941358022,118.40717941358022
HeadM105_DaysToHeading,LarrabeeSheppard,18,32,Local vs PRISM,133.03598346759804,120.6142473148148,120.66660580802471
HeadM105_DaysToHeading,LarrabeeSheppard,18,33,Local vs PRISM,134.0143917912525,121.13657581265431,121.81365025709877
HeadM105_DaysToHeading,LarrabeeSheppard,18,34,Local vs PRISM,133.30892096720436,119.64644457283948,121.7822844493827
HeadM105_DaysToHeading,LarrabeeSheppard,18,35,Local vs PRISM,130.85535767596053,116.16616302746912,120.11323726820987
HeadM105_DaysToHeading,LarrabeeSheppard,18,36,Local vs PRISM,127.4808582490617,111.69238797006172,117.51435121141975
HeadM105_DaysToHeading,LarrabeeSheppard,18,37,Local vs PRISM,124.8748795560727,108.16735445524691,115.36799684166667
HeadM105_DaysToHeading,LarrabeeSheppard,18,38,Local vs PRISM,122.68315953134453,105.37376214320987,113.70063933456791
HeadM105_DaysToHeading,LarrabeeSheppard,18,39,Local vs PRISM,121.02372853389272,103.61800244567902,112.33307685308644
HeadM105_DaysToHeading,LarrabeeSheppard,18,40,Local vs PRISM,119.96316009532808,102.6153159271605,111.44389645185186
HeadM105_DaysToHeading,LarrabeeSheppard,19,25,Local vs PRISM,76.96899037228214,62.981787611728386,73.4035533037037
HeadM105_DaysToHeading,LarrabeeSheppard,19,26,Local vs PRISM,79.90842247230134,65.42623205617284,76.18133108148147
HeadM105_DaysToHeading,LarrabeeSheppard,19,27,Local vs PRISM,82.84817329566452,67.87067650061728,78.95910885925926
HeadM105_DaysToHeading,LarrabeeSheppard,19,28,Local vs PRISM,85.78821007678421,70.31512094506172,81.73688663703703
HeadM105_DaysToHeading,LarrabeeSheppard,19,29,Local vs PRISM,88.55922444209257,72.59493575987653,84.35003478518519
HeadM105_DaysToHeading,LarrabeeSheppard,19,30,Local vs PRISM,91.01018113718996,74.59119632006173,86.67962867870371
HeadM105_DaysToHeading,LarrabeeSheppard,19,31,Local vs PRISM,93.44197937379283,76.51270866574073,89.02978299969136
HeadM105_DaysToHeading,LarrabeeSheppard,19,32,Local vs PRISM,95.61126010178337,78.11915928302469,91.14993732067902
HeadM105_DaysToHeading,LarrabeeSheppard,19,33,Local vs PRISM,97.15928078012284,78.94038155432098,92.74365332098766
HeadM105_DaysToHeading,LarrabeeSheppard,19,34,Local vs PRISM,97.66898942098912,78.41224513672837,93.4512576441358
HeadM105_DaysToHeading,LarrabeeSheppard,19,35,Local vs PRISM,97.1593891516324,76.4995947632716,93.10873072746914
HeadM105_DaysToHeading,LarrabeeSheppard,19,36,Local vs PRISM,96.01914845684843,73.77196572839506,92.03376847098765
HeadM105_DaysToHeading,LarrabeeSheppard,19,37,Local vs PRISM,95.09119082022465,71.46347851481481,91.06429390864199
HeadM105_DaysToHeading,LarrabeeSheppard,19,38,Local vs PRISM,94.21166746172125,69.37073313209876,90.0745487425926
HeadM105_DaysToHeading,LarrabeeSheppard,19,39,Local vs PRISM,93.49169555556654,67.90802886049383,89.2183750388889
HeadM105_DaysToHeading,LarrabeeSheppard,19,40,Local vs PRISM,92.97514598347406,67.14645527098766,88.59715941851852
HeadM105_DaysToHeading,LarrabeeSheppard,20,25,Local vs PRISM,70.2211116164362,23.69370146481481,58.43573886666667
HeadM105_DaysToHeading,LarrabeeSheppard,20,26,Local vs PRISM,72.89771928841336,24.5825903537037,60.65796108888889
HeadM105_DaysToHeading,LarrabeeSheppard,20,27,Local vs PRISM,75.57435922050526,25.47147924259259,62.88018331111111
HeadM105_DaysToHeading,LarrabeeSheppard,20,28,Local vs PRISM,78.25102810226173,26.36036813148148,65.10240553333334
HeadM105_DaysToHeading,LarrabeeSheppard,20,29,Local vs PRISM,80.92772306116908,27.24925702037037,67.32462775555555
HeadM105_DaysToHeading,LarrabeeSheppard,20,30,Local vs PRISM,83.60444159255493,28.138145909259258,69.54684997777778
HeadM105_DaysToHeading,LarrabeeSheppard,20,31,Local vs PRISM,86.28118150253808,29.027034798148147,71.7690722
HeadM105_DaysToHeading,LarrabeeSheppard,20,32,Local vs PRISM,88.88353066775632,29.82836195864198,73.90373269382717
HeadM105_DaysToHeading,LarrabeeSheppard,20,33,Local vs PRISM,91.31381702913305,30.37350398302469,75.79068943487654
HeadM105_DaysToHeading,LarrabeeSheppard,20,34,Local vs PRISM,93.52128911010173,30.299152131172836,77.20812770648148
HeadM105_DaysToHeading,LarrabeeSheppard,20,35,Local vs PRISM,95.24335696472728,29.25057188425926,77.74800424969136
HeadM105_DaysToHeading,LarrabeeSheppard,20,36,Local vs PRISM,96.62650103722147,27.71018286141975,77.7610599830247
HeadM105_DaysToHeading,LarrabeeSheppard,20,37,Local vs PRISM,97.76403818210223,26.100282189197525,77.50715957561728
HeadM105_DaysToHeading,LarrabeeSheppard,20,38,Local vs PRISM,98.64131252923285,24.380286558641966,76.94805304074075
HeadM105_DaysToHeading,LarrabeeSheppard,20,39,Local vs PRISM,98.99991040121466,23.01913687962962,76.22701422592593
HeadM105_DaysToHeading,LarrabeeSheppard,20,40,Local vs PRISM,99.05130331685353,22.24629785802469,75.67621273888889
HeadM105_DaysToHeading,Lauppe,10,25,Local vs PRISM,64.10499856852903,60.23645565895059,60.23645565895059
HeadM105_DaysToHeading,Lauppe,10,26,Local vs PRISM,63.39002790347246,59.30082283888888,59.30082283888888
HeadM105_DaysToHeading,Lauppe,10,27,Local vs PRISM,62.357736347042234,58.10576763641974,58.10576763641974
HeadM105_DaysToHeading,Lauppe,10,28,Local vs PRISM,60.53200564069933,56.05226075679008,56.05226075679008
HeadM105_DaysToHeading,Lauppe,10,29,Local vs PRISM,57.46191517067915,52.72444114537034,52.72444114537034
HeadM105_DaysToHeading,Lauppe,10,30,Local vs PRISM,52.96620478274984,48.09873813364196,48.09873813364196
HeadM105_DaysToHeading,Lauppe,10,31,Local vs PRISM,47.33100099205284,42.477545153086375,42.477545153086375
HeadM105_DaysToHeading,Lauppe,10,32,Local vs PRISM,41.7446308348921,36.36361221851848,37.36810973703703
HeadM105_DaysToHeading,Lauppe,10,33,Local vs PRISM,35.97003998780471,29.05652560123455,32.404030248765416
HeadM105_DaysToHeading,Lauppe,10,34,Local vs PRISM,31.349312713704958,21.48883744506174,27.746735928395058
HeadM105_DaysToHeading,Lauppe,10,35,Local vs PRISM,28.344555137790294,14.088676570370378,23.845785546913575
HeadM105_DaysToHeading,Lauppe,10,36,Local vs PRISM,27.559461049323943,7.035535362962959,21.692980912345686
HeadM105_DaysToHeading,Lauppe,10,37,Local vs PRISM,28.544787795513987,1.2612359728395102,22.20380830555554
HeadM105_DaysToHeading,Lauppe,10,38,Local vs PRISM,29.77502467259583,-2.8943146725308804,22.927225863888957
HeadM105_DaysToHeading,Lauppe,10,39,Local vs PRISM,30.35736203613025,-5.328093484259234,23.011887027469115
HeadM105_DaysToHeading,Lauppe,10,40,Local vs PRISM,30.696455660134507,-6.786172342283925,23.471994619444395
HeadM105_DaysToHeading,Lauppe,11,25,Local vs PRISM,87.2279020249691,83.60954028333332,83.60954028333332
HeadM105_DaysToHeading,Lauppe,11,26,Local vs PRISM,87.59864796132393,83.79732955617284,83.79732955617284
HeadM105_DaysToHeading,Lauppe,11,27,Local vs PRISM,87.43251285283772,83.50176322654319,83.50176322654319
HeadM105_DaysToHeading,Lauppe,11,28,Local vs PRISM,86.0833432148058,82.06560555401232,82.06560555401232
HeadM105_DaysToHeading,Lauppe,11,29,Local vs PRISM,83.24444668799184,79.20204710370365,79.20204710370365
HeadM105_DaysToHeading,Lauppe,11,30,Local vs PRISM,78.83034436457177,74.92499407067899,74.92499407067899
HeadM105_DaysToHeading,Lauppe,11,31,Local vs PRISM,73.02616396456777,69.50720096018517,69.50720096018517
HeadM105_DaysToHeading,Lauppe,11,32,Local vs PRISM,66.63110638478922,63.504379136728375,63.504379136728375
HeadM105_DaysToHeading,Lauppe,11,33,Local vs PRISM,59.16234683621574,56.26668143888886,56.26668143888886
HeadM105_DaysToHeading,Lauppe,11,34,Local vs PRISM,51.63485019288029,48.7126488391975,48.7126488391975
HeadM105_DaysToHeading,Lauppe,11,35,Local vs PRISM,44.31747045797953,41.312487964506175,41.312487964506175
HeadM105_DaysToHeading,Lauppe,11,36,Local vs PRISM,37.70222737350172,34.25934675709883,34.25934675709883
HeadM105_DaysToHeading,Lauppe,11,37,Local vs PRISM,32.93429115635193,28.48504736697531,28.48504736697531
HeadM105_DaysToHeading,Lauppe,11,38,Local vs PRISM,29.89233474302333,24.329496721604894,25.767820885185188
HeadM105_DaysToHeading,Lauppe,11,39,Local vs PRISM,28.047724567627547,21.89571790987654,24.767352851234566
HeadM105_DaysToHeading,Lauppe,11,40,Local vs PRISM,27.152173269225738,20.43763905185181,24.12391827716049
HeadM105_DaysToHeading,Lauppe,12,25,Local vs PRISM,133.52957019975173,128.58266702407406,128.58266702407406
HeadM105_DaysToHeading,Lauppe,12,26,Local vs PRISM,136.37378210393024,131.19572467253082,131.19572467253082
HeadM105_DaysToHeading,Lauppe,12,27,Local vs PRISM,138.31290336757044,132.90236990339505,132.90236990339505
HeadM105_DaysToHeading,Lauppe,12,28,Local vs PRISM,138.8103221180335,133.3333281648148,133.3333281648148
HeadM105_DaysToHeading,Lauppe,12,29,Local vs PRISM,137.4254960583927,131.9009574243827,131.9009574243827
HeadM105_DaysToHeading,Lauppe,12,30,Local vs PRISM,134.27145167369792,128.70683209506174,128.70683209506174
HeadM105_DaysToHeading,Lauppe,12,31,Local vs PRISM,129.65418413395102,124.19750070586417,124.19750070586417
HeadM105_DaysToHeading,Lauppe,12,32,Local vs PRISM,124.12011033398535,118.81152316543209,118.81152316543209
HeadM105_DaysToHeading,Lauppe,12,33,Local vs PRISM,117.52059604674099,111.97916372314813,111.97916372314813
HeadM105_DaysToHeading,Lauppe,12,34,Local vs PRISM,110.73305635050151,104.66855331388889,104.66855331388889
HeadM105_DaysToHeading,Lauppe,12,35,Local vs PRISM,103.73015917530553,97.3463966611111,97.3463966611111
HeadM105_DaysToHeading,Lauppe,12,36,Local vs PRISM,97.3311281805454,90.40436656481478,90.40436656481478
HeadM105_DaysToHeading,Lauppe,12,37,Local vs PRISM,92.37073069505152,84.68462243179007,84.68462243179007
HeadM105_DaysToHeading,Lauppe,12,38,Local vs PRISM,88.83223869490871,80.52907178641973,80.52907178641973
HeadM105_DaysToHeading,Lauppe,12,39,Local vs PRISM,86.69145864793049,78.09529297469136,78.09529297469136
HeadM105_DaysToHeading,Lauppe,12,40,Local vs PRISM,85.57312988967472,76.63721411666671,76.63721411666671
HeadM105_DaysToHeading,Lauppe,13,25,Local vs PRISM,143.71376873084282,138.4979682030864,138.4979682030864
HeadM105_DaysToHeading,Lauppe,13,26,Local vs PRISM,148.14779373588834,142.64736157685184,142.64736157685184
HeadM105_DaysToHeading,Lauppe,13,27,Local vs PRISM,151.8112941128506,145.9826233268518,145.9826233268518
HeadM105_DaysToHeading,Lauppe,13,28,Local vs PRISM,154.1742364951636,148.15321489845675,148.15321489845675
HeadM105_DaysToHeading,Lauppe,13,29,Local vs PRISM,154.54065830628602,148.37480163364194,148.37480163364194
HeadM105_DaysToHeading,Lauppe,13,30,Local vs PRISM,152.93793357212942,146.6708983024691,146.6708983024691
HeadM105_DaysToHeading,Lauppe,13,31,Local vs PRISM,149.4973243817489,143.20497653518518,143.20497653518518
HeadM105_DaysToHeading,Lauppe,13,32,Local vs PRISM,144.6508462177653,138.28620866234567,138.28620866234567
HeadM105_DaysToHeading,Lauppe,13,33,Local vs PRISM,138.336284889892,131.54319795339504,131.54319795339504
HeadM105_DaysToHeading,Lauppe,13,34,Local vs PRISM,131.77423702982705,124.29002581574075,124.29002581574075
HeadM105_DaysToHeading,Lauppe,13,35,Local vs PRISM,124.90286978943799,116.93250819104935,116.93250819104935
HeadM105_DaysToHeading,Lauppe,13,36,Local vs PRISM,118.68996736349449,109.96634910401234,109.96634910401234
HeadM105_DaysToHeading,Lauppe,13,37,Local vs PRISM,113.97697652619848,104.24660497098763,104.24660497098763
HeadM105_DaysToHeading,Lauppe,13,38,Local vs PRISM,110.62010520444105,100.09105432561732,100.09105432561732
HeadM105_DaysToHeading,Lauppe,13,39,Local vs PRISM,108.48782357133072,97.65727551388889,97.65727551388889
HeadM105_DaysToHeading,Lauppe,13,40,Local vs PRISM,107.26474583823666,96.19919665586421,96.22385213425927
HeadM105_DaysToHeading,Lauppe,14,25,Local vs PRISM,168.3126710401721,162.6675816891975,162.6675816891975
HeadM105_DaysToHeading,Lauppe,14,26,Local vs PRISM,174.77668173350563,168.8202959981481,168.8202959981481
HeadM105_DaysToHeading,Lauppe,14,27,Local vs PRISM,180.90420010912976,174.6044848493827,174.6044848493827
HeadM105_DaysToHeading,Lauppe,14,28,Local vs PRISM,186.29510075842163,179.70331199290123,179.70331199290123
HeadM105_DaysToHeading,Lauppe,14,29,Local vs PRISM,190.18703984514897,183.30032885709875,183.30032885709875
HeadM105_DaysToHeading,Lauppe,14,30,Local vs PRISM,191.98010189695117,184.84702105586416,184.84702105586416
HeadM105_DaysToHeading,Lauppe,14,31,Local vs PRISM,191.6552836282711,184.27484903919753,184.27484903919753
HeadM105_DaysToHeading,Lauppe,14,32,Local vs PRISM,189.31705764854624,181.51293345740737,181.51293345740737
HeadM105_DaysToHeading,Lauppe,14,33,Local vs PRISM,185.2703767930128,176.67935823333332,176.67935823333332
HeadM105_DaysToHeading,Lauppe,14,34,Local vs PRISM,180.61671206128582,170.90662661975307,170.90662661975307
HeadM105_DaysToHeading,Lauppe,14,35,Local vs PRISM,175.2072227791216,164.3652029737654,164.3652029737654
HeadM105_DaysToHeading,Lauppe,14,36,Local vs PRISM,169.7950853379583,157.74978946975304,157.74978946975304
HeadM105_DaysToHeading,Lauppe,14,37,Local vs PRISM,165.41796869458585,152.3138785225308,152.3138785225308
HeadM105_DaysToHeading,Lauppe,14,38,Local vs PRISM,162.11210066899625,148.3081388802469,148.3081388802469
HeadM105_DaysToHeading,Lauppe,14,39,Local vs PRISM,159.83765374323636,145.9072821765432,145.9072821765432
HeadM105_DaysToHeading,Lauppe,14,40,Local vs PRISM,158.44041839350706,144.4492033185185,144.4492033185185
HeadM105_DaysToHeading,Lauppe,15,25,Local vs PRISM,162.40012535448744,159.40385837191357,159.40385837191357
HeadM105_DaysToHeading,Lauppe,15,26,Local vs PRISM,168.9709024034112,165.85901149290123,165.85901149290123
HeadM105_DaysToHeading,Lauppe,15,27,Local vs PRISM,175.31410916893918,172.0529287824074,172.0529287824074
HeadM105_DaysToHeading,Lauppe,15,28,Local vs PRISM,181.15852425352332,177.7752435972222,177.7752435972222
HeadM105_DaysToHeading,Lauppe,15,29,Local vs PRISM,186.21222639432662,182.7093907037037,182.7093907037037
HeadM105_DaysToHeading,Lauppe,15,30,Local vs PRISM,189.92141736934857,186.30358400925923,186.30358400925923
HeadM105_DaysToHeading,Lauppe,15,31,Local vs PRISM,192.1566187506715,188.41506063580246,188.41506063580246
HeadM105_DaysToHeading,Lauppe,15,32,Local vs PRISM,192.4025551781672,188.452112095679,188.452112095679
HeadM105_DaysToHeading,Lauppe,15,33,Local vs PRISM,190.55610911904327,186.23829459691356,186.23829459691356
HeadM105_DaysToHeading,Lauppe,15,34,Local vs PRISM,187.5997249947818,182.7487198919753,182.7487198919753
HeadM105_DaysToHeading,Lauppe,15,35,Local vs PRISM,183.30646726573244,177.85842076882713,177.85842076882713
HeadM105_DaysToHeading,Lauppe,15,36,Local vs PRISM,178.5337190897776,172.41240701790124,172.41240701790124
HeadM105_DaysToHeading,Lauppe,15,37,Local vs PRISM,174.16623660147886,167.45956262962963,167.45956262962963
HeadM105_DaysToHeading,Lauppe,15,38,Local vs PRISM,170.74647786756364,163.64480601728397,163.64480601728397
HeadM105_DaysToHeading,Lauppe,15,39,Local vs PRISM,168.59415459649674,161.28906044012348,161.28906044012348
HeadM105_DaysToHeading,Lauppe,15,40,Local vs PRISM,167.28829065357397,159.8309815820988,159.8309815820988
HeadM105_DaysToHeading,Lauppe,16,25,Local vs PRISM,163.1921969166888,154.85148874783948,154.85148874783948
HeadM105_DaysToHeading,Lauppe,16,26,Local vs PRISM,170.10020954621814,161.34414306882715,161.34414306882715
HeadM105_DaysToHeading,Lauppe,16,27,Local vs PRISM,176.9149428711468,167.69707516759257,167.69707516759257
HeadM105_DaysToHeading,Lauppe,16,28,Local vs PRISM,183.62430442631845,173.92722948858022,173.92722948858022
HeadM105_DaysToHeading,Lauppe,16,29,Local vs PRISM,189.92117492790362,179.745603620679,179.745603620679
HeadM105_DaysToHeading,Lauppe,16,30,Local vs PRISM,195.42777896698215,184.75588267901233,184.75588267901233
HeadM105_DaysToHeading,Lauppe,16,31,Local vs PRISM,200.23159442367054,189.10526849259261,189.10526849259261
HeadM105_DaysToHeading,Lauppe,16,32,Local vs PRISM,203.52853408176907,191.97400306049383,191.97400306049383
HeadM105_DaysToHeading,Lauppe,16,33,Local vs PRISM,204.97097200338223,193.02677226049383,193.02677226049383
HeadM105_DaysToHeading,Lauppe,16,34,Local vs PRISM,205.22944198453422,192.9198343228395,192.9198343228395
HeadM105_DaysToHeading,Lauppe,16,35,Local vs PRISM,203.74393772891398,191.15684823796298,191.15684823796298
HeadM105_DaysToHeading,Lauppe,16,36,Local vs PRISM,201.4207652718504,188.2369904660494,188.2369904660494
HeadM105_DaysToHeading,Lauppe,16,37,Local vs PRISM,198.77885848067683,184.8138893083333,184.8138893083333
HeadM105_DaysToHeading,Lauppe,16,38,Local vs PRISM,196.31826802152466,181.7193100712963,181.7193100712963
HeadM105_DaysToHeading,Lauppe,16,39,Local vs PRISM,194.65913448939682,179.54791317623457,179.54791317623457
HeadM105_DaysToHeading,Lauppe,16,40,Local vs PRISM,193.64609138005045,178.09763431512349,178.09763431512349
HeadM105_DaysToHeading,Lauppe,17,25,Local vs PRISM,121.45086081949447,114.3275409611111,114.3275409611111
HeadM105_DaysToHeading,Lauppe,17,26,Local vs PRISM,126.54027494626811,119.09380639320986,119.09380639320986
HeadM105_DaysToHeading,Lauppe,17,27,Local vs PRISM,131.60023800517416,123.81602861543209,123.81602861543209
HeadM105_DaysToHeading,Lauppe,17,28,Local vs PRISM,136.63842937765807,128.50519528209875,128.50519528209875
HeadM105_DaysToHeading,Lauppe,17,29,Local vs PRISM,141.5850603244312,133.08039040185184,133.08039040185184
HeadM105_DaysToHeading,Lauppe,17,30,Local vs PRISM,146.4300765413065,137.52866328734567,137.52866328734567
HeadM105_DaysToHeading,Lauppe,17,31,Local vs PRISM,150.99603908415818,141.72545341080246,141.72545341080246
HeadM105_DaysToHeading,Lauppe,17,32,Local vs PRISM,154.82299269773526,145.18912625030865,145.18912625030865
HeadM105_DaysToHeading,Lauppe,17,33,Local vs PRISM,157.32707583658694,147.38174104444445,147.38174104444445
HeadM105_DaysToHeading,Lauppe,17,34,Local vs PRISM,158.929092612215,148.6786416265432,148.6786416265432
HeadM105_DaysToHeading,Lauppe,17,35,Local vs PRISM,159.48548870591557,148.9120856302469,148.9120856302469
HeadM105_DaysToHeading,Lauppe,17,36,Local vs PRISM,158.8766884899167,147.70779547283948,147.70779547283948
HeadM105_DaysToHeading,Lauppe,17,37,Local vs PRISM,157.7748323904899,145.88750517098765,145.88750517098765
HeadM105_DaysToHeading,Lauppe,17,38,Local vs PRISM,156.47369685215267,143.89556932469137,143.89556932469137
HeadM105_DaysToHeading,Lauppe,17,39,Local vs PRISM,155.29958215434422,142.12801662716052,142.12801662716052
HeadM105_DaysToHeading,Lauppe,17,40,Local vs PRISM,154.51982795859513,140.85117085864198,140.85117085864198
HeadM105_DaysToHeading,Lauppe,18,25,Local vs PRISM,77.78298547834115,73.08859853117283,73.08859853117283
HeadM105_DaysToHeading,Lauppe,18,26,Local vs PRISM,80.92970848055297,76.03304297561728,76.03304297561728
HeadM105_DaysToHeading,Lauppe,18,27,Local vs PRISM,84.07660752494762,78.97748742006172,78.97748742006172
HeadM105_DaysToHeading,Lauppe,18,28,Local vs PRISM,87.22167400861191,81.91770346944445,81.91770346944445
HeadM105_DaysToHeading,Lauppe,18,29,Local vs PRISM,90.34287924608783,84.80659235833333,84.80659235833333
HeadM105_DaysToHeading,Lauppe,18,30,Local vs PRISM,93.4522324463725,87.68470964228395,87.68470964228395
HeadM105_DaysToHeading,Lauppe,18,31,Local vs PRISM,96.32672721864685,90.3166540867284,90.3166540867284
HeadM105_DaysToHeading,Lauppe,18,32,Local vs PRISM,98.93448413393736,92.65980223487655,92.65980223487655
HeadM105_DaysToHeading,Lauppe,18,33,Local vs PRISM,101.11798430240356,94.50338248179013,94.50338248179013
HeadM105_DaysToHeading,Lauppe,18,34,Local vs PRISM,102.89549269781315,95.89276522314815,95.89276522314815
HeadM105_DaysToHeading,Lauppe,18,35,Local vs PRISM,104.08727412520358,96.66370969135804,96.66370969135804
HeadM105_DaysToHeading,Lauppe,18,36,Local vs PRISM,104.29145394470251,96.31290101882718,96.31290101882718
HeadM105_DaysToHeading,Lauppe,18,37,Local vs PRISM,103.914898577209,95.3468165462963,95.3468165462963
HeadM105_DaysToHeading,Lauppe,18,38,Local vs PRISM,103.23225115470126,94.10969827654321,94.10969827654321
HeadM105_DaysToHeading,Lauppe,18,39,Local vs PRISM,102.40442290868185,92.81909547716049,92.81909547716049
HeadM105_DaysToHeading,Lauppe,18,40,Local vs PRISM,101.71654750511942,91.7214949617284,91.7214949617284
HeadM105_DaysToHeading,Lauppe,19,25,Local vs PRISM,51.251520804898256,44.482979023456785,44.482979023456785
HeadM105_DaysToHeading,Lauppe,19,26,Local vs PRISM,53.242835742732304,46.20520124567901,46.20520124567901
HeadM105_DaysToHeading,Lauppe,19,27,Local vs PRISM,55.23427536851254,47.92742346790123,47.92742346790123
HeadM105_DaysToHeading,Lauppe,19,28,Local vs PRISM,57.22573610319941,49.645417295061726,49.645417295061726
HeadM105_DaysToHeading,Lauppe,19,29,Local vs PRISM,59.21649338968244,51.31208396172839,51.31208396172839
HeadM105_DaysToHeading,Lauppe,19,30,Local vs PRISM,61.20785330484633,52.978750628395055,52.978750628395055
HeadM105_DaysToHeading,Lauppe,19,31,Local vs PRISM,63.177527227702164,54.60751606049382,54.67271458086419
HeadM105_DaysToHeading,Lauppe,19,32,Local vs PRISM,65.11532336186006,56.19251606049382,56.3688256919753
HeadM105_DaysToHeading,Lauppe,19,33,Local vs PRISM,66.8745008908456,57.599460504938264,57.88688124753086
HeadM105_DaysToHeading,Lauppe,19,34,Local vs PRISM,68.52223952574826,58.83174448086419,59.289288680246905
HeadM105_DaysToHeading,Lauppe,19,35,Local vs PRISM,69.91220854827108,59.694201294753086,60.38038746944444
HeadM105_DaysToHeading,Lauppe,19,36,Local vs PRISM,70.72361081006487,59.79429388734568,60.81381339537037
HeadM105_DaysToHeading,Lauppe,19,37,Local vs PRISM,71.11298101549795,59.49265696111111,60.84550980246914
HeadM105_DaysToHeading,Lauppe,19,38,Local vs PRISM,71.16294067015463,59.01585553024692,60.66498615925926
HeadM105_DaysToHeading,Lauppe,19,39,Local vs PRISM,70.85498841539645,58.28405311666667,60.063939276543216
HeadM105_DaysToHeading,Lauppe,19,40,Local vs PRISM,70.53600681420478,57.60328038827161,59.44162212222222
HeadM105_DaysToHeading,Lauppe,20,25,Local vs PRISM,35.72739804894867,28.163451892901232,30.97811972191358
HeadM105_DaysToHeading,Lauppe,20,26,Local vs PRISM,37.0702824854881,29.21900744845679,32.14478638858024
HeadM105_DaysToHeading,Lauppe,20,27,Local vs PRISM,38.41322463515476,30.274563004012343,33.311453055246915
HeadM105_DaysToHeading,Lauppe,20,28,Local vs PRISM,39.756218649400594,31.3301185595679,34.47811972191358
HeadM105_DaysToHeading,Lauppe,20,29,Local vs PRISM,41.09925944391389,32.38567411512346,35.64478638858025
HeadM105_DaysToHeading,Lauppe,20,30,Local vs PRISM,42.44234257776606,33.441229670679014,36.811453055246915
HeadM105_DaysToHeading,Lauppe,20,31,Local vs PRISM,43.727422450737684,34.45888399166667,37.94021848734568
HeadM105_DaysToHeading,Lauppe,20,32,Local vs PRISM,44.97639858213328,35.445828436111114,39.038274042901236
HeadM105_DaysToHeading,Lauppe,20,33,Local vs PRISM,46.1783961025329,36.37882226327161,40.08237898117284
HeadM105_DaysToHeading,Lauppe,20,34,Local vs PRISM,47.348643866918266,37.26521117746914,41.079879006481484
HeadM105_DaysToHeading,Lauppe,20,35,Local vs PRISM,48.467509565633215,38.02987167129629,42.0062061669753
HeadM105_DaysToHeading,Lauppe,20,36,Local vs PRISM,49.08300886093354,38.37014944907408,42.56870616697531
HeadM105_DaysToHeading,Lauppe,20,37,Local vs PRISM,49.50051923515202,38.515439641975306,43.02510747098765
HeadM105_DaysToHeading,Lauppe,20,38,Local vs PRISM,49.61730495693982,38.484474231481485,43.24598625493827
HeadM105_DaysToHeading,Lauppe,20,39,Local vs PRISM,49.39637657801835,38.19499286419753,43.17872710987654
HeadM105_DaysToHeading,Lauppe,20,40,Local vs PRISM,49.07565402592569,37.858276317901236,43.01722173024691
HeadM105_DaysToHeading,Rehmann,10,25,Local vs PRISM,13.170090353238095,2.0728700138889167,10.927037638888862
HeadM105_DaysToHeading,Rehmann,10,26,Local vs PRISM,13.04951264401179,1.9904160222222629,10.429250193055537
HeadM105_DaysToHeading,Rehmann,10,27,Local vs PRISM,12.520670027938873,1.7473886576388793,10.189556257638884
HeadM105_DaysToHeading,Rehmann,10,28,Local vs PRISM,11.607092061982131,1.4356901208333284,9.669330336111102
HeadM105_DaysToHeading,Rehmann,10,29,Local vs PRISM,10.326201127744117,-0.24717850208332948,8.33557298958334
HeadM105_DaysToHeading,Rehmann,10,30,Local vs PRISM,10.2223525731149,-3.2882600798611463,8.569018917361149
HeadM105_DaysToHeading,Rehmann,10,31,Local vs PRISM,11.361108476460634,-7.391673204166665,9.421552504166726
HeadM105_DaysToHeading,Rehmann,10,32,Local vs PRISM,15.271126087585591,-13.182574416666682,13.182574416666682
HeadM105_DaysToHeading,Rehmann,10,33,Local vs PRISM,21.05188778657487,-19.19400873402776,19.19400873402776
HeadM105_DaysToHeading,Rehmann,10,34,Local vs PRISM,26.858645957675957,-25.172243829861088,25.172243829861088
HeadM105_DaysToHeading,Rehmann,10,35,Local vs PRISM,32.10857785204412,-30.37379140208327,30.37379140208327
HeadM105_DaysToHeading,Rehmann,10,36,Local vs PRISM,36.52176949888285,-34.696224181944444,34.696224181944444
HeadM105_DaysToHeading,Rehmann,10,37,Local vs PRISM,39.55829783943597,-37.799085739583404,37.799085739583404
HeadM105_DaysToHeading,Rehmann,10,38,Local vs PRISM,41.101494679888255,-39.34888201041667,39.34888201041667
HeadM105_DaysToHeading,Rehmann,10,39,Local vs PRISM,42.232738017027806,-40.38757863541667,40.38757863541667
HeadM105_DaysToHeading,Rehmann,10,40,Local vs PRISM,43.01563313626579,-41.238792072916624,41.238792072916624
HeadM105_DaysToHeading,Rehmann,11,25,Local vs PRISM,28.87914804817112,8.89281975486108,26.3290980020833
HeadM105_DaysToHeading,Rehmann,11,26,Local vs PRISM,30.133879249467313,9.119903173611078,27.52548703333332
HeadM105_DaysToHeading,Rehmann,11,27,Local vs PRISM,30.44246183403887,9.040236886111103,28.057319941666634
HeadM105_DaysToHeading,Rehmann,11,28,Local vs PRISM,30.794525672041267,8.655302204166645,28.78038563472225
HeadM105_DaysToHeading,Rehmann,11,29,Local vs PRISM,31.388565418773826,6.912086359027768,29.873670243750013
HeadM105_DaysToHeading,Rehmann,11,30,Local vs PRISM,31.669228883222193,3.9743797104166845,30.389185992361178
HeadM105_DaysToHeading,Rehmann,11,31,Local vs PRISM,31.164510856328793,-0.20287385208337128,29.990823340972213
HeadM105_DaysToHeading,Rehmann,11,32,Local vs PRISM,31.464552762571394,-5.99377506458336,29.918699985416595
HeadM105_DaysToHeading,Rehmann,11,33,Local vs PRISM,34.58761664845264,-12.032612156249996,31.604806911805525
HeadM105_DaysToHeading,Rehmann,11,34,Local vs PRISM,38.52014848404111,-18.01084725208341,33.570515656249995
HeadM105_DaysToHeading,Rehmann,11,35,Local vs PRISM,42.098952107654824,-23.21239482430559,34.9279421659723
HeadM105_DaysToHeading,Rehmann,11,36,Local vs PRISM,44.354447943819494,-27.53482760416665,34.681147773611144
HeadM105_DaysToHeading,Rehmann,11,37,Local vs PRISM,45.66693645944966,-30.637689161805554,33.74389646041669
HeadM105_DaysToHeading,Rehmann,11,38,Local vs PRISM,46.43343315321169,-32.18748543263882,34.52229742291661
HeadM105_DaysToHeading,Rehmann,11,39,Local vs PRISM,46.759462841474836,-33.22618205763888,35.23254681180549
HeadM105_DaysToHeading,Rehmann,11,40,Local vs PRISM,46.77349545678011,-34.07739549513883,35.207304957638826
HeadM105_DaysToHeading,Rehmann,12,25,Local vs PRISM,13.802530408136052,5.563094609722242,9.821735174999986
HeadM105_DaysToHeading,Rehmann,12,26,Local vs PRISM,13.944043099685828,5.3792057305555545,9.873512863888891
HeadM105_DaysToHeading,Rehmann,12,27,Local vs PRISM,13.37227086470978,4.887844880555548,9.854152059722225
HeadM105_DaysToHeading,Rehmann,12,28,Local vs PRISM,12.269607386292263,3.7580005319444467,9.403724354166684
HeadM105_DaysToHeading,Rehmann,12,29,Local vs PRISM,10.982724675578696,1.1122707388888955,8.452411302777733
HeadM105_DaysToHeading,Rehmann,12,30,Local vs PRISM,10.635413414780409,-2.5929496291666965,10.057440681944456
HeadM105_DaysToHeading,Rehmann,12,31,Local vs PRISM,11.354706777494759,-7.186077997222185,11.166814165277742
HeadM105_DaysToHeading,Rehmann,12,32,Local vs PRISM,15.634540094110028,-13.387826414583316,13.584454340972258
HeadM105_DaysToHeading,Rehmann,12,33,Local vs PRISM,21.90852101286333,-19.547010728472202,19.547010728472202
HeadM105_DaysToHeading,Rehmann,12,34,Local vs PRISM,27.993850807022497,-25.44887081666667,25.44887081666667
HeadM105_DaysToHeading,Rehmann,12,35,Local vs PRISM,33.443480405954595,-30.67115603680557,30.67115603680557
HeadM105_DaysToHeading,Rehmann,12,36,Local vs PRISM,37.776792079637566,-35.03956103888882,35.03956103888882
HeadM105_DaysToHeading,Rehmann,12,37,Local vs PRISM,40.61247920625514,-38.14242259652781,38.14242259652781
HeadM105_DaysToHeading,Rehmann,12,38,Local vs PRISM,42.062279081343526,-39.692218867361134,39.692218867361134
HeadM105_DaysToHeading,Rehmann,12,39,Local vs PRISM,43.07143447103399,-40.73091549236102,40.73091549236102
HeadM105_DaysToHeading,Rehmann,12,40,Local vs PRISM,43.74241200877566,-41.582128929861085,41.582128929861085
HeadM105_DaysToHeading,Rehmann,13,25,Local vs PRISM,82.0549483292754,-22.70843379236112,66.20259527430551
HeadM105_DaysToHeading,Rehmann,13,26,Local vs PRISM,85.90494538170972,-24.149642053472235,69.3785257576389
HeadM105_DaysToHeading,Rehmann,13,27,Local vs PRISM,89.30348241342887,-25.76661429861113,72.28230355833333
HeadM105_DaysToHeading,Rehmann,13,28,Local vs PRISM,92.6644797119509,-27.99230588125002,75.47697306041667
HeadM105_DaysToHeading,Rehmann,13,29,Local vs PRISM,96.07967859421265,-31.537734565277788,79.30693389166669
HeadM105_DaysToHeading,Rehmann,13,30,Local vs PRISM,100.04283851098752,-35.997131440972225,83.56803693124999
HeadM105_DaysToHeading,Rehmann,13,31,Local vs PRISM,103.54068444417642,-41.5198793763889,87.12892968194447
HeadM105_DaysToHeading,Rehmann,13,32,Local vs PRISM,107.46774681107536,-48.05354937430559,91.08356527152785
HeadM105_DaysToHeading,Rehmann,13,33,Local vs PRISM,111.96288626180882,-54.28199746597218,96.2900887326389
HeadM105_DaysToHeading,Rehmann,13,34,Local vs PRISM,115.70887481460868,-60.14282992152778,100.85375544513892
HeadM105_DaysToHeading,Rehmann,13,35,Local vs PRISM,119.1639434137105,-65.34036496597224,104.6779448409722
HeadM105_DaysToHeading,Rehmann,13,36,Local vs PRISM,122.42522113721724,-69.66468542986112,107.48015208125
HeadM105_DaysToHeading,Rehmann,13,37,Local vs PRISM,124.7991411361332,-72.7675469875,109.21942827777781
HeadM105_DaysToHeading,Rehmann,13,38,Local vs PRISM,126.07492864857387,-74.2871681444444,110.18547552083331
HeadM105_DaysToHeading,Rehmann,13,39,Local vs PRISM,127.24643491284625,-75.32586476944445,110.89572490972225
HeadM105_DaysToHeading,Rehmann,13,40,Local vs PRISM,127.72147407245141,-76.17707820694443,110.87048305555555
HeadM105_DaysToHeading,Rehmann,14,25,Local vs PRISM,157.81199515234078,-105.22456477638889,149.3185194513889
HeadM105_DaysToHeading,Rehmann,14,26,Local vs PRISM,165.75523462117494,-110.93414810972223,156.77810278472225
HeadM105_DaysToHeading,Rehmann,14,27,Local vs PRISM,173.74153422038586,-116.68852310972224,164.27372778472224
HeadM105_DaysToHeading,Rehmann,14,28,Local vs PRISM,181.65584555558775,-122.57903415000004,171.63321674444444
HeadM105_DaysToHeading,Rehmann,14,29,Local vs PRISM,189.58084827738693,-129.0348631375,178.87897126944443
HeadM105_DaysToHeading,Rehmann,14,30,Local vs PRISM,197.84742125825798,-136.46116289999998,186.32919941805557
HeadM105_DaysToHeading,Rehmann,14,31,Local vs PRISM,205.65575871568768,-144.04474518541667,193.0137570076389
HeadM105_DaysToHeading,Rehmann,14,32,Local vs PRISM,213.51312164342488,-152.05476657500003,199.44009653472227
HeadM105_DaysToHeading,Rehmann,14,33,Local vs PRISM,221.75121871533193,-159.6295018215278,206.5809435006945
HeadM105_DaysToHeading,Rehmann,14,34,Local vs PRISM,228.93641211149685,-166.40706932430555,212.47154206875
HeadM105_DaysToHeading,Rehmann,14,35,Local vs PRISM,235.04238912994236,-172.1452385138889,217.37204065833333
HeadM105_DaysToHeading,Rehmann,14,36,Local vs PRISM,239.55433890972682,-176.74901722708336,220.80320585069444
HeadM105_DaysToHeading,Rehmann,14,37,Local vs PRISM,242.0389958473364,-179.90311100625,222.61138871458334
HeadM105_DaysToHeading,Rehmann,14,38,Local vs PRISM,243.29199976004654,-181.42273216319444,223.5774359576389
HeadM105_DaysToHeading,Rehmann,14,39,Local vs PRISM,244.1776500041596,-182.46142878819444,224.28768534652778
HeadM105_DaysToHeading,Rehmann,14,40,Local vs PRISM,244.50059970541616,-183.31264222569445,224.26244349236111
HeadM105_DaysToHeading,Rehmann,15,25,Local vs PRISM,129.9332779543331,-55.89393654305557,129.00970315555554
HeadM105_DaysToHeading,Rehmann,15,26,Local vs PRISM,136.08729805795844,-58.76893654305557,135.13470315555554
HeadM105_DaysToHeading,Rehmann,15,27,Local vs PRISM,142.23688152557352,-61.648311543055556,141.25532815555556
HeadM105_DaysToHeading,Rehmann,15,28,Local vs PRISM,148.13140309072156,-64.75692265416666,147.14671704444444
HeadM105_DaysToHeading,Rehmann,15,29,Local vs PRISM,153.77793225254018,-68.39695169027777,152.8320492263889
HeadM105_DaysToHeading,Rehmann,15,30,Local vs PRISM,159.56616506431848,-72.58473906111111,158.68403956527777
HeadM105_DaysToHeading,Rehmann,15,31,Local vs PRISM,165.23828079622734,-76.97866810069445,164.4125550201389
HeadM105_DaysToHeading,Rehmann,15,32,Local vs PRISM,170.90565158245968,-81.93492326180555,170.13663291319443
HeadM105_DaysToHeading,Rehmann,15,33,Local vs PRISM,176.9437013609295,-86.73670048263891,176.15457707430556
HeadM105_DaysToHeading,Rehmann,15,34,Local vs PRISM,182.35473528516553,-91.44040583333333,181.49326013888887
HeadM105_DaysToHeading,Rehmann,15,35,Local vs PRISM,186.272153844676,-95.47880750902777,185.40916588819445
HeadM105_DaysToHeading,Rehmann,15,36,Local vs PRISM,188.86088374553935,-98.93827205138886,188.0673949222222
HeadM105_DaysToHeading,Rehmann,15,37,Local vs PRISM,190.32358776953566,-101.53399113958332,189.5672030951389
HeadM105_DaysToHeading,Rehmann,15,38,Local vs PRISM,191.11186765438066,-102.87587458402778,190.3619871201389
HeadM105_DaysToHeading,Rehmann,15,39,Local vs PRISM,191.78778983315982,-103.91457120902777,191.0722365090278
HeadM105_DaysToHeading,Rehmann,15,40,Local vs PRISM,191.76898076034422,-104.76578464652779,191.04699465486112
HeadM105_DaysToHeading,Rehmann,16,25,Local vs PRISM,78.68668435759942,12.810540675694451,60.60826340763889
HeadM105_DaysToHeading,Rehmann,16,26,Local vs PRISM,82.2028261041966,13.310540675694451,63.35826340763889
HeadM105_DaysToHeading,Rehmann,16,27,Local vs PRISM,85.71910489407301,13.810540675694451,66.10826340763889
HeadM105_DaysToHeading,Rehmann,16,28,Local vs PRISM,89.03308502334471,14.201929564583335,68.74965229652777
HeadM105_DaysToHeading,Rehmann,16,29,Local vs PRISM,91.5513509948959,14.102901786805557,71.00243007430555
HeadM105_DaysToHeading,Rehmann,16,30,Local vs PRISM,93.96249770644499,13.852901786805557,73.25243007430555
HeadM105_DaysToHeading,Rehmann,16,31,Local vs PRISM,96.0000053985761,13.28109623125,75.38256896319444
HeadM105_DaysToHeading,Rehmann,16,32,Local vs PRISM,98.19554134346316,12.361619955555561,77.8806203736111
HeadM105_DaysToHeading,Rehmann,16,33,Local vs PRISM,100.43591079362125,11.158842292361108,80.60159248125001
HeadM105_DaysToHeading,Rehmann,16,34,Local vs PRISM,102.4723204603362,9.718984301388893,83.26990040833334
HeadM105_DaysToHeading,Rehmann,16,35,Local vs PRISM,103.8490194488372,8.337407843055551,85.28038013194444
HeadM105_DaysToHeading,Rehmann,16,36,Local vs PRISM,104.57986388643508,6.348393927083336,87.0378662701389
HeadM105_DaysToHeading,Rehmann,16,37,Local vs PRISM,104.5852124347484,4.551938885416675,87.98841039652778
HeadM105_DaysToHeading,Rehmann,16,38,Local vs PRISM,104.9834733815857,3.231680482638879,89.01156937986111
HeadM105_DaysToHeading,Rehmann,16,39,Local vs PRISM,105.28471950488361,2.1422074756944554,89.80409794236112
HeadM105_DaysToHeading,Rehmann,16,40,Local vs PRISM,104.99240744140481,1.4159940381944551,89.90385608819444
HeadM105_DaysToHeading,Rehmann,17,25,Local vs PRISM,45.76155279324259,15.679884671527777,37.924330014583326
HeadM105_DaysToHeading,Rehmann,17,26,Local vs PRISM,47.71351740678836,16.304884671527777,39.549330014583326
HeadM105_DaysToHeading,Rehmann,17,27,Local vs PRISM,49.66552901769055,16.929884671527777,41.174330014583326
HeadM105_DaysToHeading,Rehmann,17,28,Local vs PRISM,51.617582294081046,17.554884671527773,42.799330014583326
HeadM105_DaysToHeading,Rehmann,17,29,Local vs PRISM,53.40895194485212,18.025370782638888,44.37162168125
HeadM105_DaysToHeading,Rehmann,17,30,Local vs PRISM,55.200250360250436,18.400370782638888,45.99662168125
HeadM105_DaysToHeading,Rehmann,17,31,Local vs PRISM,56.9933691916975,18.775370782638888,47.62162168125
HeadM105_DaysToHeading,Rehmann,17,32,Local vs PRISM,58.76816757028014,19.154593050694444,49.209343857638885
HeadM105_DaysToHeading,Rehmann,17,33,Local vs PRISM,60.24571157537547,19.36869027291666,50.5134410798611
HeadM105_DaysToHeading,Rehmann,17,34,Local vs PRISM,61.44322832364971,19.261176792361105,51.749426782638885
HeadM105_DaysToHeading,Rehmann,17,35,Local vs PRISM,62.04163393437765,19.02049071458333,52.52829669513889
HeadM105_DaysToHeading,Rehmann,17,36,Local vs PRISM,62.23659542962203,18.13812952708333,53.15468566041667
HeadM105_DaysToHeading,Rehmann,17,37,Local vs PRISM,61.83244124215239,16.968950119444436,53.252784343055545
HeadM105_DaysToHeading,Rehmann,17,38,Local vs PRISM,61.607172710656016,15.999605638194442,53.3668013798611
HeadM105_DaysToHeading,Rehmann,17,39,Local vs PRISM,61.496614322761296,14.903632867361111,53.57513465069444
HeadM105_DaysToHeading,Rehmann,17,40,Local vs PRISM,61.16667718959746,14.116447207638885,53.6276703798611
HeadM105_DaysToHeading,Rehmann,18,25,Local vs PRISM,29.674640342449468,13.020542671527778,24.16123786041667
HeadM105_DaysToHeading,Rehmann,18,26,Local vs PRISM,30.89859233515351,13.520542671527778,25.16123786041667
HeadM105_DaysToHeading,Rehmann,18,27,Local vs PRISM,32.12260476882728,14.020542671527778,26.16123786041667
HeadM105_DaysToHeading,Rehmann,18,28,Local vs PRISM,33.346670987889674,14.520542671527778,27.16123786041667
HeadM105_DaysToHeading,Rehmann,18,29,Local vs PRISM,34.60961067007494,14.969639893749996,28.21214063819445
HeadM105_DaysToHeading,Rehmann,18,30,Local vs PRISM,35.93048059102773,15.344639893749996,29.33714063819445
HeadM105_DaysToHeading,Rehmann,18,31,Local vs PRISM,37.25317060694668,15.719639893749996,30.46214063819445
HeadM105_DaysToHeading,Rehmann,18,32,Local vs PRISM,38.56084603446687,16.115389939583334,31.566390592361113
HeadM105_DaysToHeading,Rehmann,18,33,Local vs PRISM,39.78538785561298,16.60261216180556,32.55361281458334
HeadM105_DaysToHeading,Rehmann,18,34,Local vs PRISM,41.00962585605362,16.97761216180556,33.48019627013889
HeadM105_DaysToHeading,Rehmann,18,35,Local vs PRISM,42.28404812269163,17.253598055555557,34.63573815416667
HeadM105_DaysToHeading,Rehmann,18,36,Local vs PRISM,43.22765428450243,16.947486868055556,35.588377119444445
HeadM105_DaysToHeading,Rehmann,18,37,Local vs PRISM,43.74569143157464,16.529958934027775,36.13034949791666
HeadM105_DaysToHeading,Rehmann,18,38,Local vs PRISM,43.79712686600148,16.17816705,36.24936360416667
HeadM105_DaysToHeading,Rehmann,18,39,Local vs PRISM,43.819619040605644,15.40581936249999,36.35032220833334
HeadM105_DaysToHeading,Rehmann,18,40,Local vs PRISM,43.658094406540144,14.789883702777775,36.3241079375
HeadM105_DaysToHeading,Rehmann,19,25,Local vs PRISM,28.530071528677997,18.817180311111112,24.1014308
HeadM105_DaysToHeading,Rehmann,19,26,Local vs PRISM,29.702194709563404,19.567180311111112,25.1014308
HeadM105_DaysToHeading,Rehmann,19,27,Local vs PRISM,30.87435440131744,20.317180311111112,26.1014308
HeadM105_DaysToHeading,Rehmann,19,28,Local vs PRISM,32.04654659758962,21.067180311111112,27.1014308
HeadM105_DaysToHeading,Rehmann,19,29,Local vs PRISM,33.23817753067249,21.766277533333337,28.152333577777775
HeadM105_DaysToHeading,Rehmann,19,30,Local vs PRISM,34.45958887586784,22.391277533333337,29.277333577777775
HeadM105_DaysToHeading,Rehmann,19,31,Local vs PRISM,35.682980332746425,23.016277533333337,30.402333577777775
HeadM105_DaysToHeading,Rehmann,19,32,Local vs PRISM,36.89931006835553,23.662027579166672,31.50658353194444
HeadM105_DaysToHeading,Rehmann,19,33,Local vs PRISM,38.071900732507714,24.412027579166672,32.506583531944436
HeadM105_DaysToHeading,Rehmann,19,34,Local vs PRISM,39.24449219000291,25.162027579166672,33.506583531944436
HeadM105_DaysToHeading,Rehmann,19,35,Local vs PRISM,40.45547340082734,25.771263690277785,34.62637519861111
HeadM105_DaysToHeading,Rehmann,19,36,Local vs PRISM,41.4290888812768,26.087374801388894,35.69248630972221
HeadM105_DaysToHeading,Rehmann,19,37,Local vs PRISM,42.12370930557262,26.41984686736112,36.48445868819444
HeadM105_DaysToHeading,Rehmann,19,38,Local vs PRISM,42.59773539949342,26.868944089583337,36.96036146597222
HeadM105_DaysToHeading,Rehmann,19,39,Local vs PRISM,42.87468749066949,26.81922186736111,37.263694799305554
HeadM105_DaysToHeading,Rehmann,19,40,Local vs PRISM,43.00794741645805,26.552111186805554,37.53080547986111
HeadM105_DaysToHeading,Rehmann,20,25,Local vs PRISM,11.74000045833333,-5.870000229166665,5.870000229166665
HeadM105_DaysToHeading,Rehmann,20,26,Local vs PRISM,12.24000045833333,-6.120000229166665,6.120000229166665
HeadM105_DaysToHeading,Rehmann,20,27,Local vs PRISM,12.74000045833333,-6.370000229166665,6.370000229166665
HeadM105_DaysToHeading,Rehmann,20,28,Local vs PRISM,13.24000045833333,-6.620000229166665,6.620000229166665
HeadM105_DaysToHeading,Rehmann,20,29,Local vs PRISM,13.841806013888885,-6.920903006944442,6.920903006944442
HeadM105_DaysToHeading,Rehmann,20,30,Local vs PRISM,14.591806013888885,-7.295903006944442,7.295903006944442
HeadM105_DaysToHeading,Rehmann,20,31,Local vs PRISM,15.341806013888885,-7.670903006944442,7.670903006944442
HeadM105_DaysToHeading,Rehmann,20,32,Local vs PRISM,16.050305922222222,-8.025152961111111,8.025152961111111
HeadM105_DaysToHeading,Rehmann,20,33,Local vs PRISM,16.550305922222222,-8.275152961111111,8.275152961111111
HeadM105_DaysToHeading,Rehmann,20,34,Local vs PRISM,17.050305922222222,-8.525152961111111,8.525152961111111
HeadM105_DaysToHeading,Rehmann,20,35,Local vs PRISM,17.550305922222222,-8.775152961111111,8.775152961111111
HeadM105_DaysToHeading,Rehmann,20,36,Local vs PRISM,18.050305922222222,-9.025152961111111,9.025152961111111
HeadM105_DaysToHeading,Rehmann,20,37,Local vs PRISM,18.296556074999998,-9.148278037499999,9.148278037499999
HeadM105_DaysToHeading,Rehmann,20,38,Local vs PRISM,18.323361630555553,-9.161680815277776,9.161680815277776
HeadM105_DaysToHeading,Rehmann,20,39,Local vs PRISM,18.67641718611111,-9.338208593055555,9.338208593055555
HeadM105_DaysToHeading,Rehmann,20,40,Local vs PRISM,19.210638547222224,-9.605319273611112,9.605319273611112
HeadM105_DaysToHeading,Schohr,10,25,Local vs PRISM,49.64620609366452,25.833010864506164,40.48876812253084
HeadM105_DaysToHeading,Schohr,10,26,Local vs PRISM,49.80212177552017,25.327191417592594,40.55141154969135
HeadM105_DaysToHeading,Schohr,10,27,Local vs PRISM,49.704456406281054,24.65302864413579,40.573384099074055
HeadM105_DaysToHeading,Schohr,10,28,Local vs PRISM,49.45126954113387,23.618260477777792,40.30897375123454
HeadM105_DaysToHeading,Schohr,10,29,Local vs PRISM,48.55361710507843,22.03018521944442,39.516055095370376
HeadM105_DaysToHeading,Schohr,10,30,Local vs PRISM,47.74588648390083,19.593914762037016,38.99660753672837
HeadM105_DaysToHeading,Schohr,10,31,Local vs PRISM,47.36601380515843,16.893988416358045,39.60521113302472
HeadM105_DaysToHeading,Schohr,10,32,Local vs PRISM,47.27944632565811,13.20323124382714,40.11800882654323
HeadM105_DaysToHeading,Schohr,10,33,Local vs PRISM,47.81522991905826,9.43471238240742,40.366353172530836
HeadM105_DaysToHeading,Schohr,10,34,Local vs PRISM,50.207477299742465,5.8082573345679345,41.63254841666661
HeadM105_DaysToHeading,Schohr,10,35,Local vs PRISM,53.50653006970329,1.3447946830246513,43.08345586882711
HeadM105_DaysToHeading,Schohr,10,36,Local vs PRISM,57.36400120007665,-2.5544861953703983,44.87353664166668
HeadM105_DaysToHeading,Schohr,10,37,Local vs PRISM,60.972780144393894,-5.425515098456748,47.07161899969136
HeadM105_DaysToHeading,Schohr,10,38,Local vs PRISM,63.59228737718133,-7.527774028703687,48.75294434783953
HeadM105_DaysToHeading,Schohr,10,39,Local vs PRISM,65.08900321952534,-8.712547136728391,49.167885912654306
HeadM105_DaysToHeading,Schohr,10,40,Local vs PRISM,65.891029577388,-9.43243139907405,49.24854631697531
HeadM105_DaysToHeading,Schohr,11,25,Local vs PRISM,56.837714875494,32.147557299382726,46.741240991358005
HeadM105_DaysToHeading,Schohr,11,26,Local vs PRISM,57.29405160023466,31.85787547962966,47.0447134037037
HeadM105_DaysToHeading,Schohr,11,27,Local vs PRISM,57.38362704834635,31.362369526543173,47.208305736419724
HeadM105_DaysToHeading,Schohr,11,28,Local vs PRISM,57.28521895344769,30.579823527160507,47.085006444444424
HeadM105_DaysToHeading,Schohr,11,29,Local vs PRISM,56.44100754824247,29.060598256172803,46.334348912345654
HeadM105_DaysToHeading,Schohr,11,30,Local vs PRISM,55.36135136426444,26.6667166089506,45.25733950771601
HeadM105_DaysToHeading,Schohr,11,31,Local vs PRISM,54.417604262757315,24.017690192592553,44.35089516913578
HeadM105_DaysToHeading,Schohr,11,32,Local vs PRISM,53.83232243271842,20.326933020061702,44.587779181172905
HeadM105_DaysToHeading,Schohr,11,33,Local vs PRISM,53.854139242632854,16.55841415864201,44.836123527160424
HeadM105_DaysToHeading,Schohr,11,34,Local vs PRISM,55.81916575402333,12.931959110802508,46.1023187712963
HeadM105_DaysToHeading,Schohr,11,35,Local vs PRISM,58.67178263068243,8.468496459259276,47.55322622345679
HeadM105_DaysToHeading,Schohr,11,36,Local vs PRISM,62.11793160382051,4.569215580864226,50.08908471234568
HeadM105_DaysToHeading,Schohr,11,37,Local vs PRISM,65.46116153656557,1.6981866777778376,53.14002407037037
HeadM105_DaysToHeading,Schohr,11,38,Local vs PRISM,67.88971951593126,-0.40407225246915207,54.821349418518494
HeadM105_DaysToHeading,Schohr,11,39,Local vs PRISM,69.22096299037136,-1.588845360493906,55.23629098333337
HeadM105_DaysToHeading,Schohr,11,40,Local vs PRISM,69.88734747069279,-2.308729622839539,55.31695138765435
HeadM105_DaysToHeading,Schohr,12,25,Local vs PRISM,62.70851319646616,38.899122956172846,51.49207375987656
HeadM105_DaysToHeading,Schohr,12,26,Local vs PRISM,63.24352845324713,38.85705149320985,51.9125701604938
HeadM105_DaysToHeading,Schohr,12,27,Local vs PRISM,63.37210846647588,38.48192079537036,51.99203422932097
HeadM105_DaysToHeading,Schohr,12,28,Local vs PRISM,63.24135465514553,37.84924132407405,51.796490429629586
HeadM105_DaysToHeading,Schohr,12,29,Local vs PRISM,62.22807883703723,36.37245985185182,50.88636311604935
HeadM105_DaysToHeading,Schohr,12,30,Local vs PRISM,60.74411112431795,34.06251947006173,49.680558138580245
HeadM105_DaysToHeading,Schohr,12,31,Local vs PRISM,59.3723799501235,31.444209070061714,48.56502739104935
HeadM105_DaysToHeading,Schohr,12,32,Local vs PRISM,57.94736093367391,27.806012915740716,46.78389250154315
HeadM105_DaysToHeading,Schohr,12,33,Local vs PRISM,56.38941979123611,24.02781242345681,45.47645633148149
HeadM105_DaysToHeading,Schohr,12,34,Local vs PRISM,56.368708333986646,20.401357375617255,45.37104646759255
HeadM105_DaysToHeading,Schohr,12,35,Local vs PRISM,57.38392832681013,15.937894724074063,45.74694157592595
HeadM105_DaysToHeading,Schohr,12,36,Local vs PRISM,59.53300197815111,12.017113787962963,47.447411295370316
HeadM105_DaysToHeading,Schohr,12,37,Local vs PRISM,62.238079501834235,9.090529329320994,49.58628451203703
HeadM105_DaysToHeading,Schohr,12,38,Local vs PRISM,64.36713850558453,6.950893855864188,51.18132462314809
HeadM105_DaysToHeading,Schohr,12,39,Local vs PRISM,65.68810850217179,5.76612074783946,51.89965056450616
HeadM105_DaysToHeading,Schohr,12,40,Local vs PRISM,66.30428669307757,5.046236485493801,52.18905059228396
HeadM105_DaysToHeading,Schohr,13,25,Local vs PRISM,90.54336687411237,66.22028261234566,75.89239611296291
HeadM105_DaysToHeading,Schohr,13,26,Local vs PRISM,92.60711072063555,67.73041842469135,77.84697636975307
HeadM105_DaysToHeading,Schohr,13,27,Local vs PRISM,94.05836538500175,68.59643668611112,79.2113130558642
HeadM105_DaysToHeading,Schohr,13,28,Local vs PRISM,94.94118671682568,68.90412381944444,79.96961747314813
HeadM105_DaysToHeading,Schohr,13,29,Local vs PRISM,94.76118397504624,68.21868124660494,79.76917355648148
HeadM105_DaysToHeading,Schohr,13,30,Local vs PRISM,93.65597131155758,66.5167560138889,78.6112284867284
HeadM105_DaysToHeading,Schohr,13,31,Local vs PRISM,91.95278823304986,64.02507743055556,76.6653418830247
HeadM105_DaysToHeading,Schohr,13,32,Local vs PRISM,89.2009444048759,60.35475828919752,73.53635583364195
HeadM105_DaysToHeading,Schohr,13,33,Local vs PRISM,85.66826566120237,56.335778044444446,69.6358026777778
HeadM105_DaysToHeading,Schohr,13,34,Local vs PRISM,83.01756705581151,52.473921719753065,65.87085619320986
HeadM105_DaysToHeading,Schohr,13,35,Local vs PRISM,80.72869240167172,47.767681349691394,63.38559067067906
HeadM105_DaysToHeading,Schohr,13,36,Local vs PRISM,79.43769821782566,43.56912263580245,64.47969005987652
HeadM105_DaysToHeading,Schohr,13,37,Local vs PRISM,79.46970827814476,40.36476039938272,66.67411883209877
HeadM105_DaysToHeading,Schohr,13,38,Local vs PRISM,79.73519946554764,38.02802616049377,68.17390512962962
HeadM105_DaysToHeading,Schohr,13,39,Local vs PRISM,79.86641446204624,36.7846110771605,68.62096634876539
HeadM105_DaysToHeading,Schohr,13,40,Local vs PRISM,79.99333688060018,36.05546755555554,68.7108860123457
HeadM105_DaysToHeading,Schohr,14,25,Local vs PRISM,87.37386572121986,58.44055489104937,72.02820462561728
HeadM105_DaysToHeading,Schohr,14,26,Local vs PRISM,90.1321210264626,60.078604889506174,74.33292129074074
HeadM105_DaysToHeading,Schohr,14,27,Local vs PRISM,92.76759941408228,61.425123705246925,76.325906679321
HeadM105_DaysToHeading,Schohr,14,28,Local vs PRISM,94.89155271833029,62.321828073456786,77.78433944259257
HeadM105_DaysToHeading,Schohr,14,29,Local vs PRISM,95.97700723757039,62.3052134839506,78.3566742450617
HeadM105_DaysToHeading,Schohr,14,30,Local vs PRISM,95.9429769707888,61.16034467067905,77.7920523453704
HeadM105_DaysToHeading,Schohr,14,31,Local vs PRISM,95.20128131184723,59.03424599845678,76.37916826512343
HeadM105_DaysToHeading,Schohr,14,32,Local vs PRISM,93.27819555363982,55.60258469506172,74.7083657876543
HeadM105_DaysToHeading,Schohr,14,33,Local vs PRISM,90.45420622669567,51.70972197499998,72.64049605092592
HeadM105_DaysToHeading,Schohr,14,34,Local vs PRISM,88.07970180023119,47.77808106543211,72.48485141975308
HeadM105_DaysToHeading,Schohr,14,35,Local vs PRISM,85.64646625557269,42.996636976543186,72.47881449506173
HeadM105_DaysToHeading,Schohr,14,36,Local vs PRISM,84.11899070487112,38.76104122561727,72.6123956854938
HeadM105_DaysToHeading,Schohr,14,37,Local vs PRISM,84.11372299877137,35.59362835216047,73.491589157716
HeadM105_DaysToHeading,Schohr,14,38,Local vs PRISM,84.4817088586522,33.28464963858024,74.14062018919749
HeadM105_DaysToHeading,Schohr,14,39,Local vs PRISM,84.75442322310535,32.04123455524694,74.32733567993823
HeadM105_DaysToHeading,Schohr,14,40,Local vs PRISM,84.94876479531612,31.312091033641977,74.30614423240736
HeadM105_DaysToHeading,Schohr,15,25,Local vs PRISM,97.31569718500862,67.58372745061729,82.79676662098765
HeadM105_DaysToHeading,Schohr,15,26,Local vs PRISM,101.01367649655853,70.25622742932102,85.85537771080249
HeadM105_DaysToHeading,Schohr,15,27,Local vs PRISM,104.57120818801975,72.76483618703706,88.84113205370373
HeadM105_DaysToHeading,Schohr,15,28,Local vs PRISM,107.68189635546938,74.90364551111112,91.45602774320992
HeadM105_DaysToHeading,Schohr,15,29,Local vs PRISM,109.9554757059139,76.36743820709874,93.47249450277775
HeadM105_DaysToHeading,Schohr,15,30,Local vs PRISM,111.03780203864815,76.82329392037036,94.62069589506173
HeadM105_DaysToHeading,Schohr,15,31,Local vs PRISM,111.12577509573659,75.99937260925925,95.13344847592592
HeadM105_DaysToHeading,Schohr,15,32,Local vs PRISM,110.0500377905383,73.75926220586422,94.67013520895063
HeadM105_DaysToHeading,Schohr,15,33,Local vs PRISM,107.87764208998439,70.54713385370371,93.0739777419753
HeadM105_DaysToHeading,Schohr,15,34,Local vs PRISM,105.70623247627654,66.83828081141979,91.22199366882718
HeadM105_DaysToHeading,Schohr,15,35,Local vs PRISM,103.34264303734071,62.15864151728394,91.13132382901235
HeadM105_DaysToHeading,Schohr,15,36,Local vs PRISM,101.78308709151503,57.829683782407415,91.34947751697533
HeadM105_DaysToHeading,Schohr,15,37,Local vs PRISM,101.3937127751832,54.54498695833335,92.12373271759256
HeadM105_DaysToHeading,Schohr,15,38,Local vs PRISM,101.32916914188148,52.17387242870369,92.66736870092593
HeadM105_DaysToHeading,Schohr,15,39,Local vs PRISM,101.39663633427463,50.87573078055555,92.865168781172855
HeadM105_DaysToHeading,Schohr,15,40,Local vs PRISM,101.43954857033242,50.091031703395075,92.89953288919752
HeadM105_DaysToHeading,Schohr,16,25,Local vs PRISM,95.45363017108981,59.863736846913596,79.56244082777778
HeadM105_DaysToHeading,Schohr,16,26,Local vs PRISM,99.2219437272764,62.43636030370372,82.69061984012347
HeadM105_DaysToHeading,Schohr,16,27,Local vs PRISM,102.93964328754724,64.96080474814818,85.77061984012347
HeadM105_DaysToHeading,Schohr,16,28,Local vs PRISM,106.51695140794592,67.27586647654321,88.67432354382716
HeadM105_DaysToHeading,Schohr,16,29,Local vs PRISM,109.67711212436329,69.12446471635802,91.25761558425926
HeadM105_DaysToHeading,Schohr,16,30,Local vs PRISM,112.18390584603235,70.22547461080245,93.27220572561727
HeadM105_DaysToHeading,Schohr,16,31,Local vs PRISM,114.190789933995,70.38476608703705,94.78927497962962
HeadM105_DaysToHeading,Schohr,16,32,Local vs PRISM,115.32937801178213,69.24039571820988,95.35965499228394
HeadM105_DaysToHeading,Schohr,16,33,Local vs PRISM,115.92891470453182,67.13705194907408,94.73447593364197
HeadM105_DaysToHeading,Schohr,16,34,Local vs PRISM,116.57832463729216,64.17516768919754,93.37709204598764
HeadM105_DaysToHeading,Schohr,16,35,Local vs PRISM,116.84134231807423,59.90278224938275,93.09805874753086
HeadM105_DaysToHeading,Schohr,16,36,Local vs PRISM,117.49708268752903,55.84517744259262,94.83528137037038
HeadM105_DaysToHeading,Schohr,16,37,Local vs PRISM,118.6780281372958,52.69103596203704,96.93330128240738
HeadM105_DaysToHeading,Schohr,16,38,Local vs PRISM,119.67734807236448,50.35206575864201,98.33208133271604
HeadM105_DaysToHeading,Schohr,16,39,Local vs PRISM,120.36398726471296,49.0981421197531,98.76654391604937
HeadM105_DaysToHeading,Schohr,16,40,Local vs PRISM,120.67228402816284,48.36899859814817,98.8564635796296
HeadM105_DaysToHeading,Schohr,17,25,Local vs PRISM,102.88508767526888,62.14623607777777,77.19027348333333
HeadM105_DaysToHeading,Schohr,17,26,Local vs PRISM,107.03651998398213,64.86845829999999,80.24582903888889
HeadM105_DaysToHeading,Schohr,17,27,Local vs PRISM,111.15961219596916,67.56290274444443,83.27360681666667
HeadM105_DaysToHeading,Schohr,17,28,Local vs PRISM,115.17818285095274,70.1481805222222,86.22530434753085
HeadM105_DaysToHeading,Schohr,17,29,Local vs PRISM,118.95623260794224,72.46338492160493,88.98495319135802
HeadM105_DaysToHeading,Schohr,17,30,Local vs PRISM,122.55687133087936,74.52776144290124,91.49377415709877
HeadM105_DaysToHeading,Schohr,17,31,Local vs PRISM,125.86922270446111,76.11544480277777,93.57077850462963
HeadM105_DaysToHeading,Schohr,17,32,Local vs PRISM,128.49368604778857,76.74075345308644,94.86154377901235
HeadM105_DaysToHeading,Schohr,17,33,Local vs PRISM,130.77166748006766,76.41818006203708,95.06142718487656
HeadM105_DaysToHeading,Schohr,17,34,Local vs PRISM,132.7342329030608,74.88605653580248,94.56272333703703
HeadM105_DaysToHeading,Schohr,17,35,Local vs PRISM,134.24965935715858,71.64441343148148,95.22731544506172
HeadM105_DaysToHeading,Schohr,17,36,Local vs PRISM,135.70580570507434,68.12741958487653,97.16837028919751
HeadM105_DaysToHeading,Schohr,17,37,Local vs PRISM,137.18885163715618,65.09564841018519,99.19936538425925
HeadM105_DaysToHeading,Schohr,17,38,Local vs PRISM,138.35834735601452,62.858722358950615,100.94663137808641
HeadM105_DaysToHeading,Schohr,17,39,Local vs PRISM,139.26380066551263,61.623126433024694,102.35166497685184
HeadM105_DaysToHeading,Schohr,17,40,Local vs PRISM,139.8108964462775,60.859192825000015,103.36270402314813
HeadM105_DaysToHeading,Schohr,18,25,Local vs PRISM,93.04118792605811,35.88445785185185,65.93003853395062
HeadM105_DaysToHeading,Schohr,18,26,Local vs PRISM,96.65667847920064,37.440013407407406,68.485594089506165
HeadM105_DaysToHeading,Schohr,18,27,Local vs PRISM,100.27311539941505,38.99556896296296,71.04114964506172
HeadM105_DaysToHeading,Schohr,18,28,Local vs PRISM,103.87258814997084,40.512420814814824,73.59108791666667
HeadM105_DaysToHeading,Schohr,18,29,Local vs PRISM,107.40012322142186,41.871514103086426,76.06129231604939
HeadM105_DaysToHeading,Schohr,18,30,Local vs PRISM,110.86496075886002,43.12074249814815,78.42163182222221
HeadM105_DaysToHeading,Schohr,18,31,Local vs PRISM,114.22761439210043,44.13790299197531,80.54990342716049
HeadM105_DaysToHeading,Schohr,18,32,Local vs PRISM,117.44047202834554,44.70689686327161,82.33344042006172
HeadM105_DaysToHeading,Schohr,18,33,Local vs PRISM,120.34042897275606,44.608043943827155,83.32125421790123
HeadM105_DaysToHeading,Schohr,18,34,Local vs PRISM,123.0456742568582,43.53845037685184,83.52091955401234
HeadM105_DaysToHeading,Schohr,18,35,Local vs PRISM,125.33311547906904,41.06330151512346,82.59310415092592
HeadM105_DaysToHeading,Schohr,18,36,Local vs PRISM,127.56898222713946,37.939419728703704,81.40464190401234
HeadM105_DaysToHeading,Schohr,18,37,Local vs PRISM,129.62656568938584,35.047988566975306,81.49545763364196
HeadM105_DaysToHeading,Schohr,18,38,Local vs PRISM,131.2486124138286,33.029394336419756,82.77248045617281
HeadM105_DaysToHeading,Schohr,18,39,Local vs PRISM,132.37846114725824,31.852382317901213,83.38623397469135
HeadM105_DaysToHeading,Schohr,18,40,Local vs PRISM,132.82359399654948,31.095106722222223,83.62757592839505
HeadM105_DaysToHeading,Schohr,19,25,Local vs PRISM,95.61079752605175,25.6663213228395,76.41096930493828
HeadM105_DaysToHeading,Schohr,19,26,Local vs PRISM,99.29957842414402,26.77743243395061,79.41096930493828
HeadM105_DaysToHeading,Schohr,19,27,Local vs PRISM,102.98893765929971,27.888543545061722,82.41096930493828
HeadM105_DaysToHeading,Schohr,19,28,Local vs PRISM,106.67881522824881,28.999654656172837,85.41096930493828
HeadM105_DaysToHeading,Schohr,19,29,Local vs PRISM,110.35020355326634,30.08119786604938,88.3814014037037
HeadM105_DaysToHeading,Schohr,19,30,Local vs PRISM,113.98271355208297,31.112586754938267,91.30167918148149
HeadM105_DaysToHeading,Schohr,19,31,Local vs PRISM,117.50648489966702,32.02703119938271,94.10501251481482
HeadM105_DaysToHeading,Schohr,19,32,Local vs PRISM,120.96389484579457,32.61440774259259,96.83850016913581
HeadM105_DaysToHeading,Schohr,19,33,Local vs PRISM,124.14813421392081,32.71771018641975,99.25069155246915
HeadM105_DaysToHeading,Schohr,19,34,Local vs PRISM,127.06609421653877,32.254037423148134,101.26726555030865
HeadM105_DaysToHeading,Schohr,19,35,Local vs PRISM,129.6054169900972,30.9698892648148,102.69094430493828
HeadM105_DaysToHeading,Schohr,19,36,Local vs PRISM,131.99648610534697,29.02598355092591,103.84472343672839
HeadM105_DaysToHeading,Schohr,19,37,Local vs PRISM,134.04136890838544,27.03679258765431,104.50542950123456
HeadM105_DaysToHeading,Schohr,19,38,Local vs PRISM,135.43926768735145,25.404741202469115,104.82906397222223
HeadM105_DaysToHeading,Schohr,19,39,Local vs PRISM,136.30090452894814,24.27898854814813,105.057985904321
HeadM105_DaysToHeading,Schohr,19,40,Local vs PRISM,136.54244450659942,23.55304017160493,104.98902844135802
HeadM105_DaysToHeading,Schohr,20,25,Local vs PRISM,89.06722577445633,-2.8787637453703763,55.2370880632716
HeadM105_DaysToHeading,Schohr,20,26,Local vs PRISM,92.39515087670104,-2.9343193009259307,57.29264361882716
HeadM105_DaysToHeading,Schohr,20,27,Local vs PRISM,95.72316214253155,-2.9898748564814865,59.348199174382714
HeadM105_DaysToHeading,Schohr,20,28,Local vs PRISM,99.05125088694787,-3.045430412037042,61.40375472993827
HeadM105_DaysToHeading,Schohr,20,29,Local vs PRISM,102.37940955406737,-3.1009859675925977,63.45931028549382
HeadM105_DaysToHeading,Schohr,20,30,Local vs PRISM,105.70763153943284,-3.156541523148153,65.51486584104939
HeadM105_DaysToHeading,Schohr,20,31,Local vs PRISM,109.03591104484889,-3.212097078703707,67.57042139660494
HeadM105_DaysToHeading,Schohr,20,32,Local vs PRISM,112.35522714085538,-3.326634115740747,69.63279793981481
HeadM105_DaysToHeading,Schohr,20,33,Local vs PRISM,115.52306532814461,-3.6468810546296404,71.58477327376542
HeadM105_DaysToHeading,Schohr,20,34,Local vs PRISM,118.64006269038453,-4.226047721296301,73.37560660709876
HeadM105_DaysToHeading,Schohr,20,35,Local vs PRISM,121.56162275025177,-5.32823296913581,74.9003227191358
HeadM105_DaysToHeading,Schohr,20,36,Local vs PRISM,124.3533961841551,-6.7697969941358105,76.08762767129629
HeadM105_DaysToHeading,Schohr,20,37,Local vs PRISM,126.74652280038768,-8.287608780246922,77.01027328950616
HeadM105_DaysToHeading,Schohr,20,38,Local vs PRISM,128.55520715949925,-9.619708550925933,77.69627217623456
HeadM105_DaysToHeading,Schohr,20,39,Local vs PRISM,129.73234331226425,-10.724423356481488,78.0612118830247
HeadM105_DaysToHeading,Schohr,20,40,Local vs PRISM,130.23519522071788,-11.510694057098766,78.28455850339505
HeadM105_DaysToHeading,Wylie,10,25,Local vs PRISM,49.18938614899867,46.172918494097175,46.172918494097175
HeadM105_DaysToHeading,Wylie,10,26,Local vs PRISM,48.040850064489696,44.78536118749999,44.78536118749999
HeadM105_DaysToHeading,Wylie,10,27,Local vs PRISM,46.377935663460015,42.31786028159725,42.31786028159725
HeadM105_DaysToHeading,Wylie,10,28,Local vs PRISM,43.851105608049835,38.49333376770831,39.563412850347206
HeadM105_DaysToHeading,Wylie,10,29,Local vs PRISM,40.479268694255204,33.29221208125,37.06717263888888
HeadM105_DaysToHeading,Wylie,10,30,Local vs PRISM,36.46438176779864,26.301275731944415,33.33612466805552
HeadM105_DaysToHeading,Wylie,10,31,Local vs PRISM,32.10675138023805,17.25990273402772,27.76427691736106
HeadM105_DaysToHeading,Wylie,10,32,Local vs PRISM,28.503593012650388,5.950429146180511,21.896532907986114
HeadM105_DaysToHeading,Wylie,10,33,Local vs PRISM,29.01514294381898,-6.691343995486093,20.621793635069494
HeadM105_DaysToHeading,Wylie,10,34,Local vs PRISM,35.145076482830014,-20.709559335069414,27.88316745312501
HeadM105_DaysToHeading,Wylie,10,35,Local vs PRISM,44.728369663410426,-34.56403665555557,36.89946726944446
HeadM105_DaysToHeading,Wylie,10,36,Local vs PRISM,55.07968212331465,-47.22412322222223,47.22412322222223
HeadM105_DaysToHeading,Wylie,10,37,Local vs PRISM,64.19257725131982,-57.458645105555576,57.458645105555576
HeadM105_DaysToHeading,Wylie,10,38,Local vs PRISM,71.17713058228638,-64.61713402222222,64.61713402222222
HeadM105_DaysToHeading,Wylie,10,39,Local vs PRISM,75.97948895570408,-69.47954009166665,69.47954009166665
HeadM105_DaysToHeading,Wylie,10,40,Local vs PRISM,78.7666454346378,-72.54173204652781,72.54173204652781
HeadM105_DaysToHeading,Wylie,11,25,Local vs PRISM,71.49048137296838,67.2878123145833,67.2878123145833
HeadM105_DaysToHeading,Wylie,11,26,Local vs PRISM,71.47829718945138,66.86347441041666,66.86347441041666
HeadM105_DaysToHeading,Wylie,11,27,Local vs PRISM,70.68853246296945,65.2312378517361,65.2312378517361
HeadM105_DaysToHeading,Wylie,11,28,Local vs PRISM,68.76972073257804,61.92955368749999,62.52900367291666
HeadM105_DaysToHeading,Wylie,11,29,Local vs PRISM,65.60462635247747,57.10156315694442,60.2808946173611
HeadM105_DaysToHeading,Wylie,11,30,Local vs PRISM,61.514813092797645,50.35717045381942,56.671390292708296
HeadM105_DaysToHeading,Wylie,11,31,Local vs PRISM,56.37002089577741,41.37990368194437,51.160436315972134
HeadM105_DaysToHeading,Wylie,11,32,Local vs PRISM,50.22304122956052,30.13293009409726,43.76198813784724
HeadM105_DaysToHeading,Wylie,11,33,Local vs PRISM,44.973592419172896,17.553656952430558,37.03934150243056
HeadM105_DaysToHeading,Wylie,11,34,Local vs PRISM,41.51152598949207,3.543804144444479,32.51368650208333
HeadM105_DaysToHeading,Wylie,11,35,Local vs PRISM,41.72189160331354,-10.31067317604169,31.397388978819436
HeadM105_DaysToHeading,Wylie,11,36,Local vs PRISM,45.30708495484077,-22.970759742708424,35.32966875798621
HeadM105_DaysToHeading,Wylie,11,37,Local vs PRISM,50.712455384835685,-33.20528162604165,43.168641439236126
HeadM105_DaysToHeading,Wylie,11,38,Local vs PRISM,55.69047205079359,-40.36377054270838,48.78924637812503
HeadM105_DaysToHeading,Wylie,11,39,Local vs PRISM,59.218390893149454,-45.226176612152784,52.151203246180586
HeadM105_DaysToHeading,Wylie,11,40,Local vs PRISM,61.3562122598796,-48.28836856701392,53.88215837465279
HeadM105_DaysToHeading,Wylie,12,25,Local vs PRISM,90.14743783057732,86.15850588194441,86.15850588194441
HeadM105_DaysToHeading,Wylie,12,26,Local vs PRISM,91.36713031361226,87.0557137677083,87.0557137677083
HeadM105_DaysToHeading,Wylie,12,27,Local vs PRISM,91.70133188321907,86.72076945034718,86.72076945034718
HeadM105_DaysToHeading,Wylie,12,28,Local vs PRISM,90.57640555219811,84.49911225937495,84.49911225937495
HeadM105_DaysToHeading,Wylie,12,29,Local vs PRISM,87.92596827670259,80.69192033993053,80.69192033993053
HeadM105_DaysToHeading,Wylie,12,30,Local vs PRISM,83.75809708499914,74.74167763194441,75.9770101270833
HeadM105_DaysToHeading,Wylie,12,31,Local vs PRISM,77.651918505431,66.17581058229165,70.80956856631941
HeadM105_DaysToHeading,Wylie,12,32,Local vs PRISM,69.6481365267398,55.128455691666645,63.10460052291664
HeadM105_DaysToHeading,Wylie,12,33,Local vs PRISM,61.23924354816121,42.65907634895834,53.93508337395832
HeadM105_DaysToHeading,Wylie,12,34,Local vs PRISM,52.47872556428466,28.711723540972187,43.10109475763885
HeadM105_DaysToHeading,Wylie,12,35,Local vs PRISM,45.58431776551134,14.893358767361079,34.78341138958338
HeadM105_DaysToHeading,Wylie,12,36,Local vs PRISM,41.82406772019643,2.2332722006944437,29.8527823965278
HeadM105_DaysToHeading,Wylie,12,37,Local vs PRISM,42.017136541956845,-8.001249682638871,31.06889586388897
HeadM105_DaysToHeading,Wylie,12,38,Local vs PRISM,44.3034596955798,-15.159738599305513,34.48105601458332
HeadM105_DaysToHeading,Wylie,12,39,Local vs PRISM,46.302326751742015,-20.022144668750002,36.95888765347223
HeadM105_DaysToHeading,Wylie,12,40,Local vs PRISM,47.54809287089984,-23.08433662361108,38.275842747222214
HeadM105_DaysToHeading,Wylie,13,25,Local vs PRISM,110.58203321140599,108.61553518020831,108.61553518020831
HeadM105_DaysToHeading,Wylie,13,26,Local vs PRISM,113.53302209643107,111.43712488715275,111.43712488715275
HeadM105_DaysToHeading,Wylie,13,27,Local vs PRISM,115.4541345696919,113.17791661493055,113.17791661493055
HeadM105_DaysToHeading,Wylie,13,28,Local vs PRISM,115.51695888977174,113.01825285624999,113.01825285624999
HeadM105_DaysToHeading,Wylie,13,29,Local vs PRISM,113.57320606056994,110.88427896041664,110.88427896041664
HeadM105_DaysToHeading,Wylie,13,30,Local vs PRISM,109.50912688079384,106.34072924131945,106.34072924131945
HeadM105_DaysToHeading,Wylie,13,31,Local vs PRISM,102.99584028929061,98.93130239826388,98.93130239826388
HeadM105_DaysToHeading,Wylie,13,32,Local vs PRISM,94.01736556888461,88.69650973472218,88.69650973472218
HeadM105_DaysToHeading,Wylie,13,33,Local vs PRISM,83.78319942357511,76.65631792812502,76.65631792812502
HeadM105_DaysToHeading,Wylie,13,34,Local vs PRISM,72.16487310772659,63.027596292361096,63.027596292361096
HeadM105_DaysToHeading,Wylie,13,35,Local vs PRISM,60.35617597751237,49.42486276527778,49.87318274861114
HeadM105_DaysToHeading,Wylie,13,36,Local vs PRISM,49.473973423015046,36.85970732395835,39.71423551076391
HeadM105_DaysToHeading,Wylie,13,37,Local vs PRISM,41.40534454569496,26.6606103881944,31.2340263354166
HeadM105_DaysToHeading,Wylie,13,38,Local vs PRISM,36.35725831470285,19.502121471527744,25.76357484374998
HeadM105_DaysToHeading,Wylie,13,39,Local vs PRISM,33.50690713967006,14.639715402083311,23.83733047638887
HeadM105_DaysToHeading,Wylie,13,40,Local vs PRISM,31.931036657854683,11.577523447222248,23.75913725347219
HeadM105_DaysToHeading,Wylie,14,25,Local vs PRISM,124.21745777668335,110.68805296701387,110.68805296701387
HeadM105_DaysToHeading,Wylie,14,26,Local vs PRISM,128.55072211493382,114.37762243819441,114.37762243819441
HeadM105_DaysToHeading,Wylie,14,27,Local vs PRISM,132.19217519438985,117.27546277708332,117.27546277708332
HeadM105_DaysToHeading,Wylie,14,28,Local vs PRISM,134.69767491064263,118.89475739930552,118.89475739930552
HeadM105_DaysToHeading,Wylie,14,29,Local vs PRISM,135.19826968263857,118.65728407916664,118.65728407916664
HeadM105_DaysToHeading,Wylie,14,30,Local vs PRISM,133.72746421047648,116.08662795104166,116.08662795104166
HeadM105_DaysToHeading,Wylie,14,31,Local vs PRISM,130.01012950895392,110.67551687499996,110.67551687499996
HeadM105_DaysToHeading,Wylie,14,32,Local vs PRISM,123.53020548681518,101.96814773125,101.96814773125
HeadM105_DaysToHeading,Wylie,14,33,Local vs PRISM,115.3882432484334,90.81856547430557,91.33758397569444
HeadM105_DaysToHeading,Wylie,14,34,Local vs PRISM,105.97094026787555,77.89814371388887,81.53052640694442
HeadM105_DaysToHeading,Wylie,14,35,Local vs PRISM,96.1683466514611,64.6418414420139,70.9299463420139
HeadM105_DaysToHeading,Wylie,14,36,Local vs PRISM,87.54811922925366,52.21984848958334,61.601002730555564
HeadM105_DaysToHeading,Wylie,14,37,Local vs PRISM,81.98064944326379,42.08325155381942,57.69756546006943
HeadM105_DaysToHeading,Wylie,14,38,Local vs PRISM,79.26007462091006,34.98726263715277,57.17149108368058
HeadM105_DaysToHeading,Wylie,14,39,Local vs PRISM,78.03768427937416,30.187356567708335,57.74919818090281
HeadM105_DaysToHeading,Wylie,14,40,Local vs PRISM,77.20675552147328,27.152227029513867,57.87546610104168
HeadM105_DaysToHeading,Wylie,15,25,Local vs PRISM,134.864784814093,121.36276865868055,125.6943171107639
HeadM105_DaysToHeading,Wylie,15,26,Local vs PRISM,140.1264506390954,126.08401865868055,130.5543171107639
HeadM105_DaysToHeading,Wylie,15,27,Local vs PRISM,144.9335772404746,130.25165754756944,135.0375809996528
HeadM105_DaysToHeading,Wylie,15,28,Local vs PRISM,149.07934411350683,133.6816062392361,138.95114080243053
HeadM105_DaysToHeading,Wylie,15,29,Local vs PRISM,151.78174102253965,135.71019727499998,141.52449421111112
HeadM105_DaysToHeading,Wylie,15,30,Local vs PRISM,152.43814819793667,135.6697980597222,142.0542338847222
HeadM105_DaysToHeading,Wylie,15,31,Local vs PRISM,150.4703311467235,132.72723173923606,140.0935425642361
HeadM105_DaysToHeading,Wylie,15,32,Local vs PRISM,145.1255895304588,126.03622426284723,134.95808227673615
HeadM105_DaysToHeading,Wylie,15,33,Local vs PRISM,137.1746891630814,116.42558272951389,127.21959352118058
HeadM105_DaysToHeading,Wylie,15,34,Local vs PRISM,127.52732551998832,104.71942037291666,118.06381596180555
HeadM105_DaysToHeading,Wylie,15,35,Local vs PRISM,117.35788035287649,92.10934233472221,108.50060658958333
HeadM105_DaysToHeading,Wylie,15,36,Local vs PRISM,108.5795537923403,80.15285723819443,100.35609447777776
HeadM105_DaysToHeading,Wylie,15,37,Local vs PRISM,102.51492715772719,70.22267285625,94.3170449576389
HeadM105_DaysToHeading,Wylie,15,38,Local vs PRISM,99.83146853784764,63.30346511666667,91.11537114375
HeadM105_DaysToHeading,Wylie,15,39,Local vs PRISM,98.54503647893077,58.604852849305544,89.26645836944444
HeadM105_DaysToHeading,Wylie,15,40,Local vs PRISM,97.21483309306107,55.57569188055555,87.44555793541667
HeadM105_DaysToHeading,Wylie,16,25,Local vs PRISM,99.10173488640866,83.44401863472221,90.3363982875
HeadM105_DaysToHeading,Wylie,16,26,Local vs PRISM,103.03392973691442,86.68176169027777,93.83789134305556
HeadM105_DaysToHeading,Wylie,16,27,Local vs PRISM,106.79976419675107,89.66721307916664,97.19834273194444
HeadM105_DaysToHeading,Wylie,16,28,Local vs PRISM,110.29592288638732,92.36203944895833,100.36414132395834
HeadM105_DaysToHeading,Wylie,16,29,Local vs PRISM,112.9313207242404,94.102934596875,102.62477395381944
HeadM105_DaysToHeading,Wylie,16,30,Local vs PRISM,114.35475725443881,94.55012905625,103.64210730208333
HeadM105_DaysToHeading,Wylie,16,31,Local vs PRISM,113.9606719394573,92.72555777916666,102.79941102500001
HeadM105_DaysToHeading,Wylie,16,32,Local vs PRISM,111.25137568598093,88.09532387048613,99.53813544965281
HeadM105_DaysToHeading,Wylie,16,33,Local vs PRISM,106.21920986733527,80.6359277722222,93.68811435138889
HeadM105_DaysToHeading,Wylie,16,34,Local vs PRISM,99.41282924327236,70.81416445000002,87.28161854305554
HeadM105_DaysToHeading,Wylie,16,35,Local vs PRISM,92.10026803588002,59.73773548645835,81.10714316909724
HeadM105_DaysToHeading,Wylie,16,36,Local vs PRISM,85.85264309844924,48.770438106944425,75.43882950555556
HeadM105_DaysToHeading,Wylie,16,37,Local vs PRISM,81.81931018416604,39.47240985868055,71.5315608482639
HeadM105_DaysToHeading,Wylie,16,38,Local vs PRISM,80.29918166195198,32.90671471249999,69.80617422430555
HeadM105_DaysToHeading,Wylie,16,39,Local vs PRISM,79.7611988422955,28.458102445138863,68.88757360277778
HeadM105_DaysToHeading,Wylie,16,40,Local vs PRISM,78.82178421831404,25.58044122638887,67.89567268958334
HeadM105_DaysToHeading,Wylie,17,25,Local vs PRISM,105.44416255351129,76.47227032777776,94.28611004513888
HeadM105_DaysToHeading,Wylie,17,26,Local vs PRISM,109.72926659032031,79.52789532777777,98.10548504513889
HeadM105_DaysToHeading,Wylie,17,27,Local vs PRISM,113.9918784067451,82.47602032777776,101.92861004513888
HeadM105_DaysToHeading,Wylie,17,28,Local vs PRISM,118.08764763414241,85.26272171666665,105.62440865625001
HeadM105_DaysToHeading,Wylie,17,29,Local vs PRISM,121.82252641617924,87.61615158680556,108.87257600833334
HeadM105_DaysToHeading,Wylie,17,30,Local vs PRISM,125.08987514776979,89.39941547569444,111.6009787861111
HeadM105_DaysToHeading,Wylie,17,31,Local vs PRISM,127.04217490191779,89.8853164,113.24472693263888
HeadM105_DaysToHeading,Wylie,17,32,Local vs PRISM,127.01493513733207,88.418364971875,113.1462477267361
HeadM105_DaysToHeading,Wylie,17,33,Local vs PRISM,124.74936651181201,84.556246878125,110.65912963298612
HeadM105_DaysToHeading,Wylie,17,34,Local vs PRISM,120.62163209343332,78.45172832152775,106.32840714861109
HeadM105_DaysToHeading,Wylie,17,35,Local vs PRISM,115.65162245791319,70.62983570243057,102.28268510173612
HeadM105_DaysToHeading,Wylie,17,36,Local vs PRISM,111.171012196883,62.37451034861111,98.06752430555557
HeadM105_DaysToHeading,Wylie,17,37,Local vs PRISM,107.77645501825359,54.84217433923611,94.58423541215278
HeadM105_DaysToHeading,Wylie,17,38,Local vs PRISM,105.82367691995495,49.16189809479166,92.59536765798612
HeadM105_DaysToHeading,Wylie,17,39,Local vs PRISM,104.7272209013039,45.39161696631945,91.40743582118057
HeadM105_DaysToHeading,Wylie,17,40,Local vs PRISM,103.43950216174711,42.86337391076389,90.29980414756946
HeadM105_DaysToHeading,Wylie,18,25,Local vs PRISM,96.27933623930807,76.82047210798609,80.34081268159721
HeadM105_DaysToHeading,Wylie,18,26,Local vs PRISM,100.2150953082749,79.9385971079861,83.59768768159722
HeadM105_DaysToHeading,Wylie,18,27,Local vs PRISM,104.15925003110266,83.0010971079861,86.91018768159722
HeadM105_DaysToHeading,Wylie,18,28,Local vs PRISM,108.10638503539072,86.04654849687499,90.23973629270833
HeadM105_DaysToHeading,Wylie,18,29,Local vs PRISM,112.0415929589857,89.09237420034722,93.555299478125
HeadM105_DaysToHeading,Wylie,18,30,Local vs PRISM,115.72001671748355,91.9484505892361,96.66137586701389
HeadM105_DaysToHeading,Wylie,18,31,Local vs PRISM,118.5341886907833,93.97104794375,99.04758433263888
HeadM105_DaysToHeading,Wylie,18,32,Local vs PRISM,120.27039822095021,94.89024928958332,100.46025790069444
HeadM105_DaysToHeading,Wylie,18,33,Local vs PRISM,120.66988398730753,94.48104790069443,100.55105651180554
HeadM105_DaysToHeading,Wylie,18,34,Local vs PRISM,119.74959787794333,92.36449942499999,99.02686914722221
HeadM105_DaysToHeading,Wylie,18,35,Local vs PRISM,117.3285604125657,88.58410321770833,96.02015349548611
HeadM105_DaysToHeading,Wylie,18,36,Local vs PRISM,114.49021911996206,83.98539780902779,92.87155089375001
HeadM105_DaysToHeading,Wylie,18,37,Local vs PRISM,111.55744227399364,79.42665469409721,91.37676713784722
HeadM105_DaysToHeading,Wylie,18,38,Local vs PRISM,109.02567633244264,75.60864689791666,90.07529352777776
HeadM105_DaysToHeading,Wylie,18,39,Local vs PRISM,107.23636912471613,72.92997142916666,88.92778078819443
HeadM105_DaysToHeading,Wylie,18,40,Local vs PRISM,105.53829999438919,70.7206717486111,87.55175594791665
HeadM105_DaysToHeading,Wylie,19,25,Local vs PRISM,73.11643642938382,54.632945074305546,61.72143015763888
HeadM105_DaysToHeading,Wylie,19,26,Local vs PRISM,76.02765391330507,56.813570074305545,64.16580515763889
HeadM105_DaysToHeading,Wylie,19,27,Local vs PRISM,78.94996726034725,58.938570074305545,66.66580515763889
HeadM105_DaysToHeading,Wylie,19,28,Local vs PRISM,81.87610125872483,61.04652146319444,69.18285376875
HeadM105_DaysToHeading,Wylie,19,29,Local vs PRISM,84.80112670354647,63.161652722222215,71.69272250972222
HeadM105_DaysToHeading,Wylie,19,30,Local vs PRISM,87.66272098243313,65.23265966666665,74.13872945416665
HeadM105_DaysToHeading,Wylie,19,31,Local vs PRISM,90.11963566968728,66.9592916111111,76.2403613986111
HeadM105_DaysToHeading,Wylie,19,32,Local vs PRISM,92.28199134951302,68.36300688888888,78.11296556527776
HeadM105_DaysToHeading,Wylie,19,33,Local vs PRISM,93.89651031829617,69.03401383333332,79.50237528749999
HeadM105_DaysToHeading,Wylie,19,34,Local vs PRISM,94.70877617308885,68.83023596597221,80.16172242013887
HeadM105_DaysToHeading,Wylie,19,35,Local vs PRISM,94.73934444809636,67.64362476701389,80.23337511006943
HeadM105_DaysToHeading,Wylie,19,36,Local vs PRISM,94.32168931822012,65.65583036944443,79.89164156527777
HeadM105_DaysToHeading,Wylie,19,37,Local vs PRISM,93.77398424635932,63.379781296874995,79.46367717951388
HeadM105_DaysToHeading,Wylie,19,38,Local vs PRISM,93.09727618366082,61.14439691180555,78.81061681944443
HeadM105_DaysToHeading,Wylie,19,39,Local vs PRISM,92.45713345327474,59.37032730416666,78.29504730902777
HeadM105_DaysToHeading,Wylie,19,40,Local vs PRISM,91.76157790088857,57.73746509583333,77.77903452430554
HeadM105_DaysToHeading,Wylie,20,25,Local vs PRISM,29.445674538075522,17.986067657291663,24.905529518402773
HeadM105_DaysToHeading,Wylie,20,26,Local vs PRISM,30.576756368283966,18.673567657291663,25.843029518402773
HeadM105_DaysToHeading,Wylie,20,27,Local vs PRISM,31.70789824331659,19.361067657291663,26.780529518402773
HeadM105_DaysToHeading,Wylie,20,28,Local vs PRISM,32.83909395844599,20.048567657291663,27.718029518402773
HeadM105_DaysToHeading,Wylie,20,29,Local vs PRISM,33.97033813512561,20.736067657291663,28.655529518402773
HeadM105_DaysToHeading,Wylie,20,30,Local vs PRISM,35.1016260879449,21.423567657291663,29.593029518402773
HeadM105_DaysToHeading,Wylie,20,31,Local vs PRISM,36.2316334218149,22.079505157291663,30.498967018402773
HeadM105_DaysToHeading,Wylie,20,32,Local vs PRISM,37.33518472854142,22.67683154618055,31.346293407291657
HeadM105_DaysToHeading,Wylie,20,33,Local vs PRISM,38.21222508497258,23.088289879513884,32.00775174062499
HeadM105_DaysToHeading,Wylie,20,34,Local vs PRISM,38.687505520395035,23.090998212847218,32.46109934548611
HeadM105_DaysToHeading,Wylie,20,35,Local vs PRISM,38.90516446551176,22.566831546180552,32.991377123263895
HeadM105_DaysToHeading,Wylie,20,36,Local vs PRISM,38.889080784874835,21.507039879513886,33.433460456597224
HeadM105_DaysToHeading,Wylie,20,37,Local vs PRISM,38.899975193695184,20.190546938194444,33.93182862638889
HeadM105_DaysToHeading,Wylie,20,38,Local vs PRISM,38.943727842784085,18.879892883680547,34.548621670486114
HeadM105_DaysToHeading,Wylie,20,39,Local vs PRISM,39.029207162159096,17.603823418402772,35.17969113576389
HeadM105_DaysToHeading,Wylie,20,40,Local vs PRISM,39.09052452326835,16.339873546874994,35.743140993402776
HeadM206_DaysToHeading,BosworthRue,10,25,Local vs PRISM,42.09996167455631,40.07998420451386,40.07998420451386
HeadM206_DaysToHeading,BosworthRue,10,26,Local vs PRISM,40.51604713655091,38.31793257118055,38.31793257118055
HeadM206_DaysToHeading,BosworthRue,10,27,Local vs PRISM,38.90440933631111,36.43792554722225,36.43792554722225
HeadM206_DaysToHeading,BosworthRue,10,28,Local vs PRISM,36.52107204066687,33.815202786458315,33.815202786458315
HeadM206_DaysToHeading,BosworthRue,10,29,Local vs PRISM,33.195467176793514,29.86754101041663,29.86754101041663
HeadM206_DaysToHeading,BosworthRue,10,30,Local vs PRISM,28.418225661709258,24.101483684722183,25.79729864097223
HeadM206_DaysToHeading,BosworthRue,10,31,Local vs PRISM,22.971112722953542,16.68456383090276,20.575771339930526
HeadM206_DaysToHeading,BosworthRue,10,32,Local vs PRISM,18.274976058285226,7.778070833680545,15.154638656597228
HeadM206_DaysToHeading,BosworthRue,10,33,Local vs PRISM,18.116081048795742,-2.43675003888886,14.06458567152778
HeadM206_DaysToHeading,BosworthRue,10,34,Local vs PRISM,24.15223578136881,-13.560673617708403,16.486090170486136
HeadM206_DaysToHeading,BosworthRue,10,35,Local vs PRISM,33.50211709722269,-24.9478080545139,24.9478080545139
HeadM206_DaysToHeading,BosworthRue,10,36,Local vs PRISM,43.07695979532192,-35.02013180416665,35.02013180416665
HeadM206_DaysToHeading,BosworthRue,10,37,Local vs PRISM,51.7399296797086,-43.38483504618054,43.38483504618054
HeadM206_DaysToHeading,BosworthRue,10,38,Local vs PRISM,58.54576163054948,-49.96121821041669,49.96121821041669
HeadM206_DaysToHeading,BosworthRue,10,39,Local vs PRISM,62.82644094989648,-54.06296705763887,54.06296705763887
HeadM206_DaysToHeading,BosworthRue,10,40,Local vs PRISM,64.39762722866338,-55.79832540833337,55.79832540833337
HeadM206_DaysToHeading,BosworthRue,11,25,Local vs PRISM,62.1787557723951,58.574754872569414,58.574754872569414
HeadM206_DaysToHeading,BosworthRue,11,26,Local vs PRISM,61.45631255691097,57.502348167708305,57.502348167708305
HeadM206_DaysToHeading,BosworthRue,11,27,Local vs PRISM,60.48153600110898,56.12014030868055,56.12014030868055
HeadM206_DaysToHeading,BosworthRue,11,28,Local vs PRISM,58.71576554434972,53.92778564444447,53.92778564444447
HeadM206_DaysToHeading,BosworthRue,11,29,Local vs PRISM,55.642457414998404,50.330266113194384,50.330266113194384
HeadM206_DaysToHeading,BosworthRue,11,30,Local vs PRISM,50.76180034660799,44.798271220833314,44.798271220833314
HeadM206_DaysToHeading,BosworthRue,11,31,Local vs PRISM,44.38191230859175,37.444126263541676,37.444126263541676
HeadM206_DaysToHeading,BosworthRue,11,32,Local vs PRISM,37.169736943007486,28.578846428472204,31.36311455208333
HeadM206_DaysToHeading,BosworthRue,11,33,Local vs PRISM,30.617836581977798,18.415088092013917,27.24632914340279
HeadM206_DaysToHeading,BosworthRue,11,34,Local vs PRISM,26.335573310045206,7.291164513194474,23.02796722152783
HeadM206_DaysToHeading,BosworthRue,11,35,Local vs PRISM,27.00437889074238,-4.095969923611136,19.872279547222234
HeadM206_DaysToHeading,BosworthRue,11,36,Local vs PRISM,31.635365060438666,-14.168293673263861,20.915672617013854
HeadM206_DaysToHeading,BosworthRue,11,37,Local vs PRISM,37.98386354645456,-22.532996915277806,27.050051911805554
HeadM206_DaysToHeading,BosworthRue,11,38,Local vs PRISM,43.79140388645449,-29.109380079513897,32.48354632534725
HeadM206_DaysToHeading,BosworthRue,11,39,Local vs PRISM,47.64691914058502,-33.21112892673614,36.409295054513905
HeadM206_DaysToHeading,BosworthRue,11,40,Local vs PRISM,48.9780447368571,-34.94648727743052,38.39765305104166
HeadM206_DaysToHeading,BosworthRue,12,25,Local vs PRISM,100.06854943391139,91.36930590486108,91.36930590486108
HeadM206_DaysToHeading,BosworthRue,12,26,Local vs PRISM,101.29409993578528,92.0661942253472,92.0661942253472
HeadM206_DaysToHeading,BosworthRue,12,27,Local vs PRISM,101.92212385238143,92.19899172291665,92.19899172291665
HeadM206_DaysToHeading,BosworthRue,12,28,Local vs PRISM,101.6090863121065,91.25722385659722,91.25722385659722
HeadM206_DaysToHeading,BosworthRue,12,29,Local vs PRISM,99.93560107846525,88.66964293784719,88.66964293784719
HeadM206_DaysToHeading,BosworthRue,12,30,Local vs PRISM,96.16406281007106,83.85297280486112,83.85297280486112
HeadM206_DaysToHeading,BosworthRue,12,31,Local vs PRISM,90.50634158133109,76.95921519687501,76.95921519687501
HeadM206_DaysToHeading,BosworthRue,12,32,Local vs PRISM,83.48987843591489,68.33999701319448,69.32345513750005
HeadM206_DaysToHeading,BosworthRue,12,33,Local vs PRISM,75.92712149883,58.3443578954861,62.15682317326383
HeadM206_DaysToHeading,BosworthRue,12,34,Local vs PRISM,68.14083127067286,47.277396806597196,57.99542374131947
HeadM206_DaysToHeading,BosworthRue,12,35,Local vs PRISM,61.13491362814583,35.84282487361109,53.36203270277774
HeadM206_DaysToHeading,BosworthRue,12,36,Local vs PRISM,56.27512804711253,25.77050112395827,50.7802783829861
HeadM206_DaysToHeading,BosworthRue,12,37,Local vs PRISM,54.66473965802183,17.40579788194445,50.159848254166704
HeadM206_DaysToHeading,BosworthRue,12,38,Local vs PRISM,54.763701036773085,10.829414717708303,49.77424659131948
HeadM206_DaysToHeading,BosworthRue,12,39,Local vs PRISM,55.39702665185759,6.7276658704861205,49.53852680659729
HeadM206_DaysToHeading,BosworthRue,12,40,Local vs PRISM,55.385879999030124,4.992307519791666,48.895828198958384
HeadM206_DaysToHeading,BosworthRue,13,25,Local vs PRISM,125.3417507359713,117.40232900555556,117.40232900555556
HeadM206_DaysToHeading,BosworthRue,13,26,Local vs PRISM,128.85914381905394,120.29052981076387,120.29052981076387
HeadM206_DaysToHeading,BosworthRue,13,27,Local vs PRISM,131.69016475173206,122.48350782673609,122.48350782673609
HeadM206_DaysToHeading,BosworthRue,13,28,Local vs PRISM,133.42386629509988,123.47491484722221,123.47491484722221
HeadM206_DaysToHeading,BosworthRue,13,29,Local vs PRISM,133.44165825617233,122.66154002812499,122.66154002812499
HeadM206_DaysToHeading,BosworthRue,13,30,Local vs PRISM,131.0632044263484,119.40137262499998,119.40137262499998
HeadM206_DaysToHeading,BosworthRue,13,31,Local vs PRISM,126.50351163779281,113.81592731388888,113.81592731388888
HeadM206_DaysToHeading,BosworthRue,13,32,Local vs PRISM,119.9961737321884,106.10639492256944,106.10639492256944
HeadM206_DaysToHeading,BosworthRue,13,33,Local vs PRISM,112.3460146075504,96.61561806597224,96.65255533611112
HeadM206_DaysToHeading,BosworthRue,13,34,Local vs PRISM,104.0036619827494,85.81658796180554,90.18071212152776
HeadM206_DaysToHeading,BosworthRue,13,35,Local vs PRISM,95.8802683626348,74.50398970034723,83.53256101840276
HeadM206_DaysToHeading,BosworthRue,13,36,Local vs PRISM,89.27770283729981,64.45777831631942,77.76371074548608
HeadM206_DaysToHeading,BosworthRue,13,37,Local vs PRISM,85.31877783840226,56.06761888402778,73.7089350416667
HeadM206_DaysToHeading,BosworthRue,13,38,Local vs PRISM,82.74155910306476,49.42873571979166,70.516013834375
HeadM206_DaysToHeading,BosworthRue,13,39,Local vs PRISM,81.34345182752837,45.26448687256949,68.37486298020839
HeadM206_DaysToHeading,BosworthRue,13,40,Local vs PRISM,80.26511974844536,43.46662852187498,66.9309289003472
HeadM206_DaysToHeading,BosworthRue,14,25,Local vs PRISM,118.86655838203929,112.90143455902776,112.90143455902776
HeadM206_DaysToHeading,BosworthRue,14,26,Local vs PRISM,122.73436615240205,116.36376094791666,116.36376094791666
HeadM206_DaysToHeading,BosworthRue,14,27,Local vs PRISM,126.28164874362815,119.4133868145833,119.4133868145833
HeadM206_DaysToHeading,BosworthRue,14,28,Local vs PRISM,128.74338882485844,121.44549529618055,121.44549529618055
HeadM206_DaysToHeading,BosworthRue,14,29,Local vs PRISM,129.45285712895338,121.65261340902775,121.65261340902775
HeadM206_DaysToHeading,BosworthRue,14,30,Local vs PRISM,127.8091691666384,119.4756335145833,119.4756335145833
HeadM206_DaysToHeading,BosworthRue,14,31,Local vs PRISM,123.84479582364591,114.90920402881942,114.90920402881942
HeadM206_DaysToHeading,BosworthRue,14,32,Local vs PRISM,117.72246742759492,108.00531693437497,108.00531693437497
HeadM206_DaysToHeading,BosworthRue,14,33,Local vs PRISM,110.19904532047279,98.89974833472218,100.98432841111108
HeadM206_DaysToHeading,BosworthRue,14,34,Local vs PRISM,102.12389093656166,88.47140399340279,94.50817095937501
HeadM206_DaysToHeading,BosworthRue,14,35,Local vs PRISM,94.11733064490113,77.39471997499999,87.80602187569446
HeadM206_DaysToHeading,BosworthRue,14,36,Local vs PRISM,87.58273640982259,67.42076553541662,81.9844285472222
HeadM206_DaysToHeading,BosworthRue,14,37,Local vs PRISM,83.22955848157378,59.11459357743054,77.96885291076389
HeadM206_DaysToHeading,BosworthRue,14,38,Local vs PRISM,80.2633504802029,52.475710413194435,74.77593170347222
HeadM206_DaysToHeading,BosworthRue,14,39,Local vs PRISM,78.5753529527605,48.31146156597224,72.63478084930559
HeadM206_DaysToHeading,BosworthRue,14,40,Local vs PRISM,77.4553846485996,46.51360321527778,71.19084676944445
HeadM206_DaysToHeading,BosworthRue,15,25,Local vs PRISM,123.47271092265125,113.64324164756943,113.64324164756943
HeadM206_DaysToHeading,BosworthRue,15,26,Local vs PRISM,128.11202243643166,117.75251248090277,117.75251248090277
HeadM206_DaysToHeading,BosworthRue,15,27,Local vs PRISM,132.5466184273756,121.58772294861112,121.58772294861112
HeadM206_DaysToHeading,BosworthRue,15,28,Local vs PRISM,136.32086493958647,124.75506262951387,124.75506262951387
HeadM206_DaysToHeading,BosworthRue,15,29,Local vs PRISM,139.10652732728494,126.67544457395833,126.67544457395833
HeadM206_DaysToHeading,BosworthRue,15,30,Local vs PRISM,140.13472280183646,126.71968063749995,126.71968063749995
HeadM206_DaysToHeading,BosworthRue,15,31,Local vs PRISM,138.99278933282218,124.59827805833334,124.59827805833334
HeadM206_DaysToHeading,BosworthRue,15,32,Local vs PRISM,135.4876479437534,119.84633233055554,119.84633233055554
HeadM206_DaysToHeading,BosworthRue,15,33,Local vs PRISM,130.1771451834726,112.51496340972223,112.51496340972223
HeadM206_DaysToHeading,BosworthRue,15,34,Local vs PRISM,123.82734418042779,103.74999798124999,106.51512518194444
HeadM206_DaysToHeading,BosworthRue,15,35,Local vs PRISM,116.68492391902154,93.87412172083333,103.25315562708334
HeadM206_DaysToHeading,BosworthRue,15,36,Local vs PRISM,110.31319365906917,84.74510722013889,100.02082173194444
HeadM206_DaysToHeading,BosworthRue,15,37,Local vs PRISM,105.14792526323488,76.65973494687499,97.2916140003472
HeadM206_DaysToHeading,BosworthRue,15,38,Local vs PRISM,101.44942041257008,70.18289490798611,95.03312193854168
HeadM206_DaysToHeading,BosworthRue,15,39,Local vs PRISM,99.31181475440957,66.08405747048612,93.44308464687502
HeadM206_DaysToHeading,BosworthRue,15,40,Local vs PRISM,98.0243814115936,64.24926164409723,92.17094930659721
HeadM206_DaysToHeading,BosworthRue,16,25,Local vs PRISM,134.7990538410498,122.16564313715277,122.16564313715277
HeadM206_DaysToHeading,BosworthRue,16,26,Local vs PRISM,140.38211568905527,127.22814313715277,127.22814313715277
HeadM206_DaysToHeading,BosworthRue,16,27,Local vs PRISM,145.89690586706254,132.21579109166666,132.21579109166666
HeadM206_DaysToHeading,BosworthRue,16,28,Local vs PRISM,150.9676687958511,136.73388136944442,136.73388136944442
HeadM206_DaysToHeading,BosworthRue,16,29,Local vs PRISM,155.38763128728112,140.5520063694444,140.5520063694444
HeadM206_DaysToHeading,BosworthRue,16,30,Local vs PRISM,158.94410801830855,143.37099942499998,143.37099942499998
HeadM206_DaysToHeading,BosworthRue,16,31,Local vs PRISM,161.35388972331228,144.95441480555556,144.95441480555556
HeadM206_DaysToHeading,BosworthRue,16,32,Local vs PRISM,161.77794091603144,144.39103008784718,145.0017527989583
HeadM206_DaysToHeading,BosworthRue,16,33,Local vs PRISM,159.74738822457383,141.16067186562503,143.38160291006946
HeadM206_DaysToHeading,BosworthRue,16,34,Local vs PRISM,155.8811673036929,135.775185175,140.235838575
HeadM206_DaysToHeading,BosworthRue,16,35,Local vs PRISM,150.13420495638414,128.08322450000003,135.29500314027777
HeadM206_DaysToHeading,BosworthRue,16,36,Local vs PRISM,144.3844332915181,120.34304312465278,130.35768286840275
HeadM206_DaysToHeading,BosworthRue,16,37,Local vs PRISM,139.02439287470224,113.10300919166666,125.56752478680552
HeadM206_DaysToHeading,BosworthRue,16,38,Local vs PRISM,134.2412399375068,107.13691469305556,120.9266804361111
HeadM206_DaysToHeading,BosworthRue,16,39,Local vs PRISM,131.05264848296443,103.11742134583334,117.49718724166665
HeadM206_DaysToHeading,BosworthRue,16,40,Local vs PRISM,129.5475601524363,101.24202675902778,115.72929272430555
HeadM206_DaysToHeading,BosworthRue,17,25,Local vs PRISM,118.175387045941,110.39563675486112,110.39563675486112
HeadM206_DaysToHeading,BosworthRue,17,26,Local vs PRISM,123.16632943711856,115.02063675486112,115.02063675486112
HeadM206_DaysToHeading,BosworthRue,17,27,Local vs PRISM,128.14016037538696,119.62574998715277,119.62574998715277
HeadM206_DaysToHeading,BosworthRue,17,28,Local vs PRISM,132.97620046527015,124.07915276493056,124.07915276493056
HeadM206_DaysToHeading,BosworthRue,17,29,Local vs PRISM,137.48928741389724,128.22182637604166,128.22182637604166
HeadM206_DaysToHeading,BosworthRue,17,30,Local vs PRISM,141.58704340467,131.8389444315972,131.8389444315972
HeadM206_DaysToHeading,BosworthRue,17,31,Local vs PRISM,145.12015269652701,134.8913743361111,134.8913743361111
HeadM206_DaysToHeading,BosworthRue,17,32,Local vs PRISM,147.2942144197215,136.6268639559028,136.6268639559028
HeadM206_DaysToHeading,BosworthRue,17,33,Local vs PRISM,147.8835964916224,136.74765841215276,136.74765841215276
HeadM206_DaysToHeading,BosworthRue,17,34,Local vs PRISM,146.5515315297717,135.00915146770834,135.00915146770834
HeadM206_DaysToHeading,BosworthRue,17,35,Local vs PRISM,143.44071171102476,131.42110366145832,131.42110366145832
HeadM206_DaysToHeading,BosworthRue,17,36,Local vs PRISM,139.41109325470953,126.87397676423612,126.87397676423612
HeadM206_DaysToHeading,BosworthRue,17,37,Local vs PRISM,134.90695346684274,121.70708459375,121.70708459375
HeadM206_DaysToHeading,BosworthRue,17,38,Local vs PRISM,130.56220685608352,116.90096428993056,116.90096428993056
HeadM206_DaysToHeading,BosworthRue,17,39,Local vs PRISM,127.5064129440711,113.49608795659722,113.49608795659722
HeadM206_DaysToHeading,BosworthRue,17,40,Local vs PRISM,126.05361934710184,111.79923760937498,111.79923760937498
HeadM206_DaysToHeading,BosworthRue,18,25,Local vs PRISM,94.95898353522288,75.43276874722221,85.13127773333333
HeadM206_DaysToHeading,BosworthRue,18,26,Local vs PRISM,98.84642170651559,78.49526874722221,88.56877773333333
HeadM206_DaysToHeading,BosworthRue,18,27,Local vs PRISM,102.69028934775713,81.50752569166666,91.95603467777778
HeadM206_DaysToHeading,BosworthRue,18,28,Local vs PRISM,106.43580003771409,84.40471319166666,95.22822217777778
HeadM206_DaysToHeading,BosworthRue,18,29,Local vs PRISM,110.01099829712454,87.13776874722222,98.33627773333333
HeadM206_DaysToHeading,BosworthRue,18,30,Local vs PRISM,113.44526669818673,89.68339374722223,101.30815273333333
HeadM206_DaysToHeading,BosworthRue,18,31,Local vs PRISM,116.7407821738411,92.04818476284721,104.22342986006944
HeadM206_DaysToHeading,BosworthRue,18,32,Local vs PRISM,119.52138437368858,93.78099726284722,106.61700624895833
HeadM206_DaysToHeading,BosworthRue,18,33,Local vs PRISM,121.84157533727591,94.91373616354167,108.51357290381944
HeadM206_DaysToHeading,BosworthRue,18,34,Local vs PRISM,123.17976524624115,95.11575005243054,109.42322568159722
HeadM206_DaysToHeading,BosworthRue,18,35,Local vs PRISM,123.07132156042238,93.79953460277778,108.91048245416667
HeadM206_DaysToHeading,BosworthRue,18,36,Local vs PRISM,122.07422065253407,91.44989363368055,107.49867889479167
HeadM206_DaysToHeading,BosworthRue,18,37,Local vs PRISM,120.35696733222673,88.3780534704861,105.36794984270833
HeadM206_DaysToHeading,BosworthRue,18,38,Local vs PRISM,118.25208733877386,84.83046490520833,102.73584856493056
HeadM206_DaysToHeading,BosworthRue,18,39,Local vs PRISM,116.68180251980208,82.02168866215277,100.67707232187499
HeadM206_DaysToHeading,BosworthRue,18,40,Local vs PRISM,116.03404812270117,80.38983118298609,99.62605209270832
HeadM206_DaysToHeading,BosworthRue,19,25,Local vs PRISM,48.935460170950314,19.611681604513883,41.22691346006945
HeadM206_DaysToHeading,BosworthRue,19,26,Local vs PRISM,50.870946970317945,20.36168160451388,42.85191346006945
HeadM206_DaysToHeading,BosworthRue,19,27,Local vs PRISM,52.80650745098691,21.11168160451388,44.47691346006945
HeadM206_DaysToHeading,BosworthRue,19,28,Local vs PRISM,54.73950429509303,21.852306604513878,46.09253846006945
HeadM206_DaysToHeading,BosworthRue,19,29,Local vs PRISM,56.658840417177785,22.46404271562499,47.658163460069446
HeadM206_DaysToHeading,BosworthRue,19,30,Local vs PRISM,58.52382030197159,22.97279271562499,49.16691346006945
HeadM206_DaysToHeading,BosworthRue,19,31,Local vs PRISM,60.38447849202811,23.49098650902777,50.685107253472225
HeadM206_DaysToHeading,BosworthRue,19,32,Local vs PRISM,62.20808064743909,23.85720178680555,52.19347530902778
HeadM206_DaysToHeading,BosworthRue,19,33,Local vs PRISM,63.93819946226182,23.936680953472212,53.69635725347223
HeadM206_DaysToHeading,BosworthRue,19,34,Local vs PRISM,65.51786662611171,23.686021231249992,55.025072531250004
HeadM206_DaysToHeading,BosworthRue,19,35,Local vs PRISM,66.71658780759077,22.717785057291664,55.97657259409723
HeadM206_DaysToHeading,BosworthRue,19,36,Local vs PRISM,67.73801062839017,20.89258362638889,56.889718587500006
HeadM206_DaysToHeading,BosworthRue,19,37,Local vs PRISM,68.35797783271052,18.634951840277772,57.435128151388895
HeadM206_DaysToHeading,BosworthRue,19,38,Local vs PRISM,68.65359383057383,16.083998015972213,57.54147528958334
HeadM206_DaysToHeading,BosworthRue,19,39,Local vs PRISM,68.67523909838891,13.927692439583334,57.628822892361114
HeadM206_DaysToHeading,BosworthRue,19,40,Local vs PRISM,68.98306057756032,12.443105710416667,57.946034538194446
HeadM206_DaysToHeading,BosworthRue,20,25,Local vs PRISM,45.434907388517985,19.720734282291666,38.33667433993055
HeadM206_DaysToHeading,BosworthRue,20,26,Local vs PRISM,47.20243835445351,20.470734282291666,39.83667433993055
HeadM206_DaysToHeading,BosworthRue,20,27,Local vs PRISM,48.969986357040796,21.220734282291666,41.33667433993055
HeadM206_DaysToHeading,BosworthRue,20,28,Local vs PRISM,50.73754961575834,21.970734282291666,42.83667433993055
HeadM206_DaysToHeading,BosworthRue,20,29,Local vs PRISM,52.50512658983232,22.720734282291666,44.33667433993055
HeadM206_DaysToHeading,BosworthRue,20,30,Local vs PRISM,54.27271593920001,23.470734282291666,45.83667433993055
HeadM206_DaysToHeading,BosworthRue,20,31,Local vs PRISM,56.03944023375035,24.217609282291665,47.333549339930556
HeadM206_DaysToHeading,BosworthRue,20,32,Local vs PRISM,57.806420439241414,24.848442615624997,48.81063267326388
HeadM206_DaysToHeading,BosworthRue,20,33,Local vs PRISM,59.35698709169683,25.30330372673611,50.140493784374996
HeadM206_DaysToHeading,BosworthRue,20,34,Local vs PRISM,60.903173117688816,25.65003983784722,51.54375767326388
HeadM206_DaysToHeading,BosworthRue,20,35,Local vs PRISM,61.934103697178614,25.587463386111107,52.53619523611111
HeadM206_DaysToHeading,BosworthRue,20,36,Local vs PRISM,62.60347213319441,24.97676189618055,53.181465968402776
HeadM206_DaysToHeading,BosworthRue,20,37,Local vs PRISM,62.90111220192762,24.131616162152774,53.53807003576389
HeadM206_DaysToHeading,BosworthRue,20,38,Local vs PRISM,62.882622706285225,23.049150855902777,53.508354839930554
HeadM206_DaysToHeading,BosworthRue,20,39,Local vs PRISM,62.77610409327801,22.011340043402775,53.29429356215278
HeadM206_DaysToHeading,BosworthRue,20,40,Local vs PRISM,62.65036608858567,21.24756487326389,52.96306835034722
HeadM206_DaysToHeading,Canal,10,25,Local vs PRISM,58.62106919984233,55.30850172222225,55.30850172222225
HeadM206_DaysToHeading,Canal,10,26,Local vs PRISM,57.76006611320508,54.31048905436507,54.31048905436507
HeadM206_DaysToHeading,Canal,10,27,Local vs PRISM,56.31369821620443,52.658155946428565,52.658155946428565
HeadM206_DaysToHeading,Canal,10,28,Local vs PRISM,53.68960255774069,49.6743960706349,49.6743960706349
HeadM206_DaysToHeading,Canal,10,29,Local vs PRISM,49.94660516563598,45.515879667857156,45.515879667857156
HeadM206_DaysToHeading,Canal,10,30,Local vs PRISM,45.41633102604524,40.334326494444404,40.334326494444404
HeadM206_DaysToHeading,Canal,10,31,Local vs PRISM,39.92385819308261,34.028824803968256,34.03099971984125
HeadM206_DaysToHeading,Canal,10,32,Local vs PRISM,33.1496922937089,26.550925125396848,28.304290233333308
HeadM206_DaysToHeading,Canal,10,33,Local vs PRISM,26.55720745827101,18.459391819047628,22.34169388809528
HeadM206_DaysToHeading,Canal,10,34,Local vs PRISM,23.052374105905777,10.6336153373016,19.81347194126988
HeadM206_DaysToHeading,Canal,10,35,Local vs PRISM,23.407169633452,3.267713019444451,21.616965471825406
HeadM206_DaysToHeading,Canal,10,36,Local vs PRISM,25.31065110778435,-3.013404186111058,22.590166428174616
HeadM206_DaysToHeading,Canal,10,37,Local vs PRISM,26.780188365148483,-7.479522249206314,22.277079625396773
HeadM206_DaysToHeading,Canal,10,38,Local vs PRISM,27.50782502495686,-10.58304183293652,21.12784523055549
HeadM206_DaysToHeading,Canal,10,39,Local vs PRISM,27.7707771865982,-12.184323194047579,21.1384871488095
HeadM206_DaysToHeading,Canal,10,40,Local vs PRISM,28.100033218932435,-13.187253539285766,21.993874811508004
HeadM206_DaysToHeading,Canal,11,25,Local vs PRISM,64.2243794257855,61.34970867658732,61.34970867658732
HeadM206_DaysToHeading,Canal,11,26,Local vs PRISM,63.85383789275701,60.87485466587303,60.87485466587303
HeadM206_DaysToHeading,Canal,11,27,Local vs PRISM,62.826346571511706,59.69223585873015,59.69223585873015
HeadM206_DaysToHeading,Canal,11,28,Local vs PRISM,60.487830236520566,57.144849122222226,57.144849122222226
HeadM206_DaysToHeading,Canal,11,29,Local vs PRISM,56.985829005127336,53.27204700515875,53.27204700515875
HeadM206_DaysToHeading,Canal,11,30,Local vs PRISM,52.576489172669106,48.33299373888888,48.33299373888888
HeadM206_DaysToHeading,Canal,11,31,Local vs PRISM,46.72438282182252,42.16334922182536,42.16334922182536
HeadM206_DaysToHeading,Canal,11,32,Local vs PRISM,39.213729068077285,34.72844949206347,34.72844949206347
HeadM206_DaysToHeading,Canal,11,33,Local vs PRISM,31.203168003444997,26.636916185714313,26.676186113492072
HeadM206_DaysToHeading,Canal,11,34,Local vs PRISM,24.410759669468426,18.811139703968234,20.785123834920665
HeadM206_DaysToHeading,Canal,11,35,Local vs PRISM,20.144836309679746,11.445237386111103,16.93018994960315
HeadM206_DaysToHeading,Canal,11,36,Local vs PRISM,18.586584732430353,5.164120180555626,15.758976413888863
HeadM206_DaysToHeading,Canal,11,37,Local vs PRISM,18.193186322680244,0.6980021174602891,16.072396193650743
HeadM206_DaysToHeading,Canal,11,38,Local vs PRISM,18.265223415156854,-2.405517466269771,16.402000833730117
HeadM206_DaysToHeading,Canal,11,39,Local vs PRISM,18.231396614467997,-4.006798827380895,16.322837988492047
HeadM206_DaysToHeading,Canal,11,40,Local vs PRISM,18.327906233903352,-5.009729172619083,16.401336881349216
HeadM206_DaysToHeading,Canal,12,25,Local vs PRISM,79.61602211272543,76.34958158531745,76.34958158531745
HeadM206_DaysToHeading,Canal,12,26,Local vs PRISM,80.379498823801,76.9132275650794,76.9132275650794
HeadM206_DaysToHeading,Canal,12,27,Local vs PRISM,80.13812888732602,76.58761727261906,76.58761727261906
HeadM206_DaysToHeading,Canal,12,28,Local vs PRISM,78.09696670485543,74.55651615992062,74.55651615992062
HeadM206_DaysToHeading,Canal,12,29,Local vs PRISM,74.43303652294065,70.91229261031745,70.91229261031745
HeadM206_DaysToHeading,Canal,12,30,Local vs PRISM,69.59717711560589,66.08373937460318,66.08373937460318
HeadM206_DaysToHeading,Canal,12,31,Local vs PRISM,63.4794601483492,60.08888060793647,60.08888060793647
HeadM206_DaysToHeading,Canal,12,32,Local vs PRISM,56.20293565046174,52.6934808424603,52.6934808424603
HeadM206_DaysToHeading,Canal,12,33,Local vs PRISM,48.57532980689646,44.60194753611113,44.60194753611113
HeadM206_DaysToHeading,Canal,12,34,Local vs PRISM,41.271945423388004,36.776171054365136,36.776171054365136
HeadM206_DaysToHeading,Canal,12,35,Local vs PRISM,35.00336760873092,29.410268736507955,31.666568530158752
HeadM206_DaysToHeading,Canal,12,36,Local vs PRISM,29.950672749724077,23.129151530952363,27.895880270634912
HeadM206_DaysToHeading,Canal,12,37,Local vs PRISM,26.06026410489917,18.663033467857158,24.434063721825446
HeadM206_DaysToHeading,Canal,12,38,Local vs PRISM,23.38514953919268,15.559513884126984,21.58997298015871
HeadM206_DaysToHeading,Canal,12,39,Local vs PRISM,22.223523125293408,13.95823252301594,20.198374158730157
HeadM206_DaysToHeading,Canal,12,40,Local vs PRISM,21.647502186507992,12.955302177777835,19.42744389285719
HeadM206_DaysToHeading,Canal,13,25,Local vs PRISM,113.50297670139044,109.27439124285715,109.27439124285715
HeadM206_DaysToHeading,Canal,13,26,Local vs PRISM,116.55017773968297,112.0327856043651,112.0327856043651
HeadM206_DaysToHeading,Canal,13,27,Local vs PRISM,118.61202566829108,113.89166966309527,113.89166966309527
HeadM206_DaysToHeading,Canal,13,28,Local vs PRISM,118.72526213932436,113.91360227460318,113.91360227460318
HeadM206_DaysToHeading,Canal,13,29,Local vs PRISM,116.77096502658843,111.98017797222224,111.98017797222224
HeadM206_DaysToHeading,Canal,13,30,Local vs PRISM,112.94670385849088,108.16291733055557,108.16291733055557
HeadM206_DaysToHeading,Canal,13,31,Local vs PRISM,107.53884883827294,102.84434417103175,102.84434417103175
HeadM206_DaysToHeading,Canal,13,32,Local vs PRISM,100.69171743241525,95.73458008134921,95.73458008134921
HeadM206_DaysToHeading,Canal,13,33,Local vs PRISM,93.28562807455518,87.779332284127,87.779332284127
HeadM206_DaysToHeading,Canal,13,34,Local vs PRISM,86.1263108961938,80.02498437380957,80.02498437380957
HeadM206_DaysToHeading,Canal,13,35,Local vs PRISM,79.71723316342752,72.6910107996032,72.6910107996032
HeadM206_DaysToHeading,Canal,13,36,Local vs PRISM,74.34826132154234,66.33846502261905,66.33846502261905
HeadM206_DaysToHeading,Canal,13,37,Local vs PRISM,70.44436284863247,61.800918388095205,61.800918388095205
HeadM206_DaysToHeading,Canal,13,38,Local vs PRISM,67.8101086449831,58.663113090079364,58.663113090079364
HeadM206_DaysToHeading,Canal,13,39,Local vs PRISM,66.63917356520618,57.06183172896824,57.06183172896824
HeadM206_DaysToHeading,Canal,13,40,Local vs PRISM,66.047577591885,56.05890138373018,56.05890138373018
HeadM206_DaysToHeading,Canal,14,25,Local vs PRISM,142.73370422875257,139.64080103611113,139.64080103611113
HeadM206_DaysToHeading,Canal,14,26,Local vs PRISM,147.67030430518918,144.4362986869048,144.4362986869048
HeadM206_DaysToHeading,Canal,14,27,Local vs PRISM,152.03262920391097,148.6731986186508,148.6731986186508
HeadM206_DaysToHeading,Canal,14,28,Local vs PRISM,155.12019355105113,151.73975415873016,151.73975415873016
HeadM206_DaysToHeading,Canal,14,29,Local vs PRISM,155.89884867482462,152.64932736587295,152.64932736587295
HeadM206_DaysToHeading,Canal,14,30,Local vs PRISM,154.3604310929595,151.3021308329365,151.3021308329365
HeadM206_DaysToHeading,Canal,14,31,Local vs PRISM,150.73802352117315,147.78580028492064,147.78580028492064
HeadM206_DaysToHeading,Canal,14,32,Local vs PRISM,144.88833381132793,141.69492167063493,141.69492167063493
HeadM206_DaysToHeading,Canal,14,33,Local vs PRISM,137.96125557968924,134.32683098690478,134.32683098690478
HeadM206_DaysToHeading,Canal,14,34,Local vs PRISM,130.74598352425767,126.76805443055561,126.76805443055561
HeadM206_DaysToHeading,Canal,14,35,Local vs PRISM,123.80543964670852,119.52008075357142,119.52008075357142
HeadM206_DaysToHeading,Canal,14,36,Local vs PRISM,117.73039538690715,113.18319049920638,113.18319049920638
HeadM206_DaysToHeading,Canal,14,37,Local vs PRISM,113.45735789638651,108.64564386468253,108.64564386468253
HeadM206_DaysToHeading,Canal,14,38,Local vs PRISM,110.53046665412425,105.50783856666668,105.50783856666668
HeadM206_DaysToHeading,Canal,14,39,Local vs PRISM,109.20535158851798,103.90655720555559,103.90655720555559
HeadM206_DaysToHeading,Canal,14,40,Local vs PRISM,108.47786429785882,102.90362686031749,102.90362686031749
HeadM206_DaysToHeading,Canal,15,25,Local vs PRISM,118.64372764604677,117.29623075079367,117.29623075079367
HeadM206_DaysToHeading,Canal,15,26,Local vs PRISM,123.06671432899404,121.63337360793652,121.63337360793652
HeadM206_DaysToHeading,Canal,15,27,Local vs PRISM,127.23638649089393,125.7387656686508,125.7387656686508
HeadM206_DaysToHeading,Canal,15,28,Local vs PRISM,130.87151122162018,129.35162280039683,129.35162280039683
HeadM206_DaysToHeading,Canal,15,29,Local vs PRISM,133.5605409880753,132.05995618293653,132.05995618293653
HeadM206_DaysToHeading,Canal,15,30,Local vs PRISM,134.2118824693305,132.80420862103176,132.80420862103176
HeadM206_DaysToHeading,Canal,15,31,Local vs PRISM,132.43137622476178,131.11265802579368,131.11265802579368
HeadM206_DaysToHeading,Canal,15,32,Local vs PRISM,127.52459960964097,126.24834443253971,126.24834443253971
HeadM206_DaysToHeading,Canal,15,33,Local vs PRISM,120.93076305682744,119.52328935436508,119.52328935436508
HeadM206_DaysToHeading,Canal,15,34,Local vs PRISM,113.89430491180882,112.36533024523813,112.36533024523813
HeadM206_DaysToHeading,Canal,15,35,Local vs PRISM,106.89278665181021,105.26171370436509,105.26171370436509
HeadM206_DaysToHeading,Canal,15,36,Local vs PRISM,100.54256577121754,98.85339487857142,98.85339487857142
HeadM206_DaysToHeading,Canal,15,37,Local vs PRISM,96.01004574237405,94.24441967261907,94.24441967261907
HeadM206_DaysToHeading,Canal,15,38,Local vs PRISM,92.95269523986975,91.08796358095242,91.08796358095242
HeadM206_DaysToHeading,Canal,15,39,Local vs PRISM,91.46839711958911,89.48668221984128,89.48668221984128
HeadM206_DaysToHeading,Canal,15,40,Local vs PRISM,90.6195278025894,88.48375187460319,88.48375187460319
HeadM206_DaysToHeading,Canal,16,25,Local vs PRISM,134.7047901182068,130.7532236702381,130.7532236702381
HeadM206_DaysToHeading,Canal,16,26,Local vs PRISM,139.92766231668836,135.82465224166668,135.82465224166668
HeadM206_DaysToHeading,Canal,16,27,Local vs PRISM,145.00346400677037,140.7361022297619,140.7361022297619
HeadM206_DaysToHeading,Canal,16,28,Local vs PRISM,149.60068521456628,145.18308635674603,145.18308635674603
HeadM206_DaysToHeading,Canal,16,29,Local vs PRISM,153.7027332654847,149.09587132261908,149.09587132261908
HeadM206_DaysToHeading,Canal,16,30,Local vs PRISM,156.27139037517148,151.47880785793652,151.47880785793652
HeadM206_DaysToHeading,Canal,16,31,Local vs PRISM,157.06105185271073,151.99885405,151.99885405
HeadM206_DaysToHeading,Canal,16,32,Local vs PRISM,154.97180245810026,149.53912727103173,149.53912727103173
HeadM206_DaysToHeading,Canal,16,33,Local vs PRISM,150.76959019412425,144.84814161825398,144.84814161825398
HeadM206_DaysToHeading,Canal,16,34,Local vs PRISM,145.48465352224127,138.89477507777778,138.89477507777778
HeadM206_DaysToHeading,Canal,16,35,Local vs PRISM,139.71330281087012,132.1806423480159,132.1806423480159
HeadM206_DaysToHeading,Canal,16,36,Local vs PRISM,134.27700873117416,125.95646631587302,125.95646631587302
HeadM206_DaysToHeading,Canal,16,37,Local vs PRISM,130.1704914323113,121.3875625321429,121.3875625321429
HeadM206_DaysToHeading,Canal,16,38,Local vs PRISM,127.22300067360287,118.30182084523813,118.30182084523813
HeadM206_DaysToHeading,Canal,16,39,Local vs PRISM,125.73333826056168,116.700539484127,116.700539484127
HeadM206_DaysToHeading,Canal,16,40,Local vs PRISM,124.91992553667062,115.69760913888891,115.69760913888891
HeadM206_DaysToHeading,Canal,17,25,Local vs PRISM,119.70920843861924,113.89073764801586,113.89073764801586
HeadM206_DaysToHeading,Canal,17,26,Local vs PRISM,124.52513227930882,118.46216621944443,118.46216621944443
HeadM206_DaysToHeading,Canal,17,27,Local vs PRISM,129.29986831674617,122.99101542579363,122.99101542579363
HeadM206_DaysToHeading,Canal,17,28,Local vs PRISM,133.9080069570689,127.3481582829365,127.3481582829365
HeadM206_DaysToHeading,Canal,17,29,Local vs PRISM,138.28718035640338,131.46288769325398,131.46288769325398
HeadM206_DaysToHeading,Canal,17,30,Local vs PRISM,142.13696778222715,134.9935226138889,134.9935226138889
HeadM206_DaysToHeading,Canal,17,31,Local vs PRISM,145.1530438570832,137.64312579404762,137.64312579404762
HeadM206_DaysToHeading,Canal,17,32,Local vs PRISM,146.27303323082458,138.32175283492066,138.32175283492066
HeadM206_DaysToHeading,Canal,17,33,Local vs PRISM,145.87602268346552,137.26443373134921,137.26443373134921
HeadM206_DaysToHeading,Canal,17,34,Local vs PRISM,144.01562672970599,134.59164681587302,134.59164681587302
HeadM206_DaysToHeading,Canal,17,35,Local vs PRISM,140.75492320407204,130.6290975281746,130.6290975281746
HeadM206_DaysToHeading,Canal,17,36,Local vs PRISM,136.40798252523038,125.8249002095238,125.8249002095238
HeadM206_DaysToHeading,Canal,17,37,Local vs PRISM,132.64539853455392,121.79276188452381,121.79276188452381
HeadM206_DaysToHeading,Canal,17,38,Local vs PRISM,130.0674513885737,119.06086279563492,119.06086279563492
HeadM206_DaysToHeading,Canal,17,39,Local vs PRISM,128.59329542542352,117.53936719246035,117.53936719246035
HeadM206_DaysToHeading,Canal,17,40,Local vs PRISM,127.69022180777947,116.53643684722222,116.53643684722222
HeadM206_DaysToHeading,Canal,18,25,Local vs PRISM,109.45796273749502,102.61039606547618,102.61039606547618
HeadM206_DaysToHeading,Canal,18,26,Local vs PRISM,113.81839764988302,106.68182463690475,106.68182463690475
HeadM206_DaysToHeading,Canal,18,27,Local vs PRISM,118.17595316403073,110.7489674940476,110.7489674940476
HeadM206_DaysToHeading,Canal,18,28,Local vs PRISM,122.48582635209738,114.7489674940476,114.7489674940476
HeadM206_DaysToHeading,Canal,18,29,Local vs PRISM,126.77531834158891,118.73576039642857,118.73576039642857
HeadM206_DaysToHeading,Canal,18,30,Local vs PRISM,130.88778284720485,122.55718896785714,122.55718896785714
HeadM206_DaysToHeading,Canal,18,31,Local vs PRISM,134.51550997528213,125.90861753928571,125.90861753928571
HeadM206_DaysToHeading,Canal,18,32,Local vs PRISM,137.3099344157702,128.39282388849205,128.39282388849205
HeadM206_DaysToHeading,Canal,18,33,Local vs PRISM,139.06768315220145,129.7199888793651,129.7199888793651
HeadM206_DaysToHeading,Canal,18,34,Local vs PRISM,139.67101326343303,129.63075681190475,129.63075681190475
HeadM206_DaysToHeading,Canal,18,35,Local vs PRISM,138.67553445875532,127.81110843531746,127.81110843531746
HeadM206_DaysToHeading,Canal,18,36,Local vs PRISM,136.3403435011818,124.8417119214286,124.8417119214286
HeadM206_DaysToHeading,Canal,18,37,Local vs PRISM,133.84507574859782,122.08101563095236,122.08101563095236
HeadM206_DaysToHeading,Canal,18,38,Local vs PRISM,131.64055947857528,119.83790186666666,119.83790186666666
HeadM206_DaysToHeading,Canal,18,39,Local vs PRISM,130.21181397504049,118.49355714047618,118.49355714047618
HeadM206_DaysToHeading,Canal,18,40,Local vs PRISM,129.28302199325864,117.5431837873016,117.5431837873016
HeadM206_DaysToHeading,Canal,19,25,Local vs PRISM,81.18375195493395,74.51687594920635,74.51687594920635
HeadM206_DaysToHeading,Canal,19,26,Local vs PRISM,84.30963468973609,77.3740188063492,77.3740188063492
HeadM206_DaysToHeading,Canal,19,27,Local vs PRISM,87.43568407763895,80.23116166349206,80.23116166349206
HeadM206_DaysToHeading,Canal,19,28,Local vs PRISM,90.56188286085957,83.08830452063492,83.08830452063492
HeadM206_DaysToHeading,Canal,19,29,Local vs PRISM,93.68821608428054,85.94544737777777,85.94544737777777
HeadM206_DaysToHeading,Canal,19,30,Local vs PRISM,96.76350564429198,88.75044737777777,88.75044737777777
HeadM206_DaysToHeading,Canal,19,31,Local vs PRISM,99.66793440422522,91.3644553142857,91.3644553142857
HeadM206_DaysToHeading,Canal,19,32,Local vs PRISM,102.43305631972336,93.75636007619046,93.75636007619046
HeadM206_DaysToHeading,Canal,19,33,Local vs PRISM,104.49817382780715,95.42717740357142,95.42717740357142
HeadM206_DaysToHeading,Canal,19,34,Local vs PRISM,105.73072374934533,96.2051624611111,96.2051624611111
HeadM206_DaysToHeading,Canal,19,35,Local vs PRISM,105.56889431403235,95.55470927380952,95.55470927380952
HeadM206_DaysToHeading,Canal,19,36,Local vs PRISM,104.16870123088552,93.70535397420635,93.70535397420635
HeadM206_DaysToHeading,Canal,19,37,Local vs PRISM,102.43301009876389,91.56222473650794,91.56222473650794
HeadM206_DaysToHeading,Canal,19,38,Local vs PRISM,100.69327996066225,89.66468850793652,89.66468850793652
HeadM206_DaysToHeading,Canal,19,39,Local vs PRISM,99.7182546748868,88.62454766269842,88.62454766269842
HeadM206_DaysToHeading,Canal,19,40,Local vs PRISM,99.02475110177632,87.86831705952382,87.86831705952382
HeadM206_DaysToHeading,Canal,20,25,Local vs PRISM,68.06365286250768,60.61906590436508,60.61906590436508
HeadM206_DaysToHeading,Canal,20,26,Local vs PRISM,70.62648389908048,62.904780190079364,62.904780190079364
HeadM206_DaysToHeading,Canal,20,27,Local vs PRISM,73.18936037464093,65.19049447579364,65.19049447579364
HeadM206_DaysToHeading,Canal,20,28,Local vs PRISM,75.7522776772679,67.47620876150793,67.47620876150793
HeadM206_DaysToHeading,Canal,20,29,Local vs PRISM,78.31523179868395,69.76192304722223,69.76192304722223
HeadM206_DaysToHeading,Canal,20,30,Local vs PRISM,80.86684789750879,72.0326373329365,72.0326373329365
HeadM206_DaysToHeading,Canal,20,31,Local vs PRISM,83.37589512884621,74.24692304722223,74.24692304722223
HeadM206_DaysToHeading,Canal,20,32,Local vs PRISM,85.88091304453634,76.45541511071428,76.45541511071428
HeadM206_DaysToHeading,Canal,20,33,Local vs PRISM,88.18233500680621,78.46593098373016,78.46593098373016
HeadM206_DaysToHeading,Canal,20,34,Local vs PRISM,89.74439056903913,79.76724050753968,79.76724050753968
HeadM206_DaysToHeading,Canal,20,35,Local vs PRISM,90.4372674445556,80.20840632857143,80.20840632857143
HeadM206_DaysToHeading,Canal,20,36,Local vs PRISM,90.13357809549291,79.63816823333333,79.63816823333333
HeadM206_DaysToHeading,Canal,20,37,Local vs PRISM,89.24622281395825,78.56310497261904,78.56310497261904
HeadM206_DaysToHeading,Canal,20,38,Local vs PRISM,88.12210440359469,77.28942495912699,77.28942495912699
HeadM206_DaysToHeading,Canal,20,39,Local vs PRISM,87.47832291476449,76.4200545781746,76.4200545781746
HeadM206_DaysToHeading,Canal,20,40,Local vs PRISM,87.07470226600742,75.7371946218254,75.7371946218254
HeadM206_DaysToHeading,DelRio,10,25,Local vs PRISM,184.5935398095417,-158.01379026249998,158.67176196944445
HeadM206_DaysToHeading,DelRio,10,26,Local vs PRISM,193.68220917260265,-166.80789384375,166.80789384375
HeadM206_DaysToHeading,DelRio,10,27,Local vs PRISM,202.00196166263808,-175.63631357013887,175.63631357013887
HeadM206_DaysToHeading,DelRio,10,28,Local vs PRISM,209.63668973107616,-184.22549829722223,184.22549829722223
HeadM206_DaysToHeading,DelRio,10,29,Local vs PRISM,217.04433578241046,-192.58108031805557,192.58108031805557
HeadM206_DaysToHeading,DelRio,10,30,Local vs PRISM,224.37526429624128,-201.2737135930556,201.2737135930556
HeadM206_DaysToHeading,DelRio,10,31,Local vs PRISM,231.04241696420777,-209.7773974888889,209.7773974888889
HeadM206_DaysToHeading,DelRio,10,32,Local vs PRISM,237.64984995337113,-218.00641321458335,218.00641321458335
HeadM206_DaysToHeading,DelRio,10,33,Local vs PRISM,243.12190929269903,-224.99519629166667,224.99519629166667
HeadM206_DaysToHeading,DelRio,10,34,Local vs PRISM,246.48311790990547,-229.75430415694439,229.75430415694439
HeadM206_DaysToHeading,DelRio,10,35,Local vs PRISM,249.4452678535173,-234.18672719027774,234.18672719027774
HeadM206_DaysToHeading,DelRio,10,36,Local vs PRISM,251.35999387636915,-237.39639468125003,237.39639468125003
HeadM206_DaysToHeading,DelRio,10,37,Local vs PRISM,252.92546470615937,-239.76493476527787,239.76493476527787
HeadM206_DaysToHeading,DelRio,10,38,Local vs PRISM,253.91975200946482,-241.17530299652776,241.17530299652776
HeadM206_DaysToHeading,DelRio,10,39,Local vs PRISM,254.18065059925016,-241.57503533680554,241.57503533680554
HeadM206_DaysToHeading,DelRio,10,40,Local vs PRISM,254.2102267366292,-241.60955385069454,241.60955385069454
HeadM206_DaysToHeading,DelRio,11,25,Local vs PRISM,200.13037265442372,-146.59032052499998,179.01798657638892
HeadM206_DaysToHeading,DelRio,11,26,Local vs PRISM,210.02899183440337,-155.0456523916667,187.0897072180556
HeadM206_DaysToHeading,DelRio,11,27,Local vs PRISM,219.3976224610107,-164.44760721527777,194.11874526111112
HeadM206_DaysToHeading,DelRio,11,28,Local vs PRISM,228.0979748749188,-173.89637139722223,200.27128735833335
HeadM206_DaysToHeading,DelRio,11,29,Local vs PRISM,236.41735501522928,-183.0717037270833,206.12306412013888
HeadM206_DaysToHeading,DelRio,11,30,Local vs PRISM,244.64339901375268,-193.04968708680556,211.59179733541666
HeadM206_DaysToHeading,DelRio,11,31,Local vs PRISM,252.43212241651358,-203.27271710833335,216.00699451111117
HeadM206_DaysToHeading,DelRio,11,32,Local vs PRISM,259.9907289170156,-213.39062172291668,220.1562603284722
HeadM206_DaysToHeading,DelRio,11,33,Local vs PRISM,265.8880064863495,-221.76023678333328,223.0672926527778
HeadM206_DaysToHeading,DelRio,11,34,Local vs PRISM,269.5729809339239,-227.6582335375,227.6582335375
HeadM206_DaysToHeading,DelRio,11,35,Local vs PRISM,272.53892342611306,-233.00037879305555,233.00037879305555
HeadM206_DaysToHeading,DelRio,11,36,Local vs PRISM,274.21376945531523,-236.77254628402787,236.77254628402787
HeadM206_DaysToHeading,DelRio,11,37,Local vs PRISM,275.31818972805365,-239.27997525694445,239.27997525694445
HeadM206_DaysToHeading,DelRio,11,38,Local vs PRISM,276.075445310184,-240.81534348819446,240.81534348819446
HeadM206_DaysToHeading,DelRio,11,39,Local vs PRISM,276.33389800825324,-241.34007582847218,241.34007582847218
HeadM206_DaysToHeading,DelRio,11,40,Local vs PRISM,276.4139067066044,-241.4648721201389,241.4648721201389
HeadM206_DaysToHeading,DelRio,12,25,Local vs PRISM,188.91798237982246,-145.83752307847226,169.4591885826389
HeadM206_DaysToHeading,DelRio,12,26,Local vs PRISM,198.80508611659488,-154.73131751736108,177.24687179652776
HeadM206_DaysToHeading,DelRio,12,27,Local vs PRISM,208.2724430904794,-164.2918238388889,184.0310168013889
HeadM206_DaysToHeading,DelRio,12,28,Local vs PRISM,217.308327049939,-174.1609911972222,190.02315642777774
HeadM206_DaysToHeading,DelRio,12,29,Local vs PRISM,226.255381581565,-184.02003624791666,195.97539586458333
HeadM206_DaysToHeading,DelRio,12,30,Local vs PRISM,235.4563016738749,-194.7760185361111,201.70912788194443
HeadM206_DaysToHeading,DelRio,12,31,Local vs PRISM,244.65673006667774,-206.22892377847222,206.55895007291667
HeadM206_DaysToHeading,DelRio,12,32,Local vs PRISM,253.40556457986582,-217.41962586180557,217.41962586180557
HeadM206_DaysToHeading,DelRio,12,33,Local vs PRISM,261.0082973761529,-227.26160241458336,227.26160241458336
HeadM206_DaysToHeading,DelRio,12,34,Local vs PRISM,265.99977905312005,-234.30689395486115,234.30689395486115
HeadM206_DaysToHeading,DelRio,12,35,Local vs PRISM,270.1113384634784,-240.8085879173612,240.8085879173612
HeadM206_DaysToHeading,DelRio,12,36,Local vs PRISM,272.7528150062601,-245.46415818611115,245.46415818611115
HeadM206_DaysToHeading,DelRio,12,37,Local vs PRISM,274.4665840515892,-248.41005938125,248.41005938125
HeadM206_DaysToHeading,DelRio,12,38,Local vs PRISM,275.436811881323,-250.11903872361114,250.11903872361114
HeadM206_DaysToHeading,DelRio,12,39,Local vs PRISM,275.74520364083,-250.65467384166664,250.65467384166664
HeadM206_DaysToHeading,DelRio,12,40,Local vs PRISM,275.83793054507385,-250.77947013333335,250.77947013333335
HeadM206_DaysToHeading,DelRio,13,25,Local vs PRISM,192.25162093277402,-123.20723441944442,186.94823341249997
HeadM206_DaysToHeading,DelRio,13,26,Local vs PRISM,201.64297279094922,-130.2620581555555,195.74750147916666
HeadM206_DaysToHeading,DelRio,13,27,Local vs PRISM,210.36498667346228,-137.92902715624996,203.6430815909722
HeadM206_DaysToHeading,DelRio,13,28,Local vs PRISM,218.5571731685005,-146.00617114722223,210.84319785000002
HeadM206_DaysToHeading,DelRio,13,29,Local vs PRISM,226.96245426815466,-154.57579302430554,218.16551423541665
HeadM206_DaysToHeading,DelRio,13,30,Local vs PRISM,235.2608101049152,-164.1166393048611,224.97011051597218
HeadM206_DaysToHeading,DelRio,13,31,Local vs PRISM,243.41693139217227,-174.83162331111112,231.0767057013889
HeadM206_DaysToHeading,DelRio,13,32,Local vs PRISM,251.55018133406264,-185.8138770375,236.84890394166666
HeadM206_DaysToHeading,DelRio,13,33,Local vs PRISM,258.6882266355868,-195.65296432916668,241.5671302527778
HeadM206_DaysToHeading,DelRio,13,34,Local vs PRISM,263.36345533896474,-202.94585971180555,244.04122033819442
HeadM206_DaysToHeading,DelRio,13,35,Local vs PRISM,266.63477267218576,-209.32542900277778,245.00301272916667
HeadM206_DaysToHeading,DelRio,13,36,Local vs PRISM,268.5413712511467,-214.0303951506945,244.87634027708336
HeadM206_DaysToHeading,DelRio,13,37,Local vs PRISM,269.8195964388573,-217.09310211111108,244.76207365694444
HeadM206_DaysToHeading,DelRio,13,38,Local vs PRISM,270.5543421213781,-218.89794384236114,244.56341540208336
HeadM206_DaysToHeading,DelRio,13,39,Local vs PRISM,270.8669468674121,-219.53080118263892,244.5125232006945
HeadM206_DaysToHeading,DelRio,13,40,Local vs PRISM,270.9823009870361,-219.65559747430555,244.6288193951389
HeadM206_DaysToHeading,DelRio,14,25,Local vs PRISM,162.0296515611577,-82.97389631527778,160.58770183194446
HeadM206_DaysToHeading,DelRio,14,26,Local vs PRISM,169.61292954950704,-87.0523644013889,168.0818643625
HeadM206_DaysToHeading,DelRio,14,27,Local vs PRISM,177.13605206892416,-91.24830035069448,175.50682808958337
HeadM206_DaysToHeading,DelRio,14,28,Local vs PRISM,184.4870020345167,-95.5411126979167,182.7996404368056
HeadM206_DaysToHeading,DelRio,14,29,Local vs PRISM,191.9576576190854,-100.28846823750001,190.16727375416667
HeadM206_DaysToHeading,DelRio,14,30,Local vs PRISM,199.37931519251788,-105.8543566763889,197.49191219305555
HeadM206_DaysToHeading,DelRio,14,31,Local vs PRISM,206.81715929842525,-112.4594588826389,204.69062551041668
HeadM206_DaysToHeading,DelRio,14,32,Local vs PRISM,213.80881695030772,-119.24489779444443,211.45425886666663
HeadM206_DaysToHeading,DelRio,14,33,Local vs PRISM,219.97494251938184,-125.77077801458333,217.31513988819444
HeadM206_DaysToHeading,DelRio,14,34,Local vs PRISM,224.34381116700337,-131.1975557076389,221.31386221597225
HeadM206_DaysToHeading,DelRio,14,35,Local vs PRISM,227.5584033985425,-136.52020807291666,224.00973709375
HeadM206_DaysToHeading,DelRio,14,36,Local vs PRISM,229.76004717520152,-141.2165412430556,225.60543161111113
HeadM206_DaysToHeading,DelRio,14,37,Local vs PRISM,231.36157731444095,-144.90649744444445,226.66216499444445
HeadM206_DaysToHeading,DelRio,14,38,Local vs PRISM,232.1525405463623,-147.3331430951389,227.08531065902778
HeadM206_DaysToHeading,DelRio,14,39,Local vs PRISM,232.50711037766544,-148.25766710208333,227.32608512430556
HeadM206_DaysToHeading,DelRio,14,40,Local vs PRISM,232.72582554989773,-148.50746339375002,227.56738131875
HeadM206_DaysToHeading,DelRio,15,25,Local vs PRISM,115.1839328991608,-46.21649071805556,114.43543564583334
HeadM206_DaysToHeading,DelRio,15,26,Local vs PRISM,120.24032070650284,-48.220028248611115,119.44897317638889
HeadM206_DaysToHeading,DelRio,15,27,Local vs PRISM,125.28378883308127,-50.220028248611115,124.44897317638889
HeadM206_DaysToHeading,DelRio,15,28,Local vs PRISM,130.44818690373427,-52.34617392916667,129.57511885694444
HeadM206_DaysToHeading,DelRio,15,29,Local vs PRISM,135.58891481400798,-54.74852946875001,134.71830772986112
HeadM206_DaysToHeading,DelRio,15,30,Local vs PRISM,140.64924349730245,-57.58344568541668,139.8294739465278
HeadM206_DaysToHeading,DelRio,15,31,Local vs PRISM,145.53637651028896,-61.05605651597224,144.8413903326389
HeadM206_DaysToHeading,DelRio,15,32,Local vs PRISM,150.35495954102282,-64.91107000625001,149.8098760451389
HeadM206_DaysToHeading,DelRio,15,33,Local vs PRISM,154.9319624335776,-68.9260599263889,154.5298659652778
HeadM206_DaysToHeading,DelRio,15,34,Local vs PRISM,158.70806086813707,-72.73477297638888,158.42524568194446
HeadM206_DaysToHeading,DelRio,15,35,Local vs PRISM,162.02389820008423,-76.79058729097224,161.84711581180557
HeadM206_DaysToHeading,DelRio,15,36,Local vs PRISM,164.52608101797614,-80.49093352152778,164.40732315347222
HeadM206_DaysToHeading,DelRio,15,37,Local vs PRISM,166.75514807953644,-83.98036670486113,166.64675633680557
HeadM206_DaysToHeading,DelRio,15,38,Local vs PRISM,168.1971816995223,-86.5064287701389,168.0538189201389
HeadM206_DaysToHeading,DelRio,15,39,Local vs PRISM,169.01231715123043,-87.6424527701389,168.83309339236112
HeadM206_DaysToHeading,DelRio,15,40,Local vs PRISM,169.47694594301362,-88.0824434576389,169.27308407986112
HeadM206_DaysToHeading,DelRio,16,25,Local vs PRISM,68.85901518415558,-40.99935633125001,68.17313453125001
HeadM206_DaysToHeading,DelRio,16,26,Local vs PRISM,71.78436742554295,-42.86935633125001,71.05313453125001
HeadM206_DaysToHeading,DelRio,16,27,Local vs PRISM,74.70614610375063,-44.74435633125001,73.92813453125001
HeadM206_DaysToHeading,DelRio,16,28,Local vs PRISM,77.6282559682009,-46.61935633125001,76.80313453125001
HeadM206_DaysToHeading,DelRio,16,29,Local vs PRISM,80.724373259264,-48.640189664583346,79.82396786458334
HeadM206_DaysToHeading,DelRio,16,30,Local vs PRISM,83.92708584786698,-50.78521714097222,82.93524534097223
HeadM206_DaysToHeading,DelRio,16,31,Local vs PRISM,87.07234212183492,-53.172161585416674,85.96496756319445
HeadM206_DaysToHeading,DelRio,16,32,Local vs PRISM,90.10865591367465,-55.586498981944445,88.87930495972222
HeadM206_DaysToHeading,DelRio,16,33,Local vs PRISM,93.08808804398757,-57.983998981944445,91.73180495972223
HeadM206_DaysToHeading,DelRio,16,34,Local vs PRISM,95.91983042104835,-60.69163787083333,94.34361051527777
HeadM206_DaysToHeading,DelRio,16,35,Local vs PRISM,98.75229832170263,-63.72601507500001,96.87798771944445
HeadM206_DaysToHeading,DelRio,16,36,Local vs PRISM,101.11176107701596,-66.67022433472223,98.87330809027779
HeadM206_DaysToHeading,DelRio,16,37,Local vs PRISM,103.29329655499524,-69.4665124013889,100.66959615694445
HeadM206_DaysToHeading,DelRio,16,38,Local vs PRISM,104.78390600564462,-71.52873780000002,101.86282207361111
HeadM206_DaysToHeading,DelRio,16,39,Local vs PRISM,105.71018814281389,-72.64538695277778,102.66147139305556
HeadM206_DaysToHeading,DelRio,16,40,Local vs PRISM,106.19782566466066,-73.09904045277779,103.11512489305557
HeadM206_DaysToHeading,DelRio,17,25,Local vs PRISM,67.81805661810529,-46.11797926180556,63.02422926180556
HeadM206_DaysToHeading,DelRio,17,26,Local vs PRISM,70.77604293504506,-48.11797926180556,65.77422926180556
HeadM206_DaysToHeading,DelRio,17,27,Local vs PRISM,73.73403355052635,-50.11797926180556,68.52422926180556
HeadM206_DaysToHeading,DelRio,17,28,Local vs PRISM,76.69202796716847,-52.11797926180556,71.27422926180556
HeadM206_DaysToHeading,DelRio,17,29,Local vs PRISM,79.65002576147579,-54.11797926180556,74.02422926180556
HeadM206_DaysToHeading,DelRio,17,30,Local vs PRISM,82.55568450883236,-56.08351657152778,76.73976657152778
HeadM206_DaysToHeading,DelRio,17,31,Local vs PRISM,85.32402155807006,-57.95851657152778,79.36476657152778
HeadM206_DaysToHeading,DelRio,17,32,Local vs PRISM,88.09262889119691,-59.83351657152778,81.98976657152778
HeadM206_DaysToHeading,DelRio,17,33,Local vs PRISM,90.86148180104857,-61.70851657152778,84.61476657152778
HeadM206_DaysToHeading,DelRio,17,34,Local vs PRISM,93.63466759274024,-63.705252682638886,87.1874749048611
HeadM206_DaysToHeading,DelRio,17,35,Local vs PRISM,96.39689570160549,-65.96163991666667,89.69386213888889
HeadM206_DaysToHeading,DelRio,17,36,Local vs PRISM,98.75106852169269,-68.07119947986112,91.82897725763888
HeadM206_DaysToHeading,DelRio,17,37,Local vs PRISM,100.5663334525392,-69.79688650694445,93.55466428472222
HeadM206_DaysToHeading,DelRio,17,38,Local vs PRISM,101.64758763782322,-70.93600692708333,94.69378470486112
HeadM206_DaysToHeading,DelRio,17,39,Local vs PRISM,102.43085687764926,-71.81361904513889,95.57139682291667
HeadM206_DaysToHeading,DelRio,17,40,Local vs PRISM,102.91219789895999,-72.35060587847222,96.10838365625
HeadM206_DaysToHeading,DelRio,18,25,Local vs PRISM,35.20983618401687,-29.328749179861116,29.328749179861116
HeadM206_DaysToHeading,DelRio,18,26,Local vs PRISM,36.709833299600675,-30.578749179861116,30.578749179861116
HeadM206_DaysToHeading,DelRio,18,27,Local vs PRISM,38.20983064165081,-31.828749179861116,31.828749179861116
HeadM206_DaysToHeading,DelRio,18,28,Local vs PRISM,39.70982818450369,-33.07874917986111,33.07874917986111
HeadM206_DaysToHeading,DelRio,18,29,Local vs PRISM,41.20982590623225,-34.32874917986111,34.32874917986111
HeadM206_DaysToHeading,DelRio,18,30,Local vs PRISM,42.70982378798978,-35.57874917986111,35.57874917986111
HeadM206_DaysToHeading,DelRio,18,31,Local vs PRISM,44.20982181348737,-36.82874917986111,36.82874917986111
HeadM206_DaysToHeading,DelRio,18,32,Local vs PRISM,45.709819968574266,-38.07874917986111,38.07874917986111
HeadM206_DaysToHeading,DelRio,18,33,Local vs PRISM,47.20981824089812,-39.32874917986111,39.32874917986111
HeadM206_DaysToHeading,DelRio,18,34,Local vs PRISM,48.709816619628164,-40.57874917986112,40.57874917986112
HeadM206_DaysToHeading,DelRio,18,35,Local vs PRISM,50.07361392234431,-41.72656154652778,41.72656154652778
HeadM206_DaysToHeading,DelRio,18,36,Local vs PRISM,51.30836370268109,-42.776574134722225,42.776574134722225
HeadM206_DaysToHeading,DelRio,18,37,Local vs PRISM,52.189519920518244,-43.555799006944454,43.555799006944454
HeadM206_DaysToHeading,DelRio,18,38,Local vs PRISM,52.871220322566465,-44.180799006944454,44.180799006944454
HeadM206_DaysToHeading,DelRio,18,39,Local vs PRISM,53.549008044433585,-44.79824877083334,44.79824877083334
HeadM206_DaysToHeading,DelRio,18,40,Local vs PRISM,53.951542391015465,-45.19942331944445,45.19942331944445
HeadM206_DaysToHeading,DelRio,19,25,Local vs PRISM,0,0,0
HeadM206_DaysToHeading,DelRio,19,26,Local vs PRISM,0,0,0
HeadM206_DaysToHeading,DelRio,19,27,Local vs PRISM,0,0,0
HeadM206_DaysToHeading,DelRio,19,28,Local vs PRISM,0,0,0
HeadM206_DaysToHeading,DelRio,19,29,Local vs PRISM,0,0,0
HeadM206_DaysToHeading,DelRio,19,30,Local vs PRISM,0,0,0
HeadM206_DaysToHeading,DelRio,19,31,Local vs PRISM,0,0,0
HeadM206_DaysToHeading,DelRio,19,32,Local vs PRISM,0,0,0
HeadM206_DaysToHeading,DelRio,19,33,Local vs PRISM,0,0,0
HeadM206_DaysToHeading,DelRio,19,34,Local vs PRISM,0,0,0
HeadM206_DaysToHeading,DelRio,19,35,Local vs PRISM,0,0,0
HeadM206_DaysToHeading,DelRio,19,36,Local vs PRISM,0,0,0
HeadM206_DaysToHeading,DelRio,19,37,Local vs PRISM,0,0,0
HeadM206_DaysToHeading,DelRio,19,38,Local vs PRISM,0,0,0
HeadM206_DaysToHeading,DelRio,19,39,Local vs PRISM,0,0,0
HeadM206_DaysToHeading,DelRio,19,40,Local vs PRISM,0,0,0
HeadM206_DaysToHeading,DelRio,20,25,Local vs PRISM,0,0,0
HeadM206_DaysToHeading,DelRio,20,26,Local vs PRISM,0,0,0
HeadM206_DaysToHeading,DelRio,20,27,Local vs PRISM,0,0,0
HeadM206_DaysToHeading,DelRio,20,28,Local vs PRISM,0,0,0
HeadM206_DaysToHeading,DelRio,20,29,Local vs PRISM,0,0,0
HeadM206_DaysToHeading,DelRio,20,30,Local vs PRISM,0,0,0
HeadM206_DaysToHeading,DelRio,20,31,Local vs PRISM,0,0,0
HeadM206_DaysToHeading,DelRio,20,32,Local vs PRISM,0,0,0
HeadM206_DaysToHeading,DelRio,20,33,Local vs PRISM,0,0,0
HeadM206_DaysToHeading,DelRio,20,34,Local vs PRISM,0,0,0
HeadM206_DaysToHeading,DelRio,20,35,Local vs PRISM,0,0,0
HeadM206_DaysToHeading,DelRio,20,36,Local vs PRISM,0,0,0
HeadM206_DaysToHeading,DelRio,20,37,Local vs PRISM,0,0,0
HeadM206_DaysToHeading,DelRio,20,38,Local vs PRISM,0,0,0
HeadM206_DaysToHeading,DelRio,20,39,Local vs PRISM,0,0,0
HeadM206_DaysToHeading,DelRio,20,40,Local vs PRISM,0,0,0
HeadM206_DaysToHeading,ErdmanGallagher,10,25,Local vs PRISM,54.05857552467296,46.18945876319445,46.18945876319445
HeadM206_DaysToHeading,ErdmanGallagher,10,26,Local vs PRISM,55.17286374279006,46.769935591666666,46.769935591666666
HeadM206_DaysToHeading,ErdmanGallagher,10,27,Local vs PRISM,56.635598891633414,47.52944294895835,47.52944294895835
HeadM206_DaysToHeading,ErdmanGallagher,10,28,Local vs PRISM,57.474507664190256,47.80104253506943,47.80104253506943
HeadM206_DaysToHeading,ErdmanGallagher,10,29,Local vs PRISM,57.059667058712044,46.502529573611056,47.1498214993055
HeadM206_DaysToHeading,ErdmanGallagher,10,30,Local vs PRISM,55.80533936685279,43.919215429166655,46.65700733888886
HeadM206_DaysToHeading,ErdmanGallagher,10,31,Local vs PRISM,54.630697543035495,40.93851169374999,45.985567496527764
HeadM206_DaysToHeading,ErdmanGallagher,10,32,Local vs PRISM,52.34238320342648,35.635518734722254,43.524463427777775
HeadM206_DaysToHeading,ErdmanGallagher,10,33,Local vs PRISM,50.31377166553881,28.11553376736113,38.81708952152776
HeadM206_DaysToHeading,ErdmanGallagher,10,34,Local vs PRISM,48.671921605209846,19.16148614340277,37.06640303298609
HeadM206_DaysToHeading,ErdmanGallagher,10,35,Local vs PRISM,49.659696270213644,10.403838196874972,40.3927682927083
HeadM206_DaysToHeading,ErdmanGallagher,10,36,Local vs PRISM,51.870277660741564,2.241857450347254,45.617053031597266
HeadM206_DaysToHeading,ErdmanGallagher,10,37,Local vs PRISM,54.03232454459752,-4.398703426736063,48.910575609374916
HeadM206_DaysToHeading,ErdmanGallagher,10,38,Local vs PRISM,55.78708260060034,-8.973761613541626,50.99464233437499
HeadM206_DaysToHeading,ErdmanGallagher,10,39,Local vs PRISM,56.83561843094517,-11.754769134374925,52.108147056597176
HeadM206_DaysToHeading,ErdmanGallagher,10,40,Local vs PRISM,57.182057294128356,-13.139350828819431,52.47069050798609
HeadM206_DaysToHeading,ErdmanGallagher,11,25,Local vs PRISM,78.36609032717752,63.26914824652779,63.26914824652779
HeadM206_DaysToHeading,ErdmanGallagher,11,26,Local vs PRISM,80.77814332010611,64.62515064756944,64.62515064756944
HeadM206_DaysToHeading,ErdmanGallagher,11,27,Local vs PRISM,83.36544995600019,65.98937033402777,65.98937033402777
HeadM206_DaysToHeading,ErdmanGallagher,11,28,Local vs PRISM,85.21253575859849,66.80896848124999,66.80896848124999
HeadM206_DaysToHeading,ErdmanGallagher,11,29,Local vs PRISM,85.56290104877974,65.9461131072917,66.88555768159725
HeadM206_DaysToHeading,ErdmanGallagher,11,30,Local vs PRISM,84.72397728869866,63.6350427010417,66.66498725937501
HeadM206_DaysToHeading,ErdmanGallagher,11,31,Local vs PRISM,83.54315542461589,60.746776352083344,66.0859848034722
HeadM206_DaysToHeading,ErdmanGallagher,11,32,Local vs PRISM,80.7685278990507,55.47755836493057,63.65865570659723
HeadM206_DaysToHeading,ErdmanGallagher,11,33,Local vs PRISM,77.36313400233513,47.90990470208337,58.74072390347223
HeadM206_DaysToHeading,ErdmanGallagher,11,34,Local vs PRISM,73.86215202891346,38.89335707812501,52.72418971354165
HeadM206_DaysToHeading,ErdmanGallagher,11,35,Local vs PRISM,72.0614468537565,30.075153576041686,49.0096390038195
HeadM206_DaysToHeading,ErdmanGallagher,11,36,Local vs PRISM,71.2879817654037,21.91317282951384,50.79657789479167
HeadM206_DaysToHeading,ErdmanGallagher,11,37,Local vs PRISM,70.85717742067331,15.272611952430509,53.049780430208386
HeadM206_DaysToHeading,ErdmanGallagher,11,38,Local vs PRISM,70.83691893332781,10.697553765625031,55.133847155208315
HeadM206_DaysToHeading,ErdmanGallagher,11,39,Local vs PRISM,70.85837126986759,7.916546244791675,56.24735187743056
HeadM206_DaysToHeading,ErdmanGallagher,11,40,Local vs PRISM,70.61521178669088,6.5319645503471975,56.60989532881945
HeadM206_DaysToHeading,ErdmanGallagher,12,25,Local vs PRISM,125.32637065050127,91.84984906909722,94.1993771079861
HeadM206_DaysToHeading,ErdmanGallagher,12,26,Local vs PRISM,130.48758189316553,94.77460820069446,97.59723338194443
HeadM206_DaysToHeading,ErdmanGallagher,12,27,Local vs PRISM,135.21547297130397,97.39627149652777,100.71200777777777
HeadM206_DaysToHeading,ErdmanGallagher,12,28,Local vs PRISM,139.10309947579162,99.47245702048612,103.31192952534722
HeadM206_DaysToHeading,ErdmanGallagher,12,29,Local vs PRISM,141.4056702790879,99.84778894513892,104.95338639444446
HeadM206_DaysToHeading,ErdmanGallagher,12,30,Local vs PRISM,141.82955176584227,98.25455568715275,105.4185281239583
HeadM206_DaysToHeading,ErdmanGallagher,12,31,Local vs PRISM,141.60044757992583,95.8919640392361,105.36520036909722
HeadM206_DaysToHeading,ErdmanGallagher,12,32,Local vs PRISM,139.4911742269284,90.9010702479167,103.2161954680556
HeadM206_DaysToHeading,ErdmanGallagher,12,33,Local vs PRISM,136.40533762925867,83.6079347815972,98.5727818614583
HeadM206_DaysToHeading,ErdmanGallagher,12,34,Local vs PRISM,132.61137098914273,74.67361820243056,92.99299256631943
HeadM206_DaysToHeading,ErdmanGallagher,12,35,Local vs PRISM,129.62938597993457,65.77208335381947,90.06670873020833
HeadM206_DaysToHeading,ErdmanGallagher,12,36,Local vs PRISM,127.29504176932465,57.5396164961805,88.8688273246528
HeadM206_DaysToHeading,ErdmanGallagher,12,37,Local vs PRISM,125.41500218342308,50.89307429791664,88.22061918402777
HeadM206_DaysToHeading,ErdmanGallagher,12,38,Local vs PRISM,124.27160744569188,46.31801611111112,88.32451933541668
HeadM206_DaysToHeading,ErdmanGallagher,12,39,Local vs PRISM,123.60052578861635,43.53700859027779,88.6150106409722
HeadM206_DaysToHeading,ErdmanGallagher,12,40,Local vs PRISM,123.02568985023142,42.15242689583333,88.74842907152781
HeadM206_DaysToHeading,ErdmanGallagher,13,25,Local vs PRISM,129.60878522540662,110.76536972916668,110.76536972916668
HeadM206_DaysToHeading,ErdmanGallagher,13,26,Local vs PRISM,134.8908112098587,114.92706002291666,114.92706002291666
HeadM206_DaysToHeading,ErdmanGallagher,13,27,Local vs PRISM,139.92044046836102,118.90747050937496,118.90747050937496
HeadM206_DaysToHeading,ErdmanGallagher,13,28,Local vs PRISM,144.52878944417537,122.43342187638888,122.43342187638888
HeadM206_DaysToHeading,ErdmanGallagher,13,29,Local vs PRISM,147.82518450080707,124.38706755277778,124.38706755277778
HeadM206_DaysToHeading,ErdmanGallagher,13,30,Local vs PRISM,149.17340432991847,124.32794027291666,124.32794027291666
HeadM206_DaysToHeading,ErdmanGallagher,13,31,Local vs PRISM,149.31479409320377,122.9275025,123.85954472499998
HeadM206_DaysToHeading,ErdmanGallagher,13,32,Local vs PRISM,147.14735955682187,118.71358686666663,122.36251798194441
HeadM206_DaysToHeading,ErdmanGallagher,13,33,Local vs PRISM,142.7222287050119,111.60046380729166,117.8995891267361
HeadM206_DaysToHeading,ErdmanGallagher,13,34,Local vs PRISM,137.08220967481432,102.79146508055554,111.3368124083333
HeadM206_DaysToHeading,ErdmanGallagher,13,35,Local vs PRISM,131.89577149818433,93.94432398124997,105.04699058541661
HeadM206_DaysToHeading,ErdmanGallagher,13,36,Local vs PRISM,127.45400722118372,85.71423918055554,99.57182295555553
HeadM206_DaysToHeading,ErdmanGallagher,13,37,Local vs PRISM,124.03516405176347,79.09231503784719,95.55421884062494
HeadM206_DaysToHeading,ErdmanGallagher,13,38,Local vs PRISM,121.84052046696877,74.52896940208335,92.90937362499999
HeadM206_DaysToHeading,ErdmanGallagher,13,39,Local vs PRISM,120.5622055441573,71.74796188124998,91.30411540277777
HeadM206_DaysToHeading,ErdmanGallagher,13,40,Local vs PRISM,119.73695617530588,70.36338018680556,90.6186600333333
HeadM206_DaysToHeading,ErdmanGallagher,14,25,Local vs PRISM,153.89026974491804,126.20207078854165,126.20207078854165
HeadM206_DaysToHeading,ErdmanGallagher,14,26,Local vs PRISM,160.36222136271167,131.19541806527775,131.19541806527775
HeadM206_DaysToHeading,ErdmanGallagher,14,27,Local vs PRISM,166.57855832496597,135.98502299548608,135.98502299548608
HeadM206_DaysToHeading,ErdmanGallagher,14,28,Local vs PRISM,172.3704203809672,140.3623841256944,140.3623841256944
HeadM206_DaysToHeading,ErdmanGallagher,14,29,Local vs PRISM,177.5258731248523,143.87380080104168,143.87380080104168
HeadM206_DaysToHeading,ErdmanGallagher,14,30,Local vs PRISM,181.56179236477567,146.24138847256944,146.29508350590277
HeadM206_DaysToHeading,ErdmanGallagher,14,31,Local vs PRISM,184.45144876640188,147.26830678090278,148.7413768142361
HeadM206_DaysToHeading,ErdmanGallagher,14,32,Local vs PRISM,184.67349822994578,145.36491194305552,148.68423180416664
HeadM206_DaysToHeading,ErdmanGallagher,14,33,Local vs PRISM,182.53051074655212,140.11077171666665,145.29263318402775
HeadM206_DaysToHeading,ErdmanGallagher,14,34,Local vs PRISM,178.82308240256228,132.6558730715278,139.79208166180558
HeadM206_DaysToHeading,ErdmanGallagher,14,35,Local vs PRISM,174.84647971850262,124.64808502743058,134.244362909375
HeadM206_DaysToHeading,ErdmanGallagher,14,36,Local vs PRISM,171.0951287933795,116.77696098368052,129.12815603645828
HeadM206_DaysToHeading,ErdmanGallagher,14,37,Local vs PRISM,167.79902525783152,110.32641657361111,125.28193165416667
HeadM206_DaysToHeading,ErdmanGallagher,14,38,Local vs PRISM,165.36652657144276,105.81307065208334,122.68708615277778
HeadM206_DaysToHeading,ErdmanGallagher,14,39,Local vs PRISM,163.77357852571808,103.03170184652777,121.08146664583333
HeadM206_DaysToHeading,ErdmanGallagher,14,40,Local vs PRISM,162.73404740951156,101.64712015208332,120.10051043749999
HeadM206_DaysToHeading,ErdmanGallagher,15,25,Local vs PRISM,143.4391493744909,125.23032830833333,125.23032830833333
HeadM206_DaysToHeading,ErdmanGallagher,15,26,Local vs PRISM,149.4342998785473,130.3806894739583,130.3806894739583
HeadM206_DaysToHeading,ErdmanGallagher,15,27,Local vs PRISM,155.34870054709768,135.446440903125,135.446440903125
HeadM206_DaysToHeading,ErdmanGallagher,15,28,Local vs PRISM,161.03748078876987,140.34907979201387,140.34907979201387
HeadM206_DaysToHeading,ErdmanGallagher,15,29,Local vs PRISM,166.3186571819481,144.78817701423614,144.78817701423614
HeadM206_DaysToHeading,ErdmanGallagher,15,30,Local vs PRISM,171.13652764160565,148.7831771479167,148.7831771479167
HeadM206_DaysToHeading,ErdmanGallagher,15,31,Local vs PRISM,175.28232205231205,151.93079589965276,151.93079589965276
HeadM206_DaysToHeading,ErdmanGallagher,15,32,Local vs PRISM,177.11269918568166,152.6140216965278,152.6140216965278
HeadM206_DaysToHeading,ErdmanGallagher,15,33,Local vs PRISM,176.88017154960144,150.39442259930559,150.39442259930559
HeadM206_DaysToHeading,ErdmanGallagher,15,34,Local vs PRISM,174.5455378133728,145.25958031388888,145.25958031388888
HeadM206_DaysToHeading,ErdmanGallagher,15,35,Local vs PRISM,170.83015182133988,138.33825019375,138.33825019375
HeadM206_DaysToHeading,ErdmanGallagher,15,36,Local vs PRISM,166.64641464970603,131.08820124618052,131.08820124618052
HeadM206_DaysToHeading,ErdmanGallagher,15,37,Local vs PRISM,162.842887502981,124.9280839326389,124.9280839326389
HeadM206_DaysToHeading,ErdmanGallagher,15,38,Local vs PRISM,159.9788717960897,120.48850686527777,120.48850686527777
HeadM206_DaysToHeading,ErdmanGallagher,15,39,Local vs PRISM,158.11934373253817,117.73151302152777,117.73151302152777
HeadM206_DaysToHeading,ErdmanGallagher,15,40,Local vs PRISM,157.0849847023019,116.34693132708335,116.34693132708335
HeadM206_DaysToHeading,ErdmanGallagher,16,25,Local vs PRISM,112.94481646091302,105.64764434930555,105.64764434930555
HeadM206_DaysToHeading,ErdmanGallagher,16,26,Local vs PRISM,117.60375151676837,110.02264434930555,110.02264434930555
HeadM206_DaysToHeading,ErdmanGallagher,16,27,Local vs PRISM,122.20089850336008,114.33590823819445,114.33590823819445
HeadM206_DaysToHeading,ErdmanGallagher,16,28,Local vs PRISM,126.748851052042,118.59410268263889,118.59410268263889
HeadM206_DaysToHeading,ErdmanGallagher,16,29,Local vs PRISM,131.04198849263926,122.56486657152777,122.56486657152777
HeadM206_DaysToHeading,ErdmanGallagher,16,30,Local vs PRISM,135.08128598881748,126.35077979826389,126.35077979826389
HeadM206_DaysToHeading,ErdmanGallagher,16,31,Local vs PRISM,138.51788059769856,129.56080965243055,129.56080965243055
HeadM206_DaysToHeading,ErdmanGallagher,16,32,Local vs PRISM,140.86928573770868,131.5599868829861,131.5599868829861
HeadM206_DaysToHeading,ErdmanGallagher,16,33,Local vs PRISM,141.8940241915176,132.18457223159726,132.18457223159726
HeadM206_DaysToHeading,ErdmanGallagher,16,34,Local vs PRISM,140.90253743838974,130.65359108194446,130.65359108194446
HeadM206_DaysToHeading,ErdmanGallagher,16,35,Local vs PRISM,138.19003025309237,127.15637616284724,127.15637616284724
HeadM206_DaysToHeading,ErdmanGallagher,16,36,Local vs PRISM,134.26014306871116,122.23980475451388,122.23980475451388
HeadM206_DaysToHeading,ErdmanGallagher,16,37,Local vs PRISM,130.60057584730058,117.47917629548613,117.47917629548613
HeadM206_DaysToHeading,ErdmanGallagher,16,38,Local vs PRISM,127.49319012114071,113.52496791111113,113.52496791111113
HeadM206_DaysToHeading,ErdmanGallagher,16,39,Local vs PRISM,125.35031538659,110.92291167847223,110.92291167847223
HeadM206_DaysToHeading,ErdmanGallagher,16,40,Local vs PRISM,124.21872195205962,109.54231741111113,109.54231741111113
HeadM206_DaysToHeading,ErdmanGallagher,17,25,Local vs PRISM,88.53225549341725,82.85374076979167,82.85374076979167
HeadM206_DaysToHeading,ErdmanGallagher,17,26,Local vs PRISM,92.1314476195333,86.22874076979167,86.22874076979167
HeadM206_DaysToHeading,ErdmanGallagher,17,27,Local vs PRISM,95.73111833771662,89.60374076979167,89.60374076979167
HeadM206_DaysToHeading,ErdmanGallagher,17,28,Local vs PRISM,99.33121561678888,92.97874076979167,92.97874076979167
HeadM206_DaysToHeading,ErdmanGallagher,17,29,Local vs PRISM,102.85481804872063,96.26499076979167,96.26499076979167
HeadM206_DaysToHeading,ErdmanGallagher,17,30,Local vs PRISM,106.24023605733774,99.42999076979166,99.42999076979166
HeadM206_DaysToHeading,ErdmanGallagher,17,31,Local vs PRISM,109.39905267679752,102.34835882534722,102.34835882534722
HeadM206_DaysToHeading,ErdmanGallagher,17,32,Local vs PRISM,112.12545875523745,104.746842946875,104.746842946875
HeadM206_DaysToHeading,ErdmanGallagher,17,33,Local vs PRISM,114.45374924503537,106.655588040625,106.655588040625
HeadM206_DaysToHeading,ErdmanGallagher,17,34,Local vs PRISM,115.7780619463675,107.53664857083334,107.53664857083334
HeadM206_DaysToHeading,ErdmanGallagher,17,35,Local vs PRISM,115.75407551573178,106.8717577201389,106.8717577201389
HeadM206_DaysToHeading,ErdmanGallagher,17,36,Local vs PRISM,114.34724123488621,104.75354666631945,104.75354666631945
HeadM206_DaysToHeading,ErdmanGallagher,17,37,Local vs PRISM,112.32933421301728,101.94322911909721,101.94322911909721
HeadM206_DaysToHeading,ErdmanGallagher,17,38,Local vs PRISM,110.20251229459164,99.12869691111112,99.12869691111112
HeadM206_DaysToHeading,ErdmanGallagher,17,39,Local vs PRISM,108.5030111235271,96.97766520972223,96.97766520972223
HeadM206_DaysToHeading,ErdmanGallagher,17,40,Local vs PRISM,107.52271351973647,95.7267584875,95.7267584875
HeadM206_DaysToHeading,ErdmanGallagher,18,25,Local vs PRISM,69.29557976638255,53.706775235416664,59.55963653958333
HeadM206_DaysToHeading,ErdmanGallagher,18,26,Local vs PRISM,72.05615599235915,55.83177523541666,61.93463653958332
HeadM206_DaysToHeading,ErdmanGallagher,18,27,Local vs PRISM,74.8167886081146,57.956775235416664,64.30963653958332
HeadM206_DaysToHeading,ErdmanGallagher,18,28,Local vs PRISM,77.57747159367479,60.081775235416664,66.68463653958332
HeadM206_DaysToHeading,ErdmanGallagher,18,29,Local vs PRISM,80.30124476527574,62.14660162430556,68.99946292847221
HeadM206_DaysToHeading,ErdmanGallagher,18,30,Local vs PRISM,82.91352070700651,64.14660162430556,71.24946292847221
HeadM206_DaysToHeading,ErdmanGallagher,18,31,Local vs PRISM,85.4826261316495,66.09611551319445,73.4489768173611
HeadM206_DaysToHeading,ErdmanGallagher,18,32,Local vs PRISM,87.94690819155251,67.77709963472222,75.58829427222221
HeadM206_DaysToHeading,ErdmanGallagher,18,33,Local vs PRISM,90.24557592497169,69.26036352361112,77.57155816111111
HeadM206_DaysToHeading,ErdmanGallagher,18,34,Local vs PRISM,92.12169945298265,70.1440788013889,79.17055121666667
HeadM206_DaysToHeading,ErdmanGallagher,18,35,Local vs PRISM,93.60679940836604,70.30834758125002,80.46518117638888
HeadM206_DaysToHeading,ErdmanGallagher,18,36,Local vs PRISM,94.09288361170951,69.62573391736112,80.96645640138888
HeadM206_DaysToHeading,ErdmanGallagher,18,37,Local vs PRISM,94.06366714835916,68.28597980625,81.09010506805555
HeadM206_DaysToHeading,ErdmanGallagher,18,38,Local vs PRISM,93.48736389527762,66.55649888125,80.6441238798611
HeadM206_DaysToHeading,ErdmanGallagher,18,39,Local vs PRISM,92.94842774125982,65.03566013819444,80.22978503958332
HeadM206_DaysToHeading,ErdmanGallagher,18,40,Local vs PRISM,92.60739669888324,63.98695930833334,80.06220918194444
HeadM206_DaysToHeading,ErdmanGallagher,19,25,Local vs PRISM,55.78138146906189,44.87227443368056,47.870094226736114
HeadM206_DaysToHeading,ErdmanGallagher,19,26,Local vs PRISM,57.96022197928184,46.62227443368056,49.745094226736114
HeadM206_DaysToHeading,ErdmanGallagher,19,27,Local vs PRISM,60.13910662105192,48.37227443368056,51.620094226736114
HeadM206_DaysToHeading,ErdmanGallagher,19,28,Local vs PRISM,62.31803076533208,50.12227443368056,53.495094226736114
HeadM206_DaysToHeading,ErdmanGallagher,19,29,Local vs PRISM,64.49699040854156,51.87227443368056,55.370094226736114
HeadM206_DaysToHeading,ErdmanGallagher,19,30,Local vs PRISM,66.67598207038368,53.62227443368056,57.245094226736114
HeadM206_DaysToHeading,ErdmanGallagher,19,31,Local vs PRISM,68.85500271106487,55.37227443368056,59.120094226736114
HeadM206_DaysToHeading,ErdmanGallagher,19,32,Local vs PRISM,70.9527049538997,56.972795267013886,60.935476171180554
HeadM206_DaysToHeading,ErdmanGallagher,19,33,Local vs PRISM,72.91986969163905,58.42935776701389,62.64203867118056
HeadM206_DaysToHeading,ErdmanGallagher,19,34,Local vs PRISM,74.60230003407757,59.611406378125004,64.13394839340279
HeadM206_DaysToHeading,ErdmanGallagher,19,35,Local vs PRISM,75.88270033053166,60.39402923680555,65.32457132083333
HeadM206_DaysToHeading,ErdmanGallagher,19,36,Local vs PRISM,76.49532807860822,60.67378010659722,66.03821107951389
HeadM206_DaysToHeading,ErdmanGallagher,19,37,Local vs PRISM,76.61465950016374,60.484859223958324,66.46942908576389
HeadM206_DaysToHeading,ErdmanGallagher,19,38,Local vs PRISM,76.40288884779677,60.02259617638889,66.51016583958332
HeadM206_DaysToHeading,ErdmanGallagher,19,39,Local vs PRISM,76.14514309643488,59.49577031875,66.46308989166667
HeadM206_DaysToHeading,ErdmanGallagher,19,40,Local vs PRISM,76.0263336803646,59.04131969375,66.58676426666666
HeadM206_DaysToHeading,ErdmanGallagher,20,25,Local vs PRISM,39.391177460612994,31.13813752673611,34.08909605798611
HeadM206_DaysToHeading,ErdmanGallagher,20,26,Local vs PRISM,40.90074725776504,32.32563752673611,35.40159605798611
HeadM206_DaysToHeading,ErdmanGallagher,20,27,Local vs PRISM,42.41037480090979,33.51313752673611,36.71409605798611
HeadM206_DaysToHeading,ErdmanGallagher,20,28,Local vs PRISM,43.9200541354825,34.70063752673611,38.02659605798611
HeadM206_DaysToHeading,ErdmanGallagher,20,29,Local vs PRISM,45.42978009823273,35.88813752673611,39.33909605798611
HeadM206_DaysToHeading,ErdmanGallagher,20,30,Local vs PRISM,46.93954819002685,37.07563752673611,40.65159605798611
HeadM206_DaysToHeading,ErdmanGallagher,20,31,Local vs PRISM,48.44935447241709,38.26313752673611,41.96409605798611
HeadM206_DaysToHeading,ErdmanGallagher,20,32,Local vs PRISM,49.940456836199246,39.402165304513886,43.22812383576389
HeadM206_DaysToHeading,ErdmanGallagher,20,33,Local vs PRISM,51.385003914695616,40.45667919340278,44.40763772465278
HeadM206_DaysToHeading,ErdmanGallagher,20,34,Local vs PRISM,52.79179828848206,41.41643613784722,45.552255780208334
HeadM206_DaysToHeading,ErdmanGallagher,20,35,Local vs PRISM,54.1391943593236,42.26969304791667,46.68851275902778
HeadM206_DaysToHeading,ErdmanGallagher,20,36,Local vs PRISM,55.147254719107615,42.90226249236111,47.57108220347222
HeadM206_DaysToHeading,ErdmanGallagher,20,37,Local vs PRISM,55.735262009369755,43.20757499236111,48.12639470347222
HeadM206_DaysToHeading,ErdmanGallagher,20,38,Local vs PRISM,55.832620820416814,43.17374452881945,48.31693903020833
HeadM206_DaysToHeading,ErdmanGallagher,20,39,Local vs PRISM,55.793525660856275,43.02277599409722,48.43972055104167
HeadM206_DaysToHeading,ErdmanGallagher,20,40,Local vs PRISM,55.91446981017347,42.81783925798611,48.68790881493055
HeadM206_DaysToHeading,LarrabeeSheppard,10,25,Local vs PRISM,39.88753681246942,37.0647761546296,37.0647761546296
HeadM206_DaysToHeading,LarrabeeSheppard,10,26,Local vs PRISM,38.587229329770324,35.73779554722221,35.73779554722221
HeadM206_DaysToHeading,LarrabeeSheppard,10,27,Local vs PRISM,36.92627223661714,34.08797573117283,34.08797573117283
HeadM206_DaysToHeading,LarrabeeSheppard,10,28,Local vs PRISM,34.76615831771127,31.897850932716057,31.897850932716057
HeadM206_DaysToHeading,LarrabeeSheppard,10,29,Local vs PRISM,31.762045063095563,28.489159561111123,28.89714808950618
HeadM206_DaysToHeading,LarrabeeSheppard,10,30,Local vs PRISM,27.570312737885192,23.374848257407418,25.112058892592636
HeadM206_DaysToHeading,LarrabeeSheppard,10,31,Local vs PRISM,23.461357497451267,17.468939614197488,21.12086632777779
HeadM206_DaysToHeading,LarrabeeSheppard,10,32,Local vs PRISM,20.132199017795767,10.691558149074025,18.370329237962906
HeadM206_DaysToHeading,LarrabeeSheppard,10,33,Local vs PRISM,18.184517335645065,2.8822015595679003,16.47885239783947
HeadM206_DaysToHeading,LarrabeeSheppard,10,34,Local vs PRISM,20.794594428749654,-5.534003930555526,15.251140719444468
HeadM206_DaysToHeading,LarrabeeSheppard,10,35,Local vs PRISM,27.72521769833434,-14.583869247530957,20.206048955555616
HeadM206_DaysToHeading,LarrabeeSheppard,10,36,Local vs PRISM,35.59035871595485,-22.771312787037132,27.726880340740813
HeadM206_DaysToHeading,LarrabeeSheppard,10,37,Local vs PRISM,41.35223295465732,-28.499528538888903,33.469404775308675
HeadM206_DaysToHeading,LarrabeeSheppard,10,38,Local vs PRISM,45.11263213509863,-32.37901040895066,37.341293900308656
HeadM206_DaysToHeading,LarrabeeSheppard,10,39,Local vs PRISM,46.98871934583133,-34.52190342746917,39.530742671913636
HeadM206_DaysToHeading,LarrabeeSheppard,10,40,Local vs PRISM,47.887020510428684,-35.598861828703726,40.627392431172865
HeadM206_DaysToHeading,LarrabeeSheppard,11,25,Local vs PRISM,48.759679473095225,44.2392725833333,44.2392725833333
HeadM206_DaysToHeading,LarrabeeSheppard,11,26,Local vs PRISM,47.81119705692766,43.07556970802469,43.07556970802469
HeadM206_DaysToHeading,LarrabeeSheppard,11,27,Local vs PRISM,46.47532191878934,41.56192273148146,41.56192273148146
HeadM206_DaysToHeading,LarrabeeSheppard,11,28,Local vs PRISM,44.730128751681164,39.53197081327161,39.53197081327161
HeadM206_DaysToHeading,LarrabeeSheppard,11,29,Local vs PRISM,42.10196289401496,36.18633500987656,36.59432353827161
HeadM206_DaysToHeading,LarrabeeSheppard,11,30,Local vs PRISM,38.36099596313602,31.12757926172838,32.8647898969136
HeadM206_DaysToHeading,LarrabeeSheppard,11,31,Local vs PRISM,34.38688965300237,25.256892883950538,28.908819597530837
HeadM206_DaysToHeading,LarrabeeSheppard,11,32,Local vs PRISM,30.548891516787968,18.479511418827137,26.41440586080249
HeadM206_DaysToHeading,LarrabeeSheppard,11,33,Local vs PRISM,26.913349021993593,10.670154829320962,24.522929020678955
HeadM206_DaysToHeading,LarrabeeSheppard,11,34,Local vs PRISM,26.08325371965446,2.253949339197536,23.27711276265432
HeadM206_DaysToHeading,LarrabeeSheppard,11,35,Local vs PRISM,29.637510693823053,-6.7959159777778195,23.4512041728395
HeadM206_DaysToHeading,LarrabeeSheppard,11,36,Local vs PRISM,35.576626111985085,-14.983359517284018,26.97061803024692
HeadM206_DaysToHeading,LarrabeeSheppard,11,37,Local vs PRISM,40.32948584662251,-20.711575269135842,30.354871216049382
HeadM206_DaysToHeading,LarrabeeSheppard,11,38,Local vs PRISM,43.40292964345752,-24.591057139197574,32.97922942067905
HeadM206_DaysToHeading,LarrabeeSheppard,11,39,Local vs PRISM,44.8006918344233,-26.73395015771608,34.946455970061756
HeadM206_DaysToHeading,LarrabeeSheppard,11,40,Local vs PRISM,45.37042079343715,-27.81090855895061,35.86743892067898
HeadM206_DaysToHeading,LarrabeeSheppard,12,25,Local vs PRISM,68.64176176001796,65.33170152438271,65.33170152438271
HeadM206_DaysToHeading,LarrabeeSheppard,12,26,Local vs PRISM,68.6550744136971,65.17363751358023,65.17363751358023
HeadM206_DaysToHeading,LarrabeeSheppard,12,27,Local vs PRISM,68.07224928420943,64.38884540493827,64.38884540493827
HeadM206_DaysToHeading,LarrabeeSheppard,12,28,Local vs PRISM,66.89351837474439,62.94983788271606,62.94983788271606
HeadM206_DaysToHeading,LarrabeeSheppard,12,29,Local vs PRISM,64.54051013208486,60.10196317006171,60.10196317006171
HeadM206_DaysToHeading,LarrabeeSheppard,12,30,Local vs PRISM,60.24809508164106,55.31326287499998,55.31326287499998
HeadM206_DaysToHeading,LarrabeeSheppard,12,31,Local vs PRISM,54.931060992873874,49.582187529321004,49.582187529321004
HeadM206_DaysToHeading,LarrabeeSheppard,12,32,Local vs PRISM,48.86290920089242,42.84277268641967,42.84277268641967
HeadM206_DaysToHeading,LarrabeeSheppard,12,33,Local vs PRISM,41.69268995085796,35.03341609691355,35.03341609691355
HeadM206_DaysToHeading,LarrabeeSheppard,12,34,Local vs PRISM,34.50072837792217,26.617210606790096,27.054592069753046
HeadM206_DaysToHeading,LarrabeeSheppard,12,35,Local vs PRISM,28.717898979708426,17.567345289814764,21.403948426851812
HeadM206_DaysToHeading,LarrabeeSheppard,12,36,Local vs PRISM,26.801775904575514,9.379901750308603,21.722815809567933
HeadM206_DaysToHeading,LarrabeeSheppard,12,37,Local vs PRISM,27.552937896626432,3.6516859984567542,22.72746846203706
HeadM206_DaysToHeading,LarrabeeSheppard,12,38,Local vs PRISM,28.45486648018609,-0.22779587160500292,22.759753195061762
HeadM206_DaysToHeading,LarrabeeSheppard,12,39,Local vs PRISM,28.795333815441403,-2.3706888901235112,22.696124542592607
HeadM206_DaysToHeading,LarrabeeSheppard,12,40,Local vs PRISM,28.85626805288081,-3.4476472913580034,23.452338653703666
HeadM206_DaysToHeading,LarrabeeSheppard,13,25,Local vs PRISM,91.02531140566059,87.05926916697531,87.05926916697531
HeadM206_DaysToHeading,LarrabeeSheppard,13,26,Local vs PRISM,92.53199917229794,88.6115192574074,88.6115192574074
HeadM206_DaysToHeading,LarrabeeSheppard,13,27,Local vs PRISM,92.94734270122768,89.0499323287037,89.0499323287037
HeadM206_DaysToHeading,LarrabeeSheppard,13,28,Local vs PRISM,92.60560286139857,88.7164449882716,88.7164449882716
HeadM206_DaysToHeading,LarrabeeSheppard,13,29,Local vs PRISM,90.77627049756933,86.82683636604935,86.82683636604935
HeadM206_DaysToHeading,LarrabeeSheppard,13,30,Local vs PRISM,86.98108358992509,82.94502486759258,82.94502486759258
HeadM206_DaysToHeading,LarrabeeSheppard,13,31,Local vs PRISM,82.0497176352886,77.90564399320984,77.90564399320984
HeadM206_DaysToHeading,LarrabeeSheppard,13,32,Local vs PRISM,76.30966971408749,71.69892354320989,71.69892354320989
HeadM206_DaysToHeading,LarrabeeSheppard,13,33,Local vs PRISM,69.50995837292344,64.18935574660492,64.18935574660492
HeadM206_DaysToHeading,LarrabeeSheppard,13,34,Local vs PRISM,62.52932816848144,55.897872419444425,55.897872419444425
HeadM206_DaysToHeading,LarrabeeSheppard,13,35,Local vs PRISM,56.08137845400553,46.90395154537037,46.90395154537037
HeadM206_DaysToHeading,LarrabeeSheppard,13,36,Local vs PRISM,51.652701736001426,38.71650800586414,39.47468094228392
HeadM206_DaysToHeading,LarrabeeSheppard,13,37,Local vs PRISM,49.53790493421499,32.98829225401232,36.63795207746908
HeadM206_DaysToHeading,LarrabeeSheppard,13,38,Local vs PRISM,48.380746473226765,29.10881038395055,34.67082456604932
HeadM206_DaysToHeading,LarrabeeSheppard,13,39,Local vs PRISM,47.74301554767825,26.96591736543208,33.38656275864196
HeadM206_DaysToHeading,LarrabeeSheppard,13,40,Local vs PRISM,47.471684623882545,25.888958964197553,32.623843659876535
HeadM206_DaysToHeading,LarrabeeSheppard,14,25,Local vs PRISM,120.01837612107298,115.93320063364197,115.93320063364197
HeadM206_DaysToHeading,LarrabeeSheppard,14,26,Local vs PRISM,123.66202593968083,119.40876185185182,119.40876185185182
HeadM206_DaysToHeading,LarrabeeSheppard,14,27,Local vs PRISM,126.6169607710622,122.22031007314811,122.22031007314811
HeadM206_DaysToHeading,LarrabeeSheppard,14,28,Local vs PRISM,128.4802389174986,124.0351176583333,124.0351176583333
HeadM206_DaysToHeading,LarrabeeSheppard,14,29,Local vs PRISM,128.45033578666613,124.00111995555555,124.00111995555555
HeadM206_DaysToHeading,LarrabeeSheppard,14,30,Local vs PRISM,126.18722412300352,121.69836856388889,121.69836856388889
HeadM206_DaysToHeading,LarrabeeSheppard,14,31,Local vs PRISM,122.16184188946924,117.5897755111111,117.5897755111111
HeadM206_DaysToHeading,LarrabeeSheppard,14,32,Local vs PRISM,116.77400414094015,111.92838338580245,111.92838338580245
HeadM206_DaysToHeading,LarrabeeSheppard,14,33,Local vs PRISM,110.25814922061254,104.79613212777775,104.79613212777775
HeadM206_DaysToHeading,LarrabeeSheppard,14,34,Local vs PRISM,103.4084485868682,96.77353879660495,96.77353879660495
HeadM206_DaysToHeading,LarrabeeSheppard,14,35,Local vs PRISM,96.30132806327494,87.91011786820984,87.91011786820984
HeadM206_DaysToHeading,LarrabeeSheppard,14,36,Local vs PRISM,90.3132695619705,79.83378543981479,79.83378543981479
HeadM206_DaysToHeading,LarrabeeSheppard,14,37,Local vs PRISM,86.4927703624624,74.17035850617279,74.17035850617279
HeadM206_DaysToHeading,LarrabeeSheppard,14,38,Local vs PRISM,84.01961715878986,70.32958776018516,70.32958776018516
HeadM206_DaysToHeading,LarrabeeSheppard,14,39,Local vs PRISM,82.75041788801958,68.18669474166663,69.33338585895054
HeadM206_DaysToHeading,LarrabeeSheppard,14,40,Local vs PRISM,82.3061310595746,67.1097363404321,69.13498317993825
HeadM206_DaysToHeading,LarrabeeSheppard,15,25,Local vs PRISM,126.3531019851504,122.36760839475305,122.36760839475305
HeadM206_DaysToHeading,LarrabeeSheppard,15,26,Local vs PRISM,131.0085888053394,126.8902973450617,126.8902973450617
HeadM206_DaysToHeading,LarrabeeSheppard,15,27,Local vs PRISM,135.29011623264827,130.9922862518518,130.9922862518518
HeadM206_DaysToHeading,LarrabeeSheppard,15,28,Local vs PRISM,138.8318881062442,134.3684616185185,134.3684616185185
HeadM206_DaysToHeading,LarrabeeSheppard,15,29,Local vs PRISM,140.94262285380992,136.26439465308644,136.26439465308644
HeadM206_DaysToHeading,LarrabeeSheppard,15,30,Local vs PRISM,140.94026916999167,135.92798751018518,135.92798751018518
HeadM206_DaysToHeading,LarrabeeSheppard,15,31,Local vs PRISM,138.97236498825214,133.5995620080247,133.5995620080247
HeadM206_DaysToHeading,LarrabeeSheppard,15,32,Local vs PRISM,135.07558029674692,129.3300165574074,129.3300165574074
HeadM206_DaysToHeading,LarrabeeSheppard,15,33,Local vs PRISM,129.52118456261582,123.32947871851849,123.32947871851849
HeadM206_DaysToHeading,LarrabeeSheppard,15,34,Local vs PRISM,123.10855824992642,116.01847021049383,116.01847021049383
HeadM206_DaysToHeading,LarrabeeSheppard,15,35,Local vs PRISM,116.13153685347153,107.64821037777776,107.64821037777776
HeadM206_DaysToHeading,LarrabeeSheppard,15,36,Local vs PRISM,109.92516100965635,99.81218986080245,99.81218986080245
HeadM206_DaysToHeading,LarrabeeSheppard,15,37,Local vs PRISM,105.66313868940871,94.27926266111109,94.27926266111109
HeadM206_DaysToHeading,LarrabeeSheppard,15,38,Local vs PRISM,102.68108947638369,90.51144185432095,90.51144185432095
HeadM206_DaysToHeading,LarrabeeSheppard,15,39,Local vs PRISM,100.82756171643709,88.38572090679008,88.38572090679008
HeadM206_DaysToHeading,LarrabeeSheppard,15,40,Local vs PRISM,99.86739534352166,87.3087625055555,87.3087625055555
HeadM206_DaysToHeading,LarrabeeSheppard,16,25,Local vs PRISM,112.58907755039235,102.55149730308644,102.55149730308644
HeadM206_DaysToHeading,LarrabeeSheppard,16,26,Local vs PRISM,117.12155721491403,106.66134674722224,106.66134674722224
HeadM206_DaysToHeading,LarrabeeSheppard,16,27,Local vs PRISM,121.54744099863856,110.62474180895063,110.62474180895063
HeadM206_DaysToHeading,LarrabeeSheppard,16,28,Local vs PRISM,125.70758344879484,114.29440230277777,114.29440230277777
HeadM206_DaysToHeading,LarrabeeSheppard,16,29,Local vs PRISM,128.97184015886148,117.01423946759259,117.01423946759259
HeadM206_DaysToHeading,LarrabeeSheppard,16,30,Local vs PRISM,130.8832431633354,118.29029526574074,118.29029526574074
HeadM206_DaysToHeading,LarrabeeSheppard,16,31,Local vs PRISM,131.59802800911302,118.1160417962963,118.1160417962963
HeadM206_DaysToHeading,LarrabeeSheppard,16,32,Local vs PRISM,130.36634869033233,115.94869816728396,115.94869816728396
HeadM206_DaysToHeading,LarrabeeSheppard,16,33,Local vs PRISM,126.88962217923782,111.54079222561727,111.54079222561727
HeadM206_DaysToHeading,LarrabeeSheppard,16,34,Local vs PRISM,121.86061410723323,105.38756205061726,105.38756205061726
HeadM206_DaysToHeading,LarrabeeSheppard,16,35,Local vs PRISM,115.68033881716282,97.77739575555553,97.97280259876543
HeadM206_DaysToHeading,LarrabeeSheppard,16,36,Local vs PRISM,109.83378974161015,90.28979288950617,93.53442241666667
HeadM206_DaysToHeading,LarrabeeSheppard,16,37,Local vs PRISM,105.93083811102623,84.92823248734567,91.69745388179011
HeadM206_DaysToHeading,LarrabeeSheppard,16,38,Local vs PRISM,103.46698970001447,81.20983985555554,90.37785150864197
HeadM206_DaysToHeading,LarrabeeSheppard,16,39,Local vs PRISM,102.02797688010604,79.13967446358025,89.26310549938273
HeadM206_DaysToHeading,LarrabeeSheppard,16,40,Local vs PRISM,101.31127507067227,78.11608261790126,88.44701984506173
HeadM206_DaysToHeading,LarrabeeSheppard,17,25,Local vs PRISM,131.70556555770494,120.05332264135802,120.05332264135802
HeadM206_DaysToHeading,LarrabeeSheppard,17,26,Local vs PRISM,137.10656249732173,125.0039436904321,125.0039436904321
HeadM206_DaysToHeading,LarrabeeSheppard,17,27,Local vs PRISM,142.43525899204985,129.88539430771604,129.88539430771604
HeadM206_DaysToHeading,LarrabeeSheppard,17,28,Local vs PRISM,147.5800807444187,134.55184492499998,134.55184492499998
HeadM206_DaysToHeading,LarrabeeSheppard,17,29,Local vs PRISM,152.16700996464493,138.65992283055556,138.65992283055556
HeadM206_DaysToHeading,LarrabeeSheppard,17,30,Local vs PRISM,155.947711854275,141.95126735462964,141.95126735462964
HeadM206_DaysToHeading,LarrabeeSheppard,17,31,Local vs PRISM,158.9847130508017,144.36387602160494,144.36387602160494
HeadM206_DaysToHeading,LarrabeeSheppard,17,32,Local vs PRISM,160.46847618958452,145.18214081450617,145.18214081450617
HeadM206_DaysToHeading,LarrabeeSheppard,17,33,Local vs PRISM,159.59736153259033,143.54235258765434,143.54235258765434
HeadM206_DaysToHeading,LarrabeeSheppard,17,34,Local vs PRISM,156.80257208050924,139.6618345910494,139.6618345910494
HeadM206_DaysToHeading,LarrabeeSheppard,17,35,Local vs PRISM,152.4494407414277,133.72991564629626,134.42776727839504
HeadM206_DaysToHeading,LarrabeeSheppard,17,36,Local vs PRISM,148.03760343931378,127.3621976382716,130.07608605987653
HeadM206_DaysToHeading,LarrabeeSheppard,17,37,Local vs PRISM,145.16202860296542,122.70105476358025,127.26280743765432
HeadM206_DaysToHeading,LarrabeeSheppard,17,38,Local vs PRISM,143.00615103617682,119.30761203333333,126.2681549660494
HeadM206_DaysToHeading,LarrabeeSheppard,17,39,Local vs PRISM,141.54696535077554,117.35071331111111,125.26667562654322
HeadM206_DaysToHeading,LarrabeeSheppard,17,40,Local vs PRISM,140.74251301998322,116.38267702098767,124.5061455277778
HeadM206_DaysToHeading,LarrabeeSheppard,18,25,Local vs PRISM,102.52603151611135,91.32821683240739,91.48088396759259
HeadM206_DaysToHeading,LarrabeeSheppard,18,26,Local vs PRISM,106.6394622530396,95.03285022716048,95.07440625123456
HeadM206_DaysToHeading,LarrabeeSheppard,18,27,Local vs PRISM,110.76168636856706,98.7550724493827,98.7550724493827
HeadM206_DaysToHeading,LarrabeeSheppard,18,28,Local vs PRISM,114.85083572285717,102.44979467160492,102.44979467160492
HeadM206_DaysToHeading,LarrabeeSheppard,18,29,Local vs PRISM,118.75478959332636,105.92057005030863,105.92057005030863
HeadM206_DaysToHeading,LarrabeeSheppard,18,30,Local vs PRISM,122.31077847598326,109.04046395709874,109.04046395709874
HeadM206_DaysToHeading,LarrabeeSheppard,18,31,Local vs PRISM,125.53632801023763,111.79033498179011,111.79033498179011
HeadM206_DaysToHeading,LarrabeeSheppard,18,32,Local vs PRISM,128.03971889900697,113.77518066080246,113.82753915401236
HeadM206_DaysToHeading,LarrabeeSheppard,18,33,Local vs PRISM,128.89005824796942,114.07528693641974,114.7523613808642
HeadM206_DaysToHeading,LarrabeeSheppard,18,34,Local vs PRISM,128.06533362868572,112.36293347438269,114.49877335092592
HeadM206_DaysToHeading,LarrabeeSheppard,18,35,Local vs PRISM,125.55595270023856,108.66042970679011,112.60750394753086
HeadM206_DaysToHeading,LarrabeeSheppard,18,36,Local vs PRISM,122.14427416362244,103.96711027685184,109.78907351820988
HeadM206_DaysToHeading,LarrabeeSheppard,18,37,Local vs PRISM,119.5080951404599,100.23052128117284,107.4311636675926
HeadM206_DaysToHeading,LarrabeeSheppard,18,38,Local vs PRISM,117.20954893498202,97.27026230246913,105.59713949382717
HeadM206_DaysToHeading,LarrabeeSheppard,18,39,Local vs PRISM,115.45430403410269,95.43255803395064,104.14763244135804
HeadM206_DaysToHeading,LarrabeeSheppard,18,40,Local vs PRISM,114.3633209380201,94.42987151543211,103.25845204012347
HeadM206_DaysToHeading,LarrabeeSheppard,19,25,Local vs PRISM,76.90987229717051,62.92889869907407,73.35066439104938
HeadM206_DaysToHeading,LarrabeeSheppard,19,26,Local vs PRISM,79.84916240926907,65.37334314351851,76.12844216882715
HeadM206_DaysToHeading,LarrabeeSheppard,19,27,Local vs PRISM,82.78878155577551,67.81778758796295,78.906219946604935
HeadM206_DaysToHeading,LarrabeeSheppard,19,28,Local vs PRISM,85.72869588913233,70.2622320324074,81.6839977243827
HeadM206_DaysToHeading,LarrabeeSheppard,19,29,Local vs PRISM,88.49948204407312,72.54204684722222,84.29714587253086
HeadM206_DaysToHeading,LarrabeeSheppard,19,30,Local vs PRISM,90.95001339483046,74.5383074074074,86.62673976604938
HeadM206_DaysToHeading,LarrabeeSheppard,19,31,Local vs PRISM,93.38155335046629,76.45981975308642,88.97689408703704
HeadM206_DaysToHeading,LarrabeeSheppard,19,32,Local vs PRISM,95.55097911747332,78.06627037037036,91.09704840802469
HeadM206_DaysToHeading,LarrabeeSheppard,19,33,Local vs PRISM,97.09930690592941,78.88749264166665,92.69076440833334
HeadM206_DaysToHeading,LarrabeeSheppard,19,34,Local vs PRISM,97.60915202528022,78.35935622407406,93.39836873148148
HeadM206_DaysToHeading,LarrabeeSheppard,19,35,Local vs PRISM,97.09978134394294,76.44670585061728,93.05584181481481
HeadM206_DaysToHeading,LarrabeeSheppard,19,36,Local vs PRISM,95.9118751824006,73.67574348240741,91.937546225
HeadM206_DaysToHeading,LarrabeeSheppard,19,37,Local vs PRISM,94.86474628632168,71.25614515771603,90.85696055154321
HeadM206_DaysToHeading,LarrabeeSheppard,19,38,Local vs PRISM,93.87480935471503,69.05228866388887,89.75610427438272
HeadM206_DaysToHeading,LarrabeeSheppard,19,39,Local vs PRISM,93.09291946216139,67.51913986141976,88.82948603981482
HeadM206_DaysToHeading,LarrabeeSheppard,19,40,Local vs PRISM,92.58743741019185,66.75756627191357,88.20827041944445
HeadM206_DaysToHeading,LarrabeeSheppard,20,25,Local vs PRISM,70.10637221639925,22.272633539814812,57.17681935030864
HeadM206_DaysToHeading,LarrabeeSheppard,20,26,Local vs PRISM,72.77780303533612,23.105966873148144,59.34348601697531
HeadM206_DaysToHeading,LarrabeeSheppard,20,27,Local vs PRISM,75.44926495158069,23.939300206481477,61.51015268364198
HeadM206_DaysToHeading,LarrabeeSheppard,20,28,Local vs PRISM,78.12075477486916,24.772633539814812,63.67681935030864
HeadM206_DaysToHeading,LarrabeeSheppard,20,29,Local vs PRISM,80.79226973686553,25.605966873148144,65.8434860169753
HeadM206_DaysToHeading,LarrabeeSheppard,20,30,Local vs PRISM,83.46380742364569,26.439300206481477,68.01015268364198
HeadM206_DaysToHeading,LarrabeeSheppard,20,31,Local vs PRISM,86.13536572074311,27.272633539814812,70.17681935030865
HeadM206_DaysToHeading,LarrabeeSheppard,20,32,Local vs PRISM,88.73240594904681,28.01840514475309,72.25592428858026
HeadM206_DaysToHeading,LarrabeeSheppard,20,33,Local vs PRISM,91.16130979551237,28.507991613580245,74.13318967160495
HeadM206_DaysToHeading,LarrabeeSheppard,20,34,Local vs PRISM,93.37667068831166,28.378084206172836,75.64482547407408
HeadM206_DaysToHeading,LarrabeeSheppard,20,35,Local vs PRISM,95.130769542696,27.2739484037037,76.54315880740741
HeadM206_DaysToHeading,LarrabeeSheppard,20,36,Local vs PRISM,96.56061925688347,25.63701617098765,77.07893059012346
HeadM206_DaysToHeading,LarrabeeSheppard,20,37,Local vs PRISM,97.75891982922407,23.91600438765431,77.45625256419754
HeadM206_DaysToHeading,LarrabeeSheppard,20,38,Local vs PRISM,98.72942987351654,22.084897645987645,77.78992372253086
HeadM206_DaysToHeading,LarrabeeSheppard,20,39,Local vs PRISM,99.18149306258358,20.653303436111106,77.91710721635803
HeadM206_DaysToHeading,LarrabeeSheppard,20,40,Local vs PRISM,99.30820893036913,19.88046441450617,78.0420461824074
HeadM206_DaysToHeading,Lauppe,10,25,Local vs PRISM,64.20903608247117,60.374403302469105,60.374403302469105
HeadM206_DaysToHeading,Lauppe,10,26,Local vs PRISM,63.49600455044161,59.43877048240737,59.43877048240737
HeadM206_DaysToHeading,Lauppe,10,27,Local vs PRISM,62.45965663143308,58.22405478611111,58.22405478611111
HeadM206_DaysToHeading,Lauppe,10,28,Local vs PRISM,60.602329936473176,56.095702227469104,56.095702227469104
HeadM206_DaysToHeading,Lauppe,10,29,Local vs PRISM,57.4622381329039,52.623660386111084,52.623660386111084
HeadM206_DaysToHeading,Lauppe,10,30,Local vs PRISM,52.8095015469689,47.68373517407409,47.68373517407409
HeadM206_DaysToHeading,Lauppe,10,31,Local vs PRISM,46.96127348117174,41.650659477469134,41.650659477469134
HeadM206_DaysToHeading,Lauppe,10,32,Local vs PRISM,41.015793807042485,34.925220341357985,36.41279549814811
HeadM206_DaysToHeading,Lauppe,10,33,Local vs PRISM,34.97105886900179,27.011800521296273,31.448957059567938
HeadM206_DaysToHeading,Lauppe,10,34,Local vs PRISM,30.36588819610125,18.762470410185163,27.077289562654286
HeadM206_DaysToHeading,Lauppe,10,35,Local vs PRISM,27.67526342005336,10.742387321296317,22.944488842283945
HeadM206_DaysToHeading,Lauppe,10,36,Local vs PRISM,27.805342434397378,3.273585728395018,22.596591835802478
HeadM206_DaysToHeading,Lauppe,10,37,Local vs PRISM,29.753606933352817,-2.938553167901217,23.149727316049393
HeadM206_DaysToHeading,Lauppe,10,38,Local vs PRISM,31.741554404042553,-7.455242686728449,23.991911584259242
HeadM206_DaysToHeading,Lauppe,10,39,Local vs PRISM,32.77984498616382,-9.996887788580251,24.629878336728325
HeadM206_DaysToHeading,Lauppe,10,40,Local vs PRISM,33.36489858632994,-11.454966646604968,25.313888379938234
HeadM206_DaysToHeading,Lauppe,11,25,Local vs PRISM,87.38522342520207,83.74748792685183,83.74748792685183
HeadM206_DaysToHeading,Lauppe,11,26,Local vs PRISM,87.75454298535008,83.93527719969134,83.93527719969134
HeadM206_DaysToHeading,Lauppe,11,27,Local vs PRISM,87.57464663529358,83.62005037623456,83.62005037623456
HeadM206_DaysToHeading,Lauppe,11,28,Local vs PRISM,86.17831360830336,82.10904702469132,82.10904702469132
HeadM206_DaysToHeading,Lauppe,11,29,Local vs PRISM,83.24058261467215,79.10126634444443,79.10126634444443
HeadM206_DaysToHeading,Lauppe,11,30,Local vs PRISM,78.59518453269804,74.50999111111109,74.50999111111109
HeadM206_DaysToHeading,Lauppe,11,31,Local vs PRISM,72.48932467149909,68.68031528456785,68.68031528456785
HeadM206_DaysToHeading,Lauppe,11,32,Local vs PRISM,65.61272789788234,62.065987259567905,62.065987259567905
HeadM206_DaysToHeading,Lauppe,11,33,Local vs PRISM,57.66408361221687,54.22195635895059,54.22195635895059
HeadM206_DaysToHeading,Lauppe,11,34,Local vs PRISM,49.57741876139735,45.98628180432099,45.98628180432099
HeadM206_DaysToHeading,Lauppe,11,35,Local vs PRISM,41.6922915694832,37.96619871543204,37.96619871543204
HeadM206_DaysToHeading,Lauppe,11,36,Local vs PRISM,34.90409128522855,30.49739712253083,30.49739712253083
HeadM206_DaysToHeading,Lauppe,11,37,Local vs PRISM,30.198690903262797,24.285258226234493,25.59897515956787
HeadM206_DaysToHeading,Lauppe,11,38,Local vs PRISM,27.392310455597553,19.7685687074074,24.262937047530855
HeadM206_DaysToHeading,Lauppe,11,39,Local vs PRISM,25.850866255837733,17.226923605555537,23.206969192592524
HeadM206_DaysToHeading,Lauppe,11,40,Local vs PRISM,25.235455336787485,15.76884474753087,22.56353461851846
HeadM206_DaysToHeading,Lauppe,12,25,Local vs PRISM,133.69135516107897,128.7206146675926,128.7206146675926
HeadM206_DaysToHeading,Lauppe,12,26,Local vs PRISM,136.53294463789857,131.33367231604936,131.33367231604936
HeadM206_DaysToHeading,Lauppe,12,27,Local vs PRISM,138.45033440825995,133.02065705308638,133.02065705308638
HeadM206_DaysToHeading,Lauppe,12,28,Local vs PRISM,138.88154521526616,133.37676963549382,133.37676963549382
HeadM206_DaysToHeading,Lauppe,12,29,Local vs PRISM,137.3845818232595,131.80017666512344,131.80017666512344
HeadM206_DaysToHeading,Lauppe,12,30,Local vs PRISM,133.96894285623978,128.29182913549383,128.29182913549383
HeadM206_DaysToHeading,Lauppe,12,31,Local vs PRISM,129.02159187937548,123.37061503024694,123.37061503024694
HeadM206_DaysToHeading,Lauppe,12,32,Local vs PRISM,122.98977589592427,117.37313128827157,117.37313128827157
HeadM206_DaysToHeading,Lauppe,12,33,Local vs PRISM,115.91835775384448,109.93443864320983,109.93443864320983
HeadM206_DaysToHeading,Lauppe,12,34,Local vs PRISM,108.5710408898675,101.94218627901235,101.94218627901235
HeadM206_DaysToHeading,Lauppe,12,35,Local vs PRISM,100.999011819433,94.00010741203698,94.00010741203698
HeadM206_DaysToHeading,Lauppe,12,36,Local vs PRISM,94.25639892552192,86.6424169302469,86.6424169302469
HeadM206_DaysToHeading,Lauppe,12,37,Local vs PRISM,88.96185808619882,80.48483329104937,80.48483329104937
HeadM206_DaysToHeading,Lauppe,12,38,Local vs PRISM,85.17645555098392,75.9681437722222,75.9681437722222
HeadM206_DaysToHeading,Lauppe,12,39,Local vs PRISM,83.01778129082292,73.42649867037036,73.42649867037036
HeadM206_DaysToHeading,Lauppe,12,40,Local vs PRISM,81.959129004141,71.96841981234566,71.96841981234566
HeadM206_DaysToHeading,Lauppe,13,25,Local vs PRISM,143.90007801179613,138.63591584660492,138.63591584660492
HeadM206_DaysToHeading,Lauppe,13,26,Local vs PRISM,148.3326768364474,142.78530922037035,142.78530922037035
HeadM206_DaysToHeading,Lauppe,13,27,Local vs PRISM,151.97779562977206,146.1009104765432,146.1009104765432
HeadM206_DaysToHeading,Lauppe,13,28,Local vs PRISM,154.27713630631524,148.19665636913578,148.19665636913578
HeadM206_DaysToHeading,Lauppe,13,29,Local vs PRISM,154.53949253773462,148.2740208743827,148.2740208743827
HeadM206_DaysToHeading,Lauppe,13,30,Local vs PRISM,152.69018307081888,146.25589534290123,146.25589534290123
HeadM206_DaysToHeading,Lauppe,13,31,Local vs PRISM,148.92905645091108,142.37809085956786,142.37809085956786
HeadM206_DaysToHeading,Lauppe,13,32,Local vs PRISM,143.57357498306524,136.84781678518516,136.84781678518516
HeadM206_DaysToHeading,Lauppe,13,33,Local vs PRISM,136.76314950976462,129.4984728734568,129.4984728734568
HeadM206_DaysToHeading,Lauppe,13,34,Local vs PRISM,129.63918455280617,121.56365878086416,121.56365878086416
HeadM206_DaysToHeading,Lauppe,13,35,Local vs PRISM,122.20894377684583,113.58621894197532,113.58621894197532
HeadM206_DaysToHeading,Lauppe,13,36,Local vs PRISM,115.68513700767728,106.20439946944444,106.20439946944444
HeadM206_DaysToHeading,Lauppe,13,37,Local vs PRISM,110.67262918521645,100.04681583024691,100.04681583024691
HeadM206_DaysToHeading,Lauppe,13,38,Local vs PRISM,107.10462093866394,95.53012631141976,96.55299477376545
HeadM206_DaysToHeading,Lauppe,13,39,Local vs PRISM,104.95329923759562,92.98848120956788,94.63736014104936
HeadM206_DaysToHeading,Lauppe,13,40,Local vs PRISM,103.77527700474157,91.53040235154319,93.28903648055555
HeadM206_DaysToHeading,Lauppe,14,25,Local vs PRISM,169.37533419257446,163.83102931234563,163.83102931234563
HeadM206_DaysToHeading,Lauppe,14,26,Local vs PRISM,175.87713632349295,170.03929917685178,170.03929917685178
HeadM206_DaysToHeading,Lauppe,14,27,Local vs PRISM,182.02944056110132,175.8593830898148,175.8593830898148
HeadM206_DaysToHeading,Lauppe,14,28,Local vs PRISM,187.39848439749906,180.93892010987648,180.93892010987648
HeadM206_DaysToHeading,Lauppe,14,29,Local vs PRISM,191.21193108761503,184.44727029969133,184.44727029969133
HeadM206_DaysToHeading,Lauppe,14,30,Local vs PRISM,192.78535376612663,185.7352958537037,185.7352958537037
HeadM206_DaysToHeading,Lauppe,14,31,Local vs PRISM,192.1505382654439,184.8067966765432,184.8067966765432
HeadM206_DaysToHeading,Lauppe,14,32,Local vs PRISM,189.3044020308818,181.48893044876544,181.48893044876544
HeadM206_DaysToHeading,Lauppe,14,33,Local vs PRISM,184.74518596483514,176.10457757746912,176.10457757746912
HeadM206_DaysToHeading,Lauppe,14,34,Local vs PRISM,179.5528590038339,169.70575956450617,169.70575956450617
HeadM206_DaysToHeading,Lauppe,14,35,Local vs PRISM,173.60642698952037,162.58219149907404,162.58219149907404
HeadM206_DaysToHeading,Lauppe,14,36,Local vs PRISM,167.85910296159182,155.5511176095679,155.5511176095679
HeadM206_DaysToHeading,Lauppe,14,37,Local vs PRISM,163.15646183296772,149.67736715617286,149.67736715617286
HeadM206_DaysToHeading,Lauppe,14,38,Local vs PRISM,159.59028578789633,145.31048864043208,145.70961590277776
HeadM206_DaysToHeading,Lauppe,14,39,Local vs PRISM,157.27859665939175,142.80176564660493,143.8269033780864
HeadM206_DaysToHeading,Lauppe,14,40,Local vs PRISM,155.9161404530388,141.34368678858024,142.4785797175926
HeadM206_DaysToHeading,Lauppe,15,25,Local vs PRISM,164.49956840152905,160.6060017271605,160.6060017271605
HeadM206_DaysToHeading,Lauppe,15,26,Local vs PRISM,171.14881395170605,167.11671040370368,167.11671040370368
HeadM206_DaysToHeading,Lauppe,15,27,Local vs PRISM,177.55069004842116,173.34652275493826,173.34652275493826
HeadM206_DaysToHeading,Lauppe,15,28,Local vs PRISM,183.44553000336234,179.06883756975307,179.06883756975307
HeadM206_DaysToHeading,Lauppe,15,29,Local vs PRISM,188.53780031759948,183.96465134290122,183.96465134290122
HeadM206_DaysToHeading,Lauppe,15,30,Local vs PRISM,192.18201193665817,187.328511337037,187.328511337037
HeadM206_DaysToHeading,Lauppe,15,31,Local vs PRISM,194.2969229080583,189.13921635864196,189.13921635864196
HeadM206_DaysToHeading,Lauppe,15,32,Local vs PRISM,194.30615700475957,188.74661348580247,188.74661348580247
HeadM206_DaysToHeading,Lauppe,15,33,Local vs PRISM,192.24497859302062,186.14868500648146,186.14868500648146
HeadM206_DaysToHeading,Lauppe,15,34,Local vs PRISM,188.92176248378138,182.18345606882716,182.18345606882716
HeadM206_DaysToHeading,Lauppe,15,35,Local vs PRISM,184.24293853010235,176.87767919290124,176.87767919290124
HeadM206_DaysToHeading,Lauppe,15,36,Local vs PRISM,179.17187948798514,171.10777734783952,171.10777734783952
HeadM206_DaysToHeading,Lauppe,15,37,Local vs PRISM,174.5112103223743,165.77264900895062,165.77264900895062
HeadM206_DaysToHeading,Lauppe,15,38,Local vs PRISM,170.88961395144233,161.64407568981483,161.64407568981483
HeadM206_DaysToHeading,Lauppe,15,39,Local vs PRISM,168.77481403657953,159.18046382253084,159.18046382253084
HeadM206_DaysToHeading,Lauppe,15,40,Local vs PRISM,167.54616544664776,157.72238496450615,157.72238496450615
HeadM206_DaysToHeading,Lauppe,16,25,Local vs PRISM,170.55836438337204,160.65453452561727,160.65453452561727
HeadM206_DaysToHeading,Lauppe,16,26,Local vs PRISM,177.8209429725355,167.42496662438268,167.42496662438268
HeadM206_DaysToHeading,Lauppe,16,27,Local vs PRISM,184.98639854132765,174.03601600709874,174.03601600709874
HeadM206_DaysToHeading,Lauppe,16,28,Local vs PRISM,192.03698425001699,180.48839255030862,180.48839255030862
HeadM206_DaysToHeading,Lauppe,16,29,Local vs PRISM,198.6612707402708,186.4906555712963,186.4906555712963
HeadM206_DaysToHeading,Lauppe,16,30,Local vs PRISM,204.44867777720486,191.5851012962963,191.5851012962963
HeadM206_DaysToHeading,Lauppe,16,31,Local vs PRISM,209.46425116456592,195.95775871481482,195.95775871481482
HeadM206_DaysToHeading,Lauppe,16,32,Local vs PRISM,212.94887151100824,198.82649328271606,198.82649328271606
HeadM206_DaysToHeading,Lauppe,16,33,Local vs PRISM,214.5926343928479,199.92159587376545,199.92159587376545
HeadM206_DaysToHeading,Lauppe,16,34,Local vs PRISM,214.84245418240414,199.67078148796296,199.67078148796296
HeadM206_DaysToHeading,Lauppe,16,35,Local vs PRISM,213.20631797842486,197.68345093765433,197.68345093765433
HeadM206_DaysToHeading,Lauppe,16,36,Local vs PRISM,210.7557253079963,194.52559933858026,194.52559933858026
HeadM206_DaysToHeading,Lauppe,16,37,Local vs PRISM,207.96517967389528,190.82472040308642,190.82472040308642
HeadM206_DaysToHeading,Lauppe,16,38,Local vs PRISM,205.3985350342266,187.47349108858023,187.47349108858023
HeadM206_DaysToHeading,Lauppe,16,39,Local vs PRISM,203.77341115353823,185.2239556287037,185.2239556287037
HeadM206_DaysToHeading,Lauppe,16,40,Local vs PRISM,202.79010903156288,183.7736767675926,183.7736767675926
HeadM206_DaysToHeading,Lauppe,17,25,Local vs PRISM,121.36469100033167,114.23999046913579,114.23999046913579
HeadM206_DaysToHeading,Lauppe,17,26,Local vs PRISM,126.45408701735266,119.00625590123457,119.00625590123457
HeadM206_DaysToHeading,Lauppe,17,27,Local vs PRISM,131.50274164251223,123.70881762962962,123.70881762962962
HeadM206_DaysToHeading,Lauppe,17,28,Local vs PRISM,136.508984130466,128.34242874074073,128.34242874074073
HeadM206_DaysToHeading,Lauppe,17,29,Local vs PRISM,141.3989654939821,132.82373497160495,132.82373497160495
HeadM206_DaysToHeading,Lauppe,17,30,Local vs PRISM,146.1457329477323,137.10534119043209,137.10534119043209
HeadM206_DaysToHeading,Lauppe,17,31,Local vs PRISM,150.61494556631354,141.13546464722222,141.13546464722222
HeadM206_DaysToHeading,Lauppe,17,32,Local vs PRISM,154.34541978052312,144.43247082006172,144.43247082006172
HeadM206_DaysToHeading,Lauppe,17,33,Local vs PRISM,156.7777017777308,146.50075233858024,146.50075233858024
HeadM206_DaysToHeading,Lauppe,17,34,Local vs PRISM,158.2784114302244,147.62910353796295,147.62910353796295
HeadM206_DaysToHeading,Lauppe,17,35,Local vs PRISM,158.66407993969824,147.64032531944443,147.64032531944443
HeadM206_DaysToHeading,Lauppe,17,36,Local vs PRISM,157.87213473154532,146.19804133487654,146.19804133487654
HeadM206_DaysToHeading,Lauppe,17,37,Local vs PRISM,156.53965843957727,144.0999732552469,144.0999732552469
HeadM206_DaysToHeading,Lauppe,17,38,Local vs PRISM,155.03389844772124,141.85138733148148,141.85138733148148
HeadM206_DaysToHeading,Lauppe,17,39,Local vs PRISM,153.8353784042207,140.0056960691358,140.0056960691358
HeadM206_DaysToHeading,Lauppe,17,40,Local vs PRISM,153.06866569975605,138.7288503006173,138.7288503006173
HeadM206_DaysToHeading,Lauppe,18,25,Local vs PRISM,75.54323168140228,70.54955046203703,70.54955046203703
HeadM206_DaysToHeading,Lauppe,18,26,Local vs PRISM,78.59138741948973,73.38288379537038,73.38288379537038
HeadM206_DaysToHeading,Lauppe,18,27,Local vs PRISM,81.6273420887427,76.19655663487654,76.19655663487654
HeadM206_DaysToHeading,Lauppe,18,28,Local vs PRISM,84.63959288323281,78.97010601759258,78.97010601759258
HeadM206_DaysToHeading,Lauppe,18,29,Local vs PRISM,87.6352929350688,81.69232823981481,81.69232823981481
HeadM206_DaysToHeading,Lauppe,18,30,Local vs PRISM,90.61925739492574,84.40377885709876,84.40377885709876
HeadM206_DaysToHeading,Lauppe,18,31,Local vs PRISM,93.37789512727849,86.86905663487654,86.86905663487654
HeadM206_DaysToHeading,Lauppe,18,32,Local vs PRISM,95.87548916861556,89.04553811635803,89.04553811635803
HeadM206_DaysToHeading,Lauppe,18,33,Local vs PRISM,97.95491029150271,90.72245169660495,90.72245169660495
HeadM206_DaysToHeading,Lauppe,18,34,Local vs PRISM,99.6161538652043,91.89399493179012,91.89399493179012
HeadM206_DaysToHeading,Lauppe,18,35,Local vs PRISM,100.70249766867427,92.44271717777778,92.44271717777778
HeadM206_DaysToHeading,Lauppe,18,36,Local vs PRISM,100.81148350345805,91.86968628302469,91.86968628302469
HeadM206_DaysToHeading,Lauppe,18,37,Local vs PRISM,100.34092679316716,90.6813795882716,90.6813795882716
HeadM206_DaysToHeading,Lauppe,18,38,Local vs PRISM,99.60181463156641,89.24316679660494,89.24316679660494
HeadM206_DaysToHeading,Lauppe,18,39,Local vs PRISM,98.76626139956153,87.87692533055555,87.87692533055555
HeadM206_DaysToHeading,Lauppe,18,40,Local vs PRISM,98.0787512901803,86.77932481512346,86.77932481512346
HeadM206_DaysToHeading,Lauppe,19,25,Local vs PRISM,52.016834785655966,45.83473090061728,45.83473090061728
HeadM206_DaysToHeading,Lauppe,19,26,Local vs PRISM,54.04253849994962,47.61250867839506,47.61250867839506
HeadM206_DaysToHeading,Lauppe,19,27,Local vs PRISM,56.054884152707764,49.37062596234568,49.37062596234568
HeadM206_DaysToHeading,Lauppe,19,28,Local vs PRISM,58.04278053569696,51.08861978950617,51.08861978950617
HeadM206_DaysToHeading,Lauppe,19,29,Local vs PRISM,60.03010153532664,52.75528645617283,52.75528645617283
HeadM206_DaysToHeading,Lauppe,19,30,Local vs PRISM,62.01823770769506,54.421953122839504,54.421953122839504
HeadM206_DaysToHeading,Lauppe,19,31,Local vs PRISM,63.98516195179073,56.050718554938264,56.08531455555555
HeadM206_DaysToHeading,Lauppe,19,32,Local vs PRISM,65.92076183660727,57.635718554938265,57.781425666666664
HeadM206_DaysToHeading,Lauppe,19,33,Local vs PRISM,67.67998873528325,59.042662999382706,59.29948122222221
HeadM206_DaysToHeading,Lauppe,19,34,Local vs PRISM,69.32621036584116,60.223774135802465,60.75306149444444
HeadM206_DaysToHeading,Lauppe,19,35,Local vs PRISM,70.70927663693641,61.030675394135805,61.89971583919753
HeadM206_DaysToHeading,Lauppe,19,36,Local vs PRISM,71.50454472592122,61.07521243117284,62.38869732067901
HeadM206_DaysToHeading,Lauppe,19,37,Local vs PRISM,71.87086246082583,60.718019949382715,62.475949283333335
HeadM206_DaysToHeading,Lauppe,19,38,Local vs PRISM,71.91644580773804,60.185662962962965,62.35098119567901
HeadM206_DaysToHeading,Lauppe,19,39,Local vs PRISM,71.59227209434756,59.427677314814815,61.776117547530866
HeadM206_DaysToHeading,Lauppe,19,40,Local vs PRISM,71.24384554704497,58.74690458641975,61.15380039320988
HeadM206_DaysToHeading,Lauppe,20,25,Local vs PRISM,35.72739804894867,28.163451892901232,30.97811972191358
HeadM206_DaysToHeading,Lauppe,20,26,Local vs PRISM,37.0702824854881,29.21900744845679,32.14478638858024
HeadM206_DaysToHeading,Lauppe,20,27,Local vs PRISM,38.41322463515476,30.274563004012343,33.311453055246915
HeadM206_DaysToHeading,Lauppe,20,28,Local vs PRISM,39.756218649400594,31.3301185595679,34.47811972191358
HeadM206_DaysToHeading,Lauppe,20,29,Local vs PRISM,41.09925944391389,32.38567411512346,35.64478638858025
HeadM206_DaysToHeading,Lauppe,20,30,Local vs PRISM,42.44234257776606,33.441229670679014,36.811453055246915
HeadM206_DaysToHeading,Lauppe,20,31,Local vs PRISM,43.727422450737684,34.45888399166667,37.94021848734568
HeadM206_DaysToHeading,Lauppe,20,32,Local vs PRISM,44.97639858213328,35.445828436111114,39.038274042901236
HeadM206_DaysToHeading,Lauppe,20,33,Local vs PRISM,46.1783961025329,36.37882226327161,40.08237898117284
HeadM206_DaysToHeading,Lauppe,20,34,Local vs PRISM,47.348643866918266,37.26521117746914,41.079879006481484
HeadM206_DaysToHeading,Lauppe,20,35,Local vs PRISM,48.467509565633215,38.02987167129629,42.0062061669753
HeadM206_DaysToHeading,Lauppe,20,36,Local vs PRISM,49.08300886093354,38.37014944907408,42.56870616697531
HeadM206_DaysToHeading,Lauppe,20,37,Local vs PRISM,49.50051923515202,38.515439641975306,43.02510747098765
HeadM206_DaysToHeading,Lauppe,20,38,Local vs PRISM,49.61730495693982,38.484474231481485,43.24598625493827
HeadM206_DaysToHeading,Lauppe,20,39,Local vs PRISM,49.39637657801835,38.19499286419753,43.17872710987654
HeadM206_DaysToHeading,Lauppe,20,40,Local vs PRISM,49.07565402592569,37.858276317901236,43.01722173024691
HeadM206_DaysToHeading,Rehmann,10,25,Local vs PRISM,14.271349833461368,-0.008677417361155904,12.903351740972226
HeadM206_DaysToHeading,Rehmann,10,26,Local vs PRISM,14.069193457594828,-0.09113140902775285,12.405564295138845
HeadM206_DaysToHeading,Rehmann,10,27,Local vs PRISM,13.690463444367998,-0.480894970833333,12.312606556944445
HeadM206_DaysToHeading,Rehmann,10,28,Local vs PRISM,12.948289060228328,-0.8612602868055887,11.861047414583311
HeadM206_DaysToHeading,Rehmann,10,29,Local vs PRISM,11.951292994030998,-2.5573039201388497,10.558365068749993
HeadM206_DaysToHeading,Rehmann,10,30,Local vs PRISM,12.21112589822534,-5.569774386805648,10.703533321527857
HeadM206_DaysToHeading,Rehmann,10,31,Local vs PRISM,13.677926196998463,-9.740354293750045,11.71545591319449
HeadM206_DaysToHeading,Rehmann,10,32,Local vs PRISM,18.051589971741176,-15.614616764583275,15.614616764583275
HeadM206_DaysToHeading,Rehmann,10,33,Local vs PRISM,24.088781990806716,-21.718453836805566,21.718453836805566
HeadM206_DaysToHeading,Rehmann,10,34,Local vs PRISM,30.510393496170703,-28.066174887499983,28.066174887499983
HeadM206_DaysToHeading,Rehmann,10,35,Local vs PRISM,36.34847694351083,-33.64409765833335,33.64409765833335
HeadM206_DaysToHeading,Rehmann,10,36,Local vs PRISM,41.14517692677541,-38.24890537361114,38.24890537361114
HeadM206_DaysToHeading,Rehmann,10,37,Local vs PRISM,44.22023023780682,-41.44226680902773,41.44226680902773
HeadM206_DaysToHeading,Rehmann,10,38,Local vs PRISM,45.7141186375793,-42.99206307986111,42.99206307986111
HeadM206_DaysToHeading,Rehmann,10,39,Local vs PRISM,46.789814613772045,-44.030759704861055,44.030759704861055
HeadM206_DaysToHeading,Rehmann,10,40,Local vs PRISM,47.529141943999754,-44.88197314236112,44.88197314236112
HeadM206_DaysToHeading,Rehmann,11,25,Local vs PRISM,26.981599030329953,2.9872445458333345,26.554856509722185
HeadM206_DaysToHeading,Rehmann,11,26,Local vs PRISM,28.13611747357166,2.9643279645833616,27.751245540972235
HeadM206_DaysToHeading,Rehmann,11,27,Local vs PRISM,28.660625486012982,2.4879254798611043,28.429814646527774
HeadM206_DaysToHeading,Rehmann,11,28,Local vs PRISM,29.27641640151127,1.7843240187499987,29.190769329861098
HeadM206_DaysToHeading,Rehmann,11,29,Local vs PRISM,30.31794112089815,-0.22206683680556694,30.315128939583275
HeadM206_DaysToHeading,Rehmann,11,30,Local vs PRISM,31.263250227924438,-3.3611623743054793,31.032033577083325
HeadM206_DaysToHeading,Rehmann,11,31,Local vs PRISM,31.880947518631366,-7.651693830555587,30.824893134722174
HeadM206_DaysToHeading,Rehmann,11,32,Local vs PRISM,33.69367401618442,-13.52595630138893,30.703908643055513
HeadM206_DaysToHeading,Rehmann,11,33,Local vs PRISM,37.90575535627835,-19.657196147916693,32.349140592361096
HeadM206_DaysToHeading,Rehmann,11,34,Local vs PRISM,43.3677575677782,-26.004917198610997,34.61258560416661
HeadM206_DaysToHeading,Rehmann,11,35,Local vs PRISM,48.35071540285868,-31.582839969444365,36.346387312499985
HeadM206_DaysToHeading,Rehmann,11,36,Local vs PRISM,51.651769505734464,-36.18764768472215,36.946646265277764
HeadM206_DaysToHeading,Rehmann,11,37,Local vs PRISM,53.38630819956744,-39.38100912013891,39.38100912013891
HeadM206_DaysToHeading,Rehmann,11,38,Local vs PRISM,54.250177716880295,-40.93080539097218,40.93080539097218
HeadM206_DaysToHeading,Rehmann,11,39,Local vs PRISM,54.614671333739494,-41.96950201597224,41.96950201597224
HeadM206_DaysToHeading,Rehmann,11,40,Local vs PRISM,54.737046726337,-42.82071545347219,42.82071545347219
HeadM206_DaysToHeading,Rehmann,12,25,Local vs PRISM,16.22269524685211,-2.4646333770833166,13.907979832638887
HeadM206_DaysToHeading,Rehmann,12,26,Local vs PRISM,16.66699286503314,-3.023522256250004,14.084757521527791
HeadM206_DaysToHeading,Rehmann,12,27,Local vs PRISM,17.08158732311302,-3.934397081249955,14.234910692361126
HeadM206_DaysToHeading,Rehmann,12,28,Local vs PRISM,17.443031800073424,-5.382908209027789,13.853149765972262
HeadM206_DaysToHeading,Rehmann,12,29,Local vs PRISM,18.221378221492802,-8.291813012500029,12.799300812500007
HeadM206_DaysToHeading,Rehmann,12,30,Local vs PRISM,19.6411871971757,-12.198422269444478,14.429663419444438
HeadM206_DaysToHeading,Rehmann,12,31,Local vs PRISM,22.033620032606706,-16.90482853125002,16.90482853125002
HeadM206_DaysToHeading,Rehmann,12,32,Local vs PRISM,27.287271095753052,-23.18993820694439,23.18993820694439
HeadM206_DaysToHeading,Rehmann,12,33,Local vs PRISM,33.500626730860404,-29.441525275694403,29.441525275694403
HeadM206_DaysToHeading,Rehmann,12,34,Local vs PRISM,40.30012313128404,-35.71287131874999,35.71287131874999
HeadM206_DaysToHeading,Rehmann,12,35,Local vs PRISM,46.507995465090076,-41.31153173750005,41.31153173750005
HeadM206_DaysToHeading,Rehmann,12,36,Local vs PRISM,51.30171963183054,-45.962311674999995,45.962311674999995
HeadM206_DaysToHeading,Rehmann,12,37,Local vs PRISM,54.1216192434763,-49.15567311041664,49.15567311041664
HeadM206_DaysToHeading,Rehmann,12,38,Local vs PRISM,55.46141349438412,-50.70546938125,50.70546938125
HeadM206_DaysToHeading,Rehmann,12,39,Local vs PRISM,56.318517534570084,-51.74416600624994,51.74416600624994
HeadM206_DaysToHeading,Rehmann,12,40,Local vs PRISM,56.93939765795935,-52.595379443750005,52.595379443750005
HeadM206_DaysToHeading,Rehmann,13,25,Local vs PRISM,90.24271959226876,-34.93455893750004,78.42872041944443
HeadM206_DaysToHeading,Rehmann,13,26,Local vs PRISM,94.52237366388812,-37.0007671986111,82.22965090277776
HeadM206_DaysToHeading,Rehmann,13,27,Local vs PRISM,98.44320554198717,-39.24273944375,85.75842870347219
HeadM206_DaysToHeading,Rehmann,13,28,Local vs PRISM,102.35453610109236,-41.99057002777781,89.47523720694446
HeadM206_DaysToHeading,Rehmann,13,29,Local vs PRISM,106.29929255358654,-45.9331237173611,93.70232304375
HeadM206_DaysToHeading,Rehmann,13,30,Local vs PRISM,110.66525121310781,-50.76752059305559,98.33842608333336
HeadM206_DaysToHeading,Rehmann,13,31,Local vs PRISM,114.56997432448865,-56.528546422222234,102.1375967277778
HeadM206_DaysToHeading,Rehmann,13,32,Local vs PRISM,119.41575231833846,-63.378327617361094,106.40834351458335
HeadM206_DaysToHeading,Rehmann,13,33,Local vs PRISM,124.9245215872264,-69.92341457499998,111.9315058416667
HeadM206_DaysToHeading,Rehmann,13,34,Local vs PRISM,129.97000316888477,-76.27873298541667,116.9896585090278
HeadM206_DaysToHeading,Rehmann,13,35,Local vs PRISM,134.61131232821853,-81.977643228472175,121.31522310347214
HeadM206_DaysToHeading,Rehmann,13,36,Local vs PRISM,138.54719634060183,-86.6137136277778,124.42918027916667
HeadM206_DaysToHeading,Rehmann,13,37,Local vs PRISM,141.0384929262851,-89.80707506319445,126.25895635347226
HeadM206_DaysToHeading,Rehmann,13,38,Local vs PRISM,142.29777167300597,-91.3266962201389,127.22500359652781
HeadM206_DaysToHeading,Rehmann,13,39,Local vs PRISM,143.3671952252661,-92.3653928451389,127.9352529854167
HeadM206_DaysToHeading,Rehmann,13,40,Local vs PRISM,143.7990557557213,-93.21660628263885,127.91001113124997
HeadM206_DaysToHeading,Rehmann,14,25,Local vs PRISM,169.97091649947578,-115.24107877847221,159.33503345347225
HeadM206_DaysToHeading,Rehmann,14,26,Local vs PRISM,178.5204677698162,-121.45066211180556,167.2946167868056
HeadM206_DaysToHeading,Rehmann,14,27,Local vs PRISM,187.1170490198673,-127.70503711180557,175.29024178680555
HeadM206_DaysToHeading,Rehmann,14,28,Local vs PRISM,195.665319790291,-134.1109370465278,183.1651196409722
HeadM206_DaysToHeading,Rehmann,14,29,Local vs PRISM,204.2135787847455,-141.06676603402778,190.91087416597222
HeadM206_DaysToHeading,Rehmann,14,30,Local vs PRISM,213.1326043642872,-148.99306579652776,198.86110231458335
HeadM206_DaysToHeading,Rehmann,14,31,Local vs PRISM,221.47855813426511,-156.9523981465278,205.92140996875003
HeadM206_DaysToHeading,Rehmann,14,32,Local vs PRISM,229.78346110876265,-165.27866962222222,212.66399958194447
HeadM206_DaysToHeading,Rehmann,14,33,Local vs PRISM,238.26096427805805,-173.05726595694443,220.00870763611113
HeadM206_DaysToHeading,Rehmann,14,34,Local vs PRISM,245.65704424386624,-180.08918052569442,226.15365327013888
HeadM206_DaysToHeading,Rehmann,14,35,Local vs PRISM,252.00663001750655,-186.10734992500005,231.33415206944449
HeadM206_DaysToHeading,Rehmann,14,36,Local vs PRISM,256.771676183184,-190.89787857361114,234.95206719722222
HeadM206_DaysToHeading,Rehmann,14,37,Local vs PRISM,259.3235633779949,-194.05197235277777,236.76025006111112
HeadM206_DaysToHeading,Rehmann,14,38,Local vs PRISM,260.6076979538762,-195.57159350972222,237.72629730416668
HeadM206_DaysToHeading,Rehmann,14,39,Local vs PRISM,261.54285562854403,-196.61029013472222,238.43654669305556
HeadM206_DaysToHeading,Rehmann,14,40,Local vs PRISM,261.9099636381752,-197.46150357222223,238.4113048388889
HeadM206_DaysToHeading,Rehmann,15,25,Local vs PRISM,134.41846755304985,-61.01885330347223,134.13461991597222
HeadM206_DaysToHeading,Rehmann,15,26,Local vs PRISM,140.79193895793895,-64.14385330347223,140.50961991597222
HeadM206_DaysToHeading,Rehmann,15,27,Local vs PRISM,147.16112778994489,-67.27322830347222,146.8802449159722
HeadM206_DaysToHeading,Rehmann,15,28,Local vs PRISM,153.29932157897275,-70.64722830902777,153.03702269930557
HeadM206_DaysToHeading,Rehmann,15,29,Local vs PRISM,159.18561038831197,-74.53725734513888,158.97235488125
HeadM206_DaysToHeading,Rehmann,15,30,Local vs PRISM,165.22779577762256,-78.97504471597222,165.0743452201389
HeadM206_DaysToHeading,Rehmann,15,31,Local vs PRISM,171.16922100260558,-83.61897375555554,171.052860675
HeadM206_DaysToHeading,Rehmann,15,32,Local vs PRISM,177.08344088002198,-88.76647900277777,176.96818865416665
HeadM206_DaysToHeading,Rehmann,15,33,Local vs PRISM,183.14736583341227,-93.58913120069445,183.0070077923611
HeadM206_DaysToHeading,Rehmann,15,34,Local vs PRISM,188.54644120838338,-98.2971836173611,188.35003792291664
HeadM206_DaysToHeading,Rehmann,15,35,Local vs PRISM,192.67223060914085,-102.46058529305556,192.39094367222225
HeadM206_DaysToHeading,Rehmann,15,36,Local vs PRISM,195.55627227420808,-106.0115496409722,195.14067251180552
HeadM206_DaysToHeading,Rehmann,15,37,Local vs PRISM,197.1869626373745,-108.60726872916666,196.64048068472223
HeadM206_DaysToHeading,Rehmann,15,38,Local vs PRISM,198.06400269294227,-109.94915217361108,197.43526470972222
HeadM206_DaysToHeading,Rehmann,15,39,Local vs PRISM,198.8479733463449,-110.98784879861111,198.14551409861113
HeadM206_DaysToHeading,Rehmann,15,40,Local vs PRISM,198.91894263867218,-111.83906223611113,198.12027224444444
HeadM206_DaysToHeading,Rehmann,16,25,Local vs PRISM,78.8344379086339,12.763873922916673,60.65493016041667
HeadM206_DaysToHeading,Rehmann,16,26,Local vs PRISM,82.35098871472324,13.263873922916673,63.40493016041667
HeadM206_DaysToHeading,Rehmann,16,27,Local vs PRISM,85.8676428243765,13.763873922916673,66.15493016041667
HeadM206_DaysToHeading,Rehmann,16,28,Local vs PRISM,89.15976268911182,14.195637806249998,68.75594405486112
HeadM206_DaysToHeading,Rehmann,16,29,Local vs PRISM,91.61615787527704,14.221610028472227,70.88372183263888
HeadM206_DaysToHeading,Rehmann,16,30,Local vs PRISM,93.97348475919163,14.096610028472227,73.00872183263888
HeadM206_DaysToHeading,Rehmann,16,31,Local vs PRISM,95.95512100348923,13.64980447291667,75.01386072152778
HeadM206_DaysToHeading,Rehmann,16,32,Local vs PRISM,98.10311920464645,12.855328197222214,77.38691213194446
HeadM206_DaysToHeading,Rehmann,16,33,Local vs PRISM,100.25560857477431,11.777550534027775,79.98288423958334
HeadM206_DaysToHeading,Rehmann,16,34,Local vs PRISM,102.23751149951836,10.369220320833342,82.61966438888888
HeadM206_DaysToHeading,Rehmann,16,35,Local vs PRISM,103.67317100037435,8.8626438625,84.7551441125
HeadM206_DaysToHeading,Rehmann,16,36,Local vs PRISM,104.51183070283956,6.782130140972235,86.60413005625
HeadM206_DaysToHeading,Rehmann,16,37,Local vs PRISM,104.55231528371044,4.985675099305567,87.55467418263889
HeadM206_DaysToHeading,Rehmann,16,38,Local vs PRISM,104.97436052885182,3.665416696527778,88.57783316597221
HeadM206_DaysToHeading,Rehmann,16,39,Local vs PRISM,105.32249005608558,2.5759436895833403,89.37036172847223
HeadM206_DaysToHeading,Rehmann,16,40,Local vs PRISM,105.07896437570184,1.84973025208334,89.47011987430557
HeadM206_DaysToHeading,Rehmann,17,25,Local vs PRISM,45.748269265548075,15.655495704166666,37.899941047222214
HeadM206_DaysToHeading,Rehmann,17,26,Local vs PRISM,47.700266164221084,16.28049570416667,39.524941047222214
HeadM206_DaysToHeading,Rehmann,17,27,Local vs PRISM,49.65230753431283,16.90549570416667,41.149941047222214
HeadM206_DaysToHeading,Rehmann,17,28,Local vs PRISM,51.60438832915689,17.53049570416667,42.774941047222214
HeadM206_DaysToHeading,Rehmann,17,29,Local vs PRISM,53.39574386459089,18.000981815277783,44.347232713888886
HeadM206_DaysToHeading,Rehmann,17,30,Local vs PRISM,55.18702906394834,18.375981815277783,45.972232713888886
HeadM206_DaysToHeading,Rehmann,17,31,Local vs PRISM,56.98013593312288,18.750981815277783,47.597232713888886
HeadM206_DaysToHeading,Rehmann,17,32,Local vs PRISM,58.75494639205532,19.130204083333332,49.18495489027778
HeadM206_DaysToHeading,Rehmann,17,33,Local vs PRISM,60.23261226462569,19.344301305555554,50.48905211249999
HeadM206_DaysToHeading,Rehmann,17,34,Local vs PRISM,61.396595658611226,19.173662824999994,51.66191281527778
HeadM206_DaysToHeading,Rehmann,17,35,Local vs PRISM,61.928569232357454,18.807976747222224,52.31578272777779
HeadM206_DaysToHeading,Rehmann,17,36,Local vs PRISM,62.07605039146824,17.834115754166668,52.850671887500006
HeadM206_DaysToHeading,Rehmann,17,37,Local vs PRISM,61.67330885618834,16.664936346527774,52.94877057013888
HeadM206_DaysToHeading,Rehmann,17,38,Local vs PRISM,61.45029924048426,15.695591865277773,53.06278760694444
HeadM206_DaysToHeading,Rehmann,17,39,Local vs PRISM,61.34283515182458,14.599619094444442,53.27112087777777
HeadM206_DaysToHeading,Rehmann,17,40,Local vs PRISM,61.011929400706904,13.812433434722223,53.32365660694444
HeadM206_DaysToHeading,Rehmann,18,25,Local vs PRISM,29.654261930015238,12.996153704166666,24.136848893055557
HeadM206_DaysToHeading,Rehmann,18,26,Local vs PRISM,30.878231839266746,13.496153704166666,25.136848893055557
HeadM206_DaysToHeading,Rehmann,18,27,Local vs PRISM,32.102260861582046,13.99615370416667,26.13684889305556
HeadM206_DaysToHeading,Rehmann,18,28,Local vs PRISM,33.32634248354623,14.49615370416667,27.13684889305556
HeadM206_DaysToHeading,Rehmann,18,29,Local vs PRISM,34.589319307489966,14.945250926388887,28.187751670833343
HeadM206_DaysToHeading,Rehmann,18,30,Local vs PRISM,35.910256431677446,15.320250926388887,29.312751670833343
HeadM206_DaysToHeading,Rehmann,18,31,Local vs PRISM,37.23300986788691,15.695250926388887,30.437751670833343
HeadM206_DaysToHeading,Rehmann,18,32,Local vs PRISM,38.54073653306362,16.091000972222226,31.542001625000005
HeadM206_DaysToHeading,Rehmann,18,33,Local vs PRISM,39.76528428798166,16.578223194444448,32.52922384722223
HeadM206_DaysToHeading,Rehmann,18,34,Local vs PRISM,40.93773257437549,16.890098194444448,33.39268230277778
HeadM206_DaysToHeading,Rehmann,18,35,Local vs PRISM,42.110752255760914,17.041084088194445,34.423224186805555
HeadM206_DaysToHeading,Rehmann,18,36,Local vs PRISM,42.98252716593425,16.64347309513889,35.28436334652778
HeadM206_DaysToHeading,Rehmann,18,37,Local vs PRISM,43.50348337152276,16.22594516111111,35.82633572499999
HeadM206_DaysToHeading,Rehmann,18,38,Local vs PRISM,43.555204836465215,15.874153277083334,35.94534983125
HeadM206_DaysToHeading,Rehmann,18,39,Local vs PRISM,43.58304607072906,15.101805589583325,36.04630843541668
HeadM206_DaysToHeading,Rehmann,18,40,Local vs PRISM,43.42265430976942,14.48586992986111,36.020094164583334
HeadM206_DaysToHeading,Rehmann,19,25,Local vs PRISM,28.530071528677997,18.817180311111112,24.1014308
HeadM206_DaysToHeading,Rehmann,19,26,Local vs PRISM,29.702194709563404,19.567180311111112,25.1014308
HeadM206_DaysToHeading,Rehmann,19,27,Local vs PRISM,30.87435440131744,20.317180311111112,26.1014308
HeadM206_DaysToHeading,Rehmann,19,28,Local vs PRISM,32.04654659758962,21.067180311111112,27.1014308
HeadM206_DaysToHeading,Rehmann,19,29,Local vs PRISM,33.23817753067249,21.766277533333337,28.152333577777775
HeadM206_DaysToHeading,Rehmann,19,30,Local vs PRISM,34.45958887586784,22.391277533333337,29.277333577777775
HeadM206_DaysToHeading,Rehmann,19,31,Local vs PRISM,35.682980332746425,23.016277533333337,30.402333577777775
HeadM206_DaysToHeading,Rehmann,19,32,Local vs PRISM,36.89931006835553,23.662027579166672,31.50658353194444
HeadM206_DaysToHeading,Rehmann,19,33,Local vs PRISM,38.071900732507714,24.412027579166672,32.506583531944436
HeadM206_DaysToHeading,Rehmann,19,34,Local vs PRISM,39.24449219000291,25.162027579166672,33.506583531944436
HeadM206_DaysToHeading,Rehmann,19,35,Local vs PRISM,40.45547340082734,25.771263690277785,34.62637519861111
HeadM206_DaysToHeading,Rehmann,19,36,Local vs PRISM,41.4290888812768,26.087374801388894,35.69248630972221
HeadM206_DaysToHeading,Rehmann,19,37,Local vs PRISM,42.12370930557262,26.41984686736112,36.48445868819444
HeadM206_DaysToHeading,Rehmann,19,38,Local vs PRISM,42.59773539949342,26.868944089583337,36.96036146597222
HeadM206_DaysToHeading,Rehmann,19,39,Local vs PRISM,42.87468749066949,26.81922186736111,37.263694799305554
HeadM206_DaysToHeading,Rehmann,19,40,Local vs PRISM,43.00794741645805,26.552111186805554,37.53080547986111
HeadM206_DaysToHeading,Rehmann,20,25,Local vs PRISM,11.74000045833333,-5.870000229166665,5.870000229166665
HeadM206_DaysToHeading,Rehmann,20,26,Local vs PRISM,12.24000045833333,-6.120000229166665,6.120000229166665
HeadM206_DaysToHeading,Rehmann,20,27,Local vs PRISM,12.74000045833333,-6.370000229166665,6.370000229166665
HeadM206_DaysToHeading,Rehmann,20,28,Local vs PRISM,13.24000045833333,-6.620000229166665,6.620000229166665
HeadM206_DaysToHeading,Rehmann,20,29,Local vs PRISM,13.841806013888885,-6.920903006944442,6.920903006944442
HeadM206_DaysToHeading,Rehmann,20,30,Local vs PRISM,14.591806013888885,-7.295903006944442,7.295903006944442
HeadM206_DaysToHeading,Rehmann,20,31,Local vs PRISM,15.341806013888885,-7.670903006944442,7.670903006944442
HeadM206_DaysToHeading,Rehmann,20,32,Local vs PRISM,16.050305922222222,-8.025152961111111,8.025152961111111
HeadM206_DaysToHeading,Rehmann,20,33,Local vs PRISM,16.550305922222222,-8.275152961111111,8.275152961111111
HeadM206_DaysToHeading,Rehmann,20,34,Local vs PRISM,17.050305922222222,-8.525152961111111,8.525152961111111
HeadM206_DaysToHeading,Rehmann,20,35,Local vs PRISM,17.550305922222222,-8.775152961111111,8.775152961111111
HeadM206_DaysToHeading,Rehmann,20,36,Local vs PRISM,18.050305922222222,-9.025152961111111,9.025152961111111
HeadM206_DaysToHeading,Rehmann,20,37,Local vs PRISM,18.296556074999998,-9.148278037499999,9.148278037499999
HeadM206_DaysToHeading,Rehmann,20,38,Local vs PRISM,18.323361630555553,-9.161680815277776,9.161680815277776
HeadM206_DaysToHeading,Rehmann,20,39,Local vs PRISM,18.67641718611111,-9.338208593055555,9.338208593055555
HeadM206_DaysToHeading,Rehmann,20,40,Local vs PRISM,19.210638547222224,-9.605319273611112,9.605319273611112
HeadM206_DaysToHeading,Schohr,10,25,Local vs PRISM,49.58621110187152,25.72090061234567,40.239551430246884
HeadM206_DaysToHeading,Schohr,10,26,Local vs PRISM,49.735645537427274,25.215081165432075,40.30219485740739
HeadM206_DaysToHeading,Schohr,10,27,Local vs PRISM,49.63046374296571,24.540918391975286,40.32416740679011
HeadM206_DaysToHeading,Schohr,10,28,Local vs PRISM,49.364265572138194,23.503310719444457,40.05691755277777
HeadM206_DaysToHeading,Schohr,10,29,Local vs PRISM,48.377372665145344,21.87134662746918,39.19677661944448
HeadM206_DaysToHeading,Schohr,10,30,Local vs PRISM,47.470868562112216,19.39913365030859,38.678703636728414
HeadM206_DaysToHeading,Schohr,10,31,Local vs PRISM,46.933908578314615,16.588096193518545,39.17619612191356
HeadM206_DaysToHeading,Schohr,10,32,Local vs PRISM,46.70228482543637,12.77777116203702,39.58010488425922
HeadM206_DaysToHeading,Schohr,10,33,Local vs PRISM,47.108417012622,8.71383873549386,39.575714647222235
HeadM206_DaysToHeading,Schohr,10,34,Local vs PRISM,49.55065449132739,4.8136214166666305,40.54450559444441
HeadM206_DaysToHeading,Schohr,10,35,Local vs PRISM,53.04756000872609,0.2438253506172714,41.80019082777782
HeadM206_DaysToHeading,Schohr,10,36,Local vs PRISM,57.06224940691348,-3.711011083333359,43.594993679629546
HeadM206_DaysToHeading,Schohr,10,37,Local vs PRISM,60.74263666615779,-6.618077443827133,46.52798428148152
HeadM206_DaysToHeading,Schohr,10,38,Local vs PRISM,63.42803121178279,-8.677358511111152,48.14117638148145
HeadM206_DaysToHeading,Schohr,10,39,Local vs PRISM,64.98663834740712,-9.82509458209875,48.51908090925927
HeadM206_DaysToHeading,Schohr,10,40,Local vs PRISM,65.84728196273177,-10.50361777654315,48.55838024567902
HeadM206_DaysToHeading,Schohr,11,25,Local vs PRISM,56.678164621184536,32.03544704722222,46.49202429907403
HeadM206_DaysToHeading,Schohr,11,26,Local vs PRISM,57.1249042130869,31.74576522746913,46.79549671141976
HeadM206_DaysToHeading,Schohr,11,27,Local vs PRISM,57.20495474500777,31.250259274382707,46.959089044135794
HeadM206_DaysToHeading,Schohr,11,28,Local vs PRISM,57.0926895628404,30.46487376882716,46.83295024598764
HeadM206_DaysToHeading,Schohr,11,29,Local vs PRISM,56.175916747316286,28.901759664197535,46.015070436419705
HeadM206_DaysToHeading,Schohr,11,30,Local vs PRISM,55.01657080413956,26.471935497222212,44.86190478611114
HeadM206_DaysToHeading,Schohr,11,31,Local vs PRISM,53.949841192557955,23.711797969753118,43.84434933641975
HeadM206_DaysToHeading,Schohr,11,32,Local vs PRISM,53.25036393936214,19.901472938271567,44.04987523888893
HeadM206_DaysToHeading,Schohr,11,33,Local vs PRISM,53.10655061407833,15.837540511728385,44.045485001851866
HeadM206_DaysToHeading,Schohr,11,34,Local vs PRISM,55.031461016370876,11.937323192901228,45.01427594907406
HeadM206_DaysToHeading,Schohr,11,35,Local vs PRISM,58.0351101366778,7.367527126851794,46.2699611824074
HeadM206_DaysToHeading,Schohr,11,36,Local vs PRISM,61.632548142810386,3.412690692901265,49.66339875030855
HeadM206_DaysToHeading,Schohr,11,37,Local vs PRISM,65.04192252011165,0.5056243324073775,52.59638935216046
HeadM206_DaysToHeading,Schohr,11,38,Local vs PRISM,67.53799382048805,-1.5536567348765402,54.20958145216039
HeadM206_DaysToHeading,Schohr,11,39,Local vs PRISM,68.93170651387187,-2.70139280586424,54.587485979938215
HeadM206_DaysToHeading,Schohr,11,40,Local vs PRISM,69.65607840242183,-3.3799160003086652,54.62678531635798
HeadM206_DaysToHeading,Schohr,12,25,Local vs PRISM,62.570096077758826,38.787012704012376,51.07794348240743
HeadM206_DaysToHeading,Schohr,12,26,Local vs PRISM,63.10196920853627,38.74494124104936,51.498439883024645
HeadM206_DaysToHeading,Schohr,12,27,Local vs PRISM,63.228388640141944,38.36981054320985,51.57790395185182
HeadM206_DaysToHeading,Schohr,12,28,Local vs PRISM,63.0909217802348,37.73429156574073,51.37952064598762
HeadM206_DaysToHeading,Schohr,12,29,Local vs PRISM,61.98923672051853,36.21362125987653,50.40217105493827
HeadM206_DaysToHeading,Schohr,12,30,Local vs PRISM,60.409450429416594,33.86773835833334,49.07187649845677
HeadM206_DaysToHeading,Schohr,12,31,Local vs PRISM,58.881748276975976,31.13831684722225,47.73412352870371
HeadM206_DaysToHeading,Schohr,12,32,Local vs PRISM,57.273397693644874,27.3805528339506,45.84914909444444
HeadM206_DaysToHeading,Schohr,12,33,Local vs PRISM,55.398416801038806,23.306938776543184,44.5656080024691
HeadM206_DaysToHeading,Schohr,12,34,Local vs PRISM,55.20681261572588,19.406721457716053,44.1627938416667
HeadM206_DaysToHeading,Schohr,12,35,Local vs PRISM,56.34134323414558,14.836925391666695,44.493714804012356
HeadM206_DaysToHeading,Schohr,12,36,Local vs PRISM,58.65198322594427,10.860588900000002,46.57836532222221
HeadM206_DaysToHeading,Schohr,12,37,Local vs PRISM,61.47840832974364,7.897966983950621,48.97284307037038
HeadM206_DaysToHeading,Schohr,12,38,Local vs PRISM,63.71366541559598,5.8013093734567995,50.63233258580247
HeadM206_DaysToHeading,Schohr,12,39,Local vs PRISM,65.1189565716979,4.653573302469074,51.38769556419749
HeadM206_DaysToHeading,Schohr,12,40,Local vs PRISM,65.81230336184159,3.9750501080247003,51.71845665987652
HeadM206_DaysToHeading,Schohr,13,25,Local vs PRISM,90.48848703298532,66.10817236018518,75.66483376574075
HeadM206_DaysToHeading,Schohr,13,26,Local vs PRISM,92.5530340053716,67.61830817253087,77.61941402253088
HeadM206_DaysToHeading,Schohr,13,27,Local vs PRISM,94.0024121323778,68.48432643395061,78.98375070864195
HeadM206_DaysToHeading,Schohr,13,28,Local vs PRISM,94.87813820651705,68.78917406111113,79.7392156197531
HeadM206_DaysToHeading,Schohr,13,29,Local vs PRISM,94.600822307065485,68.0598426546296,79.47154942561725
HeadM206_DaysToHeading,Schohr,13,30,Local vs PRISM,93.36881833635736,66.32197490216049,78.18911477685184
HeadM206_DaysToHeading,Schohr,13,31,Local vs PRISM,91.43947318408733,63.719185207716045,76.02100595092593
HeadM206_DaysToHeading,Schohr,13,32,Local vs PRISM,88.45598159676376,59.92929820740741,72.66134093148148
HeadM206_DaysToHeading,Schohr,13,33,Local vs PRISM,84.50189182657088,55.61490439753092,68.35426309938276
HeadM206_DaysToHeading,Schohr,13,34,Local vs PRISM,81.4759974220444,51.479285801851866,64.20444323271607
HeadM206_DaysToHeading,Schohr,13,35,Local vs PRISM,79.07635910370288,46.666712017283935,61.98211582592587
HeadM206_DaysToHeading,Schohr,13,36,Local vs PRISM,77.74893411665501,42.41259774783949,63.02975835216046
HeadM206_DaysToHeading,Schohr,13,37,Local vs PRISM,77.77178158726149,39.172198054012334,65.07703855586418
HeadM206_DaysToHeading,Schohr,13,38,Local vs PRISM,78.05433696403104,36.87844167808638,66.50869160524685
HeadM206_DaysToHeading,Schohr,13,39,Local vs PRISM,78.21430467288496,35.6720636317901,66.91871578734566
HeadM206_DaysToHeading,Schohr,13,40,Local vs PRISM,78.37072361149427,34.98428117808643,66.96727438302466
HeadM206_DaysToHeading,Schohr,14,25,Local vs PRISM,88.95094451330641,60.41810014413578,73.89029778364196
HeadM206_DaysToHeading,Schohr,14,26,Local vs PRISM,91.80482228032791,62.16726125370368,76.30612555987652
HeadM206_DaysToHeading,Schohr,14,27,Local vs PRISM,94.52162004245497,63.62489118055555,78.41022205956789
HeadM206_DaysToHeading,Schohr,14,28,Local vs PRISM,96.71252192197072,64.62986715370367,79.97692642777776
HeadM206_DaysToHeading,Schohr,14,29,Local vs PRISM,97.72767365260185,64.68047484166668,80.59315006388888
HeadM206_DaysToHeading,Schohr,14,30,Local vs PRISM,97.56971994350974,63.61077461975309,80.01514969629629
HeadM206_DaysToHeading,Schohr,14,31,Local vs PRISM,96.56320697405562,61.484675947530846,78.49115450493824
HeadM206_DaysToHeading,Schohr,14,32,Local vs PRISM,94.32196838968818,58.00566896512347,75.60341394228394
HeadM206_DaysToHeading,Schohr,14,33,Local vs PRISM,91.0422094976188,53.87294823549385,72.05069890833336
HeadM206_DaysToHeading,Schohr,14,34,Local vs PRISM,88.2255593103599,49.68203942098765,71.36441540308637
HeadM206_DaysToHeading,Schohr,14,35,Local vs PRISM,85.52474185280376,44.794261917592586,71.16315625956787
HeadM206_DaysToHeading,Schohr,14,36,Local vs PRISM,83.74819995122203,40.50311061111108,71.13007078333331
HeadM206_DaysToHeading,Schohr,14,37,Local vs PRISM,83.5343041964637,37.29966028024691,71.86211568703703
HeadM206_DaysToHeading,Schohr,14,38,Local vs PRISM,83.75791118626935,35.033659429629616,72.44301347037035
HeadM206_DaysToHeading,Schohr,14,39,Local vs PRISM,83.96748248796958,33.82728138333333,72.59269192407406
HeadM206_DaysToHeading,Schohr,14,40,Local vs PRISM,84.17046979211158,33.13949892962965,72.53013940864197
HeadM206_DaysToHeading,Schohr,15,25,Local vs PRISM,97.7457012206581,68.4736492469136,81.27389064320988
HeadM206_DaysToHeading,Schohr,15,26,Local vs PRISM,101.47979804703654,71.20170478117286,84.27694617746916
HeadM206_DaysToHeading,Schohr,15,27,Local vs PRISM,105.06906232816814,73.76586909444447,87.20714496481482
HeadM206_DaysToHeading,Schohr,15,28,Local vs PRISM,108.22180132068854,75.95739446790125,89.7636455925926
HeadM206_DaysToHeading,Schohr,15,29,Local vs PRISM,110.43533665190795,77.43285388580249,91.6573345191358
HeadM206_DaysToHeading,Schohr,15,30,Local vs PRISM,111.43569237498784,77.90832263487657,92.62549077685188
HeadM206_DaysToHeading,Schohr,15,31,Local vs PRISM,111.3357705008724,77.02884576820989,92.86046557993828
HeadM206_DaysToHeading,Schohr,15,32,Local vs PRISM,110.01922628057204,74.68583413024695,92.07202885617285
HeadM206_DaysToHeading,Schohr,15,33,Local vs PRISM,107.44942534162746,71.21696505246915,89.99690844135802
HeadM206_DaysToHeading,Schohr,15,34,Local vs PRISM,104.89776534502636,67.24884410524689,88.448125820679
HeadM206_DaysToHeading,Schohr,15,35,Local vs PRISM,102.3577993283483,62.462871396604946,88.32227053179011
HeadM206_DaysToHeading,Schohr,15,36,Local vs PRISM,100.67420791670332,58.078358106172814,88.37375755308639
HeadM206_DaysToHeading,Schohr,15,37,Local vs PRISM,100.18380529313933,54.757623824691336,89.00086418518516
HeadM206_DaysToHeading,Schohr,15,38,Local vs PRISM,100.05796212955802,52.42948715802467,89.47636692037037
HeadM206_DaysToHeading,Schohr,15,39,Local vs PRISM,100.0930220094457,51.16838254691359,89.63712996358024
HeadM206_DaysToHeading,Schohr,15,40,Local vs PRISM,100.15201839842065,50.42504453765437,89.63013300370369
HeadM206_DaysToHeading,Schohr,16,25,Local vs PRISM,95.10638461375493,57.35699195524692,79.1871574212963
HeadM206_DaysToHeading,Schohr,16,26,Local vs PRISM,98.866721269646,59.81850430092594,82.31533643364199
HeadM206_DaysToHeading,Schohr,16,27,Local vs PRISM,102.5766444210256,62.23183763425928,85.39533643364199
HeadM206_DaysToHeading,Schohr,16,28,Local vs PRISM,106.14166770548609,64.43294874537037,88.29620063117284
HeadM206_DaysToHeading,Schohr,16,29,Local vs PRISM,109.20365794606266,66.12654704043211,90.81227039413582
HeadM206_DaysToHeading,Schohr,16,30,Local vs PRISM,111.58994192074384,67.08099713117284,92.70286478364197
HeadM206_DaysToHeading,Schohr,16,31,Local vs PRISM,113.48925739965662,67.07362194074076,94.05326737098765
HeadM206_DaysToHeading,Schohr,16,32,Local vs PRISM,114.53201937606893,65.71523922623456,94.40963503796294
HeadM206_DaysToHeading,Schohr,16,33,Local vs PRISM,114.92342353304947,63.26254360524691,93.43510412746913
HeadM206_DaysToHeading,Schohr,16,34,Local vs PRISM,115.40926424865273,59.96123711944447,92.08150808302469
HeadM206_DaysToHeading,Schohr,16,35,Local vs PRISM,115.71245523809209,55.52696270956793,92.20241282129626
HeadM206_DaysToHeading,Schohr,16,36,Local vs PRISM,116.43565540968574,51.35824679166667,93.82852433302469
HeadM206_DaysToHeading,Schohr,16,37,Local vs PRISM,117.69680826037175,48.11251229814815,95.83495123209876
HeadM206_DaysToHeading,Schohr,16,38,Local vs PRISM,118.79501216433792,45.76096440216052,97.22115358981482
HeadM206_DaysToHeading,Schohr,16,39,Local vs PRISM,119.56892461475606,44.48852224475309,97.67413469166665
HeadM206_DaysToHeading,Schohr,16,40,Local vs PRISM,119.95144876826875,43.74518423549384,97.7782488429012
HeadM206_DaysToHeading,Schohr,17,25,Local vs PRISM,102.06347442779537,60.84143613734568,76.67541191450617
HeadM206_DaysToHeading,Schohr,17,26,Local vs PRISM,106.17817052526122,63.50810280401234,79.67541191450617
HeadM206_DaysToHeading,Schohr,17,27,Local vs PRISM,110.26742517129452,66.14699169290124,82.64763413672839
HeadM206_DaysToHeading,Schohr,17,28,Local vs PRISM,114.25176258371908,68.67387440895062,85.54093660586419
HeadM206_DaysToHeading,Schohr,17,29,Local vs PRISM,117.94728430861912,70.87796769722222,88.22922742499999
HeadM206_DaysToHeading,Schohr,17,30,Local vs PRISM,121.47182680113887,72.7957844148148,90.75093303148148
HeadM206_DaysToHeading,Schohr,17,31,Local vs PRISM,124.71822362066173,74.21680110802467,92.8834929345679
HeadM206_DaysToHeading,Schohr,17,32,Local vs PRISM,127.2975761222193,74.67232580771606,94.459165616358
HeadM206_DaysToHeading,Schohr,17,33,Local vs PRISM,129.5041133981295,74.07601784876546,95.38654920864198
HeadM206_DaysToHeading,Schohr,17,34,Local vs PRISM,131.46805918353994,72.31558320771606,95.93327465462963
HeadM206_DaysToHeading,Schohr,17,35,Local vs PRISM,133.1472764306028,69.02316224444446,96.56931121049382
HeadM206_DaysToHeading,Schohr,17,36,Local vs PRISM,134.77580828251382,65.5061683978395,98.51036605462963
HeadM206_DaysToHeading,Schohr,17,37,Local vs PRISM,136.42909768537007,62.4939153212963,100.5608792478395
HeadM206_DaysToHeading,Schohr,17,38,Local vs PRISM,137.7353704635568,60.31254482561727,102.63733272314815
HeadM206_DaysToHeading,Schohr,17,39,Local vs PRISM,138.73717159182937,59.11398593672839,104.0794033589506
HeadM206_DaysToHeading,Schohr,17,40,Local vs PRISM,139.3663665081414,58.3500523287037,105.0904424052469
HeadM206_DaysToHeading,Schohr,18,25,Local vs PRISM,92.85325496507582,34.5709912074074,64.61657188950616
HeadM206_DaysToHeading,Schohr,18,26,Local vs PRISM,96.45756586180302,36.0709912074074,67.11657188950616
HeadM206_DaysToHeading,Schohr,18,27,Local vs PRISM,100.06279894658867,37.5709912074074,69.61657188950616
HeadM206_DaysToHeading,Schohr,18,28,Local vs PRISM,103.64986574480004,39.029447997530866,72.10811509938272
HeadM206_DaysToHeading,Schohr,18,29,Local vs PRISM,107.14390106422283,40.27743017469136,74.46720838765431
HeadM206_DaysToHeading,Schohr,18,30,Local vs PRISM,110.58058927635236,41.447475309259254,76.74836463333332
HeadM206_DaysToHeading,Schohr,18,31,Local vs PRISM,113.91968179536192,42.40908024753085,78.82108068271603
HeadM206_DaysToHeading,Schohr,18,32,Local vs PRISM,117.12385129593575,42.92251856327161,80.54906212006172
HeadM206_DaysToHeading,Schohr,18,33,Local vs PRISM,120.03888114143182,42.76811008827161,81.48132036234568
HeadM206_DaysToHeading,Schohr,18,34,Local vs PRISM,122.78632503183435,41.649649825617274,81.63211900277777
HeadM206_DaysToHeading,Schohr,18,35,Local vs PRISM,125.18074227207926,39.21894536604938,80.91382224629629
HeadM206_DaysToHeading,Schohr,18,36,Local vs PRISM,127.53641646859566,36.15061913518519,81.33605148641973
HeadM206_DaysToHeading,Schohr,18,37,Local vs PRISM,129.7198416343514,33.29330597777779,83.24091167901233
HeadM206_DaysToHeading,Schohr,18,38,Local vs PRISM,131.4400050934799,31.330267302777774,84.68957580401232
HeadM206_DaysToHeading,Schohr,18,39,Local vs PRISM,132.63017664350699,30.190292321296273,85.34036635956788
HeadM206_DaysToHeading,Schohr,18,40,Local vs PRISM,133.13248348600908,29.43301672561727,85.58170831327159
HeadM206_DaysToHeading,Schohr,19,25,Local vs PRISM,95.77777946369369,25.606899701234564,76.47039092654322
HeadM206_DaysToHeading,Schohr,19,26,Local vs PRISM,99.47409151335829,26.718010812345675,79.47039092654322
HeadM206_DaysToHeading,Schohr,19,27,Local vs PRISM,103.17098027189846,27.829121923456785,82.47039092654322
HeadM206_DaysToHeading,Schohr,19,28,Local vs PRISM,106.86838588921135,28.940233034567896,85.47039092654322
HeadM206_DaysToHeading,Schohr,19,29,Local vs PRISM,110.54733471870846,30.02177624444444,88.44082302530865
HeadM206_DaysToHeading,Schohr,19,30,Local vs PRISM,114.18747476877867,31.053165133333327,91.36110080308643
HeadM206_DaysToHeading,Schohr,19,31,Local vs PRISM,117.71907290737754,31.967609577777775,94.16443413641976
HeadM206_DaysToHeading,Schohr,19,32,Local vs PRISM,121.19429174444821,32.55498612098765,96.89792179074075
HeadM206_DaysToHeading,Schohr,19,33,Local vs PRISM,124.40959063050718,32.65828856481481,99.31011317407408
HeadM206_DaysToHeading,Schohr,19,34,Local vs PRISM,127.3606539683334,32.19461580154319,101.32668717191359
HeadM206_DaysToHeading,Schohr,19,35,Local vs PRISM,129.95552724479703,30.910467643209863,102.75036592654321
HeadM206_DaysToHeading,Schohr,19,36,Local vs PRISM,132.40369423630423,28.966561929320974,103.90414505833333
HeadM206_DaysToHeading,Schohr,19,37,Local vs PRISM,134.48149221204073,26.99886551358024,104.54335657530864
HeadM206_DaysToHeading,Schohr,19,38,Local vs PRISM,135.89852390817921,25.4223696839506,104.81143549074075
HeadM206_DaysToHeading,Schohr,19,39,Local vs PRISM,136.79794761770654,24.333654066666647,105.00332038580248
HeadM206_DaysToHeading,Schohr,19,40,Local vs PRISM,137.08009685508873,23.607705690123453,104.9343629228395
HeadM206_DaysToHeading,Schohr,20,25,Local vs PRISM,88.74081338988317,-4.305469317592596,53.81038249104938
HeadM206_DaysToHeading,Schohr,20,26,Local vs PRISM,92.05618802463403,-4.416580428703706,55.81038249104938
HeadM206_DaysToHeading,Schohr,20,27,Local vs PRISM,95.37164959334339,-4.527691539814818,57.81038249104938
HeadM206_DaysToHeading,Schohr,20,28,Local vs PRISM,98.68718933419972,-4.638802650925928,59.81038249104938
HeadM206_DaysToHeading,Schohr,20,29,Local vs PRISM,102.0027996243872,-4.749913762037039,61.81038249104938
HeadM206_DaysToHeading,Schohr,20,30,Local vs PRISM,105.31847380085598,-4.861024873148151,63.81038249104938
HeadM206_DaysToHeading,Schohr,20,31,Local vs PRISM,108.6342060138992,-4.9721359842592605,65.81038249104938
HeadM206_DaysToHeading,Schohr,20,32,Local vs PRISM,111.94201418973991,-5.142228576851856,67.8172034787037
HeadM206_DaysToHeading,Schohr,20,33,Local vs PRISM,115.10484143154379,-5.5180310712963045,69.71362325709876
HeadM206_DaysToHeading,Schohr,20,34,Local vs PRISM,118.21802378402224,-6.152753293518521,71.44890103487654
HeadM206_DaysToHeading,Schohr,20,35,Local vs PRISM,121.15785914726148,-7.310494096913585,72.91806159135803
HeadM206_DaysToHeading,Schohr,20,36,Local vs PRISM,123.98095384762657,-8.807613677469142,74.04981098796296
HeadM206_DaysToHeading,Schohr,20,37,Local vs PRISM,126.40235331707333,-10.359486471604948,74.93839559814813
HeadM206_DaysToHeading,Schohr,20,38,Local vs PRISM,128.24126593985338,-11.69158624228396,75.62439448487653
HeadM206_DaysToHeading,Schohr,20,39,Local vs PRISM,129.45085422864585,-12.796301047839513,75.98933419166667
HeadM206_DaysToHeading,Schohr,20,40,Local vs PRISM,129.9810628595044,-13.582571748456793,76.21268081203702
HeadM206_DaysToHeading,Wylie,10,25,Local vs PRISM,48.56691483812287,45.132169855555546,45.132169855555546
HeadM206_DaysToHeading,Wylie,10,26,Local vs PRISM,47.44774769385784,43.7446125489583,43.7446125489583
HeadM206_DaysToHeading,Wylie,10,27,Local vs PRISM,45.866379598677824,41.27711164305556,41.27711164305556
HeadM206_DaysToHeading,Wylie,10,28,Local vs PRISM,43.4774306405088,37.4400156847222,39.595360070833294
HeadM206_DaysToHeading,Wylie,10,29,Local vs PRISM,40.339787070943984,32.11389399826386,37.224119859374994
HeadM206_DaysToHeading,Wylie,10,30,Local vs PRISM,36.74471230328734,24.977020148958303,33.59713438854163
HeadM206_DaysToHeading,Wylie,10,31,Local vs PRISM,33.05834408258641,15.748147151041707,28.30761595243058
HeadM206_DaysToHeading,Wylie,10,32,Local vs PRISM,30.399154523124515,4.098847174305462,22.57102140763888
HeadM206_DaysToHeading,Wylie,10,33,Local vs PRISM,31.83514955112269,-8.866153185416664,22.216065424999982
HeadM206_DaysToHeading,Wylie,10,34,Local vs PRISM,38.63346540338517,-23.391868525000007,30.23557812916664
HeadM206_DaysToHeading,Wylie,10,35,Local vs PRISM,48.74109043618854,-37.91790834548604,39.77166268090272
HeadM206_DaysToHeading,Wylie,10,36,Local vs PRISM,59.563532381264636,-51.188557255902765,51.188557255902765
HeadM206_DaysToHeading,Wylie,10,37,Local vs PRISM,69.02872163130385,-61.88295424618053,61.88295424618053
HeadM206_DaysToHeading,Wylie,10,38,Local vs PRISM,76.42087508030237,-69.49707517986113,69.49707517986113
HeadM206_DaysToHeading,Wylie,10,39,Local vs PRISM,81.45899123717894,-74.67106858263887,74.67106858263887
HeadM206_DaysToHeading,Wylie,10,40,Local vs PRISM,84.40448089218526,-77.93859782222225,77.93859782222225
HeadM206_DaysToHeading,Wylie,11,25,Local vs PRISM,70.89640504029747,66.24706367604163,66.24706367604163
HeadM206_DaysToHeading,Wylie,11,26,Local vs PRISM,70.90530250614133,65.82272577187499,65.82272577187499
HeadM206_DaysToHeading,Wylie,11,27,Local vs PRISM,70.16746558591795,64.19048921319441,64.19048921319441
HeadM206_DaysToHeading,Wylie,11,28,Local vs PRISM,68.33285017372827,60.876235604513866,62.56095089340276
HeadM206_DaysToHeading,Wylie,11,29,Local vs PRISM,65.29829514071108,55.92324507395833,60.43784183784723
HeadM206_DaysToHeading,Wylie,11,30,Local vs PRISM,61.413175519682895,49.032914870833324,56.93240001319445
HeadM206_DaysToHeading,Wylie,11,31,Local vs PRISM,56.551828979386606,39.86814809895834,51.483946036458335
HeadM206_DaysToHeading,Wylie,11,32,Local vs PRISM,50.79162085532911,28.281348122222198,44.43854647291661
HeadM206_DaysToHeading,Wylie,11,33,Local vs PRISM,46.1244060886698,15.378847762500001,37.77436299861115
HeadM206_DaysToHeading,Wylie,11,34,Local vs PRISM,43.503031616891654,0.8614949545139154,33.62616667465281
HeadM206_DaysToHeading,Wylie,11,35,Local vs PRISM,44.72686677121826,-13.664544865972204,33.5614871243055
HeadM206_DaysToHeading,Wylie,11,36,Local vs PRISM,49.29297616090849,-26.93519377638887,38.687426513194396
HeadM206_DaysToHeading,Wylie,11,37,Local vs PRISM,55.41908538179161,-37.62959076666672,46.86127430138893
HeadM206_DaysToHeading,Wylie,11,38,Local vs PRISM,61.0254415659594,-45.243711700347205,52.812511257291646
HeadM206_DaysToHeading,Wylie,11,39,Local vs PRISM,64.89772526965454,-50.41770510312503,56.36105545868057
HeadM206_DaysToHeading,Wylie,11,40,Local vs PRISM,67.25674875197065,-53.68523434270833,58.216798156597235
HeadM206_DaysToHeading,Wylie,12,25,Local vs PRISM,89.47900409588974,85.11775724340279,85.11775724340279
HeadM206_DaysToHeading,Wylie,12,26,Local vs PRISM,90.70891886097313,86.01496512916664,86.01496512916664
HeadM206_DaysToHeading,Wylie,12,27,Local vs PRISM,91.07535621547471,85.68002081180552,85.68002081180552
HeadM206_DaysToHeading,Wylie,12,28,Local vs PRISM,90.00266441296863,83.44579417638886,83.44579417638886
HeadM206_DaysToHeading,Wylie,12,29,Local vs PRISM,87.40766013288066,79.51360225694442,79.51360225694442
HeadM206_DaysToHeading,Wylie,12,30,Local vs PRISM,83.3281058863203,73.41742204895833,76.23801984756945
HeadM206_DaysToHeading,Wylie,12,31,Local vs PRISM,77.33256029652934,64.66405499930555,71.13307828680554
HeadM206_DaysToHeading,Wylie,12,32,Local vs PRISM,69.42125962120699,53.27687371979168,63.338283854513875
HeadM206_DaysToHeading,Wylie,12,33,Local vs PRISM,61.207896024262894,40.48426715902774,53.98632708888887
HeadM206_DaysToHeading,Wylie,12,34,Local vs PRISM,52.79777439456538,26.02941435104171,42.76983847256949
HeadM206_DaysToHeading,Wylie,12,35,Local vs PRISM,46.5531756906195,11.539487077430522,35.4334123982639
HeadM206_DaysToHeading,Wylie,12,36,Local vs PRISM,43.86124094173944,-1.7311618329860892,31.590651339930588
HeadM206_DaysToHeading,Wylie,12,37,Local vs PRISM,45.1423799430695,-12.425558823263884,33.523584234374994
HeadM206_DaysToHeading,Wylie,12,38,Local vs PRISM,48.325467860206246,-20.03967975694445,37.74169598125002
HeadM206_DaysToHeading,Wylie,12,39,Local vs PRISM,50.82772707066446,-25.21367315972222,40.40611495347221
HeadM206_DaysToHeading,Wylie,12,40,Local vs PRISM,52.379917985471884,-28.481202399305573,41.847857616666715
HeadM206_DaysToHeading,Wylie,13,25,Local vs PRISM,108.68113015237621,106.46992543055553,106.46992543055553
HeadM206_DaysToHeading,Wylie,13,26,Local vs PRISM,111.55507611511891,109.22901513749999,109.22901513749999
HeadM206_DaysToHeading,Wylie,13,27,Local vs PRISM,113.41055523148513,110.90730686527777,110.90730686527777
HeadM206_DaysToHeading,Wylie,13,28,Local vs PRISM,113.41510627668971,110.67257366215277,110.67257366215277
HeadM206_DaysToHeading,Wylie,13,29,Local vs PRISM,111.30635173741943,108.35109976631942,108.35109976631942
HeadM206_DaysToHeading,Wylie,13,30,Local vs PRISM,107.05820702801276,103.59911254722223,103.59911254722223
HeadM206_DaysToHeading,Wylie,13,31,Local vs PRISM,100.3206588027948,95.93968570416666,95.93968570416666
HeadM206_DaysToHeading,Wylie,13,32,Local vs PRISM,91.01949692220784,85.34274026284727,85.34274026284727
HeadM206_DaysToHeading,Wylie,13,33,Local vs PRISM,80.47717387367992,72.97932123819442,72.97932123819442
HeadM206_DaysToHeading,Wylie,13,34,Local vs PRISM,68.51042265291872,58.84309960243054,58.84309960243054
HeadM206_DaysToHeading,Wylie,13,35,Local vs PRISM,56.34401474090151,44.56880357534719,45.235193348958305
HeadM206_DaysToHeading,Wylie,13,36,Local vs PRISM,45.484956132380354,31.393085790277794,34.56005893888887
HeadM206_DaysToHeading,Wylie,13,37,Local vs PRISM,38.047436955726404,20.734113747569452,28.00658222326389
HeadM206_DaysToHeading,Wylie,13,38,Local vs PRISM,34.009589544646865,13.119992813888857,24.051302393749992
HeadM206_DaysToHeading,Wylie,13,39,Local vs PRISM,32.13132071234083,7.945999411111103,25.357596636805567
HeadM206_DaysToHeading,Wylie,13,40,Local vs PRISM,31.14309533530161,4.678470171527749,25.882214556944433
HeadM206_DaysToHeading,Wylie,14,25,Local vs PRISM,122.85663948287322,107.37883210624997,107.37883210624997
HeadM206_DaysToHeading,Wylie,14,26,Local vs PRISM,127.1497578594757,110.94340157743052,110.94340157743052
HeadM206_DaysToHeading,Wylie,14,27,Local vs PRISM,130.7694964133162,113.71624191631943,113.71624191631943
HeadM206_DaysToHeading,Wylie,14,28,Local vs PRISM,133.2751474401744,115.19796709409724,115.19796709409724
HeadM206_DaysToHeading,Wylie,14,29,Local vs PRISM,133.7387449294502,114.71049377395833,114.71049377395833
HeadM206_DaysToHeading,Wylie,14,30,Local vs PRISM,132.21934818057258,111.86890014583335,111.86890014583335
HeadM206_DaysToHeading,Wylie,14,31,Local vs PRISM,128.41987460860076,106.14528906979163,106.14528906979163
HeadM206_DaysToHeading,Wylie,14,32,Local vs PRISM,121.83210193270176,97.01326714826388,97.01326714826388
HeadM206_DaysToHeading,Wylie,14,33,Local vs PRISM,113.65832645983981,85.47795767326389,88.22302907951388
HeadM206_DaysToHeading,Wylie,14,34,Local vs PRISM,104.3386379526864,72.03861230173612,78.0775157128472
HeadM206_DaysToHeading,Wylie,14,35,Local vs PRISM,94.7641144071445,58.110747529861115,70.75824297708333
HeadM206_DaysToHeading,Wylie,14,36,Local vs PRISM,86.7280796151208,45.07819223368057,64.51889893090276
HeadM206_DaysToHeading,Wylie,14,37,Local vs PRISM,82.03924467983177,34.48172019097224,60.28058655347222
HeadM206_DaysToHeading,Wylie,14,38,Local vs PRISM,80.23811364281151,26.93009925729166,59.981616284375036
HeadM206_DaysToHeading,Wylie,14,39,Local vs PRISM,79.69057352704472,21.818605854513876,60.479535652430556
HeadM206_DaysToHeading,Wylie,14,40,Local vs PRISM,79.15170944028934,18.578139031597203,60.497605062152786
HeadM206_DaysToHeading,Wylie,15,25,Local vs PRISM,132.91968877480963,119.21986025659723,123.55140870868058
HeadM206_DaysToHeading,Wylie,15,26,Local vs PRISM,138.118877168518,123.87861025659723,128.34890870868057
HeadM206_DaysToHeading,Wylie,15,27,Local vs PRISM,142.86213435523845,127.98374914548612,132.76967259756947
HeadM206_DaysToHeading,Wylie,15,28,Local vs PRISM,146.94442012012286,131.33862839270836,136.6081629559028
HeadM206_DaysToHeading,Wylie,15,29,Local vs PRISM,149.5393613705152,133.1797194284722,138.99401636458333
HeadM206_DaysToHeading,Wylie,15,30,Local vs PRISM,150.09145647501927,132.93088271319448,139.31531853819445
HeadM206_DaysToHeading,Wylie,15,31,Local vs PRISM,148.00989614424648,129.73831639270833,137.10462721770833
HeadM206_DaysToHeading,Wylie,15,32,Local vs PRISM,142.47788879994215,122.68515613854166,131.60701415243057
HeadM206_DaysToHeading,Wylie,15,33,Local vs PRISM,134.3584974142508,112.7544818315972,123.5484926232639
HeadM206_DaysToHeading,Wylie,15,34,Local vs PRISM,124.48322104041817,100.65439586388892,113.99879145277781
HeadM206_DaysToHeading,Wylie,15,35,Local vs PRISM,113.91339961365884,87.49775532569446,103.88901958055557
HeadM206_DaysToHeading,Wylie,15,36,Local vs PRISM,104.74798744826701,74.99614520243057,95.1993824420139
HeadM206_DaysToHeading,Wylie,15,37,Local vs PRISM,98.42237820743902,64.60608571354167,88.70045781493057
HeadM206_DaysToHeading,Wylie,15,38,Local vs PRISM,95.55648827810218,57.23124595694442,85.82099916666665
HeadM206_DaysToHeading,Wylie,15,39,Local vs PRISM,94.15171965070466,52.221046356249985,84.69761081597221
HeadM206_DaysToHeading,Wylie,15,40,Local vs PRISM,92.7171619607138,48.986548102777746,83.46082279166664
HeadM206_DaysToHeading,Wylie,16,25,Local vs PRISM,98.18812017153913,80.04324220555554,86.93562185833332
HeadM206_DaysToHeading,Wylie,16,26,Local vs PRISM,102.11186879575025,83.15598526111108,90.36404979027779
HeadM206_DaysToHeading,Wylie,16,27,Local vs PRISM,105.8804380655688,86.01643664999999,93.79311229027779
HeadM206_DaysToHeading,Wylie,16,28,Local vs PRISM,109.39005197652324,88.58626301979166,97.08391088229169
HeadM206_DaysToHeading,Wylie,16,29,Local vs PRISM,112.04979253103063,90.20215816770835,99.7353074010417
HeadM206_DaysToHeading,Wylie,16,30,Local vs PRISM,113.5206456987821,90.50341512708334,101.44468936041667
HeadM206_DaysToHeading,Wylie,16,31,Local vs PRISM,113.16624347724067,88.49134384999999,101.80136808333333
HeadM206_DaysToHeading,Wylie,16,32,Local vs PRISM,110.50647849256939,83.67360994131944,100.20475484062503
HeadM206_DaysToHeading,Wylie,16,33,Local vs PRISM,105.50748583123718,76.0233686534722,96.34461345972221
HeadM206_DaysToHeading,Wylie,16,34,Local vs PRISM,98.69690116970636,65.9326817201389,90.54966094027776
HeadM206_DaysToHeading,Wylie,16,35,Local vs PRISM,91.4203704046842,54.434690256597236,84.07862306631944
HeadM206_DaysToHeading,Wylie,16,36,Local vs PRISM,85.32631988755988,43.004142936111094,78.07205946180557
HeadM206_DaysToHeading,Wylie,16,37,Local vs PRISM,81.63372906440348,33.30873958090275,73.89241569756946
HeadM206_DaysToHeading,Wylie,16,38,Local vs PRISM,80.49656967277245,26.30984999027777,71.97522351805554
HeadM206_DaysToHeading,Wylie,16,39,Local vs PRISM,80.13960634941961,21.549650389583334,70.85183516736113
HeadM206_DaysToHeading,Wylie,16,40,Local vs PRISM,79.32276595887353,18.466651886111094,69.65459696944444
HeadM206_DaysToHeading,Wylie,17,25,Local vs PRISM,101.74815187577279,71.75103558333333,89.67507987638888
HeadM206_DaysToHeading,Wylie,17,26,Local vs PRISM,105.88058852857606,74.61916058333333,93.30695487638889
HeadM206_DaysToHeading,Wylie,17,27,Local vs PRISM,109.99564862882447,77.37978558333333,96.94257987638889
HeadM206_DaysToHeading,Wylie,17,28,Local vs PRISM,113.94822339747711,79.9789869722222,100.4508784875
HeadM206_DaysToHeading,Wylie,17,29,Local vs PRISM,117.55662459679935,82.14491684236108,103.73571250625
HeadM206_DaysToHeading,Wylie,17,30,Local vs PRISM,120.70087826681403,83.71974323124999,106.63067778402777
HeadM206_DaysToHeading,Wylie,17,31,Local vs PRISM,122.53221216149582,83.95564415555555,108.47192593055556
HeadM206_DaysToHeading,Wylie,17,32,Local vs PRISM,122.42011578253289,82.23869272743055,108.87483561354166
HeadM206_DaysToHeading,Wylie,17,33,Local vs PRISM,120.0645564906909,78.06862324479167,107.39539113090278
HeadM206_DaysToHeading,Wylie,17,34,Local vs PRISM,115.87910583469228,71.63097968819444,104.09502100486111
HeadM206_DaysToHeading,Wylie,17,35,Local vs PRISM,110.79839866399129,63.325024569097224,99.69023645798612
HeadM206_DaysToHeading,Wylie,17,36,Local vs PRISM,106.24642950211383,54.571761774305564,95.10213822083335
HeadM206_DaysToHeading,Wylie,17,37,Local vs PRISM,102.91871247401122,46.6420506579861,91.3464742204861
HeadM206_DaysToHeading,Wylie,17,38,Local vs PRISM,101.07819882485165,40.5285799690972,89.16580091076389
HeadM206_DaysToHeading,Wylie,17,39,Local vs PRISM,100.01167380394,36.44671150729166,87.77308134479168
HeadM206_DaysToHeading,Wylie,17,40,Local vs PRISM,98.71831690520719,33.71313116701387,86.46011238645832
HeadM206_DaysToHeading,Wylie,18,25,Local vs PRISM,93.02044820982088,72.08173044652777,75.60207102013888
HeadM206_DaysToHeading,Wylie,18,26,Local vs PRISM,96.82281758727234,75.01235544652778,78.67144602013889
HeadM206_DaysToHeading,Wylie,18,27,Local vs PRISM,100.63388606404263,77.88735544652778,81.79644602013889
HeadM206_DaysToHeading,Wylie,18,28,Local vs PRISM,104.4480474788613,80.74530683541667,84.93849463125
HeadM206_DaysToHeading,Wylie,18,29,Local vs PRISM,108.24989939171795,83.60363253888889,88.06655781666667
HeadM206_DaysToHeading,Wylie,18,30,Local vs PRISM,111.78349925239475,86.25127142777778,90.96419670555557
HeadM206_DaysToHeading,Wylie,18,31,Local vs PRISM,114.41075280909826,88.02386878229167,93.10040517118055
HeadM206_DaysToHeading,Wylie,18,32,Local vs PRISM,115.95514149798113,88.693070128125,94.26307873923612
HeadM206_DaysToHeading,Wylie,18,33,Local vs PRISM,116.0881591996214,87.97591735034722,94.04592596145834
HeadM206_DaysToHeading,Wylie,18,34,Local vs PRISM,114.92993815686697,85.54638276354166,92.20875248576388
HeadM206_DaysToHeading,Wylie,18,35,Local vs PRISM,112.1540746140783,81.34442405624999,88.78047433402777
HeadM206_DaysToHeading,Wylie,18,36,Local vs PRISM,109.01219425211211,76.31028120659724,85.95905920381945
HeadM206_DaysToHeading,Wylie,18,37,Local vs PRISM,105.8075163340762,71.37653809166665,84.08927544791666
HeadM206_DaysToHeading,Wylie,18,38,Local vs PRISM,103.04530450131347,67.18353029548611,82.41280183784721
HeadM206_DaysToHeading,Wylie,18,39,Local vs PRISM,101.03233584575537,64.20145502465277,80.96188929618054
HeadM206_DaysToHeading,Wylie,18,40,Local vs PRISM,99.17586826933778,61.78681805937498,79.38052717118055
HeadM206_DaysToHeading,Wylie,19,25,Local vs PRISM,71.47014581837298,51.36182843472221,61.76742596388888
HeadM206_DaysToHeading,Wylie,19,26,Local vs PRISM,74.31610599612259,53.41745343472221,64.21180096388888
HeadM206_DaysToHeading,Wylie,19,27,Local vs PRISM,77.17342654679655,55.41745343472221,66.71180096388889
HeadM206_DaysToHeading,Wylie,19,28,Local vs PRISM,80.0346635876676,57.400404823611105,69.228849575
HeadM206_DaysToHeading,Wylie,19,29,Local vs PRISM,82.89477361179877,59.39053608263888,71.73871831597222
HeadM206_DaysToHeading,Wylie,19,30,Local vs PRISM,85.67892947393034,61.31560552708333,74.16378776041667
HeadM206_DaysToHeading,Wylie,19,31,Local vs PRISM,88.02779756937751,62.85473747152777,76.2029197048611
HeadM206_DaysToHeading,Wylie,19,32,Local vs PRISM,90.08534433553186,64.07095274930555,78.01302387152778
HeadM206_DaysToHeading,Wylie,19,33,Local vs PRISM,91.53020218605289,64.49650830486111,79.28198220486111
HeadM206_DaysToHeading,Wylie,19,34,Local vs PRISM,92.18453768779491,64.04224432638888,79.81584322638888
HeadM206_DaysToHeading,Wylie,19,35,Local vs PRISM,91.9694596454923,62.49657062743055,79.65343341631943
HeadM206_DaysToHeading,Wylie,19,36,Local vs PRISM,91.33030604731992,60.13583878888888,79.06376243055554
HeadM206_DaysToHeading,Wylie,19,37,Local vs PRISM,90.60504474880156,57.54728971631944,78.44829804479166
HeadM206_DaysToHeading,Wylie,19,38,Local vs PRISM,89.799919480787,54.999405331249996,77.60773768472221
HeadM206_DaysToHeading,Wylie,19,39,Local vs PRISM,89.01224115727602,52.92441714375,76.89308675416666
HeadM206_DaysToHeading,Wylie,19,40,Local vs PRISM,88.19048715977537,51.086217650694444,76.17173668472222
HeadM206_DaysToHeading,Wylie,20,25,Local vs PRISM,27.402208096608888,14.73738157326389,24.97395588020833
HeadM206_DaysToHeading,Wylie,20,26,Local vs PRISM,28.44710597833766,15.29988157326389,25.91145588020833
HeadM206_DaysToHeading,Wylie,20,27,Local vs PRISM,29.492069586851496,15.86238157326389,26.84895588020833
HeadM206_DaysToHeading,Wylie,20,28,Local vs PRISM,30.537092174740668,16.42488157326389,27.78645588020833
HeadM206_DaysToHeading,Wylie,20,29,Local vs PRISM,31.58216788729875,16.98738157326389,28.72395588020833
HeadM206_DaysToHeading,Wylie,20,30,Local vs PRISM,32.62729161966161,17.54988157326389,29.66145588020833
HeadM206_DaysToHeading,Wylie,20,31,Local vs PRISM,33.670937801218955,18.08081907326389,30.56739338020833
HeadM206_DaysToHeading,Wylie,20,32,Local vs PRISM,34.68601981782566,18.55314546215278,31.414719769097218
HeadM206_DaysToHeading,Wylie,20,33,Local vs PRISM,35.457104480208045,18.839603795486113,32.07617810243055
HeadM206_DaysToHeading,Wylie,20,34,Local vs PRISM,35.86615299692622,18.716826017708335,32.502261831597224
HeadM206_DaysToHeading,Wylie,20,35,Local vs PRISM,36.04057844547926,17.95859685104167,33.016602109375
HeadM206_DaysToHeading,Wylie,20,36,Local vs PRISM,36.049419071644856,16.648805184375004,33.45868544270833
HeadM206_DaysToHeading,Wylie,20,37,Local vs PRISM,36.113754942515605,15.082312243055556,33.9570536125
HeadM206_DaysToHeading,Wylie,20,38,Local vs PRISM,36.275415823444064,13.521658188541666,34.57384665659722
HeadM206_DaysToHeading,Wylie,20,39,Local vs PRISM,36.52995639872133,12.007170143402774,35.193334701736106
HeadM206_DaysToHeading,Wylie,20,40,Local vs PRISM,36.77600207617462,10.600382987152775,35.69407212881944
HeadM209_DaysToHeading,BosworthRue,10,25,Local vs PRISM,40.2517445610442,38.09890271458333,38.09890271458333
HeadM209_DaysToHeading,BosworthRue,10,26,Local vs PRISM,38.71281413107942,36.33685108124999,36.33685108124999
HeadM209_DaysToHeading,BosworthRue,10,27,Local vs PRISM,37.10040435282918,34.41722600173611,34.41722600173611
HeadM209_DaysToHeading,BosworthRue,10,28,Local vs PRISM,34.59808779971341,31.661690740972205,31.661690740972205
HeadM209_DaysToHeading,BosworthRue,10,29,Local vs PRISM,31.109722781593714,27.473869192013794,28.02140350590274
HeadM209_DaysToHeading,BosworthRue,10,30,Local vs PRISM,26.078731578689492,21.256242406597266,23.58042666284723
HeadM209_DaysToHeading,BosworthRue,10,31,Local vs PRISM,20.58718605494276,13.25317671944444,17.772753528472236
HeadM209_DaysToHeading,BosworthRue,10,32,Local vs PRISM,16.876858365154256,3.681510149305524,13.906170089583355
HeadM209_DaysToHeading,BosworthRue,10,33,Local vs PRISM,19.128959144186474,-7.264439071527875,14.16848078263888
HeadM209_DaysToHeading,BosworthRue,10,34,Local vs PRISM,27.62354994545763,-19.559001522222218,20.54152911250003
HeadM209_DaysToHeading,BosworthRue,10,35,Local vs PRISM,38.780006775974734,-32.0323165149305,32.0323165149305
HeadM209_DaysToHeading,BosworthRue,10,36,Local vs PRISM,49.70332546533644,-43.00477661562502,43.00477661562502
HeadM209_DaysToHeading,BosworthRue,10,37,Local vs PRISM,59.38165929863998,-52.25365976875,52.25365976875
HeadM209_DaysToHeading,BosworthRue,10,38,Local vs PRISM,66.76936850869664,-59.31225054965276,59.31225054965276
HeadM209_DaysToHeading,BosworthRue,10,39,Local vs PRISM,71.37299455555436,-63.66080514340274,63.66080514340274
HeadM209_DaysToHeading,BosworthRue,10,40,Local vs PRISM,73.29271326889929,-65.64616349409718,65.64616349409718
HeadM209_DaysToHeading,BosworthRue,11,25,Local vs PRISM,60.14198776232029,56.59367338263887,56.59367338263887
HeadM209_DaysToHeading,BosworthRue,11,26,Local vs PRISM,59.441772796886156,55.521266677777746,55.521266677777746
HeadM209_DaysToHeading,BosworthRue,11,27,Local vs PRISM,58.44272266296362,54.09944076319448,54.09944076319448
HeadM209_DaysToHeading,BosworthRue,11,28,Local vs PRISM,56.54233321738449,51.77427359895833,51.77427359895833
HeadM209_DaysToHeading,BosworthRue,11,29,Local vs PRISM,53.257022301528266,47.93659429479166,47.93659429479166
HeadM209_DaysToHeading,BosworthRue,11,30,Local vs PRISM,47.93939884482903,41.95302994270834,41.95302994270834
HeadM209_DaysToHeading,BosworthRue,11,31,Local vs PRISM,40.996976491135946,34.01273915208333,34.01273915208333
HeadM209_DaysToHeading,BosworthRue,11,32,Local vs PRISM,33.27978596029849,24.482285744097197,28.956811862847275
HeadM209_DaysToHeading,BosworthRue,11,33,Local vs PRISM,26.70453039427169,13.587399059374974,24.410495328124995
HeadM209_DaysToHeading,BosworthRue,11,34,Local vs PRISM,23.592632928266152,1.292836608680517,19.803764774652763
HeadM209_DaysToHeading,BosworthRue,11,35,Local vs PRISM,27.193294735707262,-11.180478384027793,17.629903923611067
HeadM209_DaysToHeading,BosworthRue,11,36,Local vs PRISM,34.67514005528636,-22.1529384847222,25.054174243055513
HeadM209_DaysToHeading,BosworthRue,11,37,Local vs PRISM,42.87077844144269,-31.401821637847235,32.16590482881949
HeadM209_DaysToHeading,BosworthRue,11,38,Local vs PRISM,49.71564443034186,-38.460412418750025,38.460412418750025
HeadM209_DaysToHeading,BosworthRue,11,39,Local vs PRISM,54.16311594888628,-42.80896701249998,42.80896701249998
HeadM209_DaysToHeading,BosworthRue,11,40,Local vs PRISM,55.976498021149695,-44.79432536319442,44.79432536319442
HeadM209_DaysToHeading,BosworthRue,12,25,Local vs PRISM,98.28041762038335,89.38822441493055,89.38822441493055
HeadM209_DaysToHeading,BosworthRue,12,26,Local vs PRISM,99.5154399996092,90.08511273541666,90.08511273541666
HeadM209_DaysToHeading,BosworthRue,12,27,Local vs PRISM,100.10222589213723,90.17829217743056,90.17829217743056
HeadM209_DaysToHeading,BosworthRue,12,28,Local vs PRISM,99.63388687108812,89.10371181111107,89.10371181111107
HeadM209_DaysToHeading,BosworthRue,12,29,Local vs PRISM,97.7362885243148,86.2759711194444,86.2759711194444
HeadM209_DaysToHeading,BosworthRue,12,30,Local vs PRISM,93.56167686508219,81.00773152673608,81.00773152673608
HeadM209_DaysToHeading,BosworthRue,12,31,Local vs PRISM,87.40636783251028,73.52782808541663,73.52782808541663
HeadM209_DaysToHeading,BosworthRue,12,32,Local vs PRISM,79.90057844934154,64.2434363288194,66.28878314826389
HeadM209_DaysToHeading,BosworthRue,12,33,Local vs PRISM,71.87815941204778,53.516668862847254,59.320989357986136
HeadM209_DaysToHeading,BosworthRue,12,34,Local vs PRISM,63.585750605471624,41.27906890208331,54.37531233333331
HeadM209_DaysToHeading,BosworthRue,12,35,Local vs PRISM,56.62188841185813,28.758316413194436,50.01558827152779
HeadM209_DaysToHeading,BosworthRue,12,36,Local vs PRISM,52.54983267751828,17.785856312499988,47.66996160347222
HeadM209_DaysToHeading,BosworthRue,12,37,Local vs PRISM,52.13429046772366,8.536973159374952,47.03551405034722
HeadM209_DaysToHeading,BosworthRue,12,38,Local vs PRISM,53.534481258885315,1.478382378472162,46.79595489305555
HeadM209_DaysToHeading,BosworthRue,12,39,Local vs PRISM,54.95980065709644,-2.8701722152777336,46.58392954236112
HeadM209_DaysToHeading,BosworthRue,12,40,Local vs PRISM,55.34757056496495,-4.855530565972174,45.94123093472223
HeadM209_DaysToHeading,BosworthRue,13,25,Local vs PRISM,123.19868174334962,115.44838641215279,115.44838641215279
HeadM209_DaysToHeading,BosworthRue,13,26,Local vs PRISM,126.68755761166929,118.3365872173611,118.3365872173611
HeadM209_DaysToHeading,BosworthRue,13,27,Local vs PRISM,129.4607350923908,120.51050273333334,120.51050273333334
HeadM209_DaysToHeading,BosworthRue,13,28,Local vs PRISM,131.09124400810572,121.43159725381943,121.43159725381943
HeadM209_DaysToHeading,BosworthRue,13,29,Local vs PRISM,130.9381006186737,120.44056266180553,120.44056266180553
HeadM209_DaysToHeading,BosworthRue,13,30,Local vs PRISM,128.15681429575062,116.79132579895831,116.79132579895831
HeadM209_DaysToHeading,BosworthRue,13,31,Local vs PRISM,123.03590063439638,110.68223465451388,110.68223465451388
HeadM209_DaysToHeading,BosworthRue,13,32,Local vs PRISM,115.82508291307741,102.31140370729169,102.31140370729169
HeadM209_DaysToHeading,BosworthRue,13,33,Local vs PRISM,107.42895455382943,92.08949850243056,92.75480507256947
HeadM209_DaysToHeading,BosworthRue,13,34,Local vs PRISM,98.04816433315959,80.11982952638887,85.20905909722218
HeadM209_DaysToHeading,BosworthRue,13,35,Local vs PRISM,89.12832121220697,67.72105070902784,77.75188021597226
HeadM209_DaysToHeading,BosworthRue,13,36,Local vs PRISM,82.1807389760075,56.77470297395834,71.4578935920139
HeadM209_DaysToHeading,BosworthRue,13,37,Local vs PRISM,78.18173126450382,47.50036363055551,67.00800368611112
HeadM209_DaysToHeading,BosworthRue,13,38,Local vs PRISM,75.9996578693396,40.37927284965272,64.6710968961805
HeadM209_DaysToHeading,BosworthRue,13,39,Local vs PRISM,74.91366415198559,35.96821825590277,63.04802964965276
HeadM209_DaysToHeading,BosworthRue,13,40,Local vs PRISM,73.91070131919378,33.92035990520834,61.821539989236115
HeadM209_DaysToHeading,BosworthRue,14,25,Local vs PRISM,115.19990196454529,109.80217950381943,109.80217950381943
HeadM209_DaysToHeading,BosworthRue,14,26,Local vs PRISM,118.97483862429087,113.20200589270833,113.20200589270833
HeadM209_DaysToHeading,BosworthRue,14,27,Local vs PRISM,122.40507710010132,116.170069259375,116.170069259375
HeadM209_DaysToHeading,BosworthRue,14,28,Local vs PRISM,124.69122968895873,118.06936524097222,118.06936524097222
HeadM209_DaysToHeading,BosworthRue,14,29,Local vs PRISM,125.13445698113227,118.04523335381946,118.04523335381946
HeadM209_DaysToHeading,BosworthRue,14,30,Local vs PRISM,123.04195458476187,115.47918399965278,115.47918399965278
HeadM209_DaysToHeading,BosworthRue,14,31,Local vs PRISM,118.48204019148801,110.38910868055557,110.38910868055557
HeadM209_DaysToHeading,BosworthRue,14,32,Local vs PRISM,111.61931275045464,102.82392303020836,102.82392303020836
HeadM209_DaysToHeading,BosworthRue,14,33,Local vs PRISM,103.28927504455453,92.98722608229167,95.70017545868055
HeadM209_DaysToHeading,BosworthRue,14,34,Local vs PRISM,94.11134393792116,81.4441803690972,88.20605274618056
HeadM209_DaysToHeading,BosworthRue,14,35,Local vs PRISM,85.22451564201552,69.32094072430556,80.7345008138889
HeadM209_DaysToHeading,BosworthRue,14,36,Local vs PRISM,78.35201409164824,58.44684993368054,74.38777113437496
HeadM209_DaysToHeading,BosworthRue,14,37,Local vs PRISM,73.84727769766818,49.256498064583354,69.81630318819444
HeadM209_DaysToHeading,BosworthRue,14,38,Local vs PRISM,71.1377926275717,42.13540728368052,66.39117436423608
HeadM209_DaysToHeading,BosworthRue,14,39,Local vs PRISM,69.78272813298466,37.72435268993057,64.25321776354168
HeadM209_DaysToHeading,BosworthRue,14,40,Local vs PRISM,68.77725120603584,35.676494339236115,62.80928368368055
HeadM209_DaysToHeading,BosworthRue,15,25,Local vs PRISM,115.51728327613881,105.67308658854165,105.67308658854165
HeadM209_DaysToHeading,BosworthRue,15,26,Local vs PRISM,119.78894139656113,109.46985742187496,109.46985742187496
HeadM209_DaysToHeading,BosworthRue,15,27,Local vs PRISM,123.80697368970935,112.97350538958331,112.97350538958331
HeadM209_DaysToHeading,BosworthRue,15,28,Local vs PRISM,127.08231325647544,115.75803257048611,115.75803257048611
HeadM209_DaysToHeading,BosworthRue,15,29,Local vs PRISM,129.35493391602864,117.23723395937498,117.23723395937498
HeadM209_DaysToHeading,BosworthRue,15,30,Local vs PRISM,129.83583318718235,116.76522002291664,116.76522002291664
HeadM209_DaysToHeading,BosworthRue,15,31,Local vs PRISM,128.16158847825884,114.05767161041666,114.05767161041666
HeadM209_DaysToHeading,BosworthRue,15,32,Local vs PRISM,124.05265242907187,108.58367730486111,108.58367730486111
HeadM209_DaysToHeading,BosworthRue,15,33,Local vs PRISM,118.01005003565963,100.4304681920139,100.4304681920139
HeadM209_DaysToHeading,BosworthRue,15,34,Local vs PRISM,110.68375560811462,90.52169036458334,95.29207552708333
HeadM209_DaysToHeading,BosworthRue,15,35,Local vs PRISM,102.86905627106302,79.60450153333335,91.34769617152779
HeadM209_DaysToHeading,BosworthRue,15,36,Local vs PRISM,96.4301903147052,69.60341326354168,87.8255107295139
HeadM209_DaysToHeading,BosworthRue,15,37,Local vs PRISM,91.3068014452058,60.63386107916665,84.79041068819444
HeadM209_DaysToHeading,BosworthRue,15,38,Local vs PRISM,87.90571790994785,53.67481342361111,82.4473359791667
HeadM209_DaysToHeading,BosworthRue,15,39,Local vs PRISM,86.11143443238622,49.32917023958332,80.86049294097226
HeadM209_DaysToHeading,BosworthRue,15,40,Local vs PRISM,85.01774855053951,47.24437441319445,79.5883576006945
HeadM209_DaysToHeading,BosworthRue,16,25,Local vs PRISM,123.92515032666024,109.15100527395832,109.15100527395832
HeadM209_DaysToHeading,BosworthRue,16,26,Local vs PRISM,129.0649980047989,113.65100527395832,113.65100527395832
HeadM209_DaysToHeading,BosworthRue,16,27,Local vs PRISM,134.14239314422736,118.07615322847222,118.07615322847222
HeadM209_DaysToHeading,BosworthRue,16,28,Local vs PRISM,138.80878535404597,122.02393100625,122.02393100625
HeadM209_DaysToHeading,BosworthRue,16,29,Local vs PRISM,142.76164161792494,125.21337545069444,125.21337545069444
HeadM209_DaysToHeading,BosworthRue,16,30,Local vs PRISM,145.8246836359682,127.32861850625,127.32861850625
HeadM209_DaysToHeading,BosworthRue,16,31,Local vs PRISM,147.7366007176025,128.14783249791668,128.14783249791668
HeadM209_DaysToHeading,BosworthRue,16,32,Local vs PRISM,147.6390745401849,126.77601031354166,127.38898309548611
HeadM209_DaysToHeading,BosworthRue,16,33,Local vs PRISM,145.1061858727169,122.7763465357639,124.99952765104169
HeadM209_DaysToHeading,BosworthRue,16,34,Local vs PRISM,140.4086536436429,116.33885983750001,120.92336053055556
HeadM209_DaysToHeading,BosworthRue,16,35,Local vs PRISM,134.06197646881117,107.58852416631944,115.04915009965276
HeadM209_DaysToHeading,BosworthRue,16,36,Local vs PRISM,127.82925605023891,98.82988013298612,109.21836716979166
HeadM209_DaysToHeading,BosworthRue,16,37,Local vs PRISM,122.38039757758217,90.75352258159722,103.67676057673611
HeadM209_DaysToHeading,BosworthRue,16,38,Local vs PRISM,117.67975708840957,84.36364541423612,98.61213355729166
HeadM209_DaysToHeading,BosworthRue,16,39,Local vs PRISM,114.6506822948604,80.09734632048614,94.93583461631945
HeadM209_DaysToHeading,BosworthRue,16,40,Local vs PRISM,113.02326128349945,77.97195173368056,92.91794009895833
HeadM209_DaysToHeading,BosworthRue,17,25,Local vs PRISM,112.07557480052334,102.74498570555556,102.74498570555556
HeadM209_DaysToHeading,BosworthRue,17,26,Local vs PRISM,116.8323029517584,107.05748570555556,107.05748570555556
HeadM209_DaysToHeading,BosworthRue,17,27,Local vs PRISM,121.57521626427952,111.35009893784722,111.35009893784722
HeadM209_DaysToHeading,BosworthRue,17,28,Local vs PRISM,126.20226731304554,115.49100171562499,115.49100171562499
HeadM209_DaysToHeading,BosworthRue,17,29,Local vs PRISM,130.52238045176196,119.3211753267361,119.3211753267361
HeadM209_DaysToHeading,BosworthRue,17,30,Local vs PRISM,134.4160890275139,122.60954338229163,122.60954338229163
HeadM209_DaysToHeading,BosworthRue,17,31,Local vs PRISM,137.69609504143378,125.28697328680556,125.28697328680556
HeadM209_DaysToHeading,BosworthRue,17,32,Local vs PRISM,139.6349682390881,126.64746290659723,126.64746290659723
HeadM209_DaysToHeading,BosworthRue,17,33,Local vs PRISM,139.98788154835663,126.37395180729166,126.37395180729166
HeadM209_DaysToHeading,BosworthRue,17,34,Local vs PRISM,138.31265806030896,124.14200736284722,124.14200736284722
HeadM209_DaysToHeading,BosworthRue,17,35,Local vs PRISM,134.96087508546282,120.05808456041666,120.05808456041666
HeadM209_DaysToHeading,BosworthRue,17,36,Local vs PRISM,130.53756040317666,114.86520761736112,114.86520761736112
HeadM209_DaysToHeading,BosworthRue,17,37,Local vs PRISM,125.83822440959318,109.116366809375,109.116366809375
HeadM209_DaysToHeading,BosworthRue,17,38,Local vs PRISM,121.46012217558135,103.96115131770834,103.96115131770834
HeadM209_DaysToHeading,BosworthRue,17,39,Local vs PRISM,118.47310523415679,100.31015683854167,100.31015683854167
HeadM209_DaysToHeading,BosworthRue,17,40,Local vs PRISM,116.93932311415524,98.36330649131943,98.36330649131943
HeadM209_DaysToHeading,BosworthRue,18,25,Local vs PRISM,93.0183026234123,71.99923634722222,81.69774533333333
HeadM209_DaysToHeading,BosworthRue,18,26,Local vs PRISM,96.84871324152952,74.93673634722222,85.01024533333333
HeadM209_DaysToHeading,BosworthRue,18,27,Local vs PRISM,100.64755755447403,77.82399329166667,88.27250227777778
HeadM209_DaysToHeading,BosworthRue,18,28,Local vs PRISM,104.37566743235674,80.59618079166667,91.41968977777778
HeadM209_DaysToHeading,BosworthRue,18,29,Local vs PRISM,107.96156200852576,83.20423634722222,94.40274533333333
HeadM209_DaysToHeading,BosworthRue,18,30,Local vs PRISM,111.39457174154107,85.60861134722222,97.23337033333333
HeadM209_DaysToHeading,BosworthRue,18,31,Local vs PRISM,114.63352845205513,87.78590236284721,99.96114746006944
HeadM209_DaysToHeading,BosworthRue,18,32,Local vs PRISM,117.34992066319093,89.33121486284722,102.16722384895833
HeadM209_DaysToHeading,BosworthRue,18,33,Local vs PRISM,119.61061324896261,90.2571482079861,103.85698494826389
HeadM209_DaysToHeading,BosworthRue,18,34,Local vs PRISM,120.86640127561603,90.15322459687499,104.46070022604167
HeadM209_DaysToHeading,BosworthRue,18,35,Local vs PRISM,120.701375794736,88.48450914722221,103.5954569986111
HeadM209_DaysToHeading,BosworthRue,18,36,Local vs PRISM,119.6652768831961,85.80161813229167,101.85040339340279
HeadM209_DaysToHeading,BosworthRue,18,37,Local vs PRISM,117.94428859631616,82.38389805729166,99.37379442951388
HeadM209_DaysToHeading,BosworthRue,18,38,Local vs PRISM,115.93303646081212,78.66502688055556,96.57041054027778
HeadM209_DaysToHeading,BosworthRue,18,39,Local vs PRISM,114.48440080451721,75.68288258194444,94.33826624166666
HeadM209_DaysToHeading,BosworthRue,18,40,Local vs PRISM,113.84525685894009,73.86352510277776,93.09974601249999
HeadM209_DaysToHeading,BosworthRue,19,25,Local vs PRISM,44.89841919860932,11.759839330902773,33.375071186458335
HeadM209_DaysToHeading,BosworthRue,19,26,Local vs PRISM,46.673605737076095,12.19733933090277,34.68757118645834
HeadM209_DaysToHeading,BosworthRue,19,27,Local vs PRISM,48.44889470840376,12.63483933090277,36.00007118645834
HeadM209_DaysToHeading,BosworthRue,19,28,Local vs PRISM,50.22395763014367,13.06296433090277,37.30319618645834
HeadM209_DaysToHeading,BosworthRue,19,29,Local vs PRISM,52.00850045583412,13.36220044201388,38.55632118645834
HeadM209_DaysToHeading,BosworthRue,19,30,Local vs PRISM,53.741065670649995,13.558450442013879,39.78419310868056
HeadM209_DaysToHeading,BosworthRue,19,31,Local vs PRISM,55.46591558268519,13.764144235416655,41.19724931527779
HeadM209_DaysToHeading,BosworthRue,19,32,Local vs PRISM,57.20635871026761,13.817859513194435,42.63658959305556
HeadM209_DaysToHeading,BosworthRue,19,33,Local vs PRISM,58.8919139114506,13.584838679861102,44.07697153750001
HeadM209_DaysToHeading,BosworthRue,19,34,Local vs PRISM,60.51887694372377,13.02167895763888,45.52471459305556
HeadM209_DaysToHeading,BosworthRue,19,35,Local vs PRISM,61.896311931720646,11.740942783680554,46.86308965590278
HeadM209_DaysToHeading,BosworthRue,19,36,Local vs PRISM,63.185683430137125,9.60324135277778,48.22908287152778
HeadM209_DaysToHeading,BosworthRue,19,37,Local vs PRISM,64.08177742042147,6.9997296548611025,49.256900125
HeadM209_DaysToHeading,BosworthRue,19,38,Local vs PRISM,64.79426368404683,4.279694619444436,49.93432842708334
HeadM209_DaysToHeading,BosworthRue,19,39,Local vs PRISM,65.19251375284657,1.9983890430555515,50.53845807152778
HeadM209_DaysToHeading,BosworthRue,19,40,Local vs PRISM,65.85815874691022,0.38880231388888387,51.60566971736111
HeadM209_DaysToHeading,BosworthRue,20,25,Local vs PRISM,45.462790788390315,16.442529493749998,38.433317816666666
HeadM209_DaysToHeading,BosworthRue,20,26,Local vs PRISM,47.230301364150336,17.067529493749998,39.933317816666666
HeadM209_DaysToHeading,BosworthRue,20,27,Local vs PRISM,48.99783043796914,17.692529493749998,41.433317816666666
HeadM209_DaysToHeading,BosworthRue,20,28,Local vs PRISM,50.76537607767216,18.317529493749998,42.933317816666666
HeadM209_DaysToHeading,BosworthRue,20,29,Local vs PRISM,52.53293661111096,18.942529493749998,44.433317816666666
HeadM209_DaysToHeading,BosworthRue,20,30,Local vs PRISM,54.300510583847334,19.567529493749998,45.933317816666666
HeadM209_DaysToHeading,BosworthRue,20,31,Local vs PRISM,56.069017020790206,20.18940449375,47.43644281666666
HeadM209_DaysToHeading,BosworthRue,20,32,Local vs PRISM,57.87187702355273,20.695237827083332,49.038526149999996
HeadM209_DaysToHeading,BosworthRue,20,33,Local vs PRISM,59.45864042424788,21.025098938194443,50.49338726111111
HeadM209_DaysToHeading,BosworthRue,20,34,Local vs PRISM,61.04122048718056,21.246835049305552,52.02165115
HeadM209_DaysToHeading,BosworthRue,20,35,Local vs PRISM,62.13157381137368,21.05925859756944,53.212491490625
HeadM209_DaysToHeading,BosworthRue,20,36,Local vs PRISM,62.87826884121848,20.323557107638884,54.10776222291666
HeadM209_DaysToHeading,BosworthRue,20,37,Local vs PRISM,63.28271758186592,19.296675262499996,54.782977401388884
HeadM209_DaysToHeading,BosworthRue,20,38,Local vs PRISM,63.43762595711007,18.08679739861111,55.27435531875
HeadM209_DaysToHeading,BosworthRue,20,39,Local vs PRISM,63.52987500666213,16.923986586111106,55.63356913125
HeadM209_DaysToHeading,BosworthRue,20,40,Local vs PRISM,63.588228735074125,16.03521141597222,55.802343919444446
HeadM209_DaysToHeading,Canal,10,25,Local vs PRISM,59.48450095780727,55.768849089285695,55.768849089285695
HeadM209_DaysToHeading,Canal,10,26,Local vs PRISM,58.63368255574569,54.77083642142856,54.77083642142856
HeadM209_DaysToHeading,Canal,10,27,Local vs PRISM,57.19630719497096,53.11850331349202,53.11850331349202
HeadM209_DaysToHeading,Canal,10,28,Local vs PRISM,54.59763734390085,50.134743437698376,50.134743437698376
HeadM209_DaysToHeading,Canal,10,29,Local vs PRISM,50.98194048860661,46.03087786785711,46.03087786785711
HeadM209_DaysToHeading,Canal,10,30,Local vs PRISM,46.52519480965688,40.79911833333329,40.79911833333329
HeadM209_DaysToHeading,Canal,10,31,Local vs PRISM,40.90165351036999,34.28580414920639,34.28580414920639
HeadM209_DaysToHeading,Canal,10,32,Local vs PRISM,34.06511307540446,26.434617225396874,28.128506236507974
HeadM209_DaysToHeading,Canal,10,33,Local vs PRISM,27.581178093267837,17.478576202777813,22.4583226067461
HeadM209_DaysToHeading,Canal,10,34,Local vs PRISM,24.876183430644783,8.621799725396825,22.37098954523807
HeadM209_DaysToHeading,Canal,10,35,Local vs PRISM,26.56655856302676,0.008608402777732798,24.492511749603164
HeadM209_DaysToHeading,Canal,10,36,Local vs PRISM,29.732134177820296,-7.564545434523812,25.453247607539716
HeadM209_DaysToHeading,Canal,10,37,Local vs PRISM,32.31372900893331,-12.846197298809525,25.582991726587288
HeadM209_DaysToHeading,Canal,10,38,Local vs PRISM,34.09069686435565,-16.485002801587306,26.80124732777777
HeadM209_DaysToHeading,Canal,10,39,Local vs PRISM,35.19450404557631,-18.586284162698412,28.26179875238095
HeadM209_DaysToHeading,Canal,10,40,Local vs PRISM,35.97079182610823,-19.86721465873016,29.39518656587302
HeadM209_DaysToHeading,Canal,11,25,Local vs PRISM,64.98796864744504,61.81005604365079,61.81005604365079
HeadM209_DaysToHeading,Canal,11,26,Local vs PRISM,64.62351738040867,61.335202032936536,61.335202032936536
HeadM209_DaysToHeading,Canal,11,27,Local vs PRISM,63.60273199354799,60.152583225793606,60.152583225793606
HeadM209_DaysToHeading,Canal,11,28,Local vs PRISM,61.288898743417974,57.60519648928567,57.60519648928567
HeadM209_DaysToHeading,Canal,11,29,Local vs PRISM,57.89158992904569,53.78704520515872,53.78704520515872
HeadM209_DaysToHeading,Canal,11,30,Local vs PRISM,53.51504992688878,48.79778557777778,48.79778557777778
HeadM209_DaysToHeading,Canal,11,31,Local vs PRISM,47.528869053730695,42.42032856706352,42.42032856706352
HeadM209_DaysToHeading,Canal,11,32,Local vs PRISM,39.876455579316534,34.61214159206353,34.61214159206353
HeadM209_DaysToHeading,Canal,11,33,Local vs PRISM,31.572971520132366,25.656100569444497,27.008576611508
HeadM209_DaysToHeading,Canal,11,34,Local vs PRISM,25.00061585927207,16.799324092063507,20.515085765873046
HeadM209_DaysToHeading,Canal,11,35,Local vs PRISM,22.042259917445353,8.186132769444416,17.74272019563484
HeadM209_DaysToHeading,Canal,11,36,Local vs PRISM,22.296542999721645,0.6129789321428721,20.503956912301565
HeadM209_DaysToHeading,Canal,11,37,Local vs PRISM,23.52492301699081,-4.668672932142791,21.627912823412707
HeadM209_DaysToHeading,Canal,11,38,Local vs PRISM,25.053153334542188,-8.307478434920638,22.471231814285698
HeadM209_DaysToHeading,Canal,11,39,Local vs PRISM,26.07442067999754,-10.408759796031777,22.892068969047614
HeadM209_DaysToHeading,Canal,11,40,Local vs PRISM,26.6646535990141,-11.689690292063526,23.248568012698406
HeadM209_DaysToHeading,Canal,12,25,Local vs PRISM,80.24014308290465,76.80992895238099,76.80992895238099
HeadM209_DaysToHeading,Canal,12,26,Local vs PRISM,81.00486919896598,77.37357493214286,77.37357493214286
HeadM209_DaysToHeading,Canal,12,27,Local vs PRISM,80.76769736241573,77.04796463968252,77.04796463968252
HeadM209_DaysToHeading,Canal,12,28,Local vs PRISM,78.74328167694746,75.01686352698414,75.01686352698414
HeadM209_DaysToHeading,Canal,12,29,Local vs PRISM,75.14691662042956,71.42729081031744,71.42729081031744
HeadM209_DaysToHeading,Canal,12,30,Local vs PRISM,70.29964928419601,66.54853121349207,66.54853121349207
HeadM209_DaysToHeading,Canal,12,31,Local vs PRISM,64.03346895915733,60.34585995317467,60.34585995317467
HeadM209_DaysToHeading,Canal,12,32,Local vs PRISM,56.46007022092991,52.577172942460315,52.577172942460315
HeadM209_DaysToHeading,Canal,12,33,Local vs PRISM,48.06050098849194,43.62113191984128,43.62113191984128
HeadM209_DaysToHeading,Canal,12,34,Local vs PRISM,39.95074396712052,34.76435544246033,34.93816387261904
HeadM209_DaysToHeading,Canal,12,35,Local vs PRISM,33.24359534368435,26.151164119841237,30.470479945238075
HeadM209_DaysToHeading,Canal,12,36,Local vs PRISM,28.057857683030786,18.57801028253969,25.742040790476217
HeadM209_DaysToHeading,Canal,12,37,Local vs PRISM,24.410509864474687,13.296358418254044,21.717372770634988
HeadM209_DaysToHeading,Canal,12,38,Local vs PRISM,22.523191242346158,9.657552915476183,18.993717898015934
HeadM209_DaysToHeading,Canal,12,39,Local vs PRISM,22.064837774023825,7.5562715543650745,18.962333324206416
HeadM209_DaysToHeading,Canal,12,40,Local vs PRISM,22.101227097695766,6.2753410583333435,19.175975225000084
HeadM209_DaysToHeading,Canal,13,25,Local vs PRISM,114.20205781877904,109.73473860992063,109.73473860992063
HeadM209_DaysToHeading,Canal,13,26,Local vs PRISM,117.25450859849917,112.49313297142854,112.49313297142854
HeadM209_DaysToHeading,Canal,13,27,Local vs PRISM,119.32077541080506,114.35201703015869,114.35201703015869
HeadM209_DaysToHeading,Canal,13,28,Local vs PRISM,119.44697399290177,114.37394964166667,114.37394964166667
HeadM209_DaysToHeading,Canal,13,29,Local vs PRISM,117.56420460654151,112.49517617222226,112.49517617222226
HeadM209_DaysToHeading,Canal,13,30,Local vs PRISM,113.67259863359585,108.62770916944443,108.62770916944443
HeadM209_DaysToHeading,Canal,13,31,Local vs PRISM,108.05645948421177,103.1013235162698,103.1013235162698
HeadM209_DaysToHeading,Canal,13,32,Local vs PRISM,100.92396821905089,95.61827218134924,95.61827218134924
HeadM209_DaysToHeading,Canal,13,33,Local vs PRISM,92.76536889218913,86.79851666785713,86.79851666785713
HeadM209_DaysToHeading,Canal,13,34,Local vs PRISM,84.83047090840908,78.01316876190478,78.01316876190478
HeadM209_DaysToHeading,Canal,13,35,Local vs PRISM,77.79110859587641,69.43190618293652,69.43190618293652
HeadM209_DaysToHeading,Canal,13,36,Local vs PRISM,71.93833503459113,61.78732377420637,61.78732377420637
HeadM209_DaysToHeading,Canal,13,37,Local vs PRISM,67.85377966575719,56.43424333849214,56.43424333849214
HeadM209_DaysToHeading,Canal,13,38,Local vs PRISM,65.27073639715714,52.761152121428594,52.761152121428594
HeadM209_DaysToHeading,Canal,13,39,Local vs PRISM,64.1108830536332,50.65987076031744,50.65987076031744
HeadM209_DaysToHeading,Canal,13,40,Local vs PRISM,63.55545687659872,49.378940264285724,49.378940264285724
HeadM209_DaysToHeading,Canal,14,25,Local vs PRISM,143.03898484744633,140.10114840317462,140.10114840317462
HeadM209_DaysToHeading,Canal,14,26,Local vs PRISM,147.97157266479675,144.89664605396825,144.89664605396825
HeadM209_DaysToHeading,Canal,14,27,Local vs PRISM,152.3288172482008,149.1335459857143,149.1335459857143
HeadM209_DaysToHeading,Canal,14,28,Local vs PRISM,155.41563521510744,152.20010152579363,152.20010152579363
HeadM209_DaysToHeading,Canal,14,29,Local vs PRISM,156.24869665324943,153.16432556587304,153.16432556587304
HeadM209_DaysToHeading,Canal,14,30,Local vs PRISM,154.66442948970075,151.7669226718254,151.7669226718254
HeadM209_DaysToHeading,Canal,14,31,Local vs PRISM,150.82385202025318,148.04277963015878,148.04277963015878
HeadM209_DaysToHeading,Canal,14,32,Local vs PRISM,144.55406666732887,141.57861377063486,141.57861377063486
HeadM209_DaysToHeading,Canal,14,33,Local vs PRISM,136.67162291839574,133.34601537063492,133.34601537063492
HeadM209_DaysToHeading,Canal,14,34,Local vs PRISM,128.37678791614695,124.7562388186508,124.7562388186508
HeadM209_DaysToHeading,Canal,14,35,Local vs PRISM,120.22384765480182,116.26097613690474,116.26097613690474
HeadM209_DaysToHeading,Canal,14,36,Local vs PRISM,112.98421260573997,108.63204925079364,108.63204925079364
HeadM209_DaysToHeading,Canal,14,37,Local vs PRISM,107.97975966451666,103.27896881507941,103.27896881507941
HeadM209_DaysToHeading,Canal,14,38,Local vs PRISM,104.504042296097,99.6058775980159,99.6058775980159
HeadM209_DaysToHeading,Canal,14,39,Local vs PRISM,102.68459269492662,97.50459623690479,97.50459623690479
HeadM209_DaysToHeading,Canal,14,40,Local vs PRISM,101.74641284394676,96.22366574087307,96.22366574087307
HeadM209_DaysToHeading,Canal,15,25,Local vs PRISM,123.22421772532827,121.96531378015872,121.96531378015872
HeadM209_DaysToHeading,Canal,15,26,Local vs PRISM,127.86118789451724,126.5167423515873,126.5167423515873
HeadM209_DaysToHeading,Canal,15,27,Local vs PRISM,132.24022033519972,130.8364201265873,130.8364201265873
HeadM209_DaysToHeading,Canal,15,28,Local vs PRISM,136.08205372642547,134.66356297261908,134.66356297261908
HeadM209_DaysToHeading,Canal,15,29,Local vs PRISM,138.95999477226678,137.5784042916667,137.5784042916667
HeadM209_DaysToHeading,Canal,15,30,Local vs PRISM,139.6973049984001,138.4052360948413,138.4052360948413
HeadM209_DaysToHeading,Canal,15,31,Local vs PRISM,137.8201911712458,136.64873014880956,136.64873014880956
HeadM209_DaysToHeading,Canal,15,32,Local vs PRISM,132.59991957665324,131.55398645317462,131.55398645317462
HeadM209_DaysToHeading,Canal,15,33,Local vs PRISM,125.16638563572889,124.09656640674605,124.09656640674605
HeadM209_DaysToHeading,Canal,15,34,Local vs PRISM,117.1896825007472,115.97903587341271,115.97903587341271
HeadM209_DaysToHeading,Canal,15,35,Local vs PRISM,109.10852311552425,107.6575301996032,107.6575301996032
HeadM209_DaysToHeading,Canal,15,36,Local vs PRISM,101.65803393374452,99.95717474206351,99.95717474206351
HeadM209_DaysToHeading,Canal,15,37,Local vs PRISM,96.41258589869886,94.53266573492066,94.53266573492066
HeadM209_DaysToHeading,Canal,15,38,Local vs PRISM,92.79140725467708,90.84092372420636,90.84092372420636
HeadM209_DaysToHeading,Canal,15,39,Local vs PRISM,90.76653990229597,88.73964236309527,88.73964236309527
HeadM209_DaysToHeading,Canal,15,40,Local vs PRISM,89.65198205910262,87.45871186706354,87.45871186706354
HeadM209_DaysToHeading,Canal,16,25,Local vs PRISM,138.09757485514723,133.9699875607143,133.9699875607143
HeadM209_DaysToHeading,Canal,16,26,Local vs PRISM,143.4714007996322,139.184273275,139.184273275
HeadM209_DaysToHeading,Canal,16,27,Local vs PRISM,148.6998063031853,144.2385804059524,144.2385804059524
HeadM209_DaysToHeading,Canal,16,28,Local vs PRISM,153.44864240062017,148.82842167579366,148.82842167579366
HeadM209_DaysToHeading,Canal,16,29,Local vs PRISM,157.69909921772717,152.8840637845238,152.8840637845238
HeadM209_DaysToHeading,Canal,16,30,Local vs PRISM,160.43729625298695,155.40386539920635,155.40386539920635
HeadM209_DaysToHeading,Canal,16,31,Local vs PRISM,161.33450536480598,156.00349734246032,156.00349734246032
HeadM209_DaysToHeading,Canal,16,32,Local vs PRISM,159.2595266815001,153.53587373809523,153.53587373809523
HeadM209_DaysToHeading,Canal,16,33,Local vs PRISM,154.68870327805166,148.40568173611112,148.40568173611112
HeadM209_DaysToHeading,Canal,16,34,Local vs PRISM,148.88018984390814,141.73560091428573,141.73560091428573
HeadM209_DaysToHeading,Canal,16,35,Local vs PRISM,142.38828206524903,134.04473005238097,134.04473005238097
HeadM209_DaysToHeading,Canal,16,36,Local vs PRISM,136.09127825850769,126.63111748611111,126.63111748611111
HeadM209_DaysToHeading,Canal,16,37,Local vs PRISM,131.46912424725343,121.2466799011905,121.2466799011905
HeadM209_DaysToHeading,Canal,16,38,Local vs PRISM,128.21594246277064,117.62565229523811,117.62565229523811
HeadM209_DaysToHeading,Canal,16,39,Local vs PRISM,126.36881293741477,115.52437093412699,115.52437093412699
HeadM209_DaysToHeading,Canal,16,40,Local vs PRISM,125.30982857296864,114.24344043809523,114.24344043809523
HeadM209_DaysToHeading,Canal,17,25,Local vs PRISM,131.1697942070739,123.13348963055556,123.13348963055556
HeadM209_DaysToHeading,Canal,17,26,Local vs PRISM,136.525511575927,128.13348963055554,128.13348963055554
HeadM209_DaysToHeading,Canal,17,27,Local vs PRISM,141.84687273108912,133.09091026547617,133.09091026547617
HeadM209_DaysToHeading,Canal,17,28,Local vs PRISM,147.00887445961163,137.87662455119047,137.87662455119047
HeadM209_DaysToHeading,Canal,17,29,Local vs PRISM,151.95599512176136,142.41992539007938,142.41992539007938
HeadM209_DaysToHeading,Canal,17,30,Local vs PRISM,156.39384948210335,146.37313967579365,146.37313967579365
HeadM209_DaysToHeading,Canal,17,31,Local vs PRISM,159.9079274995974,149.34738571309524,149.34738571309524
HeadM209_DaysToHeading,Canal,17,32,Local vs PRISM,161.44731997291973,150.23240164285716,150.23240164285716
HeadM209_DaysToHeading,Canal,17,33,Local vs PRISM,161.22493782855844,148.9850825392857,148.9850825392857
HeadM209_DaysToHeading,Canal,17,34,Local vs PRISM,159.4857327040597,145.95272419960315,145.95272419960315
HeadM209_DaysToHeading,Canal,17,35,Local vs PRISM,156.03093283822656,141.3160241638889,141.3160241638889
HeadM209_DaysToHeading,Canal,17,36,Local vs PRISM,151.1247759490345,135.60804112857144,135.60804112857144
HeadM209_DaysToHeading,Canal,17,37,Local vs PRISM,146.83994531919492,130.92294758531747,130.92294758531747
HeadM209_DaysToHeading,Canal,17,38,Local vs PRISM,143.8138905458881,127.66654836150795,127.66654836150795
HeadM209_DaysToHeading,Canal,17,39,Local vs PRISM,141.8201613287454,125.64505275833334,125.64505275833334
HeadM209_DaysToHeading,Canal,17,40,Local vs PRISM,140.53121418736586,124.3641222623016,124.3641222623016
HeadM209_DaysToHeading,Canal,18,25,Local vs PRISM,116.91999847612689,108.68973527341271,108.68973527341271
HeadM209_DaysToHeading,Canal,18,26,Local vs PRISM,121.63428352624123,113.04687813055556,113.04687813055556
HeadM209_DaysToHeading,Canal,18,27,Local vs PRISM,126.34600558790292,117.3997352734127,117.3997352734127
HeadM209_DaysToHeading,Canal,18,28,Local vs PRISM,131.0147503703128,121.68544955912698,121.68544955912698
HeadM209_DaysToHeading,Canal,18,29,Local vs PRISM,135.65789667052638,125.95795674722221,125.95795674722221
HeadM209_DaysToHeading,Canal,18,30,Local vs PRISM,140.12096870323393,130.06509960436506,130.06509960436506
HeadM209_DaysToHeading,Canal,18,31,Local vs PRISM,144.07340778019844,133.66974246150792,133.66974246150792
HeadM209_DaysToHeading,Canal,18,32,Local vs PRISM,147.16194596137183,136.3548218265873,136.3548218265873
HeadM209_DaysToHeading,Canal,18,33,Local vs PRISM,149.08904474714387,137.6208757063492,137.6208757063492
HeadM209_DaysToHeading,Canal,18,34,Local vs PRISM,149.77400853373376,137.31492935753968,137.31492935753968
HeadM209_DaysToHeading,Canal,18,35,Local vs PRISM,148.61818698096596,135.04055875873016,135.04055875873016
HeadM209_DaysToHeading,Canal,18,36,Local vs PRISM,145.77247493791134,131.28130523055557,131.28130523055557
HeadM209_DaysToHeading,Canal,18,37,Local vs PRISM,142.89325110920095,127.99622515039681,127.99622515039681
HeadM209_DaysToHeading,Canal,18,38,Local vs PRISM,140.4655849343689,125.35882567182539,125.35882567182539
HeadM209_DaysToHeading,Canal,18,39,Local vs PRISM,138.71675852914314,123.58590951706347,123.58590951706347
HeadM209_DaysToHeading,Canal,18,40,Local vs PRISM,137.63755815298256,122.3816075686508,122.3816075686508
HeadM209_DaysToHeading,Canal,19,25,Local vs PRISM,78.09115278316509,73.89893958253967,73.89893958253967
HeadM209_DaysToHeading,Canal,19,26,Local vs PRISM,81.10183381819347,76.75608243968253,76.75608243968253
HeadM209_DaysToHeading,Canal,19,27,Local vs PRISM,84.11260078898384,79.61322529682539,79.61322529682539
HeadM209_DaysToHeading,Canal,19,28,Local vs PRISM,87.12344478636572,82.47036815396825,82.47036815396825
HeadM209_DaysToHeading,Canal,19,29,Local vs PRISM,90.13435809136118,85.3275110111111,85.3275110111111
HeadM209_DaysToHeading,Canal,19,30,Local vs PRISM,93.09923063572369,88.13251101111109,88.13251101111109
HeadM209_DaysToHeading,Canal,19,31,Local vs PRISM,95.88172798095123,90.71401894761902,90.71401894761902
HeadM209_DaysToHeading,Canal,19,32,Local vs PRISM,98.46794795581268,93.03421736031746,93.03421736031746
HeadM209_DaysToHeading,Canal,19,33,Local vs PRISM,100.17525580846082,94.48670135436507,94.48670135436507
HeadM209_DaysToHeading,Canal,19,34,Local vs PRISM,100.94383473787775,94.97897212619048,94.97897212619048
HeadM209_DaysToHeading,Canal,19,35,Local vs PRISM,100.23609152966085,93.98915385952381,93.98915385952381
HeadM209_DaysToHeading,Canal,19,36,Local vs PRISM,98.12769157791314,91.7512986186508,91.7512986186508
HeadM209_DaysToHeading,Canal,19,37,Local vs PRISM,95.76338188644712,89.31869982619048,89.31869982619048
HeadM209_DaysToHeading,Canal,19,38,Local vs PRISM,93.36537677326895,87.0983064547619,87.0983064547619
HeadM209_DaysToHeading,Canal,19,39,Local vs PRISM,91.85289022675146,85.70102275238095,85.70102275238095
HeadM209_DaysToHeading,Canal,19,40,Local vs PRISM,90.87320251781829,84.76229212539683,84.76229212539683
HeadM209_DaysToHeading,Canal,20,25,Local vs PRISM,63.4818764996827,56.4546374,56.4546374
HeadM209_DaysToHeading,Canal,20,26,Local vs PRISM,65.88673399434518,58.59749454285714,58.59749454285714
HeadM209_DaysToHeading,Canal,20,27,Local vs PRISM,68.29162626218286,60.74035168571428,60.74035168571428
HeadM209_DaysToHeading,Canal,20,28,Local vs PRISM,70.69654975454712,62.883208828571426,62.883208828571426
HeadM209_DaysToHeading,Canal,20,29,Local vs PRISM,73.10150138972575,65.02606597142857,65.02606597142857
HeadM209_DaysToHeading,Canal,20,30,Local vs PRISM,75.49429802246718,67.1539231142857,67.1539231142857
HeadM209_DaysToHeading,Canal,20,31,Local vs PRISM,77.81461427311994,69.19285168571429,69.19285168571429
HeadM209_DaysToHeading,Canal,20,32,Local vs PRISM,80.09863226981187,71.187058034920625,71.187058034920625
HeadM209_DaysToHeading,Canal,20,33,Local vs PRISM,82.1452630475506,72.93908184444444,72.93908184444444
HeadM209_DaysToHeading,Canal,20,34,Local vs PRISM,83.39332183898118,73.95467708253967,73.95467708253967
HeadM209_DaysToHeading,Canal,20,35,Local vs PRISM,83.73867909627295,74.0681841734127,74.0681841734127
HeadM209_DaysToHeading,Canal,20,36,Local vs PRISM,83.14210309813407,73.18087470833333,73.18087470833333
HeadM209_DaysToHeading,Canal,20,37,Local vs PRISM,82.09839139870412,71.90618316269841,71.90618316269841
HeadM209_DaysToHeading,Canal,20,38,Local vs PRISM,80.8900308885719,70.4896460063492,70.4896460063492
HeadM209_DaysToHeading,Canal,20,39,Local vs PRISM,80.16101505289383,69.47741848253969,69.47741848253969
HeadM209_DaysToHeading,Canal,20,40,Local vs PRISM,79.69225471652726,68.66105856190475,68.66105856190475
HeadM209_DaysToHeading,DelRio,10,25,Local vs PRISM,198.41518443989023,-170.46616987569445,171.01525231458334
HeadM209_DaysToHeading,DelRio,10,26,Local vs PRISM,207.89381713783382,-179.85305123472222,179.85305123472222
HeadM209_DaysToHeading,DelRio,10,27,Local vs PRISM,216.62885284700127,-189.30647096111107,189.30647096111107
HeadM209_DaysToHeading,DelRio,10,28,Local vs PRISM,224.7157446646748,-198.87975294861113,198.87975294861113
HeadM209_DaysToHeading,DelRio,10,29,Local vs PRISM,232.6901077709364,-208.58509883541666,208.58509883541666
HeadM209_DaysToHeading,DelRio,10,30,Local vs PRISM,240.7551704585061,-218.78245433263893,218.78245433263893
HeadM209_DaysToHeading,DelRio,10,31,Local vs PRISM,248.2193062357241,-228.6892033006945,228.6892033006945
HeadM209_DaysToHeading,DelRio,10,32,Local vs PRISM,255.46812958220374,-237.7434647243056,237.7434647243056
HeadM209_DaysToHeading,DelRio,10,33,Local vs PRISM,261.602590352728,-245.2891776027778,245.2891776027778
HeadM209_DaysToHeading,DelRio,10,34,Local vs PRISM,265.36132946949147,-250.3233822555556,250.3233822555556
HeadM209_DaysToHeading,DelRio,10,35,Local vs PRISM,268.68774590254264,-254.94354275347223,254.94354275347223
HeadM209_DaysToHeading,DelRio,10,36,Local vs PRISM,270.91366136858676,-258.3109782291667,258.3109782291667
HeadM209_DaysToHeading,DelRio,10,37,Local vs PRISM,272.64347972535285,-260.7603486222223,260.7603486222223
HeadM209_DaysToHeading,DelRio,10,38,Local vs PRISM,273.50660605103496,-262.0456236576389,262.0456236576389
HeadM209_DaysToHeading,DelRio,10,39,Local vs PRISM,273.60596339283865,-262.30699210208337,262.30699210208337
HeadM209_DaysToHeading,DelRio,10,40,Local vs PRISM,273.2917543200138,-262.0423769979168,262.0423769979168
HeadM209_DaysToHeading,DelRio,11,25,Local vs PRISM,221.41875305191786,-164.9524223604167,197.27119914375
HeadM209_DaysToHeading,DelRio,11,26,Local vs PRISM,232.12931907369986,-174.3755320048611,205.87514200763889
HeadM209_DaysToHeading,DelRio,11,27,Local vs PRISM,242.35932063572758,-184.77748682847226,213.40418005069444
HeadM209_DaysToHeading,DelRio,11,28,Local vs PRISM,251.87661799908147,-195.58534827083332,219.6976248875
HeadM209_DaysToHeading,DelRio,11,29,Local vs PRISM,261.0223076903276,-206.48544446666668,225.32463778333332
HeadM209_DaysToHeading,DelRio,11,30,Local vs PRISM,270.2198698060675,-218.34315004861108,230.48309322083335
HeadM209_DaysToHeading,DelRio,11,31,Local vs PRISM,279.1211317229697,-230.34424514236116,234.52810536597224
HeadM209_DaysToHeading,DelRio,11,32,Local vs PRISM,287.74601977767685,-241.64156212152784,241.64156212152784
HeadM209_DaysToHeading,DelRio,11,33,Local vs PRISM,294.52384127883823,-250.70005142777777,250.70005142777777
HeadM209_DaysToHeading,DelRio,11,34,Local vs PRISM,298.87417260201227,-256.9981449694444,256.9981449694444
HeadM209_DaysToHeading,DelRio,11,35,Local vs PRISM,302.4820434054403,-262.6530276895834,262.6530276895834
HeadM209_DaysToHeading,DelRio,11,36,Local vs PRISM,304.72352704191485,-266.70796316527776,266.70796316527776
HeadM209_DaysToHeading,DelRio,11,37,Local vs PRISM,306.1996725994853,-269.42122244722225,269.42122244722225
HeadM209_DaysToHeading,DelRio,11,38,Local vs PRISM,306.95939527341517,-270.95649748263895,270.95649748263895
HeadM209_DaysToHeading,DelRio,11,39,Local vs PRISM,307.17567400769036,-271.4678659270834,271.4678659270834
HeadM209_DaysToHeading,DelRio,11,40,Local vs PRISM,306.9729429656628,-271.37686193402783,271.37686193402783
HeadM209_DaysToHeading,DelRio,12,25,Local vs PRISM,217.07428134425024,-168.30359712361113,196.05287338472223
HeadM209_DaysToHeading,DelRio,12,26,Local vs PRISM,228.10157088894496,-178.4151693402778,204.87277882083336
HeadM209_DaysToHeading,DelRio,12,27,Local vs PRISM,238.70861352372526,-189.22567566180555,212.65692382569443
HeadM209_DaysToHeading,DelRio,12,28,Local vs PRISM,248.8611112064937,-200.70394028055554,219.28996619166665
HeadM209_DaysToHeading,DelRio,12,29,Local vs PRISM,258.9569826880415,-212.53774919722224,225.51744176250003
HeadM209_DaysToHeading,DelRio,12,30,Local vs PRISM,269.4323482091728,-225.42345370763888,231.44089600208332
HeadM209_DaysToHeading,DelRio,12,31,Local vs PRISM,280.04409112009307,-238.90442402222217,238.90442402222217
HeadM209_DaysToHeading,DelRio,12,32,Local vs PRISM,290.14398921221493,-251.6338995888889,251.6338995888889
HeadM209_DaysToHeading,DelRio,12,33,Local vs PRISM,298.8061129433017,-262.4147503875,262.4147503875
HeadM209_DaysToHeading,DelRio,12,34,Local vs PRISM,304.5489721154512,-270.05458315972226,270.05458315972226
HeadM209_DaysToHeading,DelRio,12,35,Local vs PRISM,309.33878040046864,-276.99401458680563,276.99401458680563
HeadM209_DaysToHeading,DelRio,12,36,Local vs PRISM,312.514823966745,-282.0017972847223,282.0017972847223
HeadM209_DaysToHeading,DelRio,12,37,Local vs PRISM,314.524115488901,-285.1535287888889,285.1535287888889
HeadM209_DaysToHeading,DelRio,12,38,Local vs PRISM,315.4591411713252,-286.86241493541667,286.86241493541667
HeadM209_DaysToHeading,DelRio,12,39,Local vs PRISM,315.70558000773036,-287.38468615763884,287.38468615763884
HeadM209_DaysToHeading,DelRio,12,40,Local vs PRISM,315.5334259101694,-287.29368216458334,287.29368216458334
HeadM209_DaysToHeading,DelRio,13,25,Local vs PRISM,220.5519329466786,-149.98036957430557,213.48281263958333
HeadM209_DaysToHeading,DelRio,13,26,Local vs PRISM,231.1758372353419,-158.50297108819444,223.31430292847222
HeadM209_DaysToHeading,DelRio,13,27,Local vs PRISM,241.20492106424112,-167.6699400888889,232.20988304027782
HeadM209_DaysToHeading,DelRio,13,28,Local vs PRISM,250.6386206651739,-177.52882022916663,240.12826315
HeadM209_DaysToHeading,DelRio,13,29,Local vs PRISM,260.3227266470574,-187.99431708333333,248.0547045583333
HeadM209_DaysToHeading,DelRio,13,30,Local vs PRISM,270.06804573037294,-199.44488558611113,255.5190230611111
HeadM209_DaysToHeading,DelRio,13,31,Local vs PRISM,279.82822451029455,-211.96768453472222,262.2256833458333
HeadM209_DaysToHeading,DelRio,13,32,Local vs PRISM,289.57364168642886,-224.53746166805553,268.6914049402778
HeadM209_DaysToHeading,DelRio,13,33,Local vs PRISM,298.1247643340091,-235.44042320555553,274.1935057638889
HeadM209_DaysToHeading,DelRio,13,34,Local vs PRISM,303.78485058472785,-243.37647093125,277.1479979479167
HeadM209_DaysToHeading,DelRio,13,35,Local vs PRISM,307.94178817485795,-250.1937776868056,278.54752780347224
HeadM209_DaysToHeading,DelRio,13,36,Local vs PRISM,310.58585674850116,-255.27374383472224,278.7958553513889
HeadM209_DaysToHeading,DelRio,13,37,Local vs PRISM,312.4095012508886,-258.66728110416665,279.01241904027773
HeadM209_DaysToHeading,DelRio,13,38,Local vs PRISM,313.31836978335497,-260.59702963958335,278.93866758958336
HeadM209_DaysToHeading,DelRio,13,39,Local vs PRISM,313.740442369884,-261.3415230840278,278.9994114923611
HeadM209_DaysToHeading,DelRio,13,40,Local vs PRISM,313.74737615252724,-261.37551909097226,279.02490740208333
HeadM209_DaysToHeading,DelRio,14,25,Local vs PRISM,186.25352442308443,-105.10756915277778,182.56173562083333
HeadM209_DaysToHeading,DelRio,14,26,Local vs PRISM,194.96080788481078,-110.1860372388889,191.0558981513889
HeadM209_DaysToHeading,DelRio,14,27,Local vs PRISM,203.62273062194936,-115.38197318819446,199.48086187847224
HeadM209_DaysToHeading,DelRio,14,28,Local vs PRISM,211.92175531768393,-120.9032577576389,207.54520200347224
HeadM209_DaysToHeading,DelRio,14,29,Local vs PRISM,220.27974503359766,-127.02561329722221,215.53783532083332
HeadM209_DaysToHeading,DelRio,14,30,Local vs PRISM,228.71137240805436,-134.00122395833333,223.52219598194446
HeadM209_DaysToHeading,DelRio,14,31,Local vs PRISM,237.30804713620572,-142.02042609652776,231.38500923125
HeadM209_DaysToHeading,DelRio,14,32,Local vs PRISM,245.21128164147885,-150.02629114374997,238.63981876875
HeadM209_DaysToHeading,DelRio,14,33,Local vs PRISM,252.2404949006935,-157.33343328541667,245.00196197847222
HeadM209_DaysToHeading,DelRio,14,34,Local vs PRISM,257.3321875336438,-163.2783633215278,249.35608640486112
HeadM209_DaysToHeading,DelRio,14,35,Local vs PRISM,261.3142646547351,-168.97601568680554,252.42696128263887
HeadM209_DaysToHeading,DelRio,14,36,Local vs PRISM,264.276893317896,-174.0473488569445,254.39765580000005
HeadM209_DaysToHeading,DelRio,14,37,Local vs PRISM,266.5493300481209,-178.06813536736115,255.78521949236114
HeadM209_DaysToHeading,DelRio,14,38,Local vs PRISM,267.6522571390691,-180.61968782222223,256.3332719611111
HeadM209_DaysToHeading,DelRio,14,39,Local vs PRISM,268.1878871876814,-181.65584793333332,256.68568253055554
HeadM209_DaysToHeading,DelRio,14,40,Local vs PRISM,268.3248702013051,-181.81484394027777,256.83617844027776
HeadM209_DaysToHeading,DelRio,15,25,Local vs PRISM,129.79522293945965,-60.92597767986112,129.1449226076389
HeadM209_DaysToHeading,DelRio,15,26,Local vs PRISM,135.4473208730281,-63.554515210416675,134.78346013819444
HeadM209_DaysToHeading,DelRio,15,27,Local vs PRISM,141.08488240852586,-66.17951521041668,140.40846013819447
HeadM209_DaysToHeading,DelRio,15,28,Local vs PRISM,146.8323364829356,-68.93066089097223,146.15960581875
HeadM209_DaysToHeading,DelRio,15,29,Local vs PRISM,152.60516600154946,-71.95801643055555,151.92779469166666
HeadM209_DaysToHeading,DelRio,15,30,Local vs PRISM,158.3201209648965,-75.41793264722222,157.66396090833334
HeadM209_DaysToHeading,DelRio,15,31,Local vs PRISM,163.8453395549281,-79.42964340972223,163.2149772263889
HeadM209_DaysToHeading,DelRio,15,32,Local vs PRISM,169.275113341656,-83.75948305000001,168.65828908888892
HeadM209_DaysToHeading,DelRio,15,33,Local vs PRISM,174.37790620425008,-88.1494729701389,173.7532790090278
HeadM209_DaysToHeading,DelRio,15,34,Local vs PRISM,178.70621829052257,-92.3508009673611,178.04127367291667
HeadM209_DaysToHeading,DelRio,15,35,Local vs PRISM,182.60025520184772,-96.78161528194445,181.83814380277778
HeadM209_DaysToHeading,DelRio,15,36,Local vs PRISM,185.68607370446296,-100.85696151249999,184.77335114444443
HeadM209_DaysToHeading,DelRio,15,37,Local vs PRISM,188.32292509532243,-104.55916944930559,187.22555908125003
HeadM209_DaysToHeading,DelRio,15,38,Local vs PRISM,189.9324751857577,-107.16272592361112,188.71011607361112
HeadM209_DaysToHeading,DelRio,15,39,Local vs PRISM,190.8602458619784,-108.4103860277778,189.60102665000002
HeadM209_DaysToHeading,DelRio,15,40,Local vs PRISM,191.19683540872495,-108.75957643055557,189.9502170527778
HeadM209_DaysToHeading,DelRio,16,25,Local vs PRISM,79.62600956176405,-50.56180875416668,77.73558695416668
HeadM209_DaysToHeading,DelRio,16,26,Local vs PRISM,82.9797395131016,-52.80680875416668,80.99058695416667
HeadM209_DaysToHeading,DelRio,16,27,Local vs PRISM,86.33035019638372,-55.05680875416668,84.24058695416667
HeadM209_DaysToHeading,DelRio,16,28,Local vs PRISM,89.68122189398574,-57.30680875416668,87.49058695416667
HeadM209_DaysToHeading,DelRio,16,29,Local vs PRISM,93.20432456687266,-59.70264208750001,90.88642028750002
HeadM209_DaysToHeading,DelRio,16,30,Local vs PRISM,96.82853980931048,-62.22266956388889,94.3726977638889
HeadM209_DaysToHeading,DelRio,16,31,Local vs PRISM,100.39136377266637,-64.98461400833334,97.77741998611111
HeadM209_DaysToHeading,DelRio,16,32,Local vs PRISM,103.84716789934097,-67.77395140486112,101.06675738263888
HeadM209_DaysToHeading,DelRio,16,33,Local vs PRISM,107.24784657187152,-70.54645140486112,104.29425738263889
HeadM209_DaysToHeading,DelRio,16,34,Local vs PRISM,110.54763351538757,-73.64670524097222,107.29867788541667
HeadM209_DaysToHeading,DelRio,16,35,Local vs PRISM,113.86172759862917,-77.05608244513888,110.20805508958333
HeadM209_DaysToHeading,DelRio,16,36,Local vs PRISM,116.7388818054495,-80.37529170486113,112.57837546041668
HeadM209_DaysToHeading,DelRio,16,37,Local vs PRISM,119.23213391427782,-83.38435452500002,114.58743828055557
HeadM209_DaysToHeading,DelRio,16,38,Local vs PRISM,120.90598837922485,-85.52407433263889,115.85815860625002
HeadM209_DaysToHeading,DelRio,16,39,Local vs PRISM,122.02419989516204,-86.75235958958334,116.76844402986112
HeadM209_DaysToHeading,DelRio,16,40,Local vs PRISM,122.48031270234603,-87.20601308958332,117.2220975298611
HeadM209_DaysToHeading,DelRio,17,25,Local vs PRISM,81.72825791753702,-58.436124855555555,75.34237485555555
HeadM209_DaysToHeading,DelRio,17,26,Local vs PRISM,85.24558100512557,-60.936124855555555,78.59237485555555
HeadM209_DaysToHeading,DelRio,17,27,Local vs PRISM,88.76294282845402,-63.436124855555555,81.84237485555555
HeadM209_DaysToHeading,DelRio,17,28,Local vs PRISM,92.28033895816253,-65.93612485555556,85.09237485555556
HeadM209_DaysToHeading,DelRio,17,29,Local vs PRISM,95.79776561538031,-68.43612485555556,88.34237485555556
HeadM209_DaysToHeading,DelRio,17,30,Local vs PRISM,99.26664706441703,-70.90166216527777,91.55791216527777
HeadM209_DaysToHeading,DelRio,17,31,Local vs PRISM,102.60807737651692,-73.27666216527777,94.68291216527777
HeadM209_DaysToHeading,DelRio,17,32,Local vs PRISM,105.9497185763088,-75.65166216527777,97.80791216527777
HeadM209_DaysToHeading,DelRio,17,33,Local vs PRISM,109.2915513198197,-78.02666216527777,100.93291216527777
HeadM209_DaysToHeading,DelRio,17,34,Local vs PRISM,112.54231381667226,-80.45073544583333,103.93295766805555
HeadM209_DaysToHeading,DelRio,17,35,Local vs PRISM,115.7612426503463,-83.0821226798611,106.81434490208333
HeadM209_DaysToHeading,DelRio,17,36,Local vs PRISM,118.58888666433728,-85.56668224305555,109.32446002083333
HeadM209_DaysToHeading,DelRio,17,37,Local vs PRISM,120.77051886063103,-87.56950654930556,111.32728432708333
HeadM209_DaysToHeading,DelRio,17,38,Local vs PRISM,122.11113776519255,-88.84167693402779,112.59945471180555
HeadM209_DaysToHeading,DelRio,17,39,Local vs PRISM,123.12529861995196,-89.83092515625,113.5887029340278
HeadM209_DaysToHeading,DelRio,17,40,Local vs PRISM,123.61131397050309,-90.36791198958335,114.12568976736112
HeadM209_DaysToHeading,DelRio,18,25,Local vs PRISM,52.64790864442877,-41.60273647361112,41.60273647361112
HeadM209_DaysToHeading,DelRio,18,26,Local vs PRISM,54.855770805720674,-43.35273647361112,43.35273647361112
HeadM209_DaysToHeading,DelRio,18,27,Local vs PRISM,57.06363900722942,-45.10273647361111,45.10273647361111
HeadM209_DaysToHeading,DelRio,18,28,Local vs PRISM,59.271512573959455,-46.85273647361111,46.85273647361111
HeadM209_DaysToHeading,DelRio,18,29,Local vs PRISM,61.47939092787658,-48.60273647361111,48.60273647361111
HeadM209_DaysToHeading,DelRio,18,30,Local vs PRISM,63.68727357110141,-50.35273647361111,50.35273647361111
HeadM209_DaysToHeading,DelRio,18,31,Local vs PRISM,65.89516007248143,-52.10273647361111,52.10273647361111
HeadM209_DaysToHeading,DelRio,18,32,Local vs PRISM,68.10305005677492,-53.85273647361111,53.85273647361111
HeadM209_DaysToHeading,DelRio,18,33,Local vs PRISM,70.31094319587264,-55.60273647361111,55.60273647361111
HeadM209_DaysToHeading,DelRio,18,34,Local vs PRISM,72.43722376075226,-57.28007364305556,57.28007364305556
HeadM209_DaysToHeading,DelRio,18,35,Local vs PRISM,74.39111643939688,-58.80288600972223,58.80288600972223
HeadM209_DaysToHeading,DelRio,18,36,Local vs PRISM,76.23868379626512,-60.22789859791668,60.22789859791668
HeadM209_DaysToHeading,DelRio,18,37,Local vs PRISM,77.62638874688963,-61.28426074930556,61.28426074930556
HeadM209_DaysToHeading,DelRio,18,38,Local vs PRISM,78.75436329700447,-62.15926074930556,62.15926074930556
HeadM209_DaysToHeading,DelRio,18,39,Local vs PRISM,79.67355327207167,-62.90223550625001,62.90223550625001
HeadM209_DaysToHeading,DelRio,18,40,Local vs PRISM,80.0696028464806,-63.30341005486112,63.30341005486112
HeadM209_DaysToHeading,DelRio,19,25,Local vs PRISM,19.488741795005517,-12.273987293749999,12.273987293749999
HeadM209_DaysToHeading,DelRio,19,26,Local vs PRISM,20.279284839537347,-12.773987293749999,12.773987293749999
HeadM209_DaysToHeading,DelRio,19,27,Local vs PRISM,21.069829862952947,-13.273987293749999,13.273987293749999
HeadM209_DaysToHeading,DelRio,19,28,Local vs PRISM,21.86037665056296,-13.773987293749999,13.773987293749999
HeadM209_DaysToHeading,DelRio,19,29,Local vs PRISM,22.650925017649335,-14.273987293749999,14.273987293749999
HeadM209_DaysToHeading,DelRio,19,30,Local vs PRISM,23.44147480441167,-14.773987293749999,14.773987293749999
HeadM209_DaysToHeading,DelRio,19,31,Local vs PRISM,24.232025871902692,-15.273987293749999,15.273987293749999
HeadM209_DaysToHeading,DelRio,19,32,Local vs PRISM,25.022578098734268,-15.773987293749999,15.773987293749999
HeadM209_DaysToHeading,DelRio,19,33,Local vs PRISM,25.813131378388604,-16.273987293749997,16.273987293749997
HeadM209_DaysToHeading,DelRio,19,34,Local vs PRISM,26.558931222313028,-16.701324463194446,16.701324463194446
HeadM209_DaysToHeading,DelRio,19,35,Local vs PRISM,27.274041724815383,-17.076324463194446,17.076324463194446
HeadM209_DaysToHeading,DelRio,19,36,Local vs PRISM,27.99097848133193,-17.451324463194446,17.451324463194446
HeadM209_DaysToHeading,DelRio,19,37,Local vs PRISM,28.521910988147834,-17.728461742361112,17.728461742361112
HeadM209_DaysToHeading,DelRio,19,38,Local vs PRISM,29.001603930319195,-17.978461742361112,17.978461742361112
HeadM209_DaysToHeading,DelRio,19,39,Local vs PRISM,29.242714298120127,-18.10398673541667,18.10398673541667
HeadM209_DaysToHeading,DelRio,19,40,Local vs PRISM,29.242714298120127,-18.10398673541667,18.10398673541667
HeadM209_DaysToHeading,DelRio,20,25,Local vs PRISM,6.273274898611113,-3.1366374493055567,3.1366374493055567
HeadM209_DaysToHeading,DelRio,20,26,Local vs PRISM,6.523274898611113,-3.2616374493055567,3.2616374493055567
HeadM209_DaysToHeading,DelRio,20,27,Local vs PRISM,6.773274898611113,-3.3866374493055567,3.3866374493055567
HeadM209_DaysToHeading,DelRio,20,28,Local vs PRISM,7.023274898611113,-3.5116374493055567,3.5116374493055567
HeadM209_DaysToHeading,DelRio,20,29,Local vs PRISM,7.273274898611113,-3.6366374493055567,3.6366374493055567
HeadM209_DaysToHeading,DelRio,20,30,Local vs PRISM,7.523274898611113,-3.7616374493055567,3.7616374493055567
HeadM209_DaysToHeading,DelRio,20,31,Local vs PRISM,7.773274898611113,-3.8866374493055567,3.8866374493055567
HeadM209_DaysToHeading,DelRio,20,32,Local vs PRISM,8.023274898611113,-4.011637449305557,4.011637449305557
HeadM209_DaysToHeading,DelRio,20,33,Local vs PRISM,8.273274898611113,-4.136637449305557,4.136637449305557
HeadM209_DaysToHeading,DelRio,20,34,Local vs PRISM,8.523274898611113,-4.261637449305557,4.261637449305557
HeadM209_DaysToHeading,DelRio,20,35,Local vs PRISM,8.773274898611113,-4.386637449305557,4.386637449305557
HeadM209_DaysToHeading,DelRio,20,36,Local vs PRISM,9.023274898611113,-4.511637449305557,4.511637449305557
HeadM209_DaysToHeading,DelRio,20,37,Local vs PRISM,9.077549456944446,-4.538774728472223,4.538774728472223
HeadM209_DaysToHeading,DelRio,20,38,Local vs PRISM,9.077549456944446,-4.538774728472223,4.538774728472223
HeadM209_DaysToHeading,DelRio,20,39,Local vs PRISM,9.077549456944446,-4.538774728472223,4.538774728472223
HeadM209_DaysToHeading,DelRio,20,40,Local vs PRISM,9.077549456944446,-4.538774728472223,4.538774728472223
HeadM209_DaysToHeading,ErdmanGallagher,10,25,Local vs PRISM,54.115895270590734,45.51097662812498,45.51097662812498
HeadM209_DaysToHeading,ErdmanGallagher,10,26,Local vs PRISM,55.26368015884172,46.09145345659721,46.09145345659721
HeadM209_DaysToHeading,ErdmanGallagher,10,27,Local vs PRISM,56.76803729041595,46.85096081388886,46.85096081388886
HeadM209_DaysToHeading,ErdmanGallagher,10,28,Local vs PRISM,57.65252255987902,47.12256040000004,47.12256040000004
HeadM209_DaysToHeading,ErdmanGallagher,10,29,Local vs PRISM,57.26137173076678,45.777241882986104,47.10911712256943
HeadM209_DaysToHeading,ErdmanGallagher,10,30,Local vs PRISM,55.868681374187396,42.88781662743058,46.310191851041665
HeadM209_DaysToHeading,ErdmanGallagher,10,31,Local vs PRISM,54.45122402310459,39.392483802777775,45.13662291944442
HeadM209_DaysToHeading,ErdmanGallagher,10,32,Local vs PRISM,51.98760515406498,33.35104644618053,42.06582445312495
HeadM209_DaysToHeading,ErdmanGallagher,10,33,Local vs PRISM,50.01861677635082,24.72952767395836,38.16537502604169
HeadM209_DaysToHeading,ErdmanGallagher,10,34,Local vs PRISM,49.00616602901644,14.595007715277802,37.180271315277764
HeadM209_DaysToHeading,ErdmanGallagher,10,35,Local vs PRISM,51.203892334696896,4.696366345138841,43.93376818611105
HeadM209_DaysToHeading,ErdmanGallagher,10,36,Local vs PRISM,54.602812344014524,-4.287778284027695,49.53638905347219
HeadM209_DaysToHeading,ErdmanGallagher,10,37,Local vs PRISM,57.83575456804479,-11.561795629513824,53.20870558645828
HeadM209_DaysToHeading,ErdmanGallagher,10,38,Local vs PRISM,60.19811996806322,-16.494478996180533,55.446647491319425
HeadM209_DaysToHeading,ErdmanGallagher,10,39,Local vs PRISM,61.32616310858392,-19.425255714930557,56.398507862847254
HeadM209_DaysToHeading,ErdmanGallagher,10,40,Local vs PRISM,61.6780321654141,-20.818099805208305,56.627788918402814
HeadM209_DaysToHeading,ErdmanGallagher,11,25,Local vs PRISM,78.59724727078438,62.59066611145833,62.59066611145833
HeadM209_DaysToHeading,ErdmanGallagher,11,26,Local vs PRISM,81.02803308517952,63.94666851249997,63.94666851249997
HeadM209_DaysToHeading,ErdmanGallagher,11,27,Local vs PRISM,83.63766887852249,65.31088819895831,65.31088819895831
HeadM209_DaysToHeading,ErdmanGallagher,11,28,Local vs PRISM,85.50747806824847,66.13048634618056,66.40651428993056
HeadM209_DaysToHeading,ErdmanGallagher,11,29,Local vs PRISM,85.8749402489622,65.2208254166667,66.84485330486116
HeadM209_DaysToHeading,ErdmanGallagher,11,30,Local vs PRISM,84.93935859708951,62.60364389930551,66.31817177152773
HeadM209_DaysToHeading,ErdmanGallagher,11,31,Local vs PRISM,83.54281624160868,59.20074846111109,65.23704022638887
HeadM209_DaysToHeading,ErdmanGallagher,11,32,Local vs PRISM,80.51327832120893,53.19308607638895,62.2000167319445
HeadM209_DaysToHeading,ErdmanGallagher,11,33,Local vs PRISM,76.88904601292911,44.5238986086806,56.49180112395838
HeadM209_DaysToHeading,ErdmanGallagher,11,34,Local vs PRISM,73.46282835027688,34.32687865000004,51.596835931944455
HeadM209_DaysToHeading,ErdmanGallagher,11,35,Local vs PRISM,72.15091816663072,24.367681724305555,49.98433449722222
HeadM209_DaysToHeading,ErdmanGallagher,11,36,Local vs PRISM,71.97044645051338,15.383537095138934,53.67559387430555
HeadM209_DaysToHeading,ErdmanGallagher,11,37,Local vs PRISM,72.21517937884407,8.109519749652804,57.347910407291636
HeadM209_DaysToHeading,ErdmanGallagher,11,38,Local vs PRISM,72.6333802167188,3.176836382986153,59.585852312152724
HeadM209_DaysToHeading,ErdmanGallagher,11,39,Local vs PRISM,72.64282301808889,0.24605966423612813,60.537712683680496
HeadM209_DaysToHeading,ErdmanGallagher,11,40,Local vs PRISM,72.3765963001087,-1.14678442604162,60.76699373923611
HeadM209_DaysToHeading,ErdmanGallagher,12,25,Local vs PRISM,125.7193675046798,91.17136693402777,94.20547828680553
HeadM209_DaysToHeading,ErdmanGallagher,12,26,Local vs PRISM,130.89669806756726,94.096126065625,97.60333456076388
HeadM209_DaysToHeading,ErdmanGallagher,12,27,Local vs PRISM,135.64132041712895,96.71778936145834,100.71810895659722
HeadM209_DaysToHeading,ErdmanGallagher,12,28,Local vs PRISM,139.5451473940015,98.79397488541665,103.31803070416663
HeadM209_DaysToHeading,ErdmanGallagher,12,29,Local vs PRISM,141.8601256748646,99.12250125451392,104.91268201770835
HeadM209_DaysToHeading,ErdmanGallagher,12,30,Local vs PRISM,142.19474320990295,97.22315688541667,105.07171263611113
HeadM209_DaysToHeading,ErdmanGallagher,12,31,Local vs PRISM,141.74122867803177,94.34593614826392,104.51625579201394
HeadM209_DaysToHeading,ErdmanGallagher,12,32,Local vs PRISM,139.3255217238263,88.61659795937497,101.75755649340276
HeadM209_DaysToHeading,ErdmanGallagher,12,33,Local vs PRISM,135.89050752595546,80.22192868819448,96.3238590819445
HeadM209_DaysToHeading,ErdmanGallagher,12,34,Local vs PRISM,131.8339877501742,70.1071397743056,91.8656387847223
HeadM209_DaysToHeading,ErdmanGallagher,12,35,Local vs PRISM,128.77600392482893,60.06461150208341,89.1930140784722
HeadM209_DaysToHeading,ErdmanGallagher,12,36,Local vs PRISM,126.41664507978342,51.00998076180554,87.54796879027776
HeadM209_DaysToHeading,ErdmanGallagher,12,37,Local vs PRISM,124.65326931797658,43.72998209513891,86.6088043909722
HeadM209_DaysToHeading,ErdmanGallagher,12,38,Local vs PRISM,123.59814224259763,38.797298728472256,86.60507936249998
HeadM209_DaysToHeading,ErdmanGallagher,12,39,Local vs PRISM,122.74771732696094,35.86652200972222,86.83992626180557
HeadM209_DaysToHeading,ErdmanGallagher,12,40,Local vs PRISM,122.08788949822619,34.47367791944444,86.96508229652781
HeadM209_DaysToHeading,ErdmanGallagher,13,25,Local vs PRISM,128.52863791632862,108.9759500940972,108.9759500940972
HeadM209_DaysToHeading,ErdmanGallagher,13,26,Local vs PRISM,133.7540101894395,113.07514038784721,113.07514038784721
HeadM209_DaysToHeading,ErdmanGallagher,13,27,Local vs PRISM,138.72389081343843,116.99305087430555,116.99305087430555
HeadM209_DaysToHeading,ErdmanGallagher,13,28,Local vs PRISM,143.27918110693312,120.45650224131944,120.45650224131944
HeadM209_DaysToHeading,ErdmanGallagher,13,29,Local vs PRISM,146.51057314443926,122.3008423621528,122.3008423621528
HeadM209_DaysToHeading,ErdmanGallagher,13,30,Local vs PRISM,147.6738093538983,121.91435397118056,121.91435397118056
HeadM209_DaysToHeading,ErdmanGallagher,13,31,Local vs PRISM,147.46920807563833,119.99928710902779,121.62841264791669
HeadM209_DaysToHeading,ErdmanGallagher,13,32,Local vs PRISM,144.79298738615063,115.04692707812498,119.52169150729165
HeadM209_DaysToHeading,ErdmanGallagher,13,33,Local vs PRISM,139.71716094989003,106.83227021388892,114.26847884722226
HeadM209_DaysToHeading,ErdmanGallagher,13,34,Local vs PRISM,133.47630006167645,96.84279915243059,106.91045216145838
HeadM209_DaysToHeading,ErdmanGallagher,13,35,Local vs PRISM,127.83115204525963,86.85466462951389,99.9245118121528
HeadM209_DaysToHeading,ErdmanGallagher,13,36,Local vs PRISM,123.11031021112287,77.80241594618057,93.87718029965278
HeadM209_DaysToHeading,ErdmanGallagher,13,37,Local vs PRISM,119.60208057384095,70.54703533506941,89.44361992604166
HeadM209_DaysToHeading,ErdmanGallagher,13,38,Local vs PRISM,117.39587003457937,65.62606451944441,86.69769144583327
HeadM209_DaysToHeading,ErdmanGallagher,13,39,Local vs PRISM,115.95611483421834,62.695287800694416,85.91756726388886
HeadM209_DaysToHeading,ErdmanGallagher,13,40,Local vs PRISM,115.07501353035147,61.30244371041664,86.0427232986111
HeadM209_DaysToHeading,ErdmanGallagher,14,25,Local vs PRISM,154.1868962846633,120.8416142020833,126.86208692291665
HeadM209_DaysToHeading,ErdmanGallagher,14,26,Local vs PRISM,160.6983937417858,125.58496147881942,132.10543419965276
HeadM209_DaysToHeading,ErdmanGallagher,14,27,Local vs PRISM,166.96087862672775,130.12456640902778,137.14503912986112
HeadM209_DaysToHeading,ErdmanGallagher,14,28,Local vs PRISM,172.81024064344064,134.2519275392361,141.84066414895833
HeadM209_DaysToHeading,ErdmanGallagher,14,29,Local vs PRISM,178.03749794931656,137.47021921458332,145.9026363798611
HeadM209_DaysToHeading,ErdmanGallagher,14,30,Local vs PRISM,182.16711833586578,139.44912633055557,149.1581685666667
HeadM209_DaysToHeading,ErdmanGallagher,14,31,Local vs PRISM,185.16722711192443,139.98189188194445,151.48530911805554
HeadM209_DaysToHeading,ErdmanGallagher,14,32,Local vs PRISM,185.39445795718333,137.3400526465278,151.06846971041668
HeadM209_DaysToHeading,ErdmanGallagher,14,33,Local vs PRISM,183.21339726644214,131.00267236805556,147.09363103819445
HeadM209_DaysToHeading,ErdmanGallagher,14,34,Local vs PRISM,179.57292646643924,122.45146805486112,140.96352399305556
HeadM209_DaysToHeading,ErdmanGallagher,14,35,Local vs PRISM,175.83901350457893,113.39968027187501,134.81668039895834
HeadM209_DaysToHeading,ErdmanGallagher,14,36,Local vs PRISM,172.40490650922968,104.76379233368058,129.18570963159723
HeadM209_DaysToHeading,ErdmanGallagher,14,37,Local vs PRISM,169.4403106869188,97.67979145520835,124.92352899062502
HeadM209_DaysToHeading,ErdmanGallagher,14,38,Local vs PRISM,167.25070074284025,92.80882035381944,122.096058309375
HeadM209_DaysToHeading,ErdmanGallagher,14,39,Local vs PRISM,165.5768804654125,89.87768235034723,120.34154459756944
HeadM209_DaysToHeading,ErdmanGallagher,14,40,Local vs PRISM,164.4934961752718,88.48483826006944,119.35232599340276
HeadM209_DaysToHeading,ErdmanGallagher,15,25,Local vs PRISM,140.7352199484849,118.76282791006945,118.76282791006945
HeadM209_DaysToHeading,ErdmanGallagher,15,26,Local vs PRISM,146.5938422646103,123.60068907569445,123.60068907569445
HeadM209_DaysToHeading,ErdmanGallagher,15,27,Local vs PRISM,152.37731385361656,128.3539405048611,128.3539405048611
HeadM209_DaysToHeading,ErdmanGallagher,15,28,Local vs PRISM,157.94312497961835,132.94407939375,132.94407939375
HeadM209_DaysToHeading,ErdmanGallagher,15,29,Local vs PRISM,163.1074001004081,137.06699606041667,137.06699606041667
HeadM209_DaysToHeading,ErdmanGallagher,15,30,Local vs PRISM,167.7644800463326,140.67331563854165,140.67331563854165
HeadM209_DaysToHeading,ErdmanGallagher,15,31,Local vs PRISM,171.71540474415718,143.30517050138891,143.30517050138891
HeadM209_DaysToHeading,ErdmanGallagher,15,32,Local vs PRISM,173.25300169238062,143.295444909375,143.295444909375
HeadM209_DaysToHeading,ErdmanGallagher,15,33,Local vs PRISM,172.8225781403483,140.2458002045139,140.2458002045139
HeadM209_DaysToHeading,ErdmanGallagher,15,34,Local vs PRISM,170.4706053188473,134.32372867986112,134.32372867986112
HeadM209_DaysToHeading,ErdmanGallagher,15,35,Local vs PRISM,166.8155237084351,126.60569879722223,126.60569879722223
HeadM209_DaysToHeading,ErdmanGallagher,15,36,Local vs PRISM,162.72923708340116,118.65338595520835,119.2859284621528
HeadM209_DaysToHeading,ErdmanGallagher,15,37,Local vs PRISM,159.06227594520314,111.88218728020834,116.000451253125
HeadM209_DaysToHeading,ErdmanGallagher,15,38,Local vs PRISM,156.3302109188333,107.08498503298611,114.55762484062498
HeadM209_DaysToHeading,ErdmanGallagher,15,39,Local vs PRISM,154.39275300274585,104.17822199131946,113.23673587534721
HeadM209_DaysToHeading,ErdmanGallagher,15,40,Local vs PRISM,153.33833900938197,102.78537790104167,112.39451710451388
HeadM209_DaysToHeading,ErdmanGallagher,16,25,Local vs PRISM,112.6981097684056,104.34768771006944,104.34768771006944
HeadM209_DaysToHeading,ErdmanGallagher,16,26,Local vs PRISM,117.32862882272998,108.66018771006944,108.66018771006944
HeadM209_DaysToHeading,ErdmanGallagher,16,27,Local vs PRISM,121.89145671382587,112.91095159895832,112.91095159895832
HeadM209_DaysToHeading,ErdmanGallagher,16,28,Local vs PRISM,126.40459178611465,117.10664604340276,117.10664604340276
HeadM209_DaysToHeading,ErdmanGallagher,16,29,Local vs PRISM,130.66279769886876,121.0112293767361,121.0112293767361
HeadM209_DaysToHeading,ErdmanGallagher,16,30,Local vs PRISM,134.60138348821224,124.67002454791665,124.67002454791665
HeadM209_DaysToHeading,ErdmanGallagher,16,31,Local vs PRISM,137.8704388637362,127.67679051319443,127.67679051319443
HeadM209_DaysToHeading,ErdmanGallagher,16,32,Local vs PRISM,139.9307157208613,129.3730163548611,129.3730163548611
HeadM209_DaysToHeading,ErdmanGallagher,16,33,Local vs PRISM,140.68827325764434,129.6835699138889,129.6835699138889
HeadM209_DaysToHeading,ErdmanGallagher,16,34,Local vs PRISM,139.39135749005158,127.75856098645833,127.75856098645833
HeadM209_DaysToHeading,ErdmanGallagher,16,35,Local vs PRISM,136.28432563130232,123.76134606736112,123.76134606736112
HeadM209_DaysToHeading,ErdmanGallagher,16,36,Local vs PRISM,131.96406800396386,118.33113586180554,118.33113586180554
HeadM209_DaysToHeading,ErdmanGallagher,16,37,Local vs PRISM,128.00120749775058,113.13067614618055,113.13067614618055
HeadM209_DaysToHeading,ErdmanGallagher,16,38,Local vs PRISM,124.74266095811294,108.90403025590278,108.90403025590278
HeadM209_DaysToHeading,ErdmanGallagher,16,39,Local vs PRISM,122.41791227779574,106.15220482534723,106.15220482534723
HeadM209_DaysToHeading,ErdmanGallagher,16,40,Local vs PRISM,121.26777481748819,104.7633481621528,104.7633481621528
HeadM209_DaysToHeading,ErdmanGallagher,17,25,Local vs PRISM,88.4848630029189,81.57004793576388,81.57004793576388
HeadM209_DaysToHeading,ErdmanGallagher,17,26,Local vs PRISM,92.07121793561632,84.8825479357639,84.8825479357639
HeadM209_DaysToHeading,ErdmanGallagher,17,27,Local vs PRISM,95.65803606414983,88.1950479357639,88.1950479357639
HeadM209_DaysToHeading,ErdmanGallagher,17,28,Local vs PRISM,99.24526716752098,91.5075479357639,91.5075479357639
HeadM209_DaysToHeading,ErdmanGallagher,17,29,Local vs PRISM,102.76384030227004,94.73129793576388,94.73129793576388
HeadM209_DaysToHeading,ErdmanGallagher,17,30,Local vs PRISM,106.15309033497324,97.83379793576388,97.83379793576388
HeadM209_DaysToHeading,ErdmanGallagher,17,31,Local vs PRISM,109.31998116476917,100.68966599131946,100.68966599131946
HeadM209_DaysToHeading,ErdmanGallagher,17,32,Local vs PRISM,111.98522279631065,102.97269872395833,102.97269872395833
HeadM209_DaysToHeading,ErdmanGallagher,17,33,Local vs PRISM,114.28493379590189,104.75644381770834,104.75644381770834
HeadM209_DaysToHeading,ErdmanGallagher,17,34,Local vs PRISM,115.52791498349232,105.43097657013891,105.43097657013891
HeadM209_DaysToHeading,ErdmanGallagher,17,35,Local vs PRISM,115.2961546813749,104.45358571944446,104.45358571944446
HeadM209_DaysToHeading,ErdmanGallagher,17,36,Local vs PRISM,113.6373226868159,102.00923586840278,102.00923586840278
HeadM209_DaysToHeading,ErdmanGallagher,17,37,Local vs PRISM,111.35614969190651,98.91084335104165,98.91084335104165
HeadM209_DaysToHeading,ErdmanGallagher,17,38,Local vs PRISM,109.05780453644071,95.94887363715279,95.94887363715279
HeadM209_DaysToHeading,ErdmanGallagher,17,39,Local vs PRISM,107.11190220086182,93.6580102621528,93.6580102621528
HeadM209_DaysToHeading,ErdmanGallagher,17,40,Local vs PRISM,106.05396465166699,92.39884114409722,92.39884114409722
HeadM209_DaysToHeading,ErdmanGallagher,18,25,Local vs PRISM,66.39887399788142,51.08524211493056,56.938103419097224
HeadM209_DaysToHeading,ErdmanGallagher,18,26,Local vs PRISM,69.01962487445,53.08524211493055,59.18810341909722
HeadM209_DaysToHeading,ErdmanGallagher,18,27,Local vs PRISM,71.64046878289575,55.08524211493055,61.43810341909722
HeadM209_DaysToHeading,ErdmanGallagher,18,28,Local vs PRISM,74.261395873336,57.08524211493055,63.68810341909722
HeadM209_DaysToHeading,ErdmanGallagher,18,29,Local vs PRISM,76.85437490629188,59.02506850381945,65.8779298079861
HeadM209_DaysToHeading,ErdmanGallagher,18,30,Local vs PRISM,79.34277592719702,60.90006850381945,68.0029298079861
HeadM209_DaysToHeading,ErdmanGallagher,18,31,Local vs PRISM,81.78613996627803,62.724582392708335,70.077443696875
HeadM209_DaysToHeading,ErdmanGallagher,18,32,Local vs PRISM,84.14095573289624,64.28056651423611,72.09176115173611
HeadM209_DaysToHeading,ErdmanGallagher,18,33,Local vs PRISM,86.34746951048407,65.638830403125,73.950025040625
HeadM209_DaysToHeading,ErdmanGallagher,18,34,Local vs PRISM,88.12033236201646,66.38237206979167,75.40884448506944
HeadM209_DaysToHeading,ErdmanGallagher,18,35,Local vs PRISM,89.44518086196304,66.35914084965279,76.51597444479167
HeadM209_DaysToHeading,ErdmanGallagher,18,36,Local vs PRISM,89.70184515443964,65.44951329687501,76.79023578090278
HeadM209_DaysToHeading,ErdmanGallagher,18,37,Local vs PRISM,89.43083873056096,63.884184215625005,76.68830947743055
HeadM209_DaysToHeading,ErdmanGallagher,18,38,Local vs PRISM,88.62969325219589,61.980328300000004,76.06795329861112
HeadM209_DaysToHeading,ErdmanGallagher,18,39,Local vs PRISM,87.78285273477738,60.257157883333335,75.45128278472221
HeadM209_DaysToHeading,ErdmanGallagher,18,40,Local vs PRISM,87.34054379931014,59.137694657638896,75.21294453125
HeadM209_DaysToHeading,ErdmanGallagher,19,25,Local vs PRISM,60.21052004738982,46.58674747777778,49.58456727083333
HeadM209_DaysToHeading,ErdmanGallagher,19,26,Local vs PRISM,62.56166513469525,48.39924747777778,51.52206727083333
HeadM209_DaysToHeading,ErdmanGallagher,19,27,Local vs PRISM,64.91286208814363,50.21174747777778,53.45956727083333
HeadM209_DaysToHeading,ErdmanGallagher,19,28,Local vs PRISM,67.26410546883803,52.02424747777778,55.39706727083333
HeadM209_DaysToHeading,ErdmanGallagher,19,29,Local vs PRISM,69.61539057257077,53.83674747777778,57.33456727083333
HeadM209_DaysToHeading,ErdmanGallagher,19,30,Local vs PRISM,71.96671330983642,55.64924747777778,59.27206727083333
HeadM209_DaysToHeading,ErdmanGallagher,19,31,Local vs PRISM,74.31807010861355,57.46174747777778,61.20956727083333
HeadM209_DaysToHeading,ErdmanGallagher,19,32,Local vs PRISM,76.59409829328351,59.12476831111111,63.08744921527778
HeadM209_DaysToHeading,ErdmanGallagher,19,33,Local vs PRISM,78.75648936963117,60.643830811111116,64.85651171527778
HeadM209_DaysToHeading,ErdmanGallagher,19,34,Local vs PRISM,80.60588706894207,61.87320581111111,66.3957478263889
HeadM209_DaysToHeading,ErdmanGallagher,19,35,Local vs PRISM,81.95211659281564,62.65582866979167,67.58637075381944
HeadM209_DaysToHeading,ErdmanGallagher,19,36,Local vs PRISM,82.53631453492777,62.89606565069444,68.26049662361112
HeadM209_DaysToHeading,ErdmanGallagher,19,37,Local vs PRISM,82.59807462705308,62.66906979791666,68.65363965972222
HeadM209_DaysToHeading,ErdmanGallagher,19,38,Local vs PRISM,82.36651656185956,62.16743175034722,68.65500141354167
HeadM209_DaysToHeading,ErdmanGallagher,19,39,Local vs PRISM,81.96909317409383,61.54734904895833,68.514668621875
HeadM209_DaysToHeading,ErdmanGallagher,19,40,Local vs PRISM,81.82861490981922,61.084636028125,68.63008060104167
HeadM209_DaysToHeading,ErdmanGallagher,20,25,Local vs PRISM,41.82276189633819,32.810531292013884,35.76148982326389
HeadM209_DaysToHeading,ErdmanGallagher,20,26,Local vs PRISM,43.422768046995174,34.060531292013884,37.13648982326389
HeadM209_DaysToHeading,ErdmanGallagher,20,27,Local vs PRISM,45.02282928791229,35.310531292013884,38.51148982326389
HeadM209_DaysToHeading,ErdmanGallagher,20,28,Local vs PRISM,46.6229399471316,36.56053129201389,39.88648982326389
HeadM209_DaysToHeading,ErdmanGallagher,20,29,Local vs PRISM,48.223095105345394,37.81053129201389,41.26148982326389
HeadM209_DaysToHeading,ErdmanGallagher,20,30,Local vs PRISM,49.823290475083375,39.06053129201389,42.63648982326389
HeadM209_DaysToHeading,ErdmanGallagher,20,31,Local vs PRISM,51.423522302443274,40.31053129201389,44.01148982326389
HeadM209_DaysToHeading,ErdmanGallagher,20,32,Local vs PRISM,53.00613204073201,41.51205906979167,45.33801760104166
HeadM209_DaysToHeading,ErdmanGallagher,20,33,Local vs PRISM,54.54488096915969,42.62907295868055,46.580031489930555
HeadM209_DaysToHeading,ErdmanGallagher,20,34,Local vs PRISM,56.04478324877615,43.651329903125,47.78714954548611
HeadM209_DaysToHeading,ErdmanGallagher,20,35,Local vs PRISM,57.472063041073596,44.56708681319444,48.985906524305555
HeadM209_DaysToHeading,ErdmanGallagher,20,36,Local vs PRISM,58.51011265117753,45.22264236875,49.891462079861114
HeadM209_DaysToHeading,ErdmanGallagher,20,37,Local vs PRISM,59.10868093803138,45.55237989861111,50.47119960972222
HeadM209_DaysToHeading,ErdmanGallagher,20,38,Local vs PRISM,59.297794192225986,45.581049435069446,50.72424393645833
HeadM209_DaysToHeading,ErdmanGallagher,20,39,Local vs PRISM,59.28576280307172,45.44594895590278,50.86289351284722
HeadM209_DaysToHeading,ErdmanGallagher,20,40,Local vs PRISM,59.39959679683234,45.241012219791664,51.11108177673611
HeadM209_DaysToHeading,LarrabeeSheppard,10,25,Local vs PRISM,39.58782107436849,36.03530432314816,36.03530432314816
HeadM209_DaysToHeading,LarrabeeSheppard,10,26,Local vs PRISM,38.3170107349393,34.708323715740725,34.78744799907406
HeadM209_DaysToHeading,LarrabeeSheppard,10,27,Local vs PRISM,36.67874776282984,33.05850389969132,33.388850335493835
HeadM209_DaysToHeading,LarrabeeSheppard,10,28,Local vs PRISM,34.53124961172369,30.828947012654325,31.606392205246923
HeadM209_DaysToHeading,LarrabeeSheppard,10,29,Local vs PRISM,31.573238374364696,27.301669216357976,28.986583739814755
HeadM209_DaysToHeading,LarrabeeSheppard,10,30,Local vs PRISM,27.406553406553112,21.852678906172816,24.866815536419736
HeadM209_DaysToHeading,LarrabeeSheppard,10,31,Local vs PRISM,23.301611684356217,15.352935813580189,21.195504140123425
HeadM209_DaysToHeading,LarrabeeSheppard,10,32,Local vs PRISM,20.347920531417184,7.745303733024709,18.909794718827193
HeadM209_DaysToHeading,LarrabeeSheppard,10,33,Local vs PRISM,19.77181972702034,-1.3864287913580584,16.452053054938307
HeadM209_DaysToHeading,LarrabeeSheppard,10,34,Local vs PRISM,24.903691689952474,-11.172996470679006,17.529490800308647
HeadM209_DaysToHeading,LarrabeeSheppard,10,35,Local vs PRISM,34.03311328627883,-21.33691637222225,26.75716873086425
HeadM209_DaysToHeading,LarrabeeSheppard,10,36,Local vs PRISM,43.06212463242543,-30.02549214938267,35.381849927160424
HeadM209_DaysToHeading,LarrabeeSheppard,10,37,Local vs PRISM,49.588965452450736,-36.178602995061766,41.51457809753091
HeadM209_DaysToHeading,LarrabeeSheppard,10,38,Local vs PRISM,53.62251574587636,-40.34971740524692,45.46056889845681
HeadM209_DaysToHeading,LarrabeeSheppard,10,39,Local vs PRISM,55.64415313435214,-42.660721377469144,47.67979540771603
HeadM209_DaysToHeading,LarrabeeSheppard,10,40,Local vs PRISM,56.6201165831583,-43.76665749166667,48.78642271944447
HeadM209_DaysToHeading,LarrabeeSheppard,11,25,Local vs PRISM,48.51880971213094,43.20980075185187,43.20980075185187
HeadM209_DaysToHeading,LarrabeeSheppard,11,26,Local vs PRISM,47.598025847428644,42.04609787654321,42.12522215987654
HeadM209_DaysToHeading,LarrabeeSheppard,11,27,Local vs PRISM,46.283902769100045,40.53245089999997,40.86279733580248
HeadM209_DaysToHeading,LarrabeeSheppard,11,28,Local vs PRISM,44.55376691928626,38.4630668932099,39.24051208580249
HeadM209_DaysToHeading,LarrabeeSheppard,11,29,Local vs PRISM,41.96999790601889,34.99884466512343,36.68375918858021
HeadM209_DaysToHeading,LarrabeeSheppard,11,30,Local vs PRISM,38.24697462514057,29.60540991049379,32.61954654074071
HeadM209_DaysToHeading,LarrabeeSheppard,11,31,Local vs PRISM,34.18011037306778,23.140889083333303,29.239580762962962
HeadM209_DaysToHeading,LarrabeeSheppard,11,32,Local vs PRISM,30.286236746788912,15.533257002777747,26.953871341666652
HeadM209_DaysToHeading,LarrabeeSheppard,11,33,Local vs PRISM,26.916284658693122,6.401524478395029,24.49612967777782
HeadM209_DaysToHeading,LarrabeeSheppard,11,34,Local vs PRISM,27.77628787114552,-3.3850432009259444,22.989390530555486
HeadM209_DaysToHeading,LarrabeeSheppard,11,35,Local vs PRISM,33.83126473662956,-13.548963102469164,25.168965443827144
HeadM209_DaysToHeading,LarrabeeSheppard,11,36,Local vs PRISM,41.472300955844055,-22.237538879629636,30.405786183333323
HeadM209_DaysToHeading,LarrabeeSheppard,11,37,Local vs PRISM,47.282214413358105,-28.390649725308727,35.752674769753106
HeadM209_DaysToHeading,LarrabeeSheppard,11,38,Local vs PRISM,50.77329449796733,-32.56176413549383,39.4764433484568
HeadM209_DaysToHeading,LarrabeeSheppard,11,39,Local vs PRISM,52.389284836729644,-34.872768107716084,41.47344763549381
HeadM209_DaysToHeading,LarrabeeSheppard,11,40,Local vs PRISM,53.101491501662316,-35.97870422191358,42.40440813858024
HeadM209_DaysToHeading,LarrabeeSheppard,12,25,Local vs PRISM,67.92316062813599,64.30222969290122,64.30222969290122
HeadM209_DaysToHeading,LarrabeeSheppard,12,26,Local vs PRISM,67.9343280258494,64.14416568209877,64.14416568209877
HeadM209_DaysToHeading,LarrabeeSheppard,12,27,Local vs PRISM,67.34292231579772,63.3593735734568,63.3593735734568
HeadM209_DaysToHeading,LarrabeeSheppard,12,28,Local vs PRISM,66.13987847012095,61.88093396265429,61.88093396265429
HeadM209_DaysToHeading,LarrabeeSheppard,12,29,Local vs PRISM,63.72870937396195,58.91447282530859,58.91447282530859
HeadM209_DaysToHeading,LarrabeeSheppard,12,30,Local vs PRISM,59.253102541961496,53.79109352376536,53.79109352376536
HeadM209_DaysToHeading,LarrabeeSheppard,12,31,Local vs PRISM,53.54216385244889,47.466183728703655,47.466183728703655
HeadM209_DaysToHeading,LarrabeeSheppard,12,32,Local vs PRISM,46.89371863765506,39.89651827037033,39.89651827037033
HeadM209_DaysToHeading,LarrabeeSheppard,12,33,Local vs PRISM,38.600964814352224,30.764785745987638,31.269982571296296
HeadM209_DaysToHeading,LarrabeeSheppard,12,34,Local vs PRISM,30.698198828986403,20.978218066666663,23.328525756172844
HeadM209_DaysToHeading,LarrabeeSheppard,12,35,Local vs PRISM,25.844597625972977,10.81429816512347,20.708697383024703
HeadM209_DaysToHeading,LarrabeeSheppard,12,36,Local vs PRISM,26.682061424484314,2.125722387962949,21.87705270401236
HeadM209_DaysToHeading,LarrabeeSheppard,12,37,Local vs PRISM,29.621765111596087,-4.027388457716067,23.23698571512346
HeadM209_DaysToHeading,LarrabeeSheppard,12,38,Local vs PRISM,31.684810644192183,-8.198502867901247,25.980744879629608
HeadM209_DaysToHeading,LarrabeeSheppard,12,39,Local vs PRISM,32.61902309641542,-10.509506840123473,27.42531549999997
HeadM209_DaysToHeading,LarrabeeSheppard,12,40,Local vs PRISM,33.02049497522021,-11.615442954320997,28.152551898148154
HeadM209_DaysToHeading,LarrabeeSheppard,13,25,Local vs PRISM,89.61358197980591,85.0771738787037,85.0771738787037
HeadM209_DaysToHeading,LarrabeeSheppard,13,26,Local vs PRISM,91.07853970634352,86.57386841358024,86.57386841358024
HeadM209_DaysToHeading,LarrabeeSheppard,13,27,Local vs PRISM,91.46291008199053,86.95672592932097,86.95672592932097
HeadM209_DaysToHeading,LarrabeeSheppard,13,28,Local vs PRISM,91.09697100385726,86.55985588302468,86.55985588302468
HeadM209_DaysToHeading,LarrabeeSheppard,13,29,Local vs PRISM,89.26065743485356,84.55166083611111,84.55166083611111
HeadM209_DaysToHeading,LarrabeeSheppard,13,30,Local vs PRISM,85.34239506114292,80.3351703311728,80.3351703311728
HeadM209_DaysToHeading,LarrabeeSheppard,13,31,Local vs PRISM,80.09236617015009,74.70195500740743,74.70195500740743
HeadM209_DaysToHeading,LarrabeeSheppard,13,32,Local vs PRISM,73.88113673322822,67.66498394197528,67.66498394197528
HeadM209_DaysToHeading,LarrabeeSheppard,13,33,Local vs PRISM,66.08240667309943,58.833040210493806,58.833040210493806
HeadM209_DaysToHeading,LarrabeeSheppard,13,34,Local vs PRISM,58.321748159036,49.17119469413578,49.17119469413578
HeadM209_DaysToHeading,LarrabeeSheppard,13,35,Local vs PRISM,51.95548916580359,39.0632192354938,39.889910086728364
HeadM209_DaysToHeading,LarrabeeSheppard,13,36,Local vs PRISM,48.81656825231812,30.374643458333292,36.728878993518464
HeadM209_DaysToHeading,LarrabeeSheppard,13,37,Local vs PRISM,47.94939449322105,24.221532612654276,35.94897442685177
HeadM209_DaysToHeading,LarrabeeSheppard,13,38,Local vs PRISM,47.4859486292172,20.05041820246917,35.16865531975309
HeadM209_DaysToHeading,LarrabeeSheppard,13,39,Local vs PRISM,47.202218010533635,17.739414230246894,35.99814338456791
HeadM209_DaysToHeading,LarrabeeSheppard,13,40,Local vs PRISM,47.16246424430796,16.633478116049357,36.719324159259244
HeadM209_DaysToHeading,LarrabeeSheppard,14,25,Local vs PRISM,119.1036963610967,114.96088064382715,114.96088064382715
HeadM209_DaysToHeading,LarrabeeSheppard,14,26,Local vs PRISM,122.76066832537835,118.43644186203703,118.43644186203703
HeadM209_DaysToHeading,LarrabeeSheppard,14,27,Local vs PRISM,125.73076466629193,121.24799008333328,121.24799008333328
HeadM209_DaysToHeading,LarrabeeSheppard,14,28,Local vs PRISM,127.61471346168858,123.06740878981482,123.06740878981482
HeadM209_DaysToHeading,LarrabeeSheppard,14,29,Local vs PRISM,127.64566239284176,123.05550367469134,123.05550367469134
HeadM209_DaysToHeading,LarrabeeSheppard,14,30,Local vs PRISM,125.29551880830878,120.6097955191358,120.6097955191358
HeadM209_DaysToHeading,LarrabeeSheppard,14,31,Local vs PRISM,120.9128152133406,116.07403468364197,116.07403468364197
HeadM209_DaysToHeading,LarrabeeSheppard,14,32,Local vs PRISM,114.84131424070561,109.60926966388888,109.60926966388888
HeadM209_DaysToHeading,LarrabeeSheppard,14,33,Local vs PRISM,107.27995496736936,101.15464247098764,101.15464247098764
HeadM209_DaysToHeading,LarrabeeSheppard,14,34,Local vs PRISM,99.47398943002335,91.7616869506173,91.7616869506173
HeadM209_DaysToHeading,LarrabeeSheppard,14,35,Local vs PRISM,91.84446917714773,81.78421143765426,81.78421143765426
HeadM209_DaysToHeading,LarrabeeSheppard,14,36,Local vs PRISM,85.99566149153446,73.20674677160491,73.20674677160491
HeadM209_DaysToHeading,LarrabeeSheppard,14,37,Local vs PRISM,82.34104226508292,67.11842474413577,68.05238747932091
HeadM209_DaysToHeading,LarrabeeSheppard,14,38,Local vs PRISM,79.87420859519489,62.98602145802468,65.71000827777779
HeadM209_DaysToHeading,LarrabeeSheppard,14,39,Local vs PRISM,78.59516255267742,60.67501748580245,64.72844876851849
HeadM209_DaysToHeading,LarrabeeSheppard,14,40,Local vs PRISM,78.21814716225107,59.56908137160495,64.50106837654324
HeadM209_DaysToHeading,LarrabeeSheppard,15,25,Local vs PRISM,124.40019791915702,119.1887766462963,119.1887766462963
HeadM209_DaysToHeading,LarrabeeSheppard,15,26,Local vs PRISM,128.96800946814886,123.60035448549382,123.60035448549382
HeadM209_DaysToHeading,LarrabeeSheppard,15,27,Local vs PRISM,133.18726067208806,127.59123228117284,127.59123228117284
HeadM209_DaysToHeading,LarrabeeSheppard,15,28,Local vs PRISM,136.67197645785348,130.8562965367284,130.8562965367284
HeadM209_DaysToHeading,LarrabeeSheppard,15,29,Local vs PRISM,138.7387034363181,132.66401351697533,132.66401351697533
HeadM209_DaysToHeading,LarrabeeSheppard,15,30,Local vs PRISM,138.5972279708776,132.13782242345675,132.13782242345675
HeadM209_DaysToHeading,LarrabeeSheppard,15,31,Local vs PRISM,136.20281405570407,129.35195136080245,129.35195136080245
HeadM209_DaysToHeading,LarrabeeSheppard,15,32,Local vs PRISM,131.4978867132365,124.23093309537037,124.23093309537037
HeadM209_DaysToHeading,LarrabeeSheppard,15,33,Local vs PRISM,124.68521140604496,116.85246376604931,116.85246376604931
HeadM209_DaysToHeading,LarrabeeSheppard,15,34,Local vs PRISM,117.02808772286629,108.08470416296296,108.08470416296296
HeadM209_DaysToHeading,LarrabeeSheppard,15,35,Local vs PRISM,109.29194067516494,98.52921690617285,98.52921690617285
HeadM209_DaysToHeading,LarrabeeSheppard,15,36,Local vs PRISM,103.10727652357802,90.16860736141977,90.16860736141977
HeadM209_DaysToHeading,LarrabeeSheppard,15,37,Local vs PRISM,98.981545856629225,84.21078506790124,84.21078506790124
HeadM209_DaysToHeading,LarrabeeSheppard,15,38,Local vs PRISM,95.9941201438597,80.15133172098764,80.15133172098764
HeadM209_DaysToHeading,LarrabeeSheppard,15,39,Local vs PRISM,94.1124461178413,77.85749981975306,77.85749981975306
HeadM209_DaysToHeading,LarrabeeSheppard,15,40,Local vs PRISM,93.22542399390913,76.75156370555551,76.76959889999995
HeadM209_DaysToHeading,LarrabeeSheppard,16,25,Local vs PRISM,116.56500586450214,102.77661776419751,102.77661776419751
HeadM209_DaysToHeading,LarrabeeSheppard,16,26,Local vs PRISM,121.28579749065939,106.94202276388889,106.94202276388889
HeadM209_DaysToHeading,LarrabeeSheppard,16,27,Local vs PRISM,125.89683074711176,110.96097338117283,110.96097338117283
HeadM209_DaysToHeading,LarrabeeSheppard,16,28,Local vs PRISM,130.24896177596938,114.68618943055554,114.68618943055554
HeadM209_DaysToHeading,LarrabeeSheppard,16,29,Local vs PRISM,133.75079482886406,117.46158215092592,117.46158215092592
HeadM209_DaysToHeading,LarrabeeSheppard,16,30,Local vs PRISM,135.89385888388503,118.72896510956791,118.72896510956791
HeadM209_DaysToHeading,LarrabeeSheppard,16,31,Local vs PRISM,136.72618189615648,118.38884744259259,118.38884744259259
HeadM209_DaysToHeading,LarrabeeSheppard,16,32,Local vs PRISM,135.28257800718083,115.69881862839505,115.72549853333332
HeadM209_DaysToHeading,LarrabeeSheppard,16,33,Local vs PRISM,131.32451008799467,110.39563490895064,112.01614188981483
HeadM209_DaysToHeading,LarrabeeSheppard,16,34,Local vs PRISM,125.96689719010529,103.25930249382714,107.22919205555553
HeadM209_DaysToHeading,LarrabeeSheppard,16,35,Local vs PRISM,119.77176722201179,94.73310878179012,102.08970133858026
HeadM209_DaysToHeading,LarrabeeSheppard,16,36,Local vs PRISM,114.24181691476217,86.73351111080245,99.12902953858026
HeadM209_DaysToHeading,LarrabeeSheppard,16,37,Local vs PRISM,110.6685432308664,80.96440129382717,97.14405486296296
HeadM209_DaysToHeading,LarrabeeSheppard,16,38,Local vs PRISM,108.37476788550431,76.97183726296299,95.59272553209878
HeadM209_DaysToHeading,LarrabeeSheppard,16,39,Local vs PRISM,106.92708494277412,74.73356091728397,94.30986856913584
HeadM209_DaysToHeading,LarrabeeSheppard,16,40,Local vs PRISM,106.22099842423104,73.68099135864198,93.46480520185189
HeadM209_DaysToHeading,LarrabeeSheppard,17,25,Local vs PRISM,129.3356043641915,109.58508634660492,112.63635862685186
HeadM209_DaysToHeading,LarrabeeSheppard,17,26,Local vs PRISM,134.620642871956,114.09126295123457,117.14253523148149
HeadM209_DaysToHeading,LarrabeeSheppard,17,27,Local vs PRISM,139.824516123042,118.52826912407407,121.57954140432099
HeadM209_DaysToHeading,LarrabeeSheppard,17,28,Local vs PRISM,144.85156762121423,122.75027529691357,125.85920189814816
HeadM209_DaysToHeading,LarrabeeSheppard,17,29,Local vs PRISM,149.37508010657632,126.41390875802468,129.71061313703703
HeadM209_DaysToHeading,LarrabeeSheppard,17,30,Local vs PRISM,153.14794786886802,129.24080883765433,132.87084655
HeadM209_DaysToHeading,LarrabeeSheppard,17,31,Local vs PRISM,156.1771980479178,131.12252244290121,135.44212805648147
HeadM209_DaysToHeading,LarrabeeSheppard,17,32,Local vs PRISM,157.46172821604605,131.18936748271602,136.2825901802469
HeadM209_DaysToHeading,LarrabeeSheppard,17,33,Local vs PRISM,156.28642032147675,128.5575113546296,136.00377086203704
HeadM209_DaysToHeading,LarrabeeSheppard,17,34,Local vs PRISM,153.53671784711776,123.72836016388891,134.54579242685188
HeadM209_DaysToHeading,LarrabeeSheppard,17,35,Local vs PRISM,149.7161994300283,117.02385821111108,132.26809280061724
HeadM209_DaysToHeading,LarrabeeSheppard,17,36,Local vs PRISM,146.17943534904205,110.16375654475307,130.19025061018522
HeadM209_DaysToHeading,LarrabeeSheppard,17,37,Local vs PRISM,144.00539334828233,105.13500252685185,128.95719984166666
HeadM209_DaysToHeading,LarrabeeSheppard,17,38,Local vs PRISM,142.19898909416276,101.55302044567902,127.81645246049386
HeadM209_DaysToHeading,LarrabeeSheppard,17,39,Local vs PRISM,140.7661208354314,99.44162182222225,126.66047321975311
HeadM209_DaysToHeading,LarrabeeSheppard,17,40,Local vs PRISM,139.98911339064753,98.44460781913583,125.87096540802473
HeadM209_DaysToHeading,LarrabeeSheppard,18,25,Local vs PRISM,99.19627966414782,83.2302570774691,91.57936861759258
HeadM209_DaysToHeading,LarrabeeSheppard,18,26,Local vs PRISM,103.15138698548324,86.60155713888886,95.17289090123455
HeadM209_DaysToHeading,LarrabeeSheppard,18,27,Local vs PRISM,107.11558386019757,89.99044602777775,98.78400201234567
HeadM209_DaysToHeading,LarrabeeSheppard,18,28,Local vs PRISM,111.04563019990218,93.35183491666665,102.36761312345678
HeadM209_DaysToHeading,LarrabeeSheppard,18,29,Local vs PRISM,114.79496157747799,96.48927696203702,105.72727739104937
HeadM209_DaysToHeading,LarrabeeSheppard,18,30,Local vs PRISM,118.18633564125719,99.2558375354938,108.71606018672838
HeadM209_DaysToHeading,LarrabeeSheppard,18,31,Local vs PRISM,121.21716580011841,101.58592460956788,111.54324602623456
HeadM209_DaysToHeading,LarrabeeSheppard,18,32,Local vs PRISM,123.38619554714272,103.03228263425925,113.61441886574075
HeadM209_DaysToHeading,LarrabeeSheppard,18,33,Local vs PRISM,123.96553729424171,102.77683335432098,114.31701887037038
HeadM209_DaysToHeading,LarrabeeSheppard,18,34,Local vs PRISM,123.12303089216307,100.54299106666664,113.87527534814814
HeadM209_DaysToHeading,LarrabeeSheppard,18,35,Local vs PRISM,120.7967401066063,96.38776517345678,111.86461715246912
HeadM209_DaysToHeading,LarrabeeSheppard,18,36,Local vs PRISM,117.73917478814411,91.39924581913579,109.00687584382717
HeadM209_DaysToHeading,LarrabeeSheppard,18,37,Local vs PRISM,115.41164993097004,87.45504573950618,106.6343548549383
HeadM209_DaysToHeading,LarrabeeSheppard,18,38,Local vs PRISM,113.26677914871517,84.31378058950617,104.66176895123458
HeadM209_DaysToHeading,LarrabeeSheppard,18,39,Local vs PRISM,111.47660667174902,82.3215764197531,103.05776199753089
HeadM209_DaysToHeading,LarrabeeSheppard,18,40,Local vs PRISM,110.41077638211796,81.28991218827161,102.13960388333335
HeadM209_DaysToHeading,LarrabeeSheppard,19,25,Local vs PRISM,78.95174781154891,60.080469781790114,76.06067981450617
HeadM209_DaysToHeading,LarrabeeSheppard,19,26,Local vs PRISM,81.965948033028,62.41380311512345,78.94956870339506
HeadM209_DaysToHeading,LarrabeeSheppard,19,27,Local vs PRISM,84.9804507732802,64.74713644845679,81.83845759228396
HeadM209_DaysToHeading,LarrabeeSheppard,19,28,Local vs PRISM,87.99522494163517,67.08046978179011,84.72734648117284
HeadM209_DaysToHeading,LarrabeeSheppard,19,29,Local vs PRISM,90.84521548311393,69.24917348549383,87.4516057404321
HeadM209_DaysToHeading,LarrabeeSheppard,19,30,Local vs PRISM,93.38325984853739,71.1343229345679,89.89231074506174
HeadM209_DaysToHeading,LarrabeeSheppard,19,31,Local vs PRISM,95.8843599343219,72.91382910740741,92.3226811154321
HeadM209_DaysToHeading,LarrabeeSheppard,19,32,Local vs PRISM,98.01229768336772,74.25956984814815,94.40434778209877
HeadM209_DaysToHeading,LarrabeeSheppard,19,33,Local vs PRISM,99.56398466804285,74.80301434166665,95.94250822685186
HeadM209_DaysToHeading,LarrabeeSheppard,19,34,Local vs PRISM,100.23220731894989,74.03116687623455,96.62862372438272
HeadM209_DaysToHeading,LarrabeeSheppard,19,35,Local vs PRISM,100.0136147190431,71.89629428055555,96.28609680771606
HeadM209_DaysToHeading,LarrabeeSheppard,19,36,Local vs PRISM,99.16132147731119,68.96149850586418,95.14874574537036
HeadM209_DaysToHeading,LarrabeeSheppard,19,37,Local vs PRISM,98.4332494390381,66.43078907006172,94.06816007191358
HeadM209_DaysToHeading,LarrabeeSheppard,19,38,Local vs PRISM,97.69500843152899,64.1501548,92.93297045987654
HeadM209_DaysToHeading,LarrabeeSheppard,19,39,Local vs PRISM,97.05132839031744,62.57361720740741,91.9629634351852
HeadM209_DaysToHeading,LarrabeeSheppard,19,40,Local vs PRISM,96.61788868950019,61.81204361790124,91.34174781481482
HeadM209_DaysToHeading,LarrabeeSheppard,20,25,Local vs PRISM,73.4490145150342,19.424145983024687,60.025306907098766
HeadM209_DaysToHeading,LarrabeeSheppard,20,26,Local vs PRISM,76.25234242039785,20.14636820524691,62.303084684876545
HeadM209_DaysToHeading,LarrabeeSheppard,20,27,Local vs PRISM,79.05570149070672,20.868590427469133,64.58086246265432
HeadM209_DaysToHeading,LarrabeeSheppard,20,28,Local vs PRISM,81.8590885241222,21.590812649691355,66.8586402404321
HeadM209_DaysToHeading,LarrabeeSheppard,20,29,Local vs PRISM,84.66250074285925,22.313034871913576,69.13641801820988
HeadM209_DaysToHeading,LarrabeeSheppard,20,30,Local vs PRISM,87.46593572523783,23.035257094135797,71.41419579598765
HeadM209_DaysToHeading,LarrabeeSheppard,20,31,Local vs PRISM,90.27514260357766,23.72658425462962,73.72286863549384
HeadM209_DaysToHeading,LarrabeeSheppard,20,32,Local vs PRISM,93.01806453814052,24.305689192901234,75.96864024043211
HeadM209_DaysToHeading,LarrabeeSheppard,20,33,Local vs PRISM,95.606031774099975,24.628608995061725,78.01257229012347
HeadM209_DaysToHeading,LarrabeeSheppard,20,34,Local vs PRISM,98.01442275467748,24.33203492098765,79.69087475925927
HeadM209_DaysToHeading,LarrabeeSheppard,20,35,Local vs PRISM,100.02052353525465,23.061232451851847,80.75587475925926
HeadM209_DaysToHeading,LarrabeeSheppard,20,36,Local vs PRISM,101.6430402281767,21.31602236820987,81.39992439290124
HeadM209_DaysToHeading,LarrabeeSheppard,20,37,Local vs PRISM,102.99231276302523,19.53945502932098,81.83280192253086
HeadM209_DaysToHeading,LarrabeeSheppard,20,38,Local vs PRISM,104.13666355305035,17.652792732098757,82.22202863641975
HeadM209_DaysToHeading,LarrabeeSheppard,20,39,Local vs PRISM,104.7334612220321,16.177809732098755,82.39260092037037
HeadM209_DaysToHeading,LarrabeeSheppard,20,40,Local vs PRISM,104.94519703893967,15.40497071049383,82.51753988641974
HeadM209_DaysToHeading,Lauppe,10,25,Local vs PRISM,64.32391780952196,60.1509228200617,60.1509228200617
HeadM209_DaysToHeading,Lauppe,10,26,Local vs PRISM,63.56383389481078,59.163962839506134,59.163962839506134
HeadM209_DaysToHeading,Lauppe,10,27,Local vs PRISM,62.453973947424316,57.83813603209873,57.83813603209873
HeadM209_DaysToHeading,Lauppe,10,28,Local vs PRISM,60.615261813727976,55.69187735432094,55.69187735432094
HeadM209_DaysToHeading,Lauppe,10,29,Local vs PRISM,57.20346707493122,51.94171812716044,51.94171812716044
HeadM209_DaysToHeading,Lauppe,10,30,Local vs PRISM,52.22027707723735,46.671649116049366,46.671649116049366
HeadM209_DaysToHeading,Lauppe,10,31,Local vs PRISM,45.86355146029873,40.03989687839511,40.82815339197532
HeadM209_DaysToHeading,Lauppe,10,32,Local vs PRISM,39.21423498068249,32.23737957777777,35.41835307037036
HeadM209_DaysToHeading,Lauppe,10,33,Local vs PRISM,32.72710991947621,23.217840753703715,30.082214527777726
HeadM209_DaysToHeading,Lauppe,10,34,Local vs PRISM,28.54496616986922,14.101654514814804,25.099671153703767
HeadM209_DaysToHeading,Lauppe,10,35,Local vs PRISM,27.191668752834197,5.505122008950669,21.86250876141978
HeadM209_DaysToHeading,Lauppe,10,36,Local vs PRISM,28.955656185633565,-2.4509405299382556,22.272757865740736
HeadM209_DaysToHeading,Lauppe,10,37,Local vs PRISM,32.220513818344834,-8.83855168580251,24.46355656913584
HeadM209_DaysToHeading,Lauppe,10,38,Local vs PRISM,34.93528703108352,-13.413192428703674,26.322656353395082
HeadM209_DaysToHeading,Lauppe,10,39,Local vs PRISM,36.33621990631167,-15.960781888580263,27.502361646604967
HeadM209_DaysToHeading,Lauppe,10,40,Local vs PRISM,37.09435554569577,-17.418860746604953,28.186371689814855
HeadM209_DaysToHeading,Lauppe,11,25,Local vs PRISM,87.2560605473029,83.52400744444442,83.52400744444442
HeadM209_DaysToHeading,Lauppe,11,26,Local vs PRISM,87.5616209052954,83.6604695567901,83.6604695567901
HeadM209_DaysToHeading,Lauppe,11,27,Local vs PRISM,87.27703530857316,83.2341316222222,83.2341316222222
HeadM209_DaysToHeading,Lauppe,11,28,Local vs PRISM,85.87928368362599,81.7052221515432,81.7052221515432
HeadM209_DaysToHeading,Lauppe,11,29,Local vs PRISM,82.65855602714105,78.41932408549378,78.41932408549378
HeadM209_DaysToHeading,Lauppe,11,30,Local vs PRISM,77.61762801401237,73.49790505308637,73.49790505308637
HeadM209_DaysToHeading,Lauppe,11,31,Local vs PRISM,70.80428663900601,67.06955268549385,67.06955268549385
HeadM209_DaysToHeading,Lauppe,11,32,Local vs PRISM,62.745299277612496,59.37814649598762,59.37814649598762
HeadM209_DaysToHeading,Lauppe,11,33,Local vs PRISM,53.53074346903209,50.427996591358045,50.427996591358045
HeadM209_DaysToHeading,Lauppe,11,34,Local vs PRISM,44.55884822557506,41.32546590895054,41.32546590895054
HeadM209_DaysToHeading,Lauppe,11,35,Local vs PRISM,36.25763467443395,32.72893340308641,32.72893340308641
HeadM209_DaysToHeading,Lauppe,11,36,Local vs PRISM,29.375179939347568,24.772870864197483,24.772870864197483
HeadM209_DaysToHeading,Lauppe,11,37,Local vs PRISM,25.167969501560197,18.385259708333276,21.981771073765408
HeadM209_DaysToHeading,Lauppe,11,38,Local vs PRISM,23.01532633017524,13.81061896543209,20.587781737654293
HeadM209_DaysToHeading,Lauppe,11,39,Local vs PRISM,21.920963261030547,11.263029505555526,19.550701857407375
HeadM209_DaysToHeading,Lauppe,11,40,Local vs PRISM,21.588461410687362,9.804950647530834,19.597501474691374
HeadM209_DaysToHeading,Lauppe,12,25,Local vs PRISM,133.40530659704382,128.49713418518516,128.49713418518516
HeadM209_DaysToHeading,Lauppe,12,26,Local vs PRISM,136.18498693733164,131.05886467314815,131.05886467314815
HeadM209_DaysToHeading,Lauppe,12,27,Local vs PRISM,137.98464898172577,132.63473829907403,132.63473829907403
HeadM209_DaysToHeading,Lauppe,12,28,Local vs PRISM,138.40579908597323,132.97294476234563,132.97294476234563
HeadM209_DaysToHeading,Lauppe,12,29,Local vs PRISM,136.60023122721128,131.1182344061729,131.1182344061729
HeadM209_DaysToHeading,Lauppe,12,30,Local vs PRISM,132.805267196067,127.27974307746912,127.27974307746912
HeadM209_DaysToHeading,Lauppe,12,31,Local vs PRISM,127.2234506900992,121.75985243117286,121.75985243117286
HeadM209_DaysToHeading,Lauppe,12,32,Local vs PRISM,120.0883745657456,114.68529052469131,114.68529052469131
HeadM209_DaysToHeading,Lauppe,12,33,Local vs PRISM,111.81606881111831,106.14047887561728,106.14047887561728
HeadM209_DaysToHeading,Lauppe,12,34,Local vs PRISM,103.57697009355432,97.28137038364198,97.28137038364198
HeadM209_DaysToHeading,Lauppe,12,35,Local vs PRISM,95.49786382242723,88.76284209969137,88.76284209969137
HeadM209_DaysToHeading,Lauppe,12,36,Local vs PRISM,88.35735954235685,80.91789067191357,80.91789067191357
HeadM209_DaysToHeading,Lauppe,12,37,Local vs PRISM,82.97252132093709,74.5848347731481,74.5848347731481
HeadM209_DaysToHeading,Lauppe,12,38,Local vs PRISM,79.22609281772431,70.01019403024686,70.01019403024686
HeadM209_DaysToHeading,Lauppe,12,39,Local vs PRISM,77.11221602793299,67.46260457037033,67.46260457037033
HeadM209_DaysToHeading,Lauppe,12,40,Local vs PRISM,76.08293365345885,66.00452571234565,66.00452571234565
HeadM209_DaysToHeading,Lauppe,13,25,Local vs PRISM,145.00374938838894,139.36749095277776,139.36749095277776
HeadM209_DaysToHeading,Lauppe,13,26,Local vs PRISM,149.452489453207,143.52111272160494,143.52111272160494
HeadM209_DaysToHeading,Lauppe,13,27,Local vs PRISM,153.06065625861302,146.78115842222223,146.78115842222223
HeadM209_DaysToHeading,Lauppe,13,28,Local vs PRISM,155.41122909776186,148.91455375123454,148.91455375123454
HeadM209_DaysToHeading,Lauppe,13,29,Local vs PRISM,155.45699062901173,148.7950108117284,148.7950108117284
HeadM209_DaysToHeading,Lauppe,13,30,Local vs PRISM,153.22876066654368,146.4467414811728,146.4467414811728
HeadM209_DaysToHeading,Lauppe,13,31,Local vs PRISM,148.8817601611735,141.97026045679013,141.97026045679013
HeadM209_DaysToHeading,Lauppe,13,32,Local vs PRISM,142.51313976981297,135.36290821790124,135.36290821790124
HeadM209_DaysToHeading,Lauppe,13,33,Local vs PRISM,134.62425087944854,126.9074453021605,126.9074453021605
HeadM209_DaysToHeading,Lauppe,13,34,Local vs PRISM,126.70372604244061,118.10577508179013,118.10577508179013
HeadM209_DaysToHeading,Lauppe,13,35,Local vs PRISM,118.80419516130593,109.55188582592591,109.55188582592591
HeadM209_DaysToHeading,Lauppe,13,36,Local vs PRISM,111.90211410324953,101.6828054074074,101.6828054074074
HeadM209_DaysToHeading,Lauppe,13,37,Local vs PRISM,106.82428343067151,95.34974950864199,96.50274827962966
HeadM209_DaysToHeading,Lauppe,13,38,Local vs PRISM,103.29830261732414,90.77510876574075,93.81700608858027
HeadM209_DaysToHeading,Lauppe,13,39,Local vs PRISM,101.20017075663682,88.22751930586422,91.89542709783954
HeadM209_DaysToHeading,Lauppe,13,40,Local vs PRISM,100.0606933617428,86.76944044783951,90.54710343734567
HeadM209_DaysToHeading,Lauppe,14,25,Local vs PRISM,165.73572632861644,160.43985875154317,160.43985875154317
HeadM209_DaysToHeading,Lauppe,14,26,Local vs PRISM,171.96553356407833,166.43013478888886,166.43013478888886
HeadM209_DaysToHeading,Lauppe,14,27,Local vs PRISM,177.8016612385461,171.97244092407405,171.97244092407405
HeadM209_DaysToHeading,Lauppe,14,28,Local vs PRISM,182.8921811243497,176.8195780037037,176.8195780037037
HeadM209_DaysToHeading,Lauppe,14,29,Local vs PRISM,186.39863646470707,180.09021827962962,180.09021827962962
HeadM209_DaysToHeading,Lauppe,14,30,Local vs PRISM,187.59984441936257,181.0931000345679,181.0931000345679
HeadM209_DaysToHeading,Lauppe,14,31,Local vs PRISM,186.4084051987113,179.6054860904321,179.6054860904321
HeadM209_DaysToHeading,Lauppe,14,32,Local vs PRISM,182.59130003098505,175.2359595095679,175.2359595095679
HeadM209_DaysToHeading,Lauppe,14,33,Local vs PRISM,177.01800600722146,168.80104318981478,168.80104318981478
HeadM209_DaysToHeading,Lauppe,14,34,Local vs PRISM,171.11639977528768,161.6248629679012,161.6248629679012
HeadM209_DaysToHeading,Lauppe,14,35,Local vs PRISM,164.77065607377085,153.98040104104936,153.98040104104936
HeadM209_DaysToHeading,Lauppe,14,36,Local vs PRISM,158.70953252122789,146.50601067037036,146.50601067037036
HeadM209_DaysToHeading,Lauppe,14,37,Local vs PRISM,153.93431703759003,140.4567879574074,140.98604552839504
HeadM209_DaysToHeading,Lauppe,14,38,Local vs PRISM,150.3812729460098,136.03195821759257,138.45011434043207
HeadM209_DaysToHeading,Lauppe,14,39,Local vs PRISM,148.10670662098445,133.51729086574076,136.56145745771607
HeadM209_DaysToHeading,Lauppe,14,40,Local vs PRISM,146.76726575265616,132.05921200771604,135.2131337972222
HeadM209_DaysToHeading,Lauppe,15,25,Local vs PRISM,166.5408323183037,160.27989209814814,160.27989209814814
HeadM209_DaysToHeading,Lauppe,15,26,Local vs PRISM,173.3140352145379,166.78989089814814,166.78989089814814
HeadM209_DaysToHeading,Lauppe,15,27,Local vs PRISM,179.81515135191736,172.96414769382716,172.96414769382716
HeadM209_DaysToHeading,Lauppe,15,28,Local vs PRISM,185.8446303550812,178.6762847904321,178.6762847904321
HeadM209_DaysToHeading,Lauppe,15,29,Local vs PRISM,191.06884649347964,183.55499979814812,183.55499979814812
HeadM209_DaysToHeading,Lauppe,15,30,Local vs PRISM,194.7573778530659,186.80038265987653,186.80038265987653
HeadM209_DaysToHeading,Lauppe,15,31,Local vs PRISM,196.85859398752186,188.37568644691356,188.37568644691356
HeadM209_DaysToHeading,Lauppe,15,32,Local vs PRISM,196.60026840149243,187.44055284969136,187.44055284969136
HeadM209_DaysToHeading,Lauppe,15,33,Local vs PRISM,194.20412244870414,184.21734986419753,184.21734986419753
HeadM209_DaysToHeading,Lauppe,15,34,Local vs PRISM,190.6560417827905,179.73169890277777,179.73169890277777
HeadM209_DaysToHeading,Lauppe,15,35,Local vs PRISM,185.99992126070634,174.12725038765433,174.12725038765433
HeadM209_DaysToHeading,Lauppe,15,36,Local vs PRISM,181.0104538653218,168.10618196574075,168.10618196574075
HeadM209_DaysToHeading,Lauppe,15,37,Local vs PRISM,176.5092490895098,162.65733135555558,162.65733135555558
HeadM209_DaysToHeading,Lauppe,15,38,Local vs PRISM,173.0296988991057,158.48513460339507,158.5100800583333
HeadM209_DaysToHeading,Lauppe,15,39,Local vs PRISM,170.97346609739176,156.01557837808642,156.5763120490741
HeadM209_DaysToHeading,Lauppe,15,40,Local vs PRISM,169.74411812209783,154.55749952006175,155.22798838858026
HeadM209_DaysToHeading,Lauppe,16,25,Local vs PRISM,170.52238706452084,159.25349892345676,159.25349892345676
HeadM209_DaysToHeading,Lauppe,16,26,Local vs PRISM,177.79425439721666,165.96766559012343,165.96766559012343
HeadM209_DaysToHeading,Lauppe,16,27,Local vs PRISM,184.96274187988942,172.46760386172838,172.46760386172838
HeadM209_DaysToHeading,Lauppe,16,28,Local vs PRISM,192.0363794964346,178.85424713117283,178.85424713117283
HeadM209_DaysToHeading,Lauppe,16,29,Local vs PRISM,198.68663141277395,184.80095459660492,184.80095459660492
HeadM209_DaysToHeading,Lauppe,16,30,Local vs PRISM,204.44256112439285,189.7815836830247,189.7815836830247
HeadM209_DaysToHeading,Lauppe,16,31,Local vs PRISM,209.41420914438925,194.0361238175926,194.0361238175926
HeadM209_DaysToHeading,Lauppe,16,32,Local vs PRISM,212.83136898903737,196.6920190191358,196.6920190191358
HeadM209_DaysToHeading,Lauppe,16,33,Local vs PRISM,214.39294296433442,197.6366457425926,197.6366457425926
HeadM209_DaysToHeading,Lauppe,16,34,Local vs PRISM,214.52811378445978,197.23027580123457,197.23027580123457
HeadM209_DaysToHeading,Lauppe,16,35,Local vs PRISM,212.74045854187375,195.00183971790125,195.00183971790125
HeadM209_DaysToHeading,Lauppe,16,36,Local vs PRISM,210.13428421287497,191.6373214691358,191.6373214691358
HeadM209_DaysToHeading,Lauppe,16,37,Local vs PRISM,207.31551171089848,187.82272026234568,187.82272026234568
HeadM209_DaysToHeading,Lauppe,16,38,Local vs PRISM,204.78213992934005,184.4278675148148,184.4278675148148
HeadM209_DaysToHeading,Lauppe,16,39,Local vs PRISM,203.1817813494795,182.17238769691357,182.17238769691357
HeadM209_DaysToHeading,Lauppe,16,40,Local vs PRISM,202.1944012547314,180.72210883580246,180.72210883580246
HeadM209_DaysToHeading,Lauppe,17,25,Local vs PRISM,120.72488455203846,113.98085847438271,113.98085847438271
HeadM209_DaysToHeading,Lauppe,17,26,Local vs PRISM,125.78661743979048,118.74641402993828,118.74641402993828
HeadM209_DaysToHeading,Lauppe,17,27,Local vs PRISM,130.77679887440016,123.39342020277778,123.39342020277778
HeadM209_DaysToHeading,Lauppe,17,28,Local vs PRISM,135.75063817452812,128.016853595679,128.016853595679
HeadM209_DaysToHeading,Lauppe,17,29,Local vs PRISM,140.6103372112029,132.4981598265432,132.4981598265432
HeadM209_DaysToHeading,Lauppe,17,30,Local vs PRISM,145.31664452415237,136.7651160734568,136.7651160734568
HeadM209_DaysToHeading,Lauppe,17,31,Local vs PRISM,149.75291221795433,140.78823335740742,140.78823335740742
HeadM209_DaysToHeading,Lauppe,17,32,Local vs PRISM,153.4258389810896,144.01502362067902,144.01502362067902
HeadM209_DaysToHeading,Lauppe,17,33,Local vs PRISM,155.83086159631952,146.04892242314816,146.04892242314816
HeadM209_DaysToHeading,Lauppe,17,34,Local vs PRISM,157.26123030585336,147.08353905462963,147.08353905462963
HeadM209_DaysToHeading,Lauppe,17,35,Local vs PRISM,157.58301495992185,146.99587752530863,146.99587752530863
HeadM209_DaysToHeading,Lauppe,17,36,Local vs PRISM,156.7416808951922,145.4980379851852,145.4980379851852
HeadM209_DaysToHeading,Lauppe,17,37,Local vs PRISM,155.41570160346788,143.39735874537038,143.39735874537038
HeadM209_DaysToHeading,Lauppe,17,38,Local vs PRISM,153.9414341603475,141.17181609753086,141.17181609753086
HeadM209_DaysToHeading,Lauppe,17,39,Local vs PRISM,152.75130532552512,139.3261248351852,139.3261248351852
HeadM209_DaysToHeading,Lauppe,17,40,Local vs PRISM,151.98795444143624,138.04927906666666,138.04927906666666
HeadM209_DaysToHeading,Lauppe,18,25,Local vs PRISM,74.74080794946646,69.07285543703703,69.07285543703703
HeadM209_DaysToHeading,Lauppe,18,26,Local vs PRISM,77.75644230423842,71.84992333827161,71.84992333827161
HeadM209_DaysToHeading,Lauppe,18,27,Local vs PRISM,80.73827387274952,74.55248506666666,74.55248506666666
HeadM209_DaysToHeading,Lauppe,18,28,Local vs PRISM,83.72345617372196,77.26030117561729,77.26030117561729
HeadM209_DaysToHeading,Lauppe,18,29,Local vs PRISM,86.69645819160027,79.92696784228394,79.92696784228394
HeadM209_DaysToHeading,Lauppe,18,30,Local vs PRISM,89.65930271351183,82.58682404320987,82.58682404320987
HeadM209_DaysToHeading,Lauppe,18,31,Local vs PRISM,92.41710440294428,85.05210182098766,85.05210182098766
HeadM209_DaysToHeading,Lauppe,18,32,Local vs PRISM,94.91302631622922,87.22858330246915,87.22858330246915
HeadM209_DaysToHeading,Lauppe,18,33,Local vs PRISM,96.99797547914689,88.90549688271606,88.90549688271606
HeadM209_DaysToHeading,Lauppe,18,34,Local vs PRISM,98.67757107572254,90.07704011790125,90.07704011790125
HeadM209_DaysToHeading,Lauppe,18,35,Local vs PRISM,99.78738211052422,90.6257623638889,90.6257623638889
HeadM209_DaysToHeading,Lauppe,18,36,Local vs PRISM,99.93326138862832,90.05273146913581,90.05273146913581
HeadM209_DaysToHeading,Lauppe,18,37,Local vs PRISM,99.50843479607443,88.86442477438271,88.86442477438271
HeadM209_DaysToHeading,Lauppe,18,38,Local vs PRISM,98.80162525024352,87.42621198271605,87.42621198271605
HeadM209_DaysToHeading,Lauppe,18,39,Local vs PRISM,98.010489874654,86.05997051666667,86.05997051666667
HeadM209_DaysToHeading,Lauppe,18,40,Local vs PRISM,97.36745733628209,84.96237000123456,84.96237000123456
HeadM209_DaysToHeading,Lauppe,19,25,Local vs PRISM,51.19475994978833,44.37080310185185,44.37080310185185
HeadM209_DaysToHeading,Lauppe,19,26,Local vs PRISM,53.18580322855097,46.09302532407407,46.09302532407407
HeadM209_DaysToHeading,Lauppe,19,27,Local vs PRISM,55.16833057345919,47.79558705246913,47.79558705246913
HeadM209_DaysToHeading,Lauppe,19,28,Local vs PRISM,57.135235056461894,49.45802532407407,49.45802532407407
HeadM209_DaysToHeading,Lauppe,19,29,Local vs PRISM,59.10154979414766,51.06913643518518,51.06913643518518
HeadM209_DaysToHeading,Lauppe,19,30,Local vs PRISM,61.07035685014967,52.68420868549382,52.68420868549382
HeadM209_DaysToHeading,Lauppe,19,31,Local vs PRISM,63.03929043508224,54.31297411759259,54.347570118209866
HeadM209_DaysToHeading,Lauppe,19,32,Local vs PRISM,64.97632292462978,55.89797411759259,56.04368122932098
HeadM209_DaysToHeading,Lauppe,19,33,Local vs PRISM,66.7344070627772,57.30491856203703,57.56173678487654
HeadM209_DaysToHeading,Lauppe,19,34,Local vs PRISM,68.38339445976322,58.48602969845678,59.01531705709876
HeadM209_DaysToHeading,Lauppe,19,35,Local vs PRISM,69.77836287812406,59.29293095679012,60.16197140185185
HeadM209_DaysToHeading,Lauppe,19,36,Local vs PRISM,70.60064762102083,59.33746799382716,60.65095288333333
HeadM209_DaysToHeading,Lauppe,19,37,Local vs PRISM,71.00590175002215,58.98027551203704,60.73820484598765
HeadM209_DaysToHeading,Lauppe,19,38,Local vs PRISM,71.07043927937923,58.44791852561728,60.61323675833333
HeadM209_DaysToHeading,Lauppe,19,39,Local vs PRISM,70.77367428669102,57.68993287746914,60.038373110185184
HeadM209_DaysToHeading,Lauppe,19,40,Local vs PRISM,70.46280230662873,57.00916014907408,59.4160559558642
HeadM209_DaysToHeading,Lauppe,20,25,Local vs PRISM,36.507793237343755,26.6995240941358,32.44204752067901
HeadM209_DaysToHeading,Lauppe,20,26,Local vs PRISM,37.88134583290141,27.6995240941358,33.66426974290123
HeadM209_DaysToHeading,Lauppe,20,27,Local vs PRISM,39.25495554628599,28.6995240941358,34.886491965123454
HeadM209_DaysToHeading,Lauppe,20,28,Local vs PRISM,40.62861658422152,29.699524094135803,36.10871418734568
HeadM209_DaysToHeading,Lauppe,20,29,Local vs PRISM,42.00232391109149,30.699524094135803,37.330936409567904
HeadM209_DaysToHeading,Lauppe,20,30,Local vs PRISM,43.373258207177535,31.703485233333335,38.54919749259259
HeadM209_DaysToHeading,Lauppe,20,31,Local vs PRISM,44.65100561735047,32.72113955432099,39.67796292469136
HeadM209_DaysToHeading,Lauppe,20,32,Local vs PRISM,45.893779560106516,33.70808399876543,40.77601848024691
HeadM209_DaysToHeading,Lauppe,20,33,Local vs PRISM,47.09081209676153,34.641077825925926,41.82012341851852
HeadM209_DaysToHeading,Lauppe,20,34,Local vs PRISM,48.25693875292629,35.52746674012346,42.81762344382716
HeadM209_DaysToHeading,Lauppe,20,35,Local vs PRISM,49.38082586812929,36.292127233950616,43.743950604320986
HeadM209_DaysToHeading,Lauppe,20,36,Local vs PRISM,50.01983334279445,36.632405011728395,44.306450604320986
HeadM209_DaysToHeading,Lauppe,20,37,Local vs PRISM,50.47780757692111,36.77769520462963,44.76285190833333
HeadM209_DaysToHeading,Lauppe,20,38,Local vs PRISM,50.63124896785331,36.7467297941358,44.98373069228395
HeadM209_DaysToHeading,Lauppe,20,39,Local vs PRISM,50.44922128999489,36.457248426851855,44.91647154722222
HeadM209_DaysToHeading,Lauppe,20,40,Local vs PRISM,50.1625555357176,36.12053188055555,44.75496616759259
HeadM209_DaysToHeading,Rehmann,10,25,Local vs PRISM,15.413742099745768,-1.3005704201388824,13.13826413263891
HeadM209_DaysToHeading,Rehmann,10,26,Local vs PRISM,15.308224582024007,-1.4099132166666948,12.667365491666686
HeadM209_DaysToHeading,Rehmann,10,27,Local vs PRISM,15.003009975957463,-1.968204620833319,12.742935595833274
HeadM209_DaysToHeading,Rehmann,10,28,Local vs PRISM,14.36854600984766,-2.5169727145833463,12.459779231249911
HeadM209_DaysToHeading,Rehmann,10,29,Local vs PRISM,13.84194913958593,-4.457266406944427,12.026985637499934
HeadM209_DaysToHeading,Rehmann,10,30,Local vs PRISM,14.725168776512035,-7.681386692361116,13.548365438194423
HeadM209_DaysToHeading,Rehmann,10,31,Local vs PRISM,16.59947849143083,-11.856841543749965,14.815162974305508
HeadM209_DaysToHeading,Rehmann,10,32,Local vs PRISM,20.855718341515907,-17.61035406388885,17.61035406388885
HeadM209_DaysToHeading,Rehmann,10,33,Local vs PRISM,26.915376700217443,-23.624538358333268,23.624538358333268
HeadM209_DaysToHeading,Rehmann,10,34,Local vs PRISM,33.406341357940285,-30.007162087500035,30.007162087500035
HeadM209_DaysToHeading,Rehmann,10,35,Local vs PRISM,39.112778075419286,-35.49227203402779,35.49227203402779
HeadM209_DaysToHeading,Rehmann,10,36,Local vs PRISM,43.90519977025192,-40.188996354861104,40.188996354861104
HeadM209_DaysToHeading,Rehmann,10,37,Local vs PRISM,47.05663093751837,-43.543760751388845,43.543760751388845
HeadM209_DaysToHeading,Rehmann,10,38,Local vs PRISM,48.658819979170275,-45.21555718263892,45.21555718263892
HeadM209_DaysToHeading,Rehmann,10,39,Local vs PRISM,49.984349899848745,-46.45515658541666,46.45515658541666
HeadM209_DaysToHeading,Rehmann,10,40,Local vs PRISM,50.899095103117766,-47.474620106249915,47.474620106249915
HeadM209_DaysToHeading,Rehmann,11,25,Local vs PRISM,27.83708076817375,1.6953515430555512,27.253074461111055
HeadM209_DaysToHeading,Rehmann,11,26,Local vs PRISM,29.011238744482135,1.645546156944448,28.476352297222235
HeadM209_DaysToHeading,Rehmann,11,27,Local vs PRISM,29.645656774039878,1.0006158298611183,29.323449245138903
HeadM209_DaysToHeading,Rehmann,11,28,Local vs PRISM,30.385658331802436,0.12861159097221275,30.25280670624997
HeadM209_DaysToHeading,Rehmann,11,29,Local vs PRISM,31.732613676984414,-2.1220293236110592,31.621416375000024
HeadM209_DaysToHeading,Rehmann,11,30,Local vs PRISM,32.893665495952845,-5.472774679861175,32.37667119374993
HeadM209_DaysToHeading,Rehmann,11,31,Local vs PRISM,33.68047101252633,-9.768181080555564,32.17440569583334
HeadM209_DaysToHeading,Rehmann,11,32,Local vs PRISM,35.742403703671606,-15.521693600694391,32.174171154861085
HeadM209_DaysToHeading,Rehmann,11,33,Local vs PRISM,40.186118439896674,-21.563280669444453,33.90905588194448
HeadM209_DaysToHeading,Rehmann,11,34,Local vs PRISM,45.73116429029125,-27.945904398611106,36.13759821527776
HeadM209_DaysToHeading,Rehmann,11,35,Local vs PRISM,50.872828780971226,-33.43101434513886,38.12696242013891
HeadM209_DaysToHeading,Rehmann,11,36,Local vs PRISM,54.349281622000234,-38.127738665972174,39.41821051597219
HeadM209_DaysToHeading,Rehmann,11,37,Local vs PRISM,56.3115731041179,-41.48250306250003,41.48250306250003
HeadM209_DaysToHeading,Rehmann,11,38,Local vs PRISM,57.27440227967265,-43.15429949374999,43.15429949374999
HeadM209_DaysToHeading,Rehmann,11,39,Local vs PRISM,57.7182195811577,-44.393898896527844,44.393898896527844
HeadM209_DaysToHeading,Rehmann,11,40,Local vs PRISM,57.884928447649095,-45.41336241736116,45.41336241736116
HeadM209_DaysToHeading,Rehmann,12,25,Local vs PRISM,21.98724106347925,0.45657497013891657,18.196465870138894
HeadM209_DaysToHeading,Rehmann,12,26,Local vs PRISM,22.62824701236805,0.12079728611112728,18.6501323638889
HeadM209_DaysToHeading,Rehmann,12,27,Local vs PRISM,22.858522987118914,-0.7086053812500097,19.218813377083364
HeadM209_DaysToHeading,Rehmann,12,28,Local vs PRISM,22.663423921216115,-2.0321165090277873,19.212052450694387
HeadM209_DaysToHeading,Rehmann,12,29,Local vs PRISM,22.68200291486449,-4.816021312499998,20.136897895833357
HeadM209_DaysToHeading,Rehmann,12,30,Local vs PRISM,23.816686090644403,-8.689505569444435,22.410191163888868
HeadM209_DaysToHeading,Rehmann,12,31,Local vs PRISM,25.205394863296604,-13.395911831249947,24.132842540972234
HeadM209_DaysToHeading,Rehmann,12,32,Local vs PRISM,29.024794794903187,-19.560271556250058,27.01309402430556
HeadM209_DaysToHeading,Rehmann,12,33,Local vs PRISM,35.059128159833634,-25.722205847222284,32.153103684722254
HeadM209_DaysToHeading,Rehmann,12,34,Local vs PRISM,41.24729427250494,-31.910051790972176,36.94378388541659
HeadM209_DaysToHeading,Rehmann,12,35,Local vs PRISM,46.76674899026526,-37.389086831944354,40.799473277777764
HeadM209_DaysToHeading,Rehmann,12,36,Local vs PRISM,51.266626119815534,-42.131783375,43.60188752083337
HeadM209_DaysToHeading,Rehmann,12,37,Local vs PRISM,54.09841946179413,-45.486547771527825,45.486547771527825
HeadM209_DaysToHeading,Rehmann,12,38,Local vs PRISM,55.55139448169699,-47.1583442027777,47.1583442027777
HeadM209_DaysToHeading,Rehmann,12,39,Local vs PRISM,56.772733831133486,-48.397943605555554,48.397943605555554
HeadM209_DaysToHeading,Rehmann,12,40,Local vs PRISM,57.509698444669645,-49.417407126388866,49.417407126388866
HeadM209_DaysToHeading,Rehmann,13,25,Local vs PRISM,98.67063867668135,-38.489683944444465,86.63231764861112
HeadM209_DaysToHeading,Rehmann,13,26,Local vs PRISM,103.27859794544396,-40.57514212152779,90.70249804791666
HeadM209_DaysToHeading,Rehmann,13,27,Local vs PRISM,107.51126285205159,-42.81711436666669,94.48127584861109
HeadM209_DaysToHeading,Rehmann,13,28,Local vs PRISM,111.73374100309061,-45.564944950694496,98.44808435208336
HeadM209_DaysToHeading,Rehmann,13,29,Local vs PRISM,115.98676593121071,-49.50749864027779,102.92517018888896
HeadM209_DaysToHeading,Rehmann,13,30,Local vs PRISM,120.78082052643938,-54.433770515972185,107.90314822847222
HeadM209_DaysToHeading,Rehmann,13,31,Local vs PRISM,125.12542981618944,-60.31979634513891,112.07731887291669
HeadM209_DaysToHeading,Rehmann,13,32,Local vs PRISM,130.18648589276162,-67.17382758958331,116.60231570902778
HeadM209_DaysToHeading,Rehmann,13,33,Local vs PRISM,135.96871450764664,-73.75426176944447,122.4108252583334
HeadM209_DaysToHeading,Rehmann,13,34,Local vs PRISM,141.1930087328419,-80.10108008055553,127.71047782638888
HeadM209_DaysToHeading,Rehmann,13,35,Local vs PRISM,145.73692010916017,-85.68036494583333,132.16641704305556
HeadM209_DaysToHeading,Rehmann,13,36,Local vs PRISM,149.62380302868752,-90.40835195069445,135.3978463798611
HeadM209_DaysToHeading,Rehmann,13,37,Local vs PRISM,152.12533584553495,-93.76311634722225,137.38902541527779
HeadM209_DaysToHeading,Rehmann,13,38,Local vs PRISM,153.48468020117042,-95.40473766458331,138.47707281875
HeadM209_DaysToHeading,Rehmann,13,39,Local vs PRISM,154.84831663206324,-96.64433706736116,139.38822498541668
HeadM209_DaysToHeading,Rehmann,13,40,Local vs PRISM,155.51328481465424,-97.66380058819448,139.53123321458332
HeadM209_DaysToHeading,Rehmann,14,25,Local vs PRISM,170.97797339475642,-116.46155109375,160.55550576875004
HeadM209_DaysToHeading,Rehmann,14,26,Local vs PRISM,179.53079779785423,-122.67113442708333,168.51508910208335
HeadM209_DaysToHeading,Rehmann,14,27,Local vs PRISM,188.1304092842659,-128.92550942708334,176.51071410208334
HeadM209_DaysToHeading,Rehmann,14,28,Local vs PRISM,196.68179847356137,-135.33140936180558,184.38559195624998
HeadM209_DaysToHeading,Rehmann,14,29,Local vs PRISM,205.23617815057344,-142.2872383493056,192.13134648125003
HeadM209_DaysToHeading,Rehmann,14,30,Local vs PRISM,214.277639204801,-150.30541311180554,200.17344962986112
HeadM209_DaysToHeading,Rehmann,14,31,Local vs PRISM,222.78476248110908,-158.38974546180555,207.35875728402777
HeadM209_DaysToHeading,Rehmann,14,32,Local vs PRISM,231.24973565087407,-166.8410169375,214.22634689722224
HeadM209_DaysToHeading,Rehmann,14,33,Local vs PRISM,239.92891223661456,-174.77996049444442,221.73140217361112
HeadM209_DaysToHeading,Rehmann,14,34,Local vs PRISM,247.46312342628838,-181.92837496388893,227.9928477083334
HeadM209_DaysToHeading,Rehmann,14,35,Local vs PRISM,253.86946959369067,-188.0279191993056,233.25472134375002
HeadM209_DaysToHeading,Rehmann,14,36,Local vs PRISM,258.7245749981106,-192.9359200090278,236.99010863263888
HeadM209_DaysToHeading,Rehmann,14,37,Local vs PRISM,261.4087124417277,-196.25141674930555,238.9596944576389
HeadM209_DaysToHeading,Rehmann,14,38,Local vs PRISM,262.8208239940248,-197.89303806666663,240.0477418611111
HeadM209_DaysToHeading,Rehmann,14,39,Local vs PRISM,264.00700110043624,-199.1326374694445,240.95889402777783
HeadM209_DaysToHeading,Rehmann,14,40,Local vs PRISM,264.58468491438987,-200.15210099027777,241.10190225694444
HeadM209_DaysToHeading,Rehmann,15,25,Local vs PRISM,142.85753019811239,-69.46689506319446,142.58266167569445
HeadM209_DaysToHeading,Rehmann,15,26,Local vs PRISM,149.61718023223193,-72.96689506319446,149.33266167569445
HeadM209_DaysToHeading,Rehmann,15,27,Local vs PRISM,156.37274093533867,-76.47127006319445,156.07828667569444
HeadM209_DaysToHeading,Rehmann,15,28,Local vs PRISM,162.91308535826678,-80.22027006875,162.6100644590278
HeadM209_DaysToHeading,Rehmann,15,29,Local vs PRISM,169.23163903883764,-84.4852991048611,168.92039664097223
HeadM209_DaysToHeading,Rehmann,15,30,Local vs PRISM,175.73720612289333,-89.29808647569445,175.39738697986112
HeadM209_DaysToHeading,Rehmann,15,31,Local vs PRISM,182.14375317987657,-94.3170155152778,181.75090243472226
HeadM209_DaysToHeading,Rehmann,15,32,Local vs PRISM,188.52741582751474,-99.83952076250002,188.0412304138889
HeadM209_DaysToHeading,Rehmann,15,33,Local vs PRISM,195.00586214060752,-105.03717296041668,194.45504955208332
HeadM209_DaysToHeading,Rehmann,15,34,Local vs PRISM,200.65627310526767,-109.9867252777778,200.03957958333334
HeadM209_DaysToHeading,Rehmann,15,35,Local vs PRISM,205.04500211400648,-114.35650178958333,204.28686016875002
HeadM209_DaysToHeading,Rehmann,15,36,Local vs PRISM,208.2796101179798,-118.14993829861109,207.27906116944442
HeadM209_DaysToHeading,Rehmann,15,37,Local vs PRISM,210.24921333328405,-120.96928257013893,209.0024945256945
HeadM209_DaysToHeading,Rehmann,15,38,Local vs PRISM,211.3129896194327,-122.433166175,209.91927871111113
HeadM209_DaysToHeading,Rehmann,15,39,Local vs PRISM,212.39075299223842,-123.67276557777775,210.83043087777776
HeadM209_DaysToHeading,Rehmann,15,40,Local vs PRISM,212.71293720606164,-124.69222909861111,210.97343910694443
HeadM209_DaysToHeading,Rehmann,16,25,Local vs PRISM,82.49779949570924,6.821526588888894,66.59727749444446
HeadM209_DaysToHeading,Rehmann,16,26,Local vs PRISM,86.18798017718674,7.071526588888894,69.59727749444446
HeadM209_DaysToHeading,Rehmann,16,27,Local vs PRISM,89.87824504523897,7.321526588888894,72.59727749444446
HeadM209_DaysToHeading,Rehmann,16,28,Local vs PRISM,93.35902829859155,7.5032904722222185,75.44829138888889
HeadM209_DaysToHeading,Rehmann,16,29,Local vs PRISM,96.04664325696845,7.279262694444441,77.82606916666667
HeadM209_DaysToHeading,Rehmann,16,30,Local vs PRISM,98.63179948968299,6.904262694444441,80.20106916666667
HeadM209_DaysToHeading,Rehmann,16,31,Local vs PRISM,100.8606960875474,6.207457138888884,82.45620805555556
HeadM209_DaysToHeading,Rehmann,16,32,Local vs PRISM,103.24309512207027,5.162980863194441,85.07925946597223
HeadM209_DaysToHeading,Rehmann,16,33,Local vs PRISM,105.70299109367275,3.835203199999988,87.92523157361111
HeadM209_DaysToHeading,Rehmann,16,34,Local vs PRISM,108.05067901959195,2.176872986805556,90.81201172291668
HeadM209_DaysToHeading,Rehmann,16,35,Local vs PRISM,109.85396917996113,0.4295466923611073,93.1882412826389
HeadM209_DaysToHeading,Rehmann,16,36,Local vs PRISM,110.87232426556135,-1.7684391902777818,95.15469938750002
HeadM209_DaysToHeading,Rehmann,16,37,Local vs PRISM,111.13339578984359,-3.6635194152777686,96.20386869722222
HeadM209_DaysToHeading,Rehmann,16,38,Local vs PRISM,111.62815225076632,-4.980777978472233,97.22402784097223
HeadM209_DaysToHeading,Rehmann,16,39,Local vs PRISM,112.00235110298156,-6.146153763194441,98.09245918125
HeadM209_DaysToHeading,Rehmann,16,40,Local vs PRISM,111.77910340965595,-6.997367200694434,98.31721732708334
HeadM209_DaysToHeading,Rehmann,17,25,Local vs PRISM,44.32663554111533,7.117398352777778,34.00214934722222
HeadM209_DaysToHeading,Rehmann,17,26,Local vs PRISM,46.22921674458465,7.367398352777778,35.50214934722222
HeadM209_DaysToHeading,Rehmann,17,27,Local vs PRISM,48.13190566807741,7.617398352777778,37.00214934722222
HeadM209_DaysToHeading,Rehmann,17,28,Local vs PRISM,50.03469002265946,7.867398352777778,38.50214934722222
HeadM209_DaysToHeading,Rehmann,17,29,Local vs PRISM,51.77248725946987,7.9628844638888925,39.949441013888894
HeadM209_DaysToHeading,Rehmann,17,30,Local vs PRISM,53.51124750430223,7.9628844638888925,41.449441013888894
HeadM209_DaysToHeading,Rehmann,17,31,Local vs PRISM,55.251848674061705,7.9628844638888925,42.949441013888894
HeadM209_DaysToHeading,Rehmann,17,32,Local vs PRISM,56.986023316468035,7.967106731944446,44.44521874583334
HeadM209_DaysToHeading,Rehmann,17,33,Local vs PRISM,58.496924300098975,7.806203954166664,45.874315968055555
HeadM209_DaysToHeading,Rehmann,17,34,Local vs PRISM,59.73628090658679,7.260565473611107,47.29842667083334
HeadM209_DaysToHeading,Rehmann,17,35,Local vs PRISM,60.38148375171184,6.519879395833335,48.32729658333334
HeadM209_DaysToHeading,Rehmann,17,36,Local vs PRISM,60.68951119725965,5.250768463888889,49.32612973750001
HeadM209_DaysToHeading,Rehmann,17,37,Local vs PRISM,60.45428570704798,3.857963872916663,49.89785360347222
HeadM209_DaysToHeading,Rehmann,17,38,Local vs PRISM,60.37096731012676,2.831619231249988,50.35612097569445
HeadM209_DaysToHeading,Rehmann,17,39,Local vs PRISM,60.46853145149756,1.65974368263889,50.9810520798611
HeadM209_DaysToHeading,Rehmann,17,40,Local vs PRISM,60.23094184475774,0.7475580229166496,51.14483800347223
HeadM209_DaysToHeading,Rehmann,18,25,Local vs PRISM,32.32814448104452,10.05402862222222,27.078973975000004
HeadM209_DaysToHeading,Rehmann,18,26,Local vs PRISM,33.673551926298515,10.42902862222222,28.203973975000004
HeadM209_DaysToHeading,Rehmann,18,27,Local vs PRISM,35.01902730058269,10.804028622222223,29.328973975000007
HeadM209_DaysToHeading,Rehmann,18,28,Local vs PRISM,36.364563063850895,11.179028622222223,30.453973975000007
HeadM209_DaysToHeading,Rehmann,18,29,Local vs PRISM,37.76431233737725,11.50312584444444,31.62987675277779
HeadM209_DaysToHeading,Rehmann,18,30,Local vs PRISM,39.24405743355695,11.75312584444444,32.87987675277779
HeadM209_DaysToHeading,Rehmann,18,31,Local vs PRISM,40.72528454635584,12.00312584444444,34.12987675277779
HeadM209_DaysToHeading,Rehmann,18,32,Local vs PRISM,42.18511297374105,12.273875890277779,35.35912670694445
HeadM209_DaysToHeading,Rehmann,18,33,Local vs PRISM,43.53116807728105,12.636098112500003,36.47134892916667
HeadM209_DaysToHeading,Rehmann,18,34,Local vs PRISM,44.829645142157865,12.8229731125,37.459807384722225
HeadM209_DaysToHeading,Rehmann,18,35,Local vs PRISM,46.17600125907122,12.848959006249997,38.61534926875
HeadM209_DaysToHeading,Rehmann,18,36,Local vs PRISM,47.339226957290855,12.326348013194451,39.60148842847222
HeadM209_DaysToHeading,Rehmann,18,37,Local vs PRISM,48.132333131478624,11.78382007916667,40.26846080694443
HeadM209_DaysToHeading,Rehmann,18,38,Local vs PRISM,48.425899800136,11.307028195138894,40.51247491319444
HeadM209_DaysToHeading,Rehmann,18,39,Local vs PRISM,48.769789711742504,10.409680507638885,40.738433517361116
HeadM209_DaysToHeading,Rehmann,18,40,Local vs PRISM,48.8985687126678,9.668744847916663,40.83721924652778
HeadM209_DaysToHeading,Rehmann,19,25,Local vs PRISM,28.530071528677997,18.817180311111112,24.1014308
HeadM209_DaysToHeading,Rehmann,19,26,Local vs PRISM,29.702194709563404,19.567180311111112,25.1014308
HeadM209_DaysToHeading,Rehmann,19,27,Local vs PRISM,30.87435440131744,20.317180311111112,26.1014308
HeadM209_DaysToHeading,Rehmann,19,28,Local vs PRISM,32.04654659758962,21.067180311111112,27.1014308
HeadM209_DaysToHeading,Rehmann,19,29,Local vs PRISM,33.23817753067249,21.766277533333337,28.152333577777775
HeadM209_DaysToHeading,Rehmann,19,30,Local vs PRISM,34.45958887586784,22.391277533333337,29.277333577777775
HeadM209_DaysToHeading,Rehmann,19,31,Local vs PRISM,35.682980332746425,23.016277533333337,30.402333577777775
HeadM209_DaysToHeading,Rehmann,19,32,Local vs PRISM,36.89931006835553,23.662027579166672,31.50658353194444
HeadM209_DaysToHeading,Rehmann,19,33,Local vs PRISM,38.071900732507714,24.412027579166672,32.506583531944436
HeadM209_DaysToHeading,Rehmann,19,34,Local vs PRISM,39.24449219000291,25.162027579166672,33.506583531944436
HeadM209_DaysToHeading,Rehmann,19,35,Local vs PRISM,40.45547340082734,25.771263690277785,34.62637519861111
HeadM209_DaysToHeading,Rehmann,19,36,Local vs PRISM,41.4290888812768,26.087374801388894,35.69248630972221
HeadM209_DaysToHeading,Rehmann,19,37,Local vs PRISM,42.12370930557262,26.41984686736112,36.48445868819444
HeadM209_DaysToHeading,Rehmann,19,38,Local vs PRISM,42.59773539949342,26.868944089583337,36.96036146597222
HeadM209_DaysToHeading,Rehmann,19,39,Local vs PRISM,42.87468749066949,26.81922186736111,37.263694799305554
HeadM209_DaysToHeading,Rehmann,19,40,Local vs PRISM,43.00794741645805,26.552111186805554,37.53080547986111
HeadM209_DaysToHeading,Rehmann,20,25,Local vs PRISM,11.74000045833333,-5.870000229166665,5.870000229166665
HeadM209_DaysToHeading,Rehmann,20,26,Local vs PRISM,12.24000045833333,-6.120000229166665,6.120000229166665
HeadM209_DaysToHeading,Rehmann,20,27,Local vs PRISM,12.74000045833333,-6.370000229166665,6.370000229166665
HeadM209_DaysToHeading,Rehmann,20,28,Local vs PRISM,13.24000045833333,-6.620000229166665,6.620000229166665
HeadM209_DaysToHeading,Rehmann,20,29,Local vs PRISM,13.841806013888885,-6.920903006944442,6.920903006944442
HeadM209_DaysToHeading,Rehmann,20,30,Local vs PRISM,14.591806013888885,-7.295903006944442,7.295903006944442
HeadM209_DaysToHeading,Rehmann,20,31,Local vs PRISM,15.341806013888885,-7.670903006944442,7.670903006944442
HeadM209_DaysToHeading,Rehmann,20,32,Local vs PRISM,16.050305922222222,-8.025152961111111,8.025152961111111
HeadM209_DaysToHeading,Rehmann,20,33,Local vs PRISM,16.550305922222222,-8.275152961111111,8.275152961111111
HeadM209_DaysToHeading,Rehmann,20,34,Local vs PRISM,17.050305922222222,-8.525152961111111,8.525152961111111
HeadM209_DaysToHeading,Rehmann,20,35,Local vs PRISM,17.550305922222222,-8.775152961111111,8.775152961111111
HeadM209_DaysToHeading,Rehmann,20,36,Local vs PRISM,18.050305922222222,-9.025152961111111,9.025152961111111
HeadM209_DaysToHeading,Rehmann,20,37,Local vs PRISM,18.296556074999998,-9.148278037499999,9.148278037499999
HeadM209_DaysToHeading,Rehmann,20,38,Local vs PRISM,18.323361630555553,-9.161680815277776,9.161680815277776
HeadM209_DaysToHeading,Rehmann,20,39,Local vs PRISM,18.67641718611111,-9.338208593055555,9.338208593055555
HeadM209_DaysToHeading,Rehmann,20,40,Local vs PRISM,19.210638547222224,-9.605319273611112,9.605319273611112
HeadM209_DaysToHeading,Schohr,10,25,Local vs PRISM,50.49252612864706,25.02126881759259,40.927448913888874
HeadM209_DaysToHeading,Schohr,10,26,Local vs PRISM,50.656844984756496,24.50332160030866,40.97796457067903
HeadM209_DaysToHeading,Schohr,10,27,Local vs PRISM,50.57829674156853,23.829158826851806,40.99993712006176
HeadM209_DaysToHeading,Schohr,10,28,Local vs PRISM,50.39436458815244,22.762594405864192,40.703730517592554
HeadM209_DaysToHeading,Schohr,10,29,Local vs PRISM,49.53714755961741,21.050882741975304,39.76384201234565
HeadM209_DaysToHeading,Schohr,10,30,Local vs PRISM,48.97983905302854,18.518980955246914,40.02104326697539
HeadM209_DaysToHeading,Schohr,10,31,Local vs PRISM,48.796225264823406,15.633493582098758,40.72443153703706
HeadM209_DaysToHeading,Schohr,10,32,Local vs PRISM,49.06102581649419,11.746732203703662,41.350345791975315
HeadM209_DaysToHeading,Schohr,10,33,Local vs PRISM,50.06969180156111,7.0813937410493715,41.51424087685182
HeadM209_DaysToHeading,Schohr,10,34,Local vs PRISM,53.00233851126816,2.3076295160493476,42.35366515679013
HeadM209_DaysToHeading,Schohr,10,35,Local vs PRISM,56.897403385396025,-2.970239598765425,43.41931435493828
HeadM209_DaysToHeading,Schohr,10,36,Local vs PRISM,61.29803554282985,-7.301557750000004,46.13456928024695
HeadM209_DaysToHeading,Schohr,10,37,Local vs PRISM,65.12329301479477,-10.492848152777746,49.3367742064815
HeadM209_DaysToHeading,Schohr,10,38,Local vs PRISM,67.8774785744502,-12.643499626234542,51.06855893487656
HeadM209_DaysToHeading,Schohr,10,39,Local vs PRISM,69.5137733006875,-13.830302885493843,51.68275303981485
HeadM209_DaysToHeading,Schohr,10,40,Local vs PRISM,70.453402610019765,-14.508826079938242,51.938385555246946
HeadM209_DaysToHeading,Schohr,11,25,Local vs PRISM,57.56239551187518,31.33581525246912,47.179921782716015
HeadM209_DaysToHeading,Schohr,11,26,Local vs PRISM,58.01781299717418,31.0340056623457,47.47126642469138
HeadM209_DaysToHeading,Schohr,11,27,Local vs PRISM,58.115318257706285,30.538499709259213,47.6348587574074
HeadM209_DaysToHeading,Schohr,11,28,Local vs PRISM,58.06420161573465,29.724157455246857,47.47976321080239
HeadM209_DaysToHeading,Schohr,11,29,Local vs PRISM,57.277194039130386,28.081295778703698,46.58213582932097
HeadM209_DaysToHeading,Schohr,11,30,Local vs PRISM,56.44818888251338,25.591782802160473,45.36928136944443
HeadM209_DaysToHeading,Schohr,11,31,Local vs PRISM,55.72178210540404,22.757195358333245,45.19420189166666
HeadM209_DaysToHeading,Schohr,11,32,Local vs PRISM,55.46587032223096,18.870433979938248,45.82011614660496
HeadM209_DaysToHeading,Schohr,11,33,Local vs PRISM,55.719253339809434,14.205095517283983,45.984011231481496
HeadM209_DaysToHeading,Schohr,11,34,Local vs PRISM,57.93546087937145,9.431331292283934,46.823435511419774
HeadM209_DaysToHeading,Schohr,11,35,Local vs PRISM,61.31488645425711,4.153462177469111,48.15558509413581
HeadM209_DaysToHeading,Schohr,11,36,Local vs PRISM,65.3467985309095,-0.177855973765443,52.09228406697525
HeadM209_DaysToHeading,Schohr,11,37,Local vs PRISM,68.94436234523508,-3.3691463765431866,55.11572350987657
HeadM209_DaysToHeading,Schohr,11,38,Local vs PRISM,71.54876327890068,-5.519797850000007,56.70917490493824
HeadM209_DaysToHeading,Schohr,11,39,Local vs PRISM,73.0406007587187,-6.706601109259282,57.101146787654365
HeadM209_DaysToHeading,Schohr,11,40,Local vs PRISM,73.8527882840699,-7.385124303703681,57.14044612407406
HeadM209_DaysToHeading,Schohr,12,25,Local vs PRISM,62.87430716037721,38.08738090925926,51.90854465925928
HeadM209_DaysToHeading,Schohr,12,26,Local vs PRISM,63.3957426382448,38.03318167592592,52.316913289506175
HeadM209_DaysToHeading,Schohr,12,27,Local vs PRISM,63.52875412048035,37.65805097808639,52.39637735833334
HeadM209_DaysToHeading,Schohr,12,28,Local vs PRISM,63.41000146107013,36.993575252160475,52.169037304012285
HeadM209_DaysToHeading,Schohr,12,29,Local vs PRISM,62.32360258445811,35.39315737438272,51.11194014104938
HeadM209_DaysToHeading,Schohr,12,30,Local vs PRISM,60.88864481351586,32.98758566327163,49.72195677499998
HeadM209_DaysToHeading,Schohr,12,31,Local vs PRISM,59.55534336334347,30.183714235802476,48.30975388888891
HeadM209_DaysToHeading,Schohr,12,32,Local vs PRISM,58.241699694915184,26.3495138756173,46.46309359969135
HeadM209_DaysToHeading,Schohr,12,33,Local vs PRISM,56.5557519533888,21.674493782098782,45.23672671851849
HeadM209_DaysToHeading,Schohr,12,34,Local vs PRISM,56.60109105856777,16.900729557098757,45.12826197499999
HeadM209_DaysToHeading,Schohr,12,35,Local vs PRISM,58.18546238832907,11.62286044228391,46.082800062036995
HeadM209_DaysToHeading,Schohr,12,36,Local vs PRISM,60.96317921527135,7.270042233333318,47.49585231851852
HeadM209_DaysToHeading,Schohr,12,37,Local vs PRISM,63.99215237038743,4.023196274999994,49.30257885154315
HeadM209_DaysToHeading,Schohr,12,38,Local vs PRISM,66.36511465030183,1.835168258333321,50.571426448456776
HeadM209_DaysToHeading,Schohr,12,39,Local vs PRISM,67.88088813751658,0.6483649990740459,51.287722238580194
HeadM209_DaysToHeading,Schohr,12,40,Local vs PRISM,68.68414391830022,-0.030158195370353903,52.26864222561724
HeadM209_DaysToHeading,Schohr,13,25,Local vs PRISM,90.83082235589127,63.45779982469133,76.1011510141975
HeadM209_DaysToHeading,Schohr,13,26,Local vs PRISM,92.90370020699375,64.84469675555555,78.04360350061728
HeadM209_DaysToHeading,Schohr,13,27,Local vs PRISM,94.38790140017734,65.59960390586417,79.40794018672837
HeadM209_DaysToHeading,Schohr,13,28,Local vs PRISM,95.35813348900655,65.81916762407408,80.1892323
HeadM209_DaysToHeading,Schohr,13,29,Local vs PRISM,95.13422866954012,64.95453309012346,79.89737408950617
HeadM209_DaysToHeading,Schohr,13,30,Local vs PRISM,94.09023093552956,63.10142097253083,78.61080618672837
HeadM209_DaysToHeading,Schohr,13,31,Local vs PRISM,92.399097529946,60.36862580617284,76.42380299999996
HeadM209_DaysToHeading,Schohr,13,32,Local vs PRISM,89.68596899703121,56.48069752067906,73.00731631265437
HeadM209_DaysToHeading,Schohr,13,33,Local vs PRISM,85.75702199290063,51.5648976746914,68.3034002728395
HeadM209_DaysToHeading,Schohr,13,34,Local vs PRISM,82.67714368674925,46.55573217283955,65.7815105253086
HeadM209_DaysToHeading,Schohr,13,35,Local vs PRISM,80.49550474709662,41.03508533950613,65.47708499938265
HeadM209_DaysToHeading,Schohr,13,36,Local vs PRISM,79.47457626251763,36.40448935277777,66.9456928114197
HeadM209_DaysToHeading,Schohr,13,37,Local vs PRISM,79.68293847473788,32.87986561666662,68.80797490000003
HeadM209_DaysToHeading,Schohr,13,38,Local vs PRISM,80.05961302793294,30.494738834567872,70.06292050493822
HeadM209_DaysToHeading,Schohr,13,39,Local vs PRISM,80.29735550491397,29.249293600000037,70.40353417160497
HeadM209_DaysToHeading,Schohr,13,40,Local vs PRISM,80.55427297483342,28.561511146296297,70.45209276728399
HeadM209_DaysToHeading,Schohr,14,25,Local vs PRISM,89.90416033342592,58.8100880351852,75.36933471111111
HeadM209_DaysToHeading,Schohr,14,26,Local vs PRISM,92.78457077606515,60.49156581882715,77.82859027253083
HeadM209_DaysToHeading,Schohr,14,27,Local vs PRISM,95.54961244933256,61.89364019012347,79.98824232777775
HeadM209_DaysToHeading,Schohr,14,28,Local vs PRISM,97.8197901685537,62.87172731604939,81.63916895987653
HeadM209_DaysToHeading,Schohr,14,29,Local vs PRISM,98.96812285747706,62.937309654320984,82.38147835740739
HeadM209_DaysToHeading,Schohr,14,30,Local vs PRISM,98.95136993964871,61.84337611450618,81.89035578302469
HeadM209_DaysToHeading,Schohr,14,31,Local vs PRISM,98.14348599102392,59.64282752592593,80.40302178641974
HeadM209_DaysToHeading,Schohr,14,32,Local vs PRISM,96.21911382340667,56.05730692160494,77.55074291049385
HeadM209_DaysToHeading,Schohr,14,33,Local vs PRISM,93.11432458169185,51.2676246003086,74.22749839413578
HeadM209_DaysToHeading,Schohr,14,34,Local vs PRISM,90.41005383426484,46.14761332407406,73.74056427222222
HeadM209_DaysToHeading,Schohr,14,35,Local vs PRISM,87.87912292875536,40.496207216358066,73.29371353796299
HeadM209_DaysToHeading,Schohr,14,36,Local vs PRISM,86.2711734942796,35.773018637037,73.08432170987652
HeadM209_DaysToHeading,Schohr,14,37,Local vs PRISM,86.06193828957656,32.24830722685186,73.5890721243827
HeadM209_DaysToHeading,Schohr,14,38,Local vs PRISM,86.2283832761024,29.890935970061758,73.99326246327159
HeadM209_DaysToHeading,Schohr,14,39,Local vs PRISM,86.44703692722359,28.645490735493823,74.07353040154322
HeadM209_DaysToHeading,Schohr,14,40,Local vs PRISM,86.72876161186579,27.95770828179012,74.01097788611108
HeadM209_DaysToHeading,Schohr,15,25,Local vs PRISM,109.76654865693483,74.56291032438274,92.9672675132716
HeadM209_DaysToHeading,Schohr,15,26,Local vs PRISM,114.03437084148868,77.61217142160494,96.51375083271603
HeadM209_DaysToHeading,Schohr,15,27,Local vs PRISM,118.1718061364411,80.50966906820987,99.99950517561727
HeadM209_DaysToHeading,Schohr,15,28,Local vs PRISM,121.91145888310663,83.03452777499999,103.11156135895061
HeadM209_DaysToHeading,Schohr,15,29,Local vs PRISM,124.75478030811765,84.8256662052469,105.54315152006171
HeadM209_DaysToHeading,Schohr,15,30,Local vs PRISM,126.36721668872636,85.55773501635802,106.99013006203704
HeadM209_DaysToHeading,Schohr,15,31,Local vs PRISM,126.9168920967941,84.87558602222224,107.64465495987655
HeadM209_DaysToHeading,Schohr,15,32,Local vs PRISM,126.25921700132245,82.5880990756173,107.13396514969135
HeadM209_DaysToHeading,Schohr,15,33,Local vs PRISM,124.27497971174752,78.65325606049385,104.81509301975308
HeadM209_DaysToHeading,Schohr,15,34,Local vs PRISM,122.3209123728915,73.97825487376544,103.95793142006171
HeadM209_DaysToHeading,Schohr,15,35,Local vs PRISM,120.36349000277362,68.56789785246914,103.72572883209878
HeadM209_DaysToHeading,Schohr,15,36,Local vs PRISM,119.2480530768621,63.73908292006173,103.70955134969135
HeadM209_DaysToHeading,Schohr,15,37,Local vs PRISM,118.96639525025529,60.041532003703715,104.16491904814814
HeadM209_DaysToHeading,Schohr,15,38,Local vs PRISM,118.91119805690448,57.56646937530864,104.5192698944444
HeadM209_DaysToHeading,Schohr,15,39,Local vs PRISM,119.0005711244268,56.244692637654275,104.6322273604938
HeadM209_DaysToHeading,Schohr,15,40,Local vs PRISM,119.14253681089961,55.50135462839507,104.62523040061728
HeadM209_DaysToHeading,Schohr,16,25,Local vs PRISM,102.7592373660396,54.24305670802468,84.06110958086418
HeadM209_DaysToHeading,Schohr,16,26,Local vs PRISM,106.85773424063804,56.58133017222221,87.39938304506171
HeadM209_DaysToHeading,Schohr,16,27,Local vs PRISM,110.92427315728227,58.883552394444436,90.70160526728394
HeadM209_DaysToHeading,Schohr,16,28,Local vs PRISM,114.85629619752429,60.97355239444445,93.82469168703705
HeadM209_DaysToHeading,Schohr,16,29,Local vs PRISM,118.30902845133635,62.538385257407406,96.54532935123457
HeadM209_DaysToHeading,Schohr,16,30,Local vs PRISM,121.06632730850464,63.30499096574076,98.58141269166669
HeadM209_DaysToHeading,Schohr,16,31,Local vs PRISM,123.48457662259364,63.16133253672841,100.12886537376545
HeadM209_DaysToHeading,Schohr,16,32,Local vs PRISM,125.16225330413566,61.59943130370371,100.61504785555556
HeadM209_DaysToHeading,Schohr,16,33,Local vs PRISM,126.27657480570747,58.584465449074074,101.03750635030862
HeadM209_DaysToHeading,Schohr,16,34,Local vs PRISM,127.52185213396824,54.61946389722223,101.82698772561724
HeadM209_DaysToHeading,Schohr,16,35,Local vs PRISM,128.5972157817669,49.658795823765445,101.9347088552469
HeadM209_DaysToHeading,Schohr,16,36,Local vs PRISM,129.94062288679422,45.112444972839526,103.7892791944444
HeadM209_DaysToHeading,Schohr,16,37,Local vs PRISM,131.4756767624389,41.54544940000002,105.64774501543208
HeadM209_DaysToHeading,Schohr,16,38,Local vs PRISM,132.73037113582268,39.050603319444456,106.90916770709873
HeadM209_DaysToHeading,Schohr,16,39,Local vs PRISM,133.63002161869767,37.71748903549384,107.3143432317901
HeadM209_DaysToHeading,Schohr,16,40,Local vs PRISM,134.1443654137292,36.97415102623458,107.41845738302467
HeadM209_DaysToHeading,Schohr,17,25,Local vs PRISM,98.92852488395768,51.74980569012346,72.38278138888887
HeadM209_DaysToHeading,Schohr,17,26,Local vs PRISM,102.86770006798969,54.015455697530875,75.20398695185185
HeadM209_DaysToHeading,Schohr,17,27,Local vs PRISM,106.79020671635445,56.26545569753088,78.0095425074074
HeadM209_DaysToHeading,Schohr,17,28,Local vs PRISM,110.61420685320405,58.40344952469138,80.73617830987654
HeadM209_DaysToHeading,Schohr,17,29,Local vs PRISM,114.17372277669702,60.20704898580247,83.24619752407408
HeadM209_DaysToHeading,Schohr,17,30,Local vs PRISM,117.563810487751,61.71479909876544,85.58005874814815
HeadM209_DaysToHeading,Schohr,17,31,Local vs PRISM,120.76058984619783,62.77731033117285,87.57633541265433
HeadM209_DaysToHeading,Schohr,17,32,Local vs PRISM,123.33583985192341,62.83746466049384,89.38429207962962
HeadM209_DaysToHeading,Schohr,17,33,Local vs PRISM,125.52831121845463,61.71675683827163,91.10681911666666
HeadM209_DaysToHeading,Schohr,17,34,Local vs PRISM,127.48670563342614,59.367149310493836,92.60363108765429
HeadM209_DaysToHeading,Schohr,17,35,Local vs PRISM,129.29345964122749,55.54740134598769,94.36913046018516
HeadM209_DaysToHeading,Schohr,17,36,Local vs PRISM,131.11635343477192,51.56552575123455,96.13152580185185
HeadM209_DaysToHeading,Schohr,17,37,Local vs PRISM,132.96977792671888,48.21778808487656,97.92688769104937
HeadM209_DaysToHeading,Schohr,17,38,Local vs PRISM,134.38875446361573,45.846823108333304,99.81374668549381
HeadM209_DaysToHeading,Schohr,17,39,Local vs PRISM,135.43791233180028,44.58759209290123,101.19514519475307
HeadM209_DaysToHeading,Schohr,17,40,Local vs PRISM,136.0666368083836,43.82365848487653,102.20618424104936
HeadM209_DaysToHeading,Schohr,18,25,Local vs PRISM,94.74444231084497,33.000839008641975,65.85189925925926
HeadM209_DaysToHeading,Schohr,18,26,Local vs PRISM,98.42610924090359,34.43315568271605,68.39532704444443
HeadM209_DaysToHeading,Schohr,18,27,Local vs PRISM,102.1116620465829,35.87760012716049,70.95088259999999
HeadM209_DaysToHeading,Schohr,18,28,Local vs PRISM,105.7826182419439,37.2805013617284,73.49798136543208
HeadM209_DaysToHeading,Schohr,18,29,Local vs PRISM,109.38835875673584,38.46132304506173,75.90102527098765
HeadM209_DaysToHeading,Schohr,18,30,Local vs PRISM,112.93810977559005,39.55463490833333,78.1527036552469
HeadM209_DaysToHeading,Schohr,18,31,Local vs PRISM,116.4014486891348,40.4910677191358,80.20024757716048
HeadM209_DaysToHeading,Schohr,18,32,Local vs PRISM,119.72638950425286,40.99290109660493,81.96200022932099
HeadM209_DaysToHeading,Schohr,18,33,Local vs PRISM,122.72686456809338,40.78293706604939,82.9498140271605
HeadM209_DaysToHeading,Schohr,18,34,Local vs PRISM,125.539238175811,39.55340888703704,83.10065586234568
HeadM209_DaysToHeading,Schohr,18,35,Local vs PRISM,127.83950903974225,36.944815557098764,82.0618403984568
HeadM209_DaysToHeading,Schohr,18,36,Local vs PRISM,130.0968985591242,33.69958522037036,80.75202960123455
HeadM209_DaysToHeading,Schohr,18,37,Local vs PRISM,132.16391666642636,30.648993029320987,80.6836843015432
HeadM209_DaysToHeading,Schohr,18,38,Local vs PRISM,133.76658342789253,28.55191542901234,80.60163102160493
HeadM209_DaysToHeading,Schohr,18,39,Local vs PRISM,134.8698881284088,27.363768237654305,80.38603918209874
HeadM209_DaysToHeading,Schohr,18,40,Local vs PRISM,135.2599968522674,26.606492641975294,79.75478837654319
HeadM209_DaysToHeading,Schohr,19,25,Local vs PRISM,94.64108307749864,21.400615803395056,75.09926383425926
HeadM209_DaysToHeading,Schohr,19,26,Local vs PRISM,98.2883420874547,22.345060247839502,78.0437082787037
HeadM209_DaysToHeading,Schohr,19,27,Local vs PRISM,101.93617609436434,23.289504692283945,80.98815272314816
HeadM209_DaysToHeading,Schohr,19,28,Local vs PRISM,105.58452550162936,24.23394913672839,83.9325971675926
HeadM209_DaysToHeading,Schohr,19,29,Local vs PRISM,109.22206354319806,25.14882567993827,86.84747371080248
HeadM209_DaysToHeading,Schohr,19,30,Local vs PRISM,112.84026601635018,26.047925741975305,89.74657377283951
HeadM209_DaysToHeading,Schohr,19,31,Local vs PRISM,116.35660248156071,26.85125907530864,92.54990710617284
HeadM209_DaysToHeading,Schohr,19,32,Local vs PRISM,119.82287680415067,27.327524507407404,95.28339476049383
HeadM209_DaysToHeading,Schohr,19,33,Local vs PRISM,123.05409486273024,27.319715840123457,97.69558614382717
HeadM209_DaysToHeading,Schohr,19,34,Local vs PRISM,126.03127448767111,26.724160360802458,99.69138853672841
HeadM209_DaysToHeading,Schohr,19,35,Local vs PRISM,128.64198564227618,25.273345535802452,101.05951173580247
HeadM209_DaysToHeading,Schohr,19,36,Local vs PRISM,131.1216236644495,23.173775683950602,102.14673278333333
HeadM209_DaysToHeading,Schohr,19,37,Local vs PRISM,133.22545049500977,21.05125702469135,102.74223316790123
HeadM209_DaysToHeading,Schohr,19,38,Local vs PRISM,134.65860149722423,19.363650083950603,103.01031208333335
HeadM209_DaysToHeading,Schohr,19,39,Local vs PRISM,135.55345109850612,18.226762256790106,103.16689131790125
HeadM209_DaysToHeading,Schohr,19,40,Local vs PRISM,135.8381853018466,17.50081388024691,103.09793385493826
HeadM209_DaysToHeading,Schohr,20,25,Local vs PRISM,88.94902892750451,-7.146275454320991,56.65118862777778
HeadM209_DaysToHeading,Schohr,20,26,Local vs PRISM,92.27276195536942,-7.368497676543212,58.762299738888885
HeadM209_DaysToHeading,Schohr,20,27,Local vs PRISM,95.59658237463103,-7.5907198987654345,60.87341085
HeadM209_DaysToHeading,Schohr,20,28,Local vs PRISM,98.92048137599247,-7.812942120987657,62.98452196111111
HeadM209_DaysToHeading,Schohr,20,29,Local vs PRISM,102.24445129549888,-8.035164343209878,65.09563307222223
HeadM209_DaysToHeading,Schohr,20,30,Local vs PRISM,105.56848543428252,-8.257386565432101,67.20674418333333
HeadM209_DaysToHeading,Schohr,20,31,Local vs PRISM,108.8925779113072,-8.479608787654321,69.31785529444444
HeadM209_DaysToHeading,Schohr,20,32,Local vs PRISM,112.20876558727463,-8.760812491358028,71.43578739320988
HeadM209_DaysToHeading,Schohr,20,33,Local vs PRISM,115.38802957095642,-9.247726096913588,73.44331828271605
HeadM209_DaysToHeading,Schohr,20,34,Local vs PRISM,118.51819312918104,-9.993559430246917,75.28970717160493
HeadM209_DaysToHeading,Schohr,20,35,Local vs PRISM,121.4755041911546,-11.26241134475309,76.86997883919753
HeadM209_DaysToHeading,Schohr,20,36,Local vs PRISM,124.31035518210416,-12.859639507716055,78.10183681820986
HeadM209_DaysToHeading,Schohr,20,37,Local vs PRISM,126.74060125623399,-14.510778989814824,79.08968811635802
HeadM209_DaysToHeading,Schohr,20,38,Local vs PRISM,128.58292690078085,-15.898434316049391,79.83124255864196
HeadM209_DaysToHeading,Schohr,20,39,Local vs PRISM,129.79029140442574,-17.009582396296302,80.20261554012346
HeadM209_DaysToHeading,Schohr,20,40,Local vs PRISM,130.31911902866005,-17.795853096913586,80.42596216049381
HeadM209_DaysToHeading,Wylie,10,25,Local vs PRISM,47.89184208834484,44.26184682465279,44.26184682465279
HeadM209_DaysToHeading,Wylie,10,26,Local vs PRISM,46.76628105171771,42.874289518055534,42.874289518055534
HeadM209_DaysToHeading,Wylie,10,27,Local vs PRISM,45.18146038705447,40.406094167708275,40.406094167708275
HeadM209_DaysToHeading,Wylie,10,28,Local vs PRISM,42.70175073031862,36.481498209375005,38.653246639236116
HeadM209_DaysToHeading,Wylie,10,29,Local vs PRISM,39.36407301542652,30.810445967361147,36.04193698333336
HeadM209_DaysToHeading,Wylie,10,30,Local vs PRISM,35.61787029901275,23.062461006944403,32.0643265125
HeadM209_DaysToHeading,Wylie,10,31,Local vs PRISM,32.05054175110228,12.73589361423609,26.781675896874958
HeadM209_DaysToHeading,Wylie,10,32,Local vs PRISM,30.545716351457227,-0.30616050868053435,22.931904580902767
HeadM209_DaysToHeading,Wylie,10,33,Local vs PRISM,34.16182827748472,-14.789362148611104,24.519160218055532
HeadM209_DaysToHeading,Wylie,10,34,Local vs PRISM,43.48192005234378,-30.709265005208408,33.586597784375044
HeadM209_DaysToHeading,Wylie,10,35,Local vs PRISM,55.577253648681904,-46.46665531250005,46.46665531250005
HeadM209_DaysToHeading,Wylie,10,36,Local vs PRISM,67.85890564821267,-60.88772356111113,60.88772356111113
HeadM209_DaysToHeading,Wylie,10,37,Local vs PRISM,78.45420080635247,-72.61785661111116,72.61785661111116
HeadM209_DaysToHeading,Wylie,10,38,Local vs PRISM,86.69287213444163,-81.07352097916669,81.07352097916669
HeadM209_DaysToHeading,Wylie,10,39,Local vs PRISM,92.30917042561674,-86.7870772152778,86.7870772152778
HeadM209_DaysToHeading,Wylie,10,40,Local vs PRISM,95.6623175257031,-90.34941245833335,90.34941245833335
HeadM209_DaysToHeading,Wylie,11,25,Local vs PRISM,69.85006113150204,65.37674064513885,65.37674064513885
HeadM209_DaysToHeading,Wylie,11,26,Local vs PRISM,69.84143477714501,64.9524027409722,64.9524027409722
HeadM209_DaysToHeading,Wylie,11,27,Local vs PRISM,69.08741567542415,63.31947173784718,63.31947173784718
HeadM209_DaysToHeading,Wylie,11,28,Local vs PRISM,67.10862527012955,59.917718129166644,61.618837461805555
HeadM209_DaysToHeading,Wylie,11,29,Local vs PRISM,63.71027498143362,54.619797043055556,59.25565896180554
HeadM209_DaysToHeading,Wylie,11,30,Local vs PRISM,59.39130258050025,47.11835572881941,55.39959213715278
HeadM209_DaysToHeading,Wylie,11,31,Local vs PRISM,53.96537053910632,36.85589456215277,49.26629098784721
HeadM209_DaysToHeading,Wylie,11,32,Local vs PRISM,47.91013912481419,23.87634043923603,41.89240933298609
HeadM209_DaysToHeading,Wylie,11,33,Local vs PRISM,43.71644604028412,9.455638799305547,35.00803497708333
HeadM209_DaysToHeading,Wylie,11,34,Local vs PRISM,43.17690918780148,-6.455901525694486,31.82891469305551
HeadM209_DaysToHeading,Wylie,11,35,Local vs PRISM,47.31574337072131,-22.2132918329861,34.81758647326387
HeadM209_DaysToHeading,Wylie,11,36,Local vs PRISM,54.319663330446545,-36.63436008159729,45.738652442014
HeadM209_DaysToHeading,Wylie,11,37,Local vs PRISM,62.17674536061571,-48.3644931315973,54.3934863239584
HeadM209_DaysToHeading,Wylie,11,38,Local vs PRISM,68.9727732551085,-56.82015749965282,60.76150446840282
HeadM209_DaysToHeading,Wylie,11,39,Local vs PRISM,73.64629106148597,-62.53371373576391,64.7024495447917
HeadM209_DaysToHeading,Wylie,11,40,Local vs PRISM,76.5531107267962,-66.09604897881948,66.85299824618059
HeadM209_DaysToHeading,Wylie,12,25,Local vs PRISM,88.59308112636971,84.2474342125,84.2474342125
HeadM209_DaysToHeading,Wylie,12,26,Local vs PRISM,89.80560813836793,85.14464209826386,85.14464209826386
HeadM209_DaysToHeading,Wylie,12,27,Local vs PRISM,90.15493976399696,84.80900333645832,84.80900333645832
HeadM209_DaysToHeading,Wylie,12,28,Local vs PRISM,88.9389532700447,82.48727670104167,82.48727670104167
HeadM209_DaysToHeading,Wylie,12,29,Local vs PRISM,85.95003293630336,78.21015422604167,78.21015422604167
HeadM209_DaysToHeading,Wylie,12,30,Local vs PRISM,81.34001882070844,71.50286290694443,74.70521197152779
HeadM209_DaysToHeading,Wylie,12,31,Local vs PRISM,74.51743272460824,61.651801462499975,68.91542323819442
HeadM209_DaysToHeading,Wylie,12,32,Local vs PRISM,65.75354952944272,48.87186603680553,60.19004955208331
HeadM209_DaysToHeading,Wylie,12,33,Local vs PRISM,56.92465239888576,34.56105819583334,49.61369301944441
HeadM209_DaysToHeading,Wylie,12,34,Local vs PRISM,48.95789105201548,18.712017870833336,38.1313654833333
HeadM209_DaysToHeading,Wylie,12,35,Local vs PRISM,44.490446788998845,2.990740110416681,32.50675391249999
HeadM209_DaysToHeading,Wylie,12,36,Local vs PRISM,44.25899137738699,-11.430328138194483,31.355170152777845
HeadM209_DaysToHeading,Wylie,12,37,Local vs PRISM,47.94584860970464,-23.160461188194432,37.0566573194445
HeadM209_DaysToHeading,Wylie,12,38,Local vs PRISM,52.903403265156975,-31.616125556249983,43.411023040972225
HeadM209_DaysToHeading,Wylie,12,39,Local vs PRISM,56.621900846080386,-37.32968179236107,47.35196811736111
HeadM209_DaysToHeading,Wylie,12,40,Local vs PRISM,59.00686319109681,-40.89201703541664,49.502516818749996
HeadM209_DaysToHeading,Wylie,13,25,Local vs PRISM,107.93980499270424,105.59960239965275,105.59960239965275
HeadM209_DaysToHeading,Wylie,13,26,Local vs PRISM,110.80335627921916,108.3586921065972,108.3586921065972
HeadM209_DaysToHeading,Wylie,13,27,Local vs PRISM,112.64631628150666,110.03628938993052,110.03628938993052
HeadM209_DaysToHeading,Wylie,13,28,Local vs PRISM,112.50408985108767,109.71405618680556,109.71405618680556
HeadM209_DaysToHeading,Wylie,13,29,Local vs PRISM,109.91199312680264,107.04765173541661,107.04765173541661
HeadM209_DaysToHeading,Wylie,13,30,Local vs PRISM,104.93651633863401,101.68455340520828,101.68455340520828
HeadM209_DaysToHeading,Wylie,13,31,Local vs PRISM,97.00329624049256,92.92743216736103,92.92743216736103
HeadM209_DaysToHeading,Wylie,13,32,Local vs PRISM,86.27140972290567,80.93773257986108,80.93773257986108
HeadM209_DaysToHeading,Wylie,13,33,Local vs PRISM,74.30517273705144,67.05611227499995,67.05611227499995
HeadM209_DaysToHeading,Wylie,13,34,Local vs PRISM,61.359287367670916,51.52570312222221,51.52570312222221
HeadM209_DaysToHeading,Wylie,13,35,Local vs PRISM,48.76783716385786,36.020056608333334,38.34248817291672
HeadM209_DaysToHeading,Wylie,13,36,Local vs PRISM,38.02012141511004,21.693919485069387,28.873700580208265
HeadM209_DaysToHeading,Wylie,13,37,Local vs PRISM,31.695806509172748,9.999211382638919,25.38244297569446
HeadM209_DaysToHeading,Wylie,13,38,Local vs PRISM,29.560692752354207,1.5435470145833676,25.677934740972233
HeadM209_DaysToHeading,Wylie,13,39,Local vs PRISM,29.79785082956246,-4.170009221527806,27.364504845138896
HeadM209_DaysToHeading,Wylie,13,40,Local vs PRISM,30.45038332790065,-7.732344464583321,28.183928768750036
HeadM209_DaysToHeading,Wylie,14,25,Local vs PRISM,122.10373448799758,105.38151602743055,105.38151602743055
HeadM209_DaysToHeading,Wylie,14,26,Local vs PRISM,126.38508084883041,108.8835854986111,108.8835854986111
HeadM209_DaysToHeading,Wylie,14,27,Local vs PRISM,130.00040177551398,111.59323139305556,111.59323139305556
HeadM209_DaysToHeading,Wylie,14,28,Local vs PRISM,132.34555534535818,112.92495657083333,112.92495657083333
HeadM209_DaysToHeading,Wylie,14,29,Local vs PRISM,132.27157766325047,112.0300526951389,112.0300526951389
HeadM209_DaysToHeading,Wylie,14,30,Local vs PRISM,130.01848676473125,108.52953545590277,108.52953545590277
HeadM209_DaysToHeading,Wylie,14,31,Local vs PRISM,125.09711880133804,101.70822998506942,101.70822998506942
HeadM209_DaysToHeading,Wylie,14,32,Local vs PRISM,117.2926771467933,91.18345391736106,91.74464890902773
HeadM209_DaysToHeading,Wylie,14,33,Local vs PRISM,107.97331158779694,78.0754742920139,83.59126053020836
HeadM209_DaysToHeading,Wylie,14,34,Local vs PRISM,98.1230985829698,63.179441403472154,75.44737081249995
HeadM209_DaysToHeading,Wylie,14,35,Local vs PRISM,88.71760413576172,47.957726144791636,67.33424758993057
HeadM209_DaysToHeading,Wylie,14,36,Local vs PRISM,81.4248991988048,33.75836262152781,60.412045263888885
HeadM209_DaysToHeading,Wylie,14,37,Local vs PRISM,77.96201580186816,22.126154519097156,59.035053794097166
HeadM209_DaysToHeading,Wylie,14,38,Local vs PRISM,77.49021937610716,13.73299015104159,61.05112695104167
HeadM209_DaysToHeading,Wylie,14,39,Local vs PRISM,78.15605847250008,8.081933914930545,62.80019705520829
HeadM209_DaysToHeading,Wylie,14,40,Local vs PRISM,78.46934230004733,4.546661088541626,63.64668339548608
HeadM209_DaysToHeading,Wylie,15,25,Local vs PRISM,135.39841630536526,118.3777019111111,125.64837645902779
HeadM209_DaysToHeading,Wylie,15,26,Local vs PRISM,140.7541917987991,123.0364519111111,130.57087645902777
HeadM209_DaysToHeading,Wylie,15,27,Local vs PRISM,145.66220508780532,127.14089635555553,135.1159459034722
HeadM209_DaysToHeading,Wylie,15,28,Local vs PRISM,149.8050766016074,130.40827560277776,138.99193626180556
HeadM209_DaysToHeading,Wylie,15,29,Local vs PRISM,152.2422290917663,131.94849858298608,141.20192161493054
HeadM209_DaysToHeading,Wylie,15,30,Local vs PRISM,152.5354477398363,131.2513632565972,141.19992517743054
HeadM209_DaysToHeading,Wylie,15,31,Local vs PRISM,149.9057466984887,127.23390110277775,138.2893380236111
HeadM209_DaysToHeading,Wylie,15,32,Local vs PRISM,143.73061762083015,119.03666729131943,131.84029028993058
HeadM209_DaysToHeading,Wylie,15,33,Local vs PRISM,134.9950581396417,107.83807977847223,122.76385555486112
HeadM209_DaysToHeading,Wylie,15,34,Local vs PRISM,124.90596052915777,94.59380629374999,112.3199668673611
HeadM209_DaysToHeading,Wylie,15,35,Local vs PRISM,114.43419946947618,80.4130026829861,101.43603192256944
HeadM209_DaysToHeading,Wylie,15,36,Local vs PRISM,105.52523388508594,66.9738968958333,94.16926908749996
HeadM209_DaysToHeading,Wylie,15,37,Local vs PRISM,99.62692782536236,55.689601343402785,89.2688082107639
HeadM209_DaysToHeading,Wylie,15,38,Local vs PRISM,97.36323551226957,47.567780442708354,87.0306218260417
HeadM209_DaysToHeading,Wylie,15,39,Local vs PRISM,96.63419080734965,42.018018008680556,85.71388424618057
HeadM209_DaysToHeading,Wylie,15,40,Local vs PRISM,95.78104178446198,38.48871375173613,84.4460274197917
HeadM209_DaysToHeading,Wylie,16,25,Local vs PRISM,88.27279117867644,72.83727335486108,80.05943893055554
HeadM209_DaysToHeading,Wylie,16,26,Local vs PRISM,91.72941018798564,75.63751641041665,83.12343198611111
HeadM209_DaysToHeading,Wylie,16,27,Local vs PRISM,95.01226693359455,78.18546779930553,86.04638337499999
HeadM209_DaysToHeading,Wylie,16,28,Local vs PRISM,98.01389175419986,80.42560666909719,88.75749446701388
HeadM209_DaysToHeading,Wylie,16,29,Local vs PRISM,100.05701993739558,81.60400181701388,90.45562709687499
HeadM209_DaysToHeading,Wylie,16,30,Local vs PRISM,100.80822796042953,81.42633516527775,90.84809933402775
HeadM209_DaysToHeading,Wylie,16,31,Local vs PRISM,99.33607535228471,78.66520138819443,89.06884055694444
HeadM209_DaysToHeading,Wylie,16,32,Local vs PRISM,95.11522243269289,72.84205081284722,86.60114683368053
HeadM209_DaysToHeading,Wylie,16,33,Local vs PRISM,88.41599425816625,64.06753318680559,81.93124300347223
HeadM209_DaysToHeading,Wylie,16,34,Local vs PRISM,80.37314473315615,52.96140873645835,75.4958529670139
HeadM209_DaysToHeading,Wylie,16,35,Local vs PRISM,72.39532503054497,40.604573736458306,68.54097155659723
HeadM209_DaysToHeading,Wylie,16,36,Local vs PRISM,66.26504340091968,28.43953072534724,62.09323720868058
HeadM209_DaysToHeading,Wylie,16,37,Local vs PRISM,63.13282163399098,18.023516298958313,57.50235737326388
HeadM209_DaysToHeading,Wylie,16,38,Local vs PRISM,62.98961609243143,10.402645564236096,55.28137128645831
HeadM209_DaysToHeading,Wylie,16,39,Local vs PRISM,63.63261778885011,5.251533668402772,53.895020355902744
HeadM209_DaysToHeading,Wylie,16,40,Local vs PRISM,63.60299237788505,1.9430977621527745,52.597344755208326
HeadM209_DaysToHeading,Wylie,17,25,Local vs PRISM,101.07241704486955,72.50098517395833,90.61987610868056
HeadM209_DaysToHeading,Wylie,17,26,Local vs PRISM,105.19349004736054,75.43161017395832,94.31425110868057
HeadM209_DaysToHeading,Wylie,17,27,Local vs PRISM,109.29409504770557,78.25473517395834,98.01237610868057
HeadM209_DaysToHeading,Wylie,17,28,Local vs PRISM,113.21634125135084,80.8993879517361,101.56612610868055
HeadM209_DaysToHeading,Wylie,17,29,Local vs PRISM,116.73604653429852,83.065317821875,104.6267934607639
HeadM209_DaysToHeading,Wylie,17,30,Local vs PRISM,119.73980160794558,84.61240115520832,107.11901568298612
HeadM209_DaysToHeading,Wylie,17,31,Local vs PRISM,121.2684281362161,84.66173957951389,108.32620132951389
HeadM209_DaysToHeading,Wylie,17,32,Local vs PRISM,120.63291701735683,82.58864231805555,107.62157629027777
HeadM209_DaysToHeading,Wylie,17,33,Local vs PRISM,117.57873876821755,77.92787839097221,104.57973769305553
HeadM209_DaysToHeading,Wylie,17,34,Local vs PRISM,112.72946477612642,70.97479731736112,101.01393005000001
HeadM209_DaysToHeading,Wylie,17,35,Local vs PRISM,107.01656744966827,62.21446716979166,96.40477047465278
HeadM209_DaysToHeading,Wylie,17,36,Local vs PRISM,101.89432808474663,53.04509745694444,91.56889026666667
HeadM209_DaysToHeading,Wylie,17,37,Local vs PRISM,98.08978807866964,44.66221272743053,87.54442765312498
HeadM209_DaysToHeading,Wylie,17,38,Local vs PRISM,95.9416232620667,38.13964842013889,85.14784796180555
HeadM209_DaysToHeading,Wylie,17,39,Local vs PRISM,94.59981149898584,33.76949255555556,83.46979070833333
HeadM209_DaysToHeading,Wylie,17,40,Local vs PRISM,93.1816536231655,30.87297481249999,81.99388434722222
HeadM209_DaysToHeading,Wylie,18,25,Local vs PRISM,87.93871263713787,65.75466958055554,72.36117248263888
HeadM209_DaysToHeading,Wylie,18,26,Local vs PRISM,91.54758004902835,68.43529458055555,75.30554748263889
HeadM209_DaysToHeading,Wylie,18,27,Local vs PRISM,95.17348257816262,71.06029458055555,78.30554748263889
HeadM209_DaysToHeading,Wylie,18,28,Local vs PRISM,98.80506465938822,73.66824596944444,81.32259609375
HeadM209_DaysToHeading,Wylie,18,29,Local vs PRISM,102.42264607397377,76.27657167291667,84.32565927916667
HeadM209_DaysToHeading,Wylie,18,30,Local vs PRISM,105.76297212877815,78.66896750625001,87.09305511250001
HeadM209_DaysToHeading,Wylie,18,31,Local vs PRISM,108.0999650498187,80.086425971875,88.99912468923611
HeadM209_DaysToHeading,Wylie,18,32,Local vs PRISM,109.27309158805964,80.3293078732639,89.86047881284722
HeadM209_DaysToHeading,Wylie,18,33,Local vs PRISM,109.04051270424365,79.1746550954861,89.33082603506944
HeadM209_DaysToHeading,Wylie,18,34,Local vs PRISM,107.55152693671289,76.30387050868055,87.177402559375
HeadM209_DaysToHeading,Wylie,18,35,Local vs PRISM,104.45195873271776,71.64753677291667,83.41974937916666
HeadM209_DaysToHeading,Wylie,18,36,Local vs PRISM,101.11398257008754,66.17589392326389,80.28583424895834
HeadM209_DaysToHeading,Wylie,18,37,Local vs PRISM,97.79027189575005,60.81866469513888,78.11756437986111
HeadM209_DaysToHeading,Wylie,18,38,Local vs PRISM,94.98724790073028,56.27906328055554,76.16268438819444
HeadM209_DaysToHeading,Wylie,18,39,Local vs PRISM,92.9578258726506,53.07120060694444,74.48598444375
HeadM209_DaysToHeading,Wylie,18,40,Local vs PRISM,91.12761082370203,50.50325119722221,72.75130987430555
HeadM209_DaysToHeading,Wylie,19,25,Local vs PRISM,69.12787904623337,47.94508483645832,61.544044744791655
HeadM209_DaysToHeading,Wylie,19,26,Local vs PRISM,71.88568299092134,49.87570983645833,63.988419744791656
HeadM209_DaysToHeading,Wylie,19,27,Local vs PRISM,74.66518470055115,51.75070983645833,66.48841974479166
HeadM209_DaysToHeading,Wylie,19,28,Local vs PRISM,77.45179606580011,53.60866122534721,69.00546835590276
HeadM209_DaysToHeading,Wylie,19,29,Local vs PRISM,80.23597222565314,55.47379248437498,71.51533709687499
HeadM209_DaysToHeading,Wylie,19,30,Local vs PRISM,82.94351255165188,57.268618873263875,73.94564959687499
HeadM209_DaysToHeading,Wylie,19,31,Local vs PRISM,85.2113183869685,58.57761192881943,76.00464265243055
HeadM209_DaysToHeading,Wylie,19,32,Local vs PRISM,87.14870228203173,59.49250776215277,77.76342737465276
HeadM209_DaysToHeading,Wylie,19,33,Local vs PRISM,88.48567438378092,59.60556331770832,78.9698857079861
HeadM209_DaysToHeading,Wylie,19,34,Local vs PRISM,89.04608541224087,58.8350493392361,79.43749672951388
HeadM209_DaysToHeading,Wylie,19,35,Local vs PRISM,88.74576660576531,56.91437564027777,79.15008691944443
HeadM209_DaysToHeading,Wylie,19,36,Local vs PRISM,88.08462910435759,54.17864380173611,78.43541593368055
HeadM209_DaysToHeading,Wylie,19,37,Local vs PRISM,87.42717876564814,51.25071971006945,77.73057652881944
HeadM209_DaysToHeading,Wylie,19,38,Local vs PRISM,86.68928122887054,48.41874170659722,76.79910978715277
HeadM209_DaysToHeading,Wylie,19,39,Local vs PRISM,85.94357310692712,46.18046611631944,75.92412116909722
HeadM209_DaysToHeading,Wylie,19,40,Local vs PRISM,85.22470285148643,44.251454178819444,75.11195865520833
HeadM209_DaysToHeading,Wylie,20,25,Local vs PRISM,31.457695409425224,8.291031594444446,30.983056254861108
HeadM209_DaysToHeading,Wylie,20,26,Local vs PRISM,32.66889076289136,8.603531594444446,32.17055625486111
HeadM209_DaysToHeading,Wylie,20,27,Local vs PRISM,33.88013794073578,8.916031594444446,33.35805625486111
HeadM209_DaysToHeading,Wylie,20,28,Local vs PRISM,35.09143157650938,9.228531594444446,34.54555625486111
HeadM209_DaysToHeading,Wylie,20,29,Local vs PRISM,36.30276701980711,9.541031594444446,35.73305625486111
HeadM209_DaysToHeading,Wylie,20,30,Local vs PRISM,37.514140220721444,9.853531594444446,36.92055625486111
HeadM209_DaysToHeading,Wylie,20,31,Local vs PRISM,38.763372453912055,10.134469094444446,38.13961875486111
HeadM209_DaysToHeading,Wylie,20,32,Local vs PRISM,40.02610342733673,10.356795483333336,39.36194514375
HeadM209_DaysToHeading,Wylie,20,33,Local vs PRISM,41.0780018511096,10.393253816666668,40.39840347708333
HeadM209_DaysToHeading,Wylie,20,34,Local vs PRISM,41.88078129221626,10.02047603888889,41.19861181041667
HeadM209_DaysToHeading,Wylie,20,35,Local vs PRISM,42.714847458397514,9.012246872222224,41.96295208819444
HeadM209_DaysToHeading,Wylie,20,36,Local vs PRISM,43.5863336887382,7.452455205555558,42.65503542152778
HeadM209_DaysToHeading,Wylie,20,37,Local vs PRISM,44.5983506275377,5.671587245138886,43.36777861041667
HeadM209_DaysToHeading,Wylie,20,38,Local vs PRISM,45.7919183427694,3.9234331906249955,44.172071654513886
HeadM209_DaysToHeading,Wylie,20,39,Local vs PRISM,46.985295851956685,2.282470287847221,44.91803455729166
HeadM209_DaysToHeading,Wylie,20,40,Local vs PRISM,48.041967270905914,0.7848706871527731,45.509584428819444
HeadM210_DaysToHeading,BosworthRue,10,25,Local vs PRISM,41.90434254065719,39.886139845486085,39.886139845486085
HeadM210_DaysToHeading,BosworthRue,10,26,Local vs PRISM,40.32257201373758,38.124088212152756,38.124088212152756
HeadM210_DaysToHeading,BosworthRue,10,27,Local vs PRISM,38.71412843137159,36.244081188194485,36.244081188194485
HeadM210_DaysToHeading,BosworthRue,10,28,Local vs PRISM,36.33425943661015,33.62135842743055,33.62135842743055
HeadM210_DaysToHeading,BosworthRue,10,29,Local vs PRISM,33.01827352107978,29.673696651388852,29.673696651388852
HeadM210_DaysToHeading,BosworthRue,10,30,Local vs PRISM,28.256017294794578,23.907639325694404,25.60345428194445
HeadM210_DaysToHeading,BosworthRue,10,31,Local vs PRISM,22.843402247328363,16.490719471874982,20.381926980902747
HeadM210_DaysToHeading,BosworthRue,10,32,Local vs PRISM,18.220530407310704,7.584226474652738,14.995767488541688
HeadM210_DaysToHeading,BosworthRue,10,33,Local vs PRISM,18.210939563169582,-2.6724693979166148,14.137578709027792
HeadM210_DaysToHeading,BosworthRue,10,34,Local vs PRISM,24.41373253578218,-13.918094365624995,16.685719221180534
HeadM210_DaysToHeading,BosworthRue,10,35,Local vs PRISM,33.914820657289695,-25.430541302430584,25.430541302430584
HeadM210_DaysToHeading,BosworthRue,10,36,Local vs PRISM,43.611695947432295,-35.599365210416664,35.599365210416664
HeadM210_DaysToHeading,BosworthRue,10,37,Local vs PRISM,52.327234565800794,-44.00994972395833,44.00994972395833
HeadM210_DaysToHeading,BosworthRue,10,38,Local vs PRISM,59.13153983663064,-50.58633288819445,50.58633288819445
HeadM210_DaysToHeading,BosworthRue,10,39,Local vs PRISM,63.42053045776369,-54.68808173541666,54.68808173541666
HeadM210_DaysToHeading,BosworthRue,10,40,Local vs PRISM,65.01057489205988,-56.42344008611116,56.42344008611116
HeadM210_DaysToHeading,BosworthRue,11,25,Local vs PRISM,61.94881202911528,58.38091051354165,58.38091051354165
HeadM210_DaysToHeading,BosworthRue,11,26,Local vs PRISM,61.22500118664152,57.30850380868054,57.30850380868054
HeadM210_DaysToHeading,BosworthRue,11,27,Local vs PRISM,60.24999491020709,55.92629594965277,55.92629594965277
HeadM210_DaysToHeading,BosworthRue,11,28,Local vs PRISM,58.48425771867692,53.73394128541668,53.73394128541668
HeadM210_DaysToHeading,BosworthRue,11,29,Local vs PRISM,55.412581367278904,50.13642175416663,50.13642175416663
HeadM210_DaysToHeading,BosworthRue,11,30,Local vs PRISM,50.53342691757556,44.604426861805536,44.604426861805536
HeadM210_DaysToHeading,BosworthRue,11,31,Local vs PRISM,44.157112263745624,37.25028190451391,37.25028190451391
HeadM210_DaysToHeading,BosworthRue,11,32,Local vs PRISM,36.95234185155654,28.385002069444425,31.169270193055553
HeadM210_DaysToHeading,BosworthRue,11,33,Local vs PRISM,30.365958114395287,18.179368732986134,27.010609784375006
HeadM210_DaysToHeading,BosworthRue,11,34,Local vs PRISM,26.056608057541773,6.933743765277768,22.670546473611125
HeadM210_DaysToHeading,BosworthRue,11,35,Local vs PRISM,26.854142750976504,-4.5787031715277635,19.513508701388957
HeadM210_DaysToHeading,BosworthRue,11,36,Local vs PRISM,31.67898792515993,-14.747527079513816,21.204859624652727
HeadM210_DaysToHeading,BosworthRue,11,37,Local vs PRISM,38.14671738048407,-23.158111593055622,27.67516658958337
HeadM210_DaysToHeading,BosworthRue,11,38,Local vs PRISM,44.02157261893537,-29.734494757291685,33.108661003125036
HeadM210_DaysToHeading,BosworthRue,11,39,Local vs PRISM,47.92191469098926,-33.836243604513925,37.03440973229169
HeadM210_DaysToHeading,BosworthRue,11,40,Local vs PRISM,49.28943420559334,-35.57160195520828,39.02276772881942
HeadM210_DaysToHeading,BosworthRue,12,25,Local vs PRISM,99.84202839127406,91.1754615458333,91.1754615458333
HeadM210_DaysToHeading,BosworthRue,12,26,Local vs PRISM,101.06483174853798,91.8723498663194,91.8723498663194
HeadM210_DaysToHeading,BosworthRue,12,27,Local vs PRISM,101.69095353530636,92.00514736388887,92.00514736388887
HeadM210_DaysToHeading,BosworthRue,12,28,Local vs PRISM,101.37670331158209,91.06337949756941,91.06337949756941
HeadM210_DaysToHeading,BosworthRue,12,29,Local vs PRISM,99.7038497439264,88.47579857881941,88.47579857881941
HeadM210_DaysToHeading,BosworthRue,12,30,Local vs PRISM,95.93308342090602,83.65912844583336,83.65912844583336
HeadM210_DaysToHeading,BosworthRue,12,31,Local vs PRISM,90.2767986860838,76.76537083784723,76.76537083784723
HeadM210_DaysToHeading,BosworthRue,12,32,Local vs PRISM,83.26326986589743,68.14615265416667,69.12961077847224
HeadM210_DaysToHeading,BosworthRue,12,33,Local vs PRISM,75.65958056964024,58.10863853645833,61.92110381423606
HeadM210_DaysToHeading,BosworthRue,12,34,Local vs PRISM,67.78014422237774,46.91997605868049,57.638002993402765
HeadM210_DaysToHeading,BosworthRue,12,35,Local vs PRISM,60.71037598671936,35.360091625694494,52.87929945486114
HeadM210_DaysToHeading,BosworthRue,12,36,Local vs PRISM,55.82358423802804,25.191267717708314,50.20104497673614
HeadM210_DaysToHeading,BosworthRue,12,37,Local vs PRISM,54.25351772259593,16.78068320416665,49.5347335763889
HeadM210_DaysToHeading,BosworthRue,12,38,Local vs PRISM,54.425058742720374,10.204300039930516,49.149131913541694
HeadM210_DaysToHeading,BosworthRue,12,39,Local vs PRISM,55.11736416351481,6.1025511927083045,48.91341212881947
HeadM210_DaysToHeading,BosworthRue,12,40,Local vs PRISM,55.14533006279669,4.367192842013878,48.270713521180596
HeadM210_DaysToHeading,BosworthRue,13,25,Local vs PRISM,125.0957093968536,117.2084846465278,117.2084846465278
HeadM210_DaysToHeading,BosworthRue,13,26,Local vs PRISM,128.61013279931188,120.09668545173611,120.09668545173611
HeadM210_DaysToHeading,BosworthRue,13,27,Local vs PRISM,131.43856024662327,122.28966346770832,122.28966346770832
HeadM210_DaysToHeading,BosworthRue,13,28,Local vs PRISM,133.16999245690064,123.28107048819444,123.28107048819444
HeadM210_DaysToHeading,BosworthRue,13,29,Local vs PRISM,133.1860329125315,122.46769566909722,122.46769566909722
HeadM210_DaysToHeading,BosworthRue,13,30,Local vs PRISM,130.80542227130456,119.20752826597223,119.20752826597223
HeadM210_DaysToHeading,BosworthRue,13,31,Local vs PRISM,126.24323098662978,113.6220829548611,113.6220829548611
HeadM210_DaysToHeading,BosworthRue,13,32,Local vs PRISM,119.7338994286075,105.91255056354166,105.91255056354166
HeadM210_DaysToHeading,BosworthRue,13,33,Local vs PRISM,112.0236426419072,96.37989870694446,96.41683597708334
HeadM210_DaysToHeading,BosworthRue,13,34,Local vs PRISM,103.544903309273,85.45916721388889,89.82329137361111
HeadM210_DaysToHeading,BosworthRue,13,35,Local vs PRISM,95.29140051992475,74.02125645243056,83.04982777048609
HeadM210_DaysToHeading,BosworthRue,13,36,Local vs PRISM,88.57500319629041,63.87854491006942,77.18447733923608
HeadM210_DaysToHeading,BosworthRue,13,37,Local vs PRISM,84.57502754135771,55.44250420625001,73.08382036388893
HeadM210_DaysToHeading,BosworthRue,13,38,Local vs PRISM,82.02207434035978,48.80362104201389,69.89089915659723
HeadM210_DaysToHeading,BosworthRue,13,39,Local vs PRISM,80.64912543896776,44.63937219479169,67.74974830243059
HeadM210_DaysToHeading,BosworthRue,13,40,Local vs PRISM,79.58851789728304,42.84151384409721,66.30581422256942
HeadM210_DaysToHeading,BosworthRue,14,25,Local vs PRISM,118.65688159629964,112.70759019999998,112.70759019999998
HeadM210_DaysToHeading,BosworthRue,14,26,Local vs PRISM,122.52273412280982,116.1699165888889,116.1699165888889
HeadM210_DaysToHeading,BosworthRue,14,27,Local vs PRISM,126.06816198935242,119.21954245555553,119.21954245555553
HeadM210_DaysToHeading,BosworthRue,14,28,Local vs PRISM,128.52842904946587,121.25165093715276,121.25165093715276
HeadM210_DaysToHeading,BosworthRue,14,29,Local vs PRISM,129.2367597505899,121.45876904999996,121.45876904999996
HeadM210_DaysToHeading,BosworthRue,14,30,Local vs PRISM,127.59126937356898,119.28178915555551,119.28178915555551
HeadM210_DaysToHeading,BosworthRue,14,31,Local vs PRISM,123.62505317440363,114.71535966979165,114.71535966979165
HeadM210_DaysToHeading,BosworthRue,14,32,Local vs PRISM,117.5018073093787,107.8114725753472,107.8114725753472
HeadM210_DaysToHeading,BosworthRue,14,33,Local vs PRISM,109.92865776403559,98.664028975694407,100.74860905208331
HeadM210_DaysToHeading,BosworthRue,14,34,Local vs PRISM,101.73201721737168,88.1139832454861,94.15075021145832
HeadM210_DaysToHeading,BosworthRue,14,35,Local vs PRISM,93.61336986136673,76.91198672708333,87.3232886277778
HeadM210_DaysToHeading,BosworthRue,14,36,Local vs PRISM,86.99554058560001,66.84153212916662,81.4051951409722
HeadM210_DaysToHeading,BosworthRue,14,37,Local vs PRISM,82.61302426552916,58.48947889965277,77.34373823298611
HeadM210_DaysToHeading,BosworthRue,14,38,Local vs PRISM,79.67290284703991,51.85059573541665,74.15081702569444
HeadM210_DaysToHeading,BosworthRue,14,39,Local vs PRISM,78.01103327081526,47.686346888194436,72.00966617152778
HeadM210_DaysToHeading,BosworthRue,14,40,Local vs PRISM,76.91092435664008,45.88848853749998,70.56573209166665
HeadM210_DaysToHeading,BosworthRue,15,25,Local vs PRISM,123.2824518112225,113.44939728854165,113.44939728854165
HeadM210_DaysToHeading,BosworthRue,15,26,Local vs PRISM,127.9206549698286,117.55866812187499,117.55866812187499
HeadM210_DaysToHeading,BosworthRue,15,27,Local vs PRISM,132.35397903530122,121.39387858958332,121.39387858958332
HeadM210_DaysToHeading,BosworthRue,15,28,Local vs PRISM,136.12726007626284,124.56121827048611,124.56121827048611
HeadM210_DaysToHeading,BosworthRue,15,29,Local vs PRISM,138.91299638206607,126.48160021493055,126.48160021493055
HeadM210_DaysToHeading,BosworthRue,15,30,Local vs PRISM,139.9412299154754,126.5258362784722,126.5258362784722
HeadM210_DaysToHeading,BosworthRue,15,31,Local vs PRISM,138.79952518351956,124.40443369930556,124.40443369930556
HeadM210_DaysToHeading,BosworthRue,15,32,Local vs PRISM,135.29568164843914,119.65248797152776,119.65248797152776
HeadM210_DaysToHeading,BosworthRue,15,33,Local vs PRISM,129.9407226707783,112.27924405069443,112.27924405069443
HeadM210_DaysToHeading,BosworthRue,15,34,Local vs PRISM,123.45419833970426,103.39257723333333,106.15770443402778
HeadM210_DaysToHeading,BosworthRue,15,35,Local vs PRISM,116.17476795597814,93.39138847291666,102.77042237916667
HeadM210_DaysToHeading,BosworthRue,15,36,Local vs PRISM,109.71503646812985,84.16587381388887,99.44158832569441
HeadM210_DaysToHeading,BosworthRue,15,37,Local vs PRISM,104.51019366379472,76.03462026909723,96.66649932256944
HeadM210_DaysToHeading,BosworthRue,15,38,Local vs PRISM,100.82471160542708,69.55778023020835,94.40800726076392
HeadM210_DaysToHeading,BosworthRue,15,39,Local vs PRISM,98.70287564133375,65.45894279270836,92.81796996909726
HeadM210_DaysToHeading,BosworthRue,15,40,Local vs PRISM,97.43073471895202,63.62414696631947,91.54583462881945
HeadM210_DaysToHeading,BosworthRue,16,25,Local vs PRISM,133.91480167891805,120.697423778125,120.697423778125
HeadM210_DaysToHeading,BosworthRue,16,26,Local vs PRISM,139.45600509699335,125.697423778125,125.697423778125
HeadM210_DaysToHeading,BosworthRue,16,27,Local vs PRISM,144.9284618119628,130.62257173263887,130.62257173263887
HeadM210_DaysToHeading,BosworthRue,16,28,Local vs PRISM,149.9633772241858,135.07816201041666,135.07816201041666
HeadM210_DaysToHeading,BosworthRue,16,29,Local vs PRISM,154.34990793730165,138.83378701041664,138.83378701041664
HeadM210_DaysToHeading,BosworthRue,16,30,Local vs PRISM,157.87303778322735,141.5902800659722,141.5902800659722
HeadM210_DaysToHeading,BosworthRue,16,31,Local vs PRISM,160.25694032949198,143.1111954465278,143.1111954465278
HeadM210_DaysToHeading,BosworthRue,16,32,Local vs PRISM,160.66957692875172,142.48531072881943,143.09603343993055
HeadM210_DaysToHeading,BosworthRue,16,33,Local vs PRISM,158.64068570018728,139.19245250659725,141.4133835510417
HeadM210_DaysToHeading,BosworthRue,16,34,Local vs PRISM,154.7120483655743,133.68526442708333,138.1459178270833
HeadM210_DaysToHeading,BosworthRue,16,35,Local vs PRISM,148.91752850096458,125.86799125208334,133.0797698923611
HeadM210_DaysToHeading,BosworthRue,16,36,Local vs PRISM,143.18043976003756,118.03130971840278,128.04594946215275
HeadM210_DaysToHeading,BosworthRue,16,37,Local vs PRISM,137.87320792153233,110.74539451388887,123.20991010902773
HeadM210_DaysToHeading,BosworthRue,16,38,Local vs PRISM,133.14605176859507,104.77930001527778,118.56906575833332
HeadM210_DaysToHeading,BosworthRue,16,39,Local vs PRISM,130.01731264790567,100.75980666805556,115.13957256388888
HeadM210_DaysToHeading,BosworthRue,16,40,Local vs PRISM,128.57247743581374,98.88441208125,113.37167804652778
HeadM210_DaysToHeading,BosworthRue,17,25,Local vs PRISM,116.95367543845981,108.94711185555556,108.94711185555556
HeadM210_DaysToHeading,BosworthRue,17,26,Local vs PRISM,121.88518079764951,113.50961185555556,113.50961185555556
HeadM210_DaysToHeading,BosworthRue,17,27,Local vs PRISM,126.79936233297482,118.05222508784722,118.05222508784722
HeadM210_DaysToHeading,BosworthRue,17,28,Local vs PRISM,131.57618758859905,122.443127865625,122.443127865625
HeadM210_DaysToHeading,BosworthRue,17,29,Local vs PRISM,136.03063783397238,126.52330147673611,126.52330147673611
HeadM210_DaysToHeading,BosworthRue,17,30,Local vs PRISM,140.07129956042533,130.07791953229167,130.07791953229167
HeadM210_DaysToHeading,BosworthRue,17,31,Local vs PRISM,143.55471703249762,133.06784943680555,133.06784943680555
HeadM210_DaysToHeading,BosworthRue,17,32,Local vs PRISM,145.69120684656264,134.74083905659722,134.74083905659722
HeadM210_DaysToHeading,BosworthRue,17,33,Local vs PRISM,146.2553753662941,134.79913351284722,134.79913351284722
HeadM210_DaysToHeading,BosworthRue,17,34,Local vs PRISM,144.89919953791681,132.9981265684028,132.9981265684028
HeadM210_DaysToHeading,BosworthRue,17,35,Local vs PRISM,141.76500993188859,129.34726626215277,129.34726626215277
HeadM210_DaysToHeading,BosworthRue,17,36,Local vs PRISM,137.70838342004512,124.71688931909722,124.71688931909722
HeadM210_DaysToHeading,BosworthRue,17,37,Local vs PRISM,133.20257532580933,119.50411587708334,119.50411587708334
HeadM210_DaysToHeading,BosworthRue,17,38,Local vs PRISM,128.88197263466031,114.69799557326388,114.69799557326388
HeadM210_DaysToHeading,BosworthRue,17,39,Local vs PRISM,125.86242691752194,111.29311923993056,111.29311923993056
HeadM210_DaysToHeading,BosworthRue,17,40,Local vs PRISM,124.44906220554603,109.59626889270831,109.59626889270831
HeadM210_DaysToHeading,BosworthRue,18,25,Local vs PRISM,94.47166922691223,73.98797504618055,83.68648403229166
HeadM210_DaysToHeading,BosworthRue,18,26,Local vs PRISM,98.338910239821,76.98797504618055,87.06148403229166
HeadM210_DaysToHeading,BosworthRue,18,27,Local vs PRISM,102.16235931005222,79.937731990625,90.3862409767361
HeadM210_DaysToHeading,BosworthRue,18,28,Local vs PRISM,105.88694496317885,82.772419490625,93.5959284767361
HeadM210_DaysToHeading,BosworthRue,18,29,Local vs PRISM,109.44033205721655,85.44297504618055,96.64148403229166
HeadM210_DaysToHeading,BosworthRue,18,30,Local vs PRISM,112.85204260970855,87.92610004618055,99.55085903229167
HeadM210_DaysToHeading,BosworthRue,18,31,Local vs PRISM,116.12464057082329,90.22839106180555,102.40363615902777
HeadM210_DaysToHeading,BosworthRue,18,32,Local vs PRISM,118.89415861463056,91.89870356180555,104.73471254791667
HeadM210_DaysToHeading,BosworthRue,18,33,Local vs PRISM,121.21054875478744,92.9689424625,106.56877920277778
HeadM210_DaysToHeading,BosworthRue,18,34,Local vs PRISM,122.55599336176418,93.10845635138888,107.41593198055554
HeadM210_DaysToHeading,BosworthRue,18,35,Local vs PRISM,122.46305657393877,91.72974090173611,106.840688753125
HeadM210_DaysToHeading,BosworthRue,18,36,Local vs PRISM,121.4992505031389,89.35934988680555,105.40813514791667
HeadM210_DaysToHeading,BosworthRue,18,37,Local vs PRISM,119.82377365551116,86.2875097236111,103.27740609583333
HeadM210_DaysToHeading,BosworthRue,18,38,Local vs PRISM,117.78170519115997,82.73992115833333,100.64530481805556
HeadM210_DaysToHeading,BosworthRue,18,39,Local vs PRISM,116.27223896181215,79.93114491527777,98.58652857499999
HeadM210_DaysToHeading,BosworthRue,18,40,Local vs PRISM,115.67641981037119,78.29928743611109,97.53550834583332
HeadM210_DaysToHeading,BosworthRue,19,25,Local vs PRISM,48.935460170950314,19.611681604513883,41.22691346006945
HeadM210_DaysToHeading,BosworthRue,19,26,Local vs PRISM,50.870946970317945,20.36168160451388,42.85191346006945
HeadM210_DaysToHeading,BosworthRue,19,27,Local vs PRISM,52.80650745098691,21.11168160451388,44.47691346006945
HeadM210_DaysToHeading,BosworthRue,19,28,Local vs PRISM,54.73950429509303,21.852306604513878,46.09253846006945
HeadM210_DaysToHeading,BosworthRue,19,29,Local vs PRISM,56.658840417177785,22.46404271562499,47.658163460069446
HeadM210_DaysToHeading,BosworthRue,19,30,Local vs PRISM,58.52382030197159,22.97279271562499,49.16691346006945
HeadM210_DaysToHeading,BosworthRue,19,31,Local vs PRISM,60.38447849202811,23.49098650902777,50.685107253472225
HeadM210_DaysToHeading,BosworthRue,19,32,Local vs PRISM,62.20808064743909,23.85720178680555,52.19347530902778
HeadM210_DaysToHeading,BosworthRue,19,33,Local vs PRISM,63.93819946226182,23.936680953472212,53.69635725347223
HeadM210_DaysToHeading,BosworthRue,19,34,Local vs PRISM,65.51786662611171,23.686021231249992,55.025072531250004
HeadM210_DaysToHeading,BosworthRue,19,35,Local vs PRISM,66.71658780759077,22.717785057291664,55.97657259409723
HeadM210_DaysToHeading,BosworthRue,19,36,Local vs PRISM,67.73801062839017,20.89258362638889,56.889718587500006
HeadM210_DaysToHeading,BosworthRue,19,37,Local vs PRISM,68.35797783271052,18.634951840277772,57.435128151388895
HeadM210_DaysToHeading,BosworthRue,19,38,Local vs PRISM,68.65359383057383,16.083998015972213,57.54147528958334
HeadM210_DaysToHeading,BosworthRue,19,39,Local vs PRISM,68.67523909838891,13.927692439583334,57.628822892361114
HeadM210_DaysToHeading,BosworthRue,19,40,Local vs PRISM,68.98306057756032,12.443105710416667,57.946034538194446
HeadM210_DaysToHeading,BosworthRue,20,25,Local vs PRISM,45.434907388517985,19.720734282291666,38.33667433993055
HeadM210_DaysToHeading,BosworthRue,20,26,Local vs PRISM,47.20243835445351,20.470734282291666,39.83667433993055
HeadM210_DaysToHeading,BosworthRue,20,27,Local vs PRISM,48.969986357040796,21.220734282291666,41.33667433993055
HeadM210_DaysToHeading,BosworthRue,20,28,Local vs PRISM,50.73754961575834,21.970734282291666,42.83667433993055
HeadM210_DaysToHeading,BosworthRue,20,29,Local vs PRISM,52.50512658983232,22.720734282291666,44.33667433993055
HeadM210_DaysToHeading,BosworthRue,20,30,Local vs PRISM,54.27271593920001,23.470734282291666,45.83667433993055
HeadM210_DaysToHeading,BosworthRue,20,31,Local vs PRISM,56.03944023375035,24.217609282291665,47.333549339930556
HeadM210_DaysToHeading,BosworthRue,20,32,Local vs PRISM,57.806420439241414,24.848442615624997,48.81063267326388
HeadM210_DaysToHeading,BosworthRue,20,33,Local vs PRISM,59.35698709169683,25.30330372673611,50.140493784374996
HeadM210_DaysToHeading,BosworthRue,20,34,Local vs PRISM,60.903173117688816,25.65003983784722,51.54375767326388
HeadM210_DaysToHeading,BosworthRue,20,35,Local vs PRISM,61.934103697178614,25.587463386111107,52.53619523611111
HeadM210_DaysToHeading,BosworthRue,20,36,Local vs PRISM,62.60347213319441,24.97676189618055,53.181465968402776
HeadM210_DaysToHeading,BosworthRue,20,37,Local vs PRISM,62.90111220192762,24.131616162152774,53.53807003576389
HeadM210_DaysToHeading,BosworthRue,20,38,Local vs PRISM,62.882622706285225,23.049150855902777,53.508354839930554
HeadM210_DaysToHeading,BosworthRue,20,39,Local vs PRISM,62.77610409327801,22.011340043402775,53.29429356215278
HeadM210_DaysToHeading,BosworthRue,20,40,Local vs PRISM,62.65036608858567,21.24756487326389,52.96306835034722
HeadM210_DaysToHeading,Canal,10,25,Local vs PRISM,58.58460164659509,55.30357853888889,55.30357853888889
HeadM210_DaysToHeading,Canal,10,26,Local vs PRISM,57.721571093037575,54.30556587103175,54.30556587103175
HeadM210_DaysToHeading,Canal,10,27,Local vs PRISM,56.270427343954424,52.65323276309524,52.65323276309524
HeadM210_DaysToHeading,Canal,10,28,Local vs PRISM,53.64176281729649,49.66947288730156,49.66947288730156
HeadM210_DaysToHeading,Canal,10,29,Local vs PRISM,49.89975503652729,45.511670770238084,45.511670770238084
HeadM210_DaysToHeading,Canal,10,30,Local vs PRISM,45.43602902697962,40.401546168253944,40.401546168253944
HeadM210_DaysToHeading,Canal,10,31,Local vs PRISM,40.00632468182832,34.16747304920633,34.16964796507932
HeadM210_DaysToHeading,Canal,10,32,Local vs PRISM,33.2934596347415,26.742430513492064,28.495795621428524
HeadM210_DaysToHeading,Canal,10,33,Local vs PRISM,26.860050458334467,18.72309563293647,22.60539770198412
HeadM210_DaysToHeading,Canal,10,34,Local vs PRISM,23.463453887757815,11.093890501190474,20.188080532142845
HeadM210_DaysToHeading,Canal,10,35,Local vs PRISM,23.756557292429942,3.909202379761918,21.887073973412743
HeadM210_DaysToHeading,Canal,10,36,Local vs PRISM,25.466515231920017,-2.1722650150793306,22.77421045476186
HeadM210_DaysToHeading,Canal,10,37,Local vs PRISM,26.621207805111858,-6.4345338718254,22.25727444563493
HeadM210_DaysToHeading,Canal,10,38,Local vs PRISM,27.09351256969884,-9.393482151984163,20.963468747222205
HeadM210_DaysToHeading,Canal,10,39,Local vs PRISM,27.270110766259265,-10.955692021031739,21.110023526587288
HeadM210_DaysToHeading,Canal,10,40,Local vs PRISM,27.60528568661014,-11.958622366269863,21.965411189285728
HeadM210_DaysToHeading,Canal,11,25,Local vs PRISM,64.20629455609985,61.34478549325396,61.34478549325396
HeadM210_DaysToHeading,Canal,11,26,Local vs PRISM,63.833966900193154,60.86993148253969,60.86993148253969
HeadM210_DaysToHeading,Canal,11,27,Local vs PRISM,62.80281475689254,59.68731267539681,59.68731267539681
HeadM210_DaysToHeading,Canal,11,28,Local vs PRISM,60.46085481505228,57.13992593888889,57.13992593888889
HeadM210_DaysToHeading,Canal,11,29,Local vs PRISM,56.960949208787525,53.267838107539674,53.267838107539674
HeadM210_DaysToHeading,Canal,11,30,Local vs PRISM,52.62103844773191,48.400213412698385,48.400213412698385
HeadM210_DaysToHeading,Canal,11,31,Local vs PRISM,46.837037859721285,42.30199746706345,42.30199746706345
HeadM210_DaysToHeading,Canal,11,32,Local vs PRISM,39.3875047170005,34.9199548801587,34.9199548801587
HeadM210_DaysToHeading,Canal,11,33,Local vs PRISM,31.4766233994605,26.900619999603155,26.901905913888868
HeadM210_DaysToHeading,Canal,11,34,Local vs PRISM,24.76027628558761,19.271414867857157,20.92170069960319
HeadM210_DaysToHeading,Canal,11,35,Local vs PRISM,20.482807723812748,12.086726746428601,16.962266725
HeadM210_DaysToHeading,Canal,11,36,Local vs PRISM,18.72552143274411,6.005259351587354,15.94302044047611
HeadM210_DaysToHeading,Canal,11,37,Local vs PRISM,17.85003649711852,1.7429904948412513,16.052591013888883
HeadM210_DaysToHeading,Canal,11,38,Local vs PRISM,17.501533437070055,-1.2159577853174142,16.237624350396832
HeadM210_DaysToHeading,Canal,11,39,Local vs PRISM,17.318023539424754,-2.778167654365023,16.11939001309518
HeadM210_DaysToHeading,Canal,11,40,Local vs PRISM,17.41950972314326,-3.781097999603211,16.197888905952418
HeadM210_DaysToHeading,Canal,12,25,Local vs PRISM,79.6267455060133,76.34465840198412,76.34465840198412
HeadM210_DaysToHeading,Canal,12,26,Local vs PRISM,80.39033118526972,76.908304381746035,76.908304381746035
HeadM210_DaysToHeading,Canal,12,27,Local vs PRISM,80.14709179882831,76.58269408928571,76.58269408928571
HeadM210_DaysToHeading,Canal,12,28,Local vs PRISM,78.10434031953044,74.55159297658727,74.55159297658727
HeadM210_DaysToHeading,Canal,12,29,Local vs PRISM,74.44358094059793,70.90808371269843,70.90808371269843
HeadM210_DaysToHeading,Canal,12,30,Local vs PRISM,69.67339707253349,66.1509590484127,66.1509590484127
HeadM210_DaysToHeading,Canal,12,31,Local vs PRISM,63.6215037983027,60.227528853174604,60.227528853174604
HeadM210_DaysToHeading,Canal,12,32,Local vs PRISM,56.41050025819254,52.88498623055553,52.88498623055553
HeadM210_DaysToHeading,Canal,12,33,Local vs PRISM,48.90570205075334,44.86565135000004,44.86565135000004
HeadM210_DaysToHeading,Canal,12,34,Local vs PRISM,41.81559156700008,37.23644621825401,37.23644621825401
HeadM210_DaysToHeading,Canal,12,35,Local vs PRISM,35.79702962560314,30.051758096825438,32.54608961666669
HeadM210_DaysToHeading,Canal,12,36,Local vs PRISM,30.97965595419757,23.97029070198414,28.975051167857146
HeadM210_DaysToHeading,Canal,12,37,Local vs PRISM,27.274661620349608,19.708021845238072,25.717083825396816
HeadM210_DaysToHeading,Canal,12,38,Local vs PRISM,24.710468681519476,16.74907356507934,23.017564387301523
HeadM210_DaysToHeading,Canal,12,39,Local vs PRISM,23.584602957425187,15.186863696031732,21.66503705793647
HeadM210_DaysToHeading,Canal,12,40,Local vs PRISM,23.042567624978275,14.183933350793593,20.89410679206347
HeadM210_DaysToHeading,Canal,13,25,Local vs PRISM,113.52725856601593,109.26946805952382,109.26946805952382
HeadM210_DaysToHeading,Canal,13,26,Local vs PRISM,116.57567727476855,112.02786242103174,112.02786242103174
HeadM210_DaysToHeading,Canal,13,27,Local vs PRISM,118.63779877386264,113.88674647976191,113.88674647976191
HeadM210_DaysToHeading,Canal,13,28,Local vs PRISM,118.75050998449488,113.90867909126985,113.90867909126985
HeadM210_DaysToHeading,Canal,13,29,Local vs PRISM,116.79864017836937,111.97596907460317,111.97596907460317
HeadM210_DaysToHeading,Canal,13,30,Local vs PRISM,113.07382475886023,108.23013700436509,108.23013700436509
HeadM210_DaysToHeading,Canal,13,31,Local vs PRISM,107.76853704153218,102.98299241626982,102.98299241626982
HeadM210_DaysToHeading,Canal,13,32,Local vs PRISM,101.02187383634424,95.92608546944447,95.92608546944447
HeadM210_DaysToHeading,Canal,13,33,Local vs PRISM,93.7665952509936,88.04303609801589,88.04303609801589
HeadM210_DaysToHeading,Canal,13,34,Local vs PRISM,86.8480007331963,80.48525953769845,80.48525953769845
HeadM210_DaysToHeading,Canal,13,35,Local vs PRISM,80.66399427023971,73.33250015992068,73.33250015992068
HeadM210_DaysToHeading,Canal,13,36,Local vs PRISM,75.49890140567581,67.1796041936508,67.1796041936508
HeadM210_DaysToHeading,Canal,13,37,Local vs PRISM,71.70617860954863,62.845906765476194,62.845906765476194
HeadM210_DaysToHeading,Canal,13,38,Local vs PRISM,69.13759928236139,59.85267277103177,59.85267277103177
HeadM210_DaysToHeading,Canal,13,39,Local vs PRISM,67.98615258551273,58.29046290198413,58.29046290198413
HeadM210_DaysToHeading,Canal,13,40,Local vs PRISM,67.40635764496479,57.28753255674605,57.28753255674605
HeadM210_DaysToHeading,Canal,14,25,Local vs PRISM,142.72075771563462,139.63587785277778,139.63587785277778
HeadM210_DaysToHeading,Canal,14,26,Local vs PRISM,147.65708443415795,144.43137550357147,144.43137550357147
HeadM210_DaysToHeading,Canal,14,27,Local vs PRISM,152.01916776838777,148.66827543531747,148.66827543531747
HeadM210_DaysToHeading,Canal,14,28,Local vs PRISM,155.10687509581822,151.73483097539682,151.73483097539682
HeadM210_DaysToHeading,Canal,14,29,Local vs PRISM,155.88659931573702,152.64511846825397,152.64511846825397
HeadM210_DaysToHeading,Canal,14,30,Local vs PRISM,154.41960722809608,151.369350506746,151.369350506746
HeadM210_DaysToHeading,Canal,14,31,Local vs PRISM,150.8678606667336,147.92444853015874,147.92444853015874
HeadM210_DaysToHeading,Canal,14,32,Local vs PRISM,145.075634849108,141.88642705873016,141.88642705873016
HeadM210_DaysToHeading,Canal,14,33,Local vs PRISM,138.24922640421357,134.59053480079368,134.59053480079368
HeadM210_DaysToHeading,Canal,14,34,Local vs PRISM,131.32967045441399,127.22832959444445,127.22832959444445
HeadM210_DaysToHeading,Canal,14,35,Local vs PRISM,124.66896753325125,120.16157011388889,120.16157011388889
HeadM210_DaysToHeading,Canal,14,36,Local vs PRISM,118.86985598472407,114.02432967023809,114.02432967023809
HeadM210_DaysToHeading,Canal,14,37,Local vs PRISM,114.8828773520347,109.6906322420635,109.6906322420635
HeadM210_DaysToHeading,Canal,14,38,Local vs PRISM,112.15898842347343,106.69739824761909,106.69739824761909
HeadM210_DaysToHeading,Canal,14,39,Local vs PRISM,110.89358890886086,105.13518837857147,105.13518837857147
HeadM210_DaysToHeading,Canal,14,40,Local vs PRISM,110.17723604909575,104.13225803333337,104.13225803333337
HeadM210_DaysToHeading,Canal,15,25,Local vs PRISM,117.2573320984696,115.90737899603174,115.90737899603174
HeadM210_DaysToHeading,Canal,15,26,Local vs PRISM,121.61012131503347,120.17309328174603,120.17309328174603
HeadM210_DaysToHeading,Canal,15,27,Local vs PRISM,125.71392407549358,124.20705677103174,124.20705677103174
HeadM210_DaysToHeading,Canal,15,28,Local vs PRISM,129.2906517828533,127.7484853313492,127.7484853313492
HeadM210_DaysToHeading,Canal,15,29,Local vs PRISM,131.93652952927178,130.3861044281746,130.3861044281746
HeadM210_DaysToHeading,Canal,15,30,Local vs PRISM,132.6139415257723,131.13035686626984,131.13035686626984
HeadM210_DaysToHeading,Canal,15,31,Local vs PRISM,130.87092006777414,129.43880627103178,129.43880627103178
HeadM210_DaysToHeading,Canal,15,32,Local vs PRISM,126.00623754889124,124.55592124920636,124.55592124920636
HeadM210_DaysToHeading,Canal,15,33,Local vs PRISM,119.49703868990366,117.8316360253968,117.8316360253968
HeadM210_DaysToHeading,Canal,15,34,Local vs PRISM,112.71197741853254,110.81653405912701,110.81653405912701
HeadM210_DaysToHeading,Canal,15,35,Local vs PRISM,105.9714037313519,103.89413171468256,103.89413171468256
HeadM210_DaysToHeading,Canal,15,36,Local vs PRISM,99.86750147810113,97.68546269960315,97.68546269960315
HeadM210_DaysToHeading,Canal,15,37,Local vs PRISM,95.60509007482128,93.28033669999999,93.28033669999999
HeadM210_DaysToHeading,Canal,15,38,Local vs PRISM,92.73823648544091,90.26845191190479,90.26845191190479
HeadM210_DaysToHeading,Canal,15,39,Local vs PRISM,91.31287852309522,88.70624204285716,88.70624204285716
HeadM210_DaysToHeading,Canal,15,40,Local vs PRISM,90.47292677617256,87.70331169761907,87.70331169761907
HeadM210_DaysToHeading,Canal,16,25,Local vs PRISM,134.85977841125134,130.86768937896827,130.86768937896827
HeadM210_DaysToHeading,Canal,16,26,Local vs PRISM,140.08260648224672,135.93911795039682,135.93911795039682
HeadM210_DaysToHeading,Canal,16,27,Local vs PRISM,145.1584837007136,140.85056793849205,140.85056793849205
HeadM210_DaysToHeading,Canal,16,28,Local vs PRISM,149.75596925209035,145.2975520654762,145.2975520654762
HeadM210_DaysToHeading,Canal,16,29,Local vs PRISM,153.85975158724625,149.2110513170635,149.2110513170635
HeadM210_DaysToHeading,Canal,16,30,Local vs PRISM,156.53444177514254,151.6654164238095,151.6654164238095
HeadM210_DaysToHeading,Canal,16,31,Local vs PRISM,157.43322998867555,152.2568911873016,152.2568911873016
HeadM210_DaysToHeading,Canal,16,32,Local vs PRISM,155.45975432464553,149.8685929797619,149.8685929797619
HeadM210_DaysToHeading,Canal,16,33,Local vs PRISM,151.39738889626884,145.2674485968254,145.2674485968254
HeadM210_DaysToHeading,Canal,16,34,Local vs PRISM,146.3056707189719,139.45693919920637,139.45693919920637
HeadM210_DaysToHeading,Canal,16,35,Local vs PRISM,140.7652504570046,132.92402066587303,132.92402066587303
HeadM210_DaysToHeading,Canal,16,36,Local vs PRISM,135.55658303123943,126.89949444444441,126.89949444444441
HeadM210_DaysToHeading,Canal,16,37,Local vs PRISM,131.62402512302316,122.53443986706351,122.53443986706351
HeadM210_DaysToHeading,Canal,16,38,Local vs PRISM,128.79920397500624,119.5932694837302,119.5932694837302
HeadM210_DaysToHeading,Canal,16,39,Local vs PRISM,127.34764707620317,118.03105961468255,118.03105961468255
HeadM210_DaysToHeading,Canal,16,40,Local vs PRISM,126.54389936316839,117.02812926944446,117.02812926944446
HeadM210_DaysToHeading,Canal,17,25,Local vs PRISM,121.98716355908708,115.52687003968254,115.52687003968254
HeadM210_DaysToHeading,Canal,17,26,Local vs PRISM,126.90224833534538,120.16972718253969,120.16972718253969
HeadM210_DaysToHeading,Canal,17,27,Local vs PRISM,131.7768681747249,124.77000496031745,124.77000496031745
HeadM210_DaysToHeading,Canal,17,28,Local vs PRISM,136.48799911348513,129.19857638888888,129.19857638888888
HeadM210_DaysToHeading,Canal,17,29,Local vs PRISM,140.97357744085107,133.38473437063493,133.38473437063493
HeadM210_DaysToHeading,Canal,17,30,Local vs PRISM,144.93054073252918,136.9867978626984,136.9867978626984
HeadM210_DaysToHeading,Canal,17,31,Local vs PRISM,148.062091646557,139.70782961428574,139.70782961428574
HeadM210_DaysToHeading,Canal,17,32,Local vs PRISM,149.31431867593764,140.4578852265873,140.4578852265873
HeadM210_DaysToHeading,Canal,17,33,Local vs PRISM,149.07668701932312,139.49219310714287,139.49219310714287
HeadM210_DaysToHeading,Canal,17,34,Local vs PRISM,147.4183171917472,136.9622633345238,136.9622633345238
HeadM210_DaysToHeading,Canal,17,35,Local vs PRISM,144.3847993760345,133.14257118968254,133.14257118968254
HeadM210_DaysToHeading,Canal,17,36,Local vs PRISM,140.24178364223084,128.46659511031746,128.46659511031746
HeadM210_DaysToHeading,Canal,17,37,Local vs PRISM,136.6243753065346,124.5668774202381,124.5668774202381
HeadM210_DaysToHeading,Canal,17,38,Local vs PRISM,134.12085598009347,121.90812106349206,121.90812106349206
HeadM210_DaysToHeading,Canal,17,39,Local vs PRISM,132.66434091308003,120.38662546031748,120.38662546031748
HeadM210_DaysToHeading,Canal,17,40,Local vs PRISM,131.78702932910198,119.38369511507936,119.38369511507936
HeadM210_DaysToHeading,Canal,18,25,Local vs PRISM,109.45796273749502,102.61039606547618,102.61039606547618
HeadM210_DaysToHeading,Canal,18,26,Local vs PRISM,113.81839764988302,106.68182463690475,106.68182463690475
HeadM210_DaysToHeading,Canal,18,27,Local vs PRISM,118.17595316403073,110.7489674940476,110.7489674940476
HeadM210_DaysToHeading,Canal,18,28,Local vs PRISM,122.48582635209738,114.7489674940476,114.7489674940476
HeadM210_DaysToHeading,Canal,18,29,Local vs PRISM,126.77531834158891,118.73576039642857,118.73576039642857
HeadM210_DaysToHeading,Canal,18,30,Local vs PRISM,130.88778284720485,122.55718896785714,122.55718896785714
HeadM210_DaysToHeading,Canal,18,31,Local vs PRISM,134.51550997528213,125.90861753928571,125.90861753928571
HeadM210_DaysToHeading,Canal,18,32,Local vs PRISM,137.3099344157702,128.39282388849205,128.39282388849205
HeadM210_DaysToHeading,Canal,18,33,Local vs PRISM,139.06768315220145,129.7199888793651,129.7199888793651
HeadM210_DaysToHeading,Canal,18,34,Local vs PRISM,139.67101326343303,129.63075681190475,129.63075681190475
HeadM210_DaysToHeading,Canal,18,35,Local vs PRISM,138.67553445875532,127.81110843531746,127.81110843531746
HeadM210_DaysToHeading,Canal,18,36,Local vs PRISM,136.3403435011818,124.8417119214286,124.8417119214286
HeadM210_DaysToHeading,Canal,18,37,Local vs PRISM,133.84507574859782,122.08101563095236,122.08101563095236
HeadM210_DaysToHeading,Canal,18,38,Local vs PRISM,131.64055947857528,119.83790186666666,119.83790186666666
HeadM210_DaysToHeading,Canal,18,39,Local vs PRISM,130.21181397504049,118.49355714047618,118.49355714047618
HeadM210_DaysToHeading,Canal,18,40,Local vs PRISM,129.28302199325864,117.5431837873016,117.5431837873016
HeadM210_DaysToHeading,Canal,19,25,Local vs PRISM,81.18375195493395,74.51687594920635,74.51687594920635
HeadM210_DaysToHeading,Canal,19,26,Local vs PRISM,84.30963468973609,77.3740188063492,77.3740188063492
HeadM210_DaysToHeading,Canal,19,27,Local vs PRISM,87.43568407763895,80.23116166349206,80.23116166349206
HeadM210_DaysToHeading,Canal,19,28,Local vs PRISM,90.56188286085957,83.08830452063492,83.08830452063492
HeadM210_DaysToHeading,Canal,19,29,Local vs PRISM,93.68821608428054,85.94544737777777,85.94544737777777
HeadM210_DaysToHeading,Canal,19,30,Local vs PRISM,96.76350564429198,88.75044737777777,88.75044737777777
HeadM210_DaysToHeading,Canal,19,31,Local vs PRISM,99.66793440422522,91.3644553142857,91.3644553142857
HeadM210_DaysToHeading,Canal,19,32,Local vs PRISM,102.43305631972336,93.75636007619046,93.75636007619046
HeadM210_DaysToHeading,Canal,19,33,Local vs PRISM,104.49817382780715,95.42717740357142,95.42717740357142
HeadM210_DaysToHeading,Canal,19,34,Local vs PRISM,105.73072374934533,96.2051624611111,96.2051624611111
HeadM210_DaysToHeading,Canal,19,35,Local vs PRISM,105.56889431403235,95.55470927380952,95.55470927380952
HeadM210_DaysToHeading,Canal,19,36,Local vs PRISM,104.16870123088552,93.70535397420635,93.70535397420635
HeadM210_DaysToHeading,Canal,19,37,Local vs PRISM,102.43301009876389,91.56222473650794,91.56222473650794
HeadM210_DaysToHeading,Canal,19,38,Local vs PRISM,100.69327996066225,89.66468850793652,89.66468850793652
HeadM210_DaysToHeading,Canal,19,39,Local vs PRISM,99.7182546748868,88.62454766269842,88.62454766269842
HeadM210_DaysToHeading,Canal,19,40,Local vs PRISM,99.02475110177632,87.86831705952382,87.86831705952382
HeadM210_DaysToHeading,Canal,20,25,Local vs PRISM,68.06365286250768,60.61906590436508,60.61906590436508
HeadM210_DaysToHeading,Canal,20,26,Local vs PRISM,70.62648389908048,62.904780190079364,62.904780190079364
HeadM210_DaysToHeading,Canal,20,27,Local vs PRISM,73.18936037464093,65.19049447579364,65.19049447579364
HeadM210_DaysToHeading,Canal,20,28,Local vs PRISM,75.7522776772679,67.47620876150793,67.47620876150793
HeadM210_DaysToHeading,Canal,20,29,Local vs PRISM,78.31523179868395,69.76192304722223,69.76192304722223
HeadM210_DaysToHeading,Canal,20,30,Local vs PRISM,80.86684789750879,72.0326373329365,72.0326373329365
HeadM210_DaysToHeading,Canal,20,31,Local vs PRISM,83.37589512884621,74.24692304722223,74.24692304722223
HeadM210_DaysToHeading,Canal,20,32,Local vs PRISM,85.88091304453634,76.45541511071428,76.45541511071428
HeadM210_DaysToHeading,Canal,20,33,Local vs PRISM,88.18233500680621,78.46593098373016,78.46593098373016
HeadM210_DaysToHeading,Canal,20,34,Local vs PRISM,89.74439056903913,79.76724050753968,79.76724050753968
HeadM210_DaysToHeading,Canal,20,35,Local vs PRISM,90.4372674445556,80.20840632857143,80.20840632857143
HeadM210_DaysToHeading,Canal,20,36,Local vs PRISM,90.13357809549291,79.63816823333333,79.63816823333333
HeadM210_DaysToHeading,Canal,20,37,Local vs PRISM,89.24622281395825,78.56310497261904,78.56310497261904
HeadM210_DaysToHeading,Canal,20,38,Local vs PRISM,88.12210440359469,77.28942495912699,77.28942495912699
HeadM210_DaysToHeading,Canal,20,39,Local vs PRISM,87.47832291476449,76.4200545781746,76.4200545781746
HeadM210_DaysToHeading,Canal,20,40,Local vs PRISM,87.07470226600742,75.7371946218254,75.7371946218254
HeadM210_DaysToHeading,DelRio,10,25,Local vs PRISM,184.86277668050886,-158.11752079583331,158.77549250277778
HeadM210_DaysToHeading,DelRio,10,26,Local vs PRISM,193.95213596396206,-166.9116243770833,166.9116243770833
HeadM210_DaysToHeading,DelRio,10,27,Local vs PRISM,202.26940139624713,-175.7400441034722,175.7400441034722
HeadM210_DaysToHeading,DelRio,10,28,Local vs PRISM,209.90199235853046,-184.3292288305556,184.3292288305556
HeadM210_DaysToHeading,DelRio,10,29,Local vs PRISM,217.2651001063559,-192.64314418472222,192.64314418472222
HeadM210_DaysToHeading,DelRio,10,30,Local vs PRISM,224.46239009135232,-201.21077745972224,201.21077745972224
HeadM210_DaysToHeading,DelRio,10,31,Local vs PRISM,230.9945300769717,-209.5894613555555,209.5894613555555
HeadM210_DaysToHeading,DelRio,10,32,Local vs PRISM,237.42828185164126,-217.65875485902782,217.65875485902782
HeadM210_DaysToHeading,DelRio,10,33,Local vs PRISM,242.63192154888102,-224.3975379361111,224.3975379361111
HeadM210_DaysToHeading,DelRio,10,34,Local vs PRISM,245.77149636103044,-228.95030834930552,228.95030834930552
HeadM210_DaysToHeading,DelRio,10,35,Local vs PRISM,248.59075010437996,-233.25773138263887,233.25773138263887
HeadM210_DaysToHeading,DelRio,10,36,Local vs PRISM,250.4365781304429,-236.4094612513889,236.4094612513889
HeadM210_DaysToHeading,DelRio,10,37,Local vs PRISM,251.86902145878778,-238.68013861458343,238.68013861458343
HeadM210_DaysToHeading,DelRio,10,38,Local vs PRISM,252.790901985067,-240.03495129027772,240.03495129027772
HeadM210_DaysToHeading,DelRio,10,39,Local vs PRISM,253.05387588129534,-240.4346836305555,240.4346836305555
HeadM210_DaysToHeading,DelRio,10,40,Local vs PRISM,253.0823675984778,-240.46920214444452,240.46920214444452
HeadM210_DaysToHeading,DelRio,11,25,Local vs PRISM,199.40060211866134,-144.71488439166666,177.1425504430556
HeadM210_DaysToHeading,DelRio,11,26,Local vs PRISM,209.22736051120924,-153.04521625833334,185.08927108472224
HeadM210_DaysToHeading,DelRio,11,27,Local vs PRISM,218.50778858442274,-162.32217108194448,191.99330912777782
HeadM210_DaysToHeading,DelRio,11,28,Local vs PRISM,227.11017522139764,-171.6459352638889,198.02085122500003
HeadM210_DaysToHeading,DelRio,11,29,Local vs PRISM,235.29886365509037,-180.65460092708335,203.70596132013893
HeadM210_DaysToHeading,DelRio,11,30,Local vs PRISM,243.31481763452626,-190.38258428680558,208.92469453541668
HeadM210_DaysToHeading,DelRio,11,31,Local vs PRISM,250.8909149627513,-200.35561430833332,213.08989171111114
HeadM210_DaysToHeading,DelRio,11,32,Local vs PRISM,258.21485745044026,-210.22351892291664,216.98915752847216
HeadM210_DaysToHeading,DelRio,11,33,Local vs PRISM,263.8731181340348,-218.34313398333325,219.65018985277777
HeadM210_DaysToHeading,DelRio,11,34,Local vs PRISM,267.3633903200549,-224.0347932854167,224.0347932854167
HeadM210_DaysToHeading,DelRio,11,35,Local vs PRISM,270.1833539871074,-229.25193854097222,229.25193854097222
HeadM210_DaysToHeading,DelRio,11,36,Local vs PRISM,271.7745026135502,-232.96616840972231,232.96616840972231
HeadM210_DaysToHeading,DelRio,11,37,Local vs PRISM,272.70559331149735,-235.37573466180558,235.37573466180558
HeadM210_DaysToHeading,DelRio,11,38,Local vs PRISM,273.36612166571973,-236.85554733750004,236.85554733750004
HeadM210_DaysToHeading,DelRio,11,39,Local vs PRISM,273.62021285444087,-237.38027967777776,237.38027967777776
HeadM210_DaysToHeading,DelRio,11,40,Local vs PRISM,273.69222960315176,-237.50507596944445,237.50507596944445
HeadM210_DaysToHeading,DelRio,12,25,Local vs PRISM,187.86906792825965,-143.96208694513888,167.5837524493055
HeadM210_DaysToHeading,DelRio,12,26,Local vs PRISM,197.67984969490468,-152.73088138402773,175.2464356631944
HeadM210_DaysToHeading,DelRio,12,27,Local vs PRISM,207.06142084621933,-162.16638770555556,181.90558066805556
HeadM210_DaysToHeading,DelRio,12,28,Local vs PRISM,215.99910165911888,-171.91055506388886,187.7727202944444
HeadM210_DaysToHeading,DelRio,12,29,Local vs PRISM,224.8042798612524,-181.60293344791666,193.55829306458332
HeadM210_DaysToHeading,DelRio,12,30,Local vs PRISM,233.781045187103,-192.1089157361111,199.04202508194442
HeadM210_DaysToHeading,DelRio,12,31,Local vs PRISM,242.75918125519942,-203.3118209784722,203.64184727291666
HeadM210_DaysToHeading,DelRio,12,32,Local vs PRISM,251.26634872006167,-214.25252306180562,214.25252306180562
HeadM210_DaysToHeading,DelRio,12,33,Local vs PRISM,258.62551439514874,-223.84449961458336,223.84449961458336
HeadM210_DaysToHeading,DelRio,12,34,Local vs PRISM,263.4266650046989,-230.6834537027778,230.6834537027778
HeadM210_DaysToHeading,DelRio,12,35,Local vs PRISM,267.3896876605939,-237.0601476652778,237.0601476652778
HeadM210_DaysToHeading,DelRio,12,36,Local vs PRISM,269.94600599780773,-241.65778031180557,241.65778031180557
HeadM210_DaysToHeading,DelRio,12,37,Local vs PRISM,271.4916313354838,-244.50581878611115,244.50581878611115
HeadM210_DaysToHeading,DelRio,12,38,Local vs PRISM,272.3682914047207,-246.1592425729167,246.1592425729167
HeadM210_DaysToHeading,DelRio,12,39,Local vs PRISM,272.67320894623197,-246.6948776909722,246.6948776909722
HeadM210_DaysToHeading,DelRio,12,40,Local vs PRISM,272.7581648709435,-246.81967398263885,246.81967398263885
HeadM210_DaysToHeading,DelRio,13,25,Local vs PRISM,190.78828767209586,-121.3523899423611,185.09338893541664
HeadM210_DaysToHeading,DelRio,13,26,Local vs PRISM,200.07170807276842,-128.2822136784722,193.76765700208335
HeadM210_DaysToHeading,DelRio,13,27,Local vs PRISM,208.67873968712408,-135.82418267916665,201.5382371138889
HeadM210_DaysToHeading,DelRio,13,28,Local vs PRISM,216.74274723650316,-143.7763266701389,208.6133533729167
HeadM210_DaysToHeading,DelRio,13,29,Local vs PRISM,225.0107494901379,-152.22094854722224,215.81066975833335
HeadM210_DaysToHeading,DelRio,13,30,Local vs PRISM,233.16170267377626,-161.6367948277778,222.49026603888888
HeadM210_DaysToHeading,DelRio,13,31,Local vs PRISM,241.16655644663564,-172.2267788340278,228.4718612243056
HeadM210_DaysToHeading,DelRio,13,32,Local vs PRISM,249.13138633634725,-183.0840325604167,234.11905946458336
HeadM210_DaysToHeading,DelRio,13,33,Local vs PRISM,256.11220707065,-192.79811985208335,238.71228577569445
HeadM210_DaysToHeading,DelRio,13,34,Local vs PRISM,260.6875460312318,-200.0096777826389,241.10503840902777
HeadM210_DaysToHeading,DelRio,13,35,Local vs PRISM,263.92892756191844,-206.3892470736111,242.0668308
HeadM210_DaysToHeading,DelRio,13,36,Local vs PRISM,265.81070602471823,-211.0942132215278,241.94015834791668
HeadM210_DaysToHeading,DelRio,13,37,Local vs PRISM,266.93661674578084,-214.05905746111108,241.72802900694444
HeadM210_DaysToHeading,DelRio,13,38,Local vs PRISM,267.5844912390414,-215.80834363680557,241.4738151965278
HeadM210_DaysToHeading,DelRio,13,39,Local vs PRISM,267.89553624023523,-216.44120097708335,241.42292299513892
HeadM210_DaysToHeading,DelRio,13,40,Local vs PRISM,268.0050178812886,-216.56599726874998,241.53921918958332
HeadM210_DaysToHeading,DelRio,14,25,Local vs PRISM,162.48886749633394,-83.4160893201389,161.02989483680557
HeadM210_DaysToHeading,DelRio,14,26,Local vs PRISM,170.07246994635787,-87.49455740625001,168.5240573673611
HeadM210_DaysToHeading,DelRio,14,27,Local vs PRISM,177.59604498392173,-91.69049335555559,175.94902109444448
HeadM210_DaysToHeading,DelRio,14,28,Local vs PRISM,184.94783929294252,-95.98330570277781,183.2418334416667
HeadM210_DaysToHeading,DelRio,14,29,Local vs PRISM,192.41898748857432,-100.73066124236112,190.60946675902778
HeadM210_DaysToHeading,DelRio,14,30,Local vs PRISM,199.84121407316675,-106.29654968125001,197.93410519791667
HeadM210_DaysToHeading,DelRio,14,31,Local vs PRISM,207.27955032744512,-112.90165188750001,205.1328185152778
HeadM210_DaysToHeading,DelRio,14,32,Local vs PRISM,214.2725537271664,-119.68709079930555,211.89645187152774
HeadM210_DaysToHeading,DelRio,14,33,Local vs PRISM,220.43915171782584,-126.21297101944444,217.75733289305555
HeadM210_DaysToHeading,DelRio,14,34,Local vs PRISM,224.8085722761395,-131.63974871250002,221.75605522083336
HeadM210_DaysToHeading,DelRio,14,35,Local vs PRISM,228.0241490492515,-136.96240107777777,224.45193009861111
HeadM210_DaysToHeading,DelRio,14,36,Local vs PRISM,230.22713082711257,-141.6587342479167,226.04762461597224
HeadM210_DaysToHeading,DelRio,14,37,Local vs PRISM,231.72600120661613,-145.25082772847225,227.00649527847224
HeadM210_DaysToHeading,DelRio,14,38,Local vs PRISM,232.4595766637757,-147.6219178236111,227.3740853875
HeadM210_DaysToHeading,DelRio,14,39,Local vs PRISM,232.8151519401652,-148.54644183055555,227.61485985277778
HeadM210_DaysToHeading,DelRio,14,40,Local vs PRISM,233.0334808013555,-148.79623812222223,227.8561560472222
HeadM210_DaysToHeading,DelRio,15,25,Local vs PRISM,115.60692689808481,-46.65868372291668,114.87762865069446
HeadM210_DaysToHeading,DelRio,15,26,Local vs PRISM,120.66391259341799,-48.66222125347224,119.89116618125001
HeadM210_DaysToHeading,DelRio,15,27,Local vs PRISM,125.7079741033562,-50.66222125347224,124.89116618125001
HeadM210_DaysToHeading,DelRio,15,28,Local vs PRISM,130.87252731310028,-52.78836693402779,130.01731186180555
HeadM210_DaysToHeading,DelRio,15,29,Local vs PRISM,136.01347245525167,-55.19072247361112,135.16050073472223
HeadM210_DaysToHeading,DelRio,15,30,Local vs PRISM,141.07424462072188,-58.02563869027779,140.2716669513889
HeadM210_DaysToHeading,DelRio,15,31,Local vs PRISM,145.96229518864453,-61.49824952083335,145.2835833375
HeadM210_DaysToHeading,DelRio,15,32,Local vs PRISM,150.78293624129333,-65.35326301111112,150.25206905000002
HeadM210_DaysToHeading,DelRio,15,33,Local vs PRISM,155.36156190168606,-69.36825293125001,154.9720589701389
HeadM210_DaysToHeading,DelRio,15,34,Local vs PRISM,159.140320959658,-73.17696598124999,158.86743868680557
HeadM210_DaysToHeading,DelRio,15,35,Local vs PRISM,162.4601665310466,-77.23278029583335,162.28930881666668
HeadM210_DaysToHeading,DelRio,15,36,Local vs PRISM,164.96590014562173,-80.93312652638889,164.84951615833333
HeadM210_DaysToHeading,DelRio,15,37,Local vs PRISM,167.09981734376717,-84.3246969888889,166.99108662083336
HeadM210_DaysToHeading,DelRio,15,38,Local vs PRISM,168.4894261258314,-86.79520349861112,168.3425936486111
HeadM210_DaysToHeading,DelRio,15,39,Local vs PRISM,169.30688579917185,-87.93122749861112,169.12186812083334
HeadM210_DaysToHeading,DelRio,15,40,Local vs PRISM,169.7714254839409,-88.37121818611112,169.56185880833334
HeadM210_DaysToHeading,DelRio,16,25,Local vs PRISM,69.3034927645998,-41.44154933611112,68.61532753611112
HeadM210_DaysToHeading,DelRio,16,26,Local vs PRISM,72.2292094789614,-43.31154933611112,71.49532753611112
HeadM210_DaysToHeading,DelRio,16,27,Local vs PRISM,75.15134542358132,-45.18654933611112,74.37032753611112
HeadM210_DaysToHeading,DelRio,16,28,Local vs PRISM,78.07378392260226,-47.06154933611112,77.24532753611112
HeadM210_DaysToHeading,DelRio,16,29,Local vs PRISM,81.16925038127931,-49.082382669444456,80.26616086944445
HeadM210_DaysToHeading,DelRio,16,30,Local vs PRISM,84.3707986586724,-51.22741014583333,83.37743834583334
HeadM210_DaysToHeading,DelRio,16,31,Local vs PRISM,87.51526637106257,-53.614354590277784,86.40716056805556
HeadM210_DaysToHeading,DelRio,16,32,Local vs PRISM,90.55137831095863,-56.028691986805555,89.32149796458333
HeadM210_DaysToHeading,DelRio,16,33,Local vs PRISM,93.53089081773831,-58.426191986805556,92.17399796458334
HeadM210_DaysToHeading,DelRio,16,34,Local vs PRISM,96.36351484760397,-61.13383087569444,94.78580352013888
HeadM210_DaysToHeading,DelRio,16,35,Local vs PRISM,99.19891582388537,-64.16820807986112,97.32018072430556
HeadM210_DaysToHeading,DelRio,16,36,Local vs PRISM,101.56304993749849,-67.11241733958335,99.3155010951389
HeadM210_DaysToHeading,DelRio,16,37,Local vs PRISM,103.64747566184226,-69.81084268541667,101.01392644097223
HeadM210_DaysToHeading,DelRio,16,38,Local vs PRISM,105.08506086520643,-71.81751252847224,102.15159680208333
HeadM210_DaysToHeading,DelRio,16,39,Local vs PRISM,106.01467059831539,-72.93416168125,102.95024612152778
HeadM210_DaysToHeading,DelRio,16,40,Local vs PRISM,106.50205704714955,-73.38781518125,103.40389962152778
HeadM210_DaysToHeading,DelRio,17,25,Local vs PRISM,70.72322033697411,-49.25461671111112,66.16086671111111
HeadM210_DaysToHeading,DelRio,17,26,Local vs PRISM,73.79506774213448,-51.37961671111112,69.03586671111111
HeadM210_DaysToHeading,DelRio,17,27,Local vs PRISM,76.8669314549517,-53.50461671111112,71.91086671111111
HeadM210_DaysToHeading,DelRio,17,28,Local vs PRISM,79.93880959542912,-55.62961671111111,74.78586671111111
HeadM210_DaysToHeading,DelRio,17,29,Local vs PRISM,83.01070056184503,-57.75461671111111,77.66086671111111
HeadM210_DaysToHeading,DelRio,17,30,Local vs PRISM,86.03237487616873,-59.845154020833334,80.50140402083333
HeadM210_DaysToHeading,DelRio,17,31,Local vs PRISM,88.92227400995203,-61.84515402083334,83.25140402083335
HeadM210_DaysToHeading,DelRio,17,32,Local vs PRISM,91.8124289155251,-63.84515402083334,86.00140402083335
HeadM210_DaysToHeading,DelRio,17,33,Local vs PRISM,94.70281617584406,-65.84515402083335,88.75140402083335
HeadM210_DaysToHeading,DelRio,17,34,Local vs PRISM,97.59857031503938,-67.96689013194445,91.44911235416667
HeadM210_DaysToHeading,DelRio,17,35,Local vs PRISM,100.50442136186798,-70.34827736597222,94.08049958819444
HeadM210_DaysToHeading,DelRio,17,36,Local vs PRISM,103.00981406473153,-72.58283692916667,96.34061470694445
HeadM210_DaysToHeading,DelRio,17,37,Local vs PRISM,104.88315703023082,-74.33566123541667,98.09343901319444
HeadM210_DaysToHeading,DelRio,17,38,Local vs PRISM,106.0202915760119,-75.47478165555556,99.23255943333334
HeadM210_DaysToHeading,DelRio,17,39,Local vs PRISM,106.85691619825236,-76.35239377361111,100.11017155138889
HeadM210_DaysToHeading,DelRio,17,40,Local vs PRISM,107.3503292952191,-76.88938060694446,100.64715838472222
HeadM210_DaysToHeading,DelRio,18,25,Local vs PRISM,39.665490206857804,-32.46538662916667,32.46538662916667
HeadM210_DaysToHeading,DelRio,18,26,Local vs PRISM,41.34250850393037,-33.84038662916667,33.84038662916667
HeadM210_DaysToHeading,DelRio,18,27,Local vs PRISM,43.019529349410334,-35.21538662916667,35.21538662916667
HeadM210_DaysToHeading,DelRio,18,28,Local vs PRISM,44.696552456447904,-36.59038662916667,36.59038662916667
HeadM210_DaysToHeading,DelRio,18,29,Local vs PRISM,46.3735775796867,-37.96538662916667,37.96538662916667
HeadM210_DaysToHeading,DelRio,18,30,Local vs PRISM,48.050604508023035,-39.34038662916667,39.34038662916667
HeadM210_DaysToHeading,DelRio,18,31,Local vs PRISM,49.727633058830236,-40.71538662916667,40.71538662916667
HeadM210_DaysToHeading,DelRio,18,32,Local vs PRISM,51.40466307331358,-42.09038662916667,42.09038662916667
HeadM210_DaysToHeading,DelRio,18,33,Local vs PRISM,53.081694412745634,-43.46538662916667,43.46538662916667
HeadM210_DaysToHeading,DelRio,18,34,Local vs PRISM,54.75872695539345,-44.84038662916667,44.84038662916667
HeadM210_DaysToHeading,DelRio,18,35,Local vs PRISM,56.31461935563072,-46.11319899583334,46.11319899583334
HeadM210_DaysToHeading,DelRio,18,36,Local vs PRISM,57.75586833422421,-47.288211584027785,47.288211584027785
HeadM210_DaysToHeading,DelRio,18,37,Local vs PRISM,58.72905270074592,-48.094573735416674,48.094573735416674
HeadM210_DaysToHeading,DelRio,18,38,Local vs PRISM,59.4502977635571,-48.719573735416674,48.719573735416674
HeadM210_DaysToHeading,DelRio,18,39,Local vs PRISM,60.164860192138946,-49.33702349930556,49.33702349930556
HeadM210_DaysToHeading,DelRio,18,40,Local vs PRISM,60.57675374477844,-49.73819804791667,49.73819804791667
HeadM210_DaysToHeading,DelRio,19,25,Local vs PRISM,6.273274898611113,-3.1366374493055567,3.1366374493055567
HeadM210_DaysToHeading,DelRio,19,26,Local vs PRISM,6.523274898611113,-3.2616374493055567,3.2616374493055567
HeadM210_DaysToHeading,DelRio,19,27,Local vs PRISM,6.773274898611113,-3.3866374493055567,3.3866374493055567
HeadM210_DaysToHeading,DelRio,19,28,Local vs PRISM,7.023274898611113,-3.5116374493055567,3.5116374493055567
HeadM210_DaysToHeading,DelRio,19,29,Local vs PRISM,7.273274898611113,-3.6366374493055567,3.6366374493055567
HeadM210_DaysToHeading,DelRio,19,30,Local vs PRISM,7.523274898611113,-3.7616374493055567,3.7616374493055567
HeadM210_DaysToHeading,DelRio,19,31,Local vs PRISM,7.773274898611113,-3.8866374493055567,3.8866374493055567
HeadM210_DaysToHeading,DelRio,19,32,Local vs PRISM,8.023274898611113,-4.011637449305557,4.011637449305557
HeadM210_DaysToHeading,DelRio,19,33,Local vs PRISM,8.273274898611113,-4.136637449305557,4.136637449305557
HeadM210_DaysToHeading,DelRio,19,34,Local vs PRISM,8.523274898611113,-4.261637449305557,4.261637449305557
HeadM210_DaysToHeading,DelRio,19,35,Local vs PRISM,8.773274898611113,-4.386637449305557,4.386637449305557
HeadM210_DaysToHeading,DelRio,19,36,Local vs PRISM,9.023274898611113,-4.511637449305557,4.511637449305557
HeadM210_DaysToHeading,DelRio,19,37,Local vs PRISM,9.077549456944446,-4.538774728472223,4.538774728472223
HeadM210_DaysToHeading,DelRio,19,38,Local vs PRISM,9.077549456944446,-4.538774728472223,4.538774728472223
HeadM210_DaysToHeading,DelRio,19,39,Local vs PRISM,9.077549456944446,-4.538774728472223,4.538774728472223
HeadM210_DaysToHeading,DelRio,19,40,Local vs PRISM,9.077549456944446,-4.538774728472223,4.538774728472223
HeadM210_DaysToHeading,DelRio,20,25,Local vs PRISM,6.273274898611113,-3.1366374493055567,3.1366374493055567
HeadM210_DaysToHeading,DelRio,20,26,Local vs PRISM,6.523274898611113,-3.2616374493055567,3.2616374493055567
HeadM210_DaysToHeading,DelRio,20,27,Local vs PRISM,6.773274898611113,-3.3866374493055567,3.3866374493055567
HeadM210_DaysToHeading,DelRio,20,28,Local vs PRISM,7.023274898611113,-3.5116374493055567,3.5116374493055567
HeadM210_DaysToHeading,DelRio,20,29,Local vs PRISM,7.273274898611113,-3.6366374493055567,3.6366374493055567
HeadM210_DaysToHeading,DelRio,20,30,Local vs PRISM,7.523274898611113,-3.7616374493055567,3.7616374493055567
HeadM210_DaysToHeading,DelRio,20,31,Local vs PRISM,7.773274898611113,-3.8866374493055567,3.8866374493055567
HeadM210_DaysToHeading,DelRio,20,32,Local vs PRISM,8.023274898611113,-4.011637449305557,4.011637449305557
HeadM210_DaysToHeading,DelRio,20,33,Local vs PRISM,8.273274898611113,-4.136637449305557,4.136637449305557
HeadM210_DaysToHeading,DelRio,20,34,Local vs PRISM,8.523274898611113,-4.261637449305557,4.261637449305557
HeadM210_DaysToHeading,DelRio,20,35,Local vs PRISM,8.773274898611113,-4.386637449305557,4.386637449305557
HeadM210_DaysToHeading,DelRio,20,36,Local vs PRISM,9.023274898611113,-4.511637449305557,4.511637449305557
HeadM210_DaysToHeading,DelRio,20,37,Local vs PRISM,9.077549456944446,-4.538774728472223,4.538774728472223
HeadM210_DaysToHeading,DelRio,20,38,Local vs PRISM,9.077549456944446,-4.538774728472223,4.538774728472223
HeadM210_DaysToHeading,DelRio,20,39,Local vs PRISM,9.077549456944446,-4.538774728472223,4.538774728472223
HeadM210_DaysToHeading,DelRio,20,40,Local vs PRISM,9.077549456944446,-4.538774728472223,4.538774728472223
HeadM210_DaysToHeading,ErdmanGallagher,10,25,Local vs PRISM,53.84560386127388,45.9156532527778,45.9156532527778
HeadM210_DaysToHeading,ErdmanGallagher,10,26,Local vs PRISM,54.96449708697664,46.496130081250016,46.496130081250016
HeadM210_DaysToHeading,ErdmanGallagher,10,27,Local vs PRISM,56.43258475261635,47.25563743854168,47.25563743854168
HeadM210_DaysToHeading,ErdmanGallagher,10,28,Local vs PRISM,57.27863700046879,47.52723702465278,47.52723702465278
HeadM210_DaysToHeading,ErdmanGallagher,10,29,Local vs PRISM,56.87118207999934,46.228724063194406,46.901238165277746
HeadM210_DaysToHeading,ErdmanGallagher,10,30,Local vs PRISM,55.63574603858919,43.64540991874999,46.40842400486112
HeadM210_DaysToHeading,ErdmanGallagher,10,31,Local vs PRISM,54.47995827599168,40.642692294444444,45.72747027361113
HeadM210_DaysToHeading,ErdmanGallagher,10,32,Local vs PRISM,52.235291349363955,35.214699335416654,43.266366204861086
HeadM210_DaysToHeading,ErdmanGallagher,10,33,Local vs PRISM,50.322168156922636,27.56971436805553,38.75735341319442
HeadM210_DaysToHeading,ErdmanGallagher,10,34,Local vs PRISM,48.85229985825634,18.54497229965277,36.952361369097204
HeadM210_DaysToHeading,ErdmanGallagher,10,35,Local vs PRISM,50.028204285630224,9.688136740624998,41.10846974895827
HeadM210_DaysToHeading,ErdmanGallagher,10,36,Local vs PRISM,52.360660608114145,1.4636559940972234,46.395254487847296
HeadM210_DaysToHeading,ErdmanGallagher,10,37,Local vs PRISM,54.61052354132547,-5.2394048829860935,49.75127706562495
HeadM210_DaysToHeading,ErdmanGallagher,10,38,Local vs PRISM,56.43941826694647,-9.876963069791628,51.89784379062499
HeadM210_DaysToHeading,ErdmanGallagher,10,39,Local vs PRISM,57.54406292299634,-12.704595489930512,53.05797341215276
HeadM210_DaysToHeading,ErdmanGallagher,10,40,Local vs PRISM,57.90445042908122,-14.089177184375018,53.42051686354168
HeadM210_DaysToHeading,ErdmanGallagher,11,25,Local vs PRISM,78.20605524412477,62.99534273611113,62.99534273611113
HeadM210_DaysToHeading,ErdmanGallagher,11,26,Local vs PRISM,80.62133539773383,64.35134513715276,64.35134513715276
HeadM210_DaysToHeading,ErdmanGallagher,11,27,Local vs PRISM,83.21197997964565,65.71556482361112,65.71556482361112
HeadM210_DaysToHeading,ErdmanGallagher,11,28,Local vs PRISM,85.06356965102421,66.53516297083334,66.53516297083334
HeadM210_DaysToHeading,ErdmanGallagher,11,29,Local vs PRISM,85.4192997015589,65.672307596875,66.63697434756945
HeadM210_DaysToHeading,ErdmanGallagher,11,30,Local vs PRISM,84.5935840461646,63.361237190625005,66.41640392534721
HeadM210_DaysToHeading,ErdmanGallagher,11,31,Local vs PRISM,83.42770765203856,60.45095695277777,65.82788758055554
HeadM210_DaysToHeading,ErdmanGallagher,11,32,Local vs PRISM,80.69153133583151,55.056738965625,63.40055848368057
HeadM210_DaysToHeading,ErdmanGallagher,11,33,Local vs PRISM,77.37094894218289,47.36408530277782,58.4826266805556
HeadM210_DaysToHeading,ErdmanGallagher,11,34,Local vs PRISM,74.02028236192268,38.27684323437498,53.25095355381947
HeadM210_DaysToHeading,ErdmanGallagher,11,35,Local vs PRISM,72.37473672933719,29.35945211979171,49.66809024687504
HeadM210_DaysToHeading,ErdmanGallagher,11,36,Local vs PRISM,71.71509358225057,21.134971373263895,51.57477935104161
HeadM210_DaysToHeading,ErdmanGallagher,11,37,Local vs PRISM,71.37907698634089,14.431910496180564,53.89048188645833
HeadM210_DaysToHeading,ErdmanGallagher,11,38,Local vs PRISM,71.44189885386427,9.794352309375057,56.03704861145829
HeadM210_DaysToHeading,ErdmanGallagher,11,39,Local vs PRISM,71.52544356282523,6.9667198892361455,57.19717823298609
HeadM210_DaysToHeading,ErdmanGallagher,11,40,Local vs PRISM,71.29933016071669,5.582138194791668,57.55972168437498
HeadM210_DaysToHeading,ErdmanGallagher,12,25,Local vs PRISM,125.19466183135171,91.57604355868052,93.9507937739583
HeadM210_DaysToHeading,ErdmanGallagher,12,26,Local vs PRISM,130.35930158912322,94.50080269027777,97.34865004791666
HeadM210_DaysToHeading,ErdmanGallagher,12,27,Local vs PRISM,135.09061898619885,97.12246598611111,100.46342444375
HeadM210_DaysToHeading,ErdmanGallagher,12,28,Local vs PRISM,138.98223562514846,99.19865151006945,103.06334619131943
HeadM210_DaysToHeading,ErdmanGallagher,12,29,Local vs PRISM,141.28962083842148,99.57398343472224,104.70480306041668
HeadM210_DaysToHeading,ErdmanGallagher,12,30,Local vs PRISM,141.7225747146484,97.98075017673611,105.16994478993055
HeadM210_DaysToHeading,ErdmanGallagher,12,31,Local vs PRISM,141.50408490791722,95.59614463993056,105.10710314618056
HeadM210_DaysToHeading,ErdmanGallagher,12,32,Local vs PRISM,139.42595093250216,90.48025084861113,102.95809824513894
HeadM210_DaysToHeading,ErdmanGallagher,12,33,Local vs PRISM,136.39673180451777,83.06211538229164,98.31468463854165
HeadM210_DaysToHeading,ErdmanGallagher,12,34,Local vs PRISM,132.71349068017258,74.05710435868053,93.51975640659725
HeadM210_DaysToHeading,ErdmanGallagher,12,35,Local vs PRISM,129.83131096385043,65.05638189756947,90.72515997326384
HeadM210_DaysToHeading,ErdmanGallagher,12,36,Local vs PRISM,127.56341333775374,56.761415039930554,89.58977856770831
HeadM210_DaysToHeading,ErdmanGallagher,12,37,Local vs PRISM,125.74041326871922,50.05237284166667,89.0040704270833
HeadM210_DaysToHeading,ErdmanGallagher,12,38,Local vs PRISM,124.64822990665824,45.41481465486113,89.1704705784722
HeadM210_DaysToHeading,ErdmanGallagher,12,39,Local vs PRISM,124.01562595210112,42.58718223472226,89.5075867833333
HeadM210_DaysToHeading,ErdmanGallagher,12,40,Local vs PRISM,123.45125319753362,41.2026005402778,89.6410052138889
HeadM210_DaysToHeading,ErdmanGallagher,13,25,Local vs PRISM,129.41355801465477,110.49156421875,110.49156421875
HeadM210_DaysToHeading,ErdmanGallagher,13,26,Local vs PRISM,134.69776147950228,114.65325451249998,114.65325451249998
HeadM210_DaysToHeading,ErdmanGallagher,13,27,Local vs PRISM,139.72937418088353,118.63366499895831,118.63366499895831
HeadM210_DaysToHeading,ErdmanGallagher,13,28,Local vs PRISM,144.34074523846434,122.1596163659722,122.1596163659722
HeadM210_DaysToHeading,ErdmanGallagher,13,29,Local vs PRISM,147.64065514023835,124.1132620423611,124.1132620423611
HeadM210_DaysToHeading,ErdmanGallagher,13,30,Local vs PRISM,148.99591793995597,124.05413476250001,124.05413476250001
HeadM210_DaysToHeading,ErdmanGallagher,13,31,Local vs PRISM,149.1402145991904,122.63168310069442,123.6014475020833
HeadM210_DaysToHeading,ErdmanGallagher,13,32,Local vs PRISM,146.96880189776334,118.29276746736109,122.10442075902775
HeadM210_DaysToHeading,ErdmanGallagher,13,33,Local vs PRISM,142.5615742122336,111.05464440798613,117.64149190381949
HeadM210_DaysToHeading,ErdmanGallagher,13,34,Local vs PRISM,137.01054626683634,102.17495123680554,111.13302074097221
HeadM210_DaysToHeading,ErdmanGallagher,13,35,Local vs PRISM,131.89122951185044,93.22862252499999,104.84988632083332
HeadM210_DaysToHeading,ErdmanGallagher,13,36,Local vs PRISM,127.49372275684954,84.93603772430559,99.31221869097224
HeadM210_DaysToHeading,ErdmanGallagher,13,37,Local vs PRISM,124.110918922552,78.25161358159717,95.23211457604164
HeadM210_DaysToHeading,ErdmanGallagher,13,38,Local vs PRISM,121.94782344640142,73.62576794583335,92.52476936041667
HeadM210_DaysToHeading,ErdmanGallagher,13,39,Local vs PRISM,120.6936851721539,70.79813552569445,90.87288623888887
HeadM210_DaysToHeading,ErdmanGallagher,13,40,Local vs PRISM,119.87812543052914,69.41355383125,90.18743086944443
HeadM210_DaysToHeading,ErdmanGallagher,14,25,Local vs PRISM,153.6974866327367,124.74812638923612,125.37375186145832
HeadM210_DaysToHeading,ErdmanGallagher,14,26,Local vs PRISM,160.1763873383221,129.67897366597222,130.55459913819442
HeadM210_DaysToHeading,ErdmanGallagher,14,27,Local vs PRISM,166.40002878491188,134.40607859618055,135.53170406840275
HeadM210_DaysToHeading,ErdmanGallagher,14,28,Local vs PRISM,172.20204077281232,138.72093972638888,140.16482908749998
HeadM210_DaysToHeading,ErdmanGallagher,14,29,Local vs PRISM,177.3776072896967,142.16985640173613,144.20742631840278
HeadM210_DaysToHeading,ErdmanGallagher,14,30,Local vs PRISM,181.45048024636662,144.47494407326388,147.5391390607639
HeadM210_DaysToHeading,ErdmanGallagher,14,31,Local vs PRISM,184.38862892548815,145.42359849270832,150.03216848020833
HeadM210_DaysToHeading,ErdmanGallagher,14,32,Local vs PRISM,184.65547146663133,143.3952036548611,149.97502347013886
HeadM210_DaysToHeading,ErdmanGallagher,14,33,Local vs PRISM,182.57602251603046,138.0160634284722,146.58342484999997
HeadM210_DaysToHeading,ErdmanGallagher,14,34,Local vs PRISM,178.9812143999723,130.4904703388889,141.13717888333335
HeadM210_DaysToHeading,ErdmanGallagher,14,35,Local vs PRISM,175.1268704543524,122.38349468229171,135.59614753368058
HeadM210_DaysToHeading,ErdmanGallagher,14,36,Local vs PRISM,171.49539477995395,114.44987063854167,130.41744066076387
HeadM210_DaysToHeading,ErdmanGallagher,14,37,Local vs PRISM,168.3096213851212,107.93682622847223,126.50871627847224
HeadM210_DaysToHeading,ErdmanGallagher,14,38,Local vs PRISM,165.958977788169,103.36098030694444,123.85137077708333
HeadM210_DaysToHeading,ErdmanGallagher,14,39,Local vs PRISM,164.41834982548366,100.53298660208333,122.19912637083331
HeadM210_DaysToHeading,ErdmanGallagher,14,40,Local vs PRISM,163.4046704919709,99.14840490763888,121.21817016249997
HeadM210_DaysToHeading,ErdmanGallagher,15,25,Local vs PRISM,142.67363456238462,123.73432138784722,123.73432138784722
HeadM210_DaysToHeading,ErdmanGallagher,15,26,Local vs PRISM,148.64499954164174,128.8221825534722,128.8221825534722
HeadM210_DaysToHeading,ErdmanGallagher,15,27,Local vs PRISM,154.53562726370393,133.82543398263886,133.82543398263886
HeadM210_DaysToHeading,ErdmanGallagher,15,28,Local vs PRISM,160.1999387260204,138.66557287152776,138.66557287152776
HeadM210_DaysToHeading,ErdmanGallagher,15,29,Local vs PRISM,165.45945479421832,143.04217009375003,143.04217009375003
HeadM210_DaysToHeading,ErdmanGallagher,15,30,Local vs PRISM,170.2599092510839,146.97467022743058,146.97467022743058
HeadM210_DaysToHeading,ErdmanGallagher,15,31,Local vs PRISM,174.3881680905535,150.04402509027778,150.04402509027778
HeadM210_DaysToHeading,ErdmanGallagher,15,32,Local vs PRISM,176.178980623647,150.6022508871528,150.6022508871528
HeadM210_DaysToHeading,ErdmanGallagher,15,33,Local vs PRISM,175.97999214945847,148.25765178993058,148.25765178993058
HeadM210_DaysToHeading,ErdmanGallagher,15,34,Local vs PRISM,173.73739819917952,143.05211506006944,143.05211506006944
HeadM210_DaysToHeading,ErdmanGallagher,15,35,Local vs PRISM,170.14473102878404,136.06828493993055,136.06828493993055
HeadM210_DaysToHeading,ErdmanGallagher,15,36,Local vs PRISM,166.09035476150333,128.75573599236108,128.75573599236108
HeadM210_DaysToHeading,ErdmanGallagher,15,37,Local vs PRISM,162.35819415997844,122.53311867881945,122.53311867881945
HeadM210_DaysToHeading,ErdmanGallagher,15,38,Local vs PRISM,159.51638892316643,118.03104161145833,118.03104161145833
HeadM210_DaysToHeading,ErdmanGallagher,15,39,Local vs PRISM,157.65469168746927,115.22742286840277,115.61122697395832
HeadM210_DaysToHeading,ErdmanGallagher,15,40,Local vs PRISM,156.62812290969416,113.84284117395836,114.37364511284724
HeadM210_DaysToHeading,ErdmanGallagher,16,25,Local vs PRISM,111.75396423205052,104.15163742881944,104.15163742881944
HeadM210_DaysToHeading,ErdmanGallagher,16,26,Local vs PRISM,116.3688370521869,108.46413742881944,108.46413742881944
HeadM210_DaysToHeading,ErdmanGallagher,16,27,Local vs PRISM,120.92128791474505,112.71490131770832,112.71490131770832
HeadM210_DaysToHeading,ErdmanGallagher,16,28,Local vs PRISM,125.42404645368612,116.91059576215277,116.91059576215277
HeadM210_DaysToHeading,ErdmanGallagher,16,29,Local vs PRISM,129.6750600500563,120.81885965104166,120.81885965104166
HeadM210_DaysToHeading,ErdmanGallagher,16,30,Local vs PRISM,133.67122985908918,124.54227287777778,124.54227287777778
HeadM210_DaysToHeading,ErdmanGallagher,16,31,Local vs PRISM,137.04310199872285,127.67403884305556,127.67403884305556
HeadM210_DaysToHeading,ErdmanGallagher,16,32,Local vs PRISM,139.2643399250282,129.54821607361112,129.54821607361112
HeadM210_DaysToHeading,ErdmanGallagher,16,33,Local vs PRISM,140.20525980668282,130.04780142222225,130.04780142222225
HeadM210_DaysToHeading,ErdmanGallagher,16,34,Local vs PRISM,139.18635696510808,128.446125828125,128.446125828125
HeadM210_DaysToHeading,ErdmanGallagher,16,35,Local vs PRISM,136.47118107272968,124.8864109090278,124.8864109090278
HeadM210_DaysToHeading,ErdmanGallagher,16,36,Local vs PRISM,132.54268252522843,119.90733950069443,119.90733950069443
HeadM210_DaysToHeading,ErdmanGallagher,16,37,Local vs PRISM,128.84532836141545,115.08421104166666,115.08421104166666
HeadM210_DaysToHeading,ErdmanGallagher,16,38,Local vs PRISM,125.67085819173326,111.06750265729168,111.06750265729168
HeadM210_DaysToHeading,ErdmanGallagher,16,39,Local vs PRISM,123.45726216937183,108.41882152534724,108.41882152534724
HeadM210_DaysToHeading,ErdmanGallagher,16,40,Local vs PRISM,122.32186812804629,107.03822725798614,107.03822725798614
HeadM210_DaysToHeading,ErdmanGallagher,17,25,Local vs PRISM,86.67072856617547,81.34436579375,81.34436579375
HeadM210_DaysToHeading,ErdmanGallagher,17,26,Local vs PRISM,90.19530286246278,84.65686579375,84.65686579375
HeadM210_DaysToHeading,ErdmanGallagher,17,27,Local vs PRISM,93.72036932658294,87.96936579375,87.96936579375
HeadM210_DaysToHeading,ErdmanGallagher,17,28,Local vs PRISM,97.2458744367638,91.28186579375,91.28186579375
HeadM210_DaysToHeading,ErdmanGallagher,17,29,Local vs PRISM,100.6935522442328,94.50561579375,94.50561579375
HeadM210_DaysToHeading,ErdmanGallagher,17,30,Local vs PRISM,104.00852743050508,97.60811579375,97.60811579375
HeadM210_DaysToHeading,ErdmanGallagher,17,31,Local vs PRISM,107.09783265640789,100.46398384930556,100.46398384930556
HeadM210_DaysToHeading,ErdmanGallagher,17,32,Local vs PRISM,109.76442671879285,102.79996797083334,102.79996797083334
HeadM210_DaysToHeading,ErdmanGallagher,17,33,Local vs PRISM,112.03909025184603,104.64621306458335,104.64621306458335
HeadM210_DaysToHeading,ErdmanGallagher,17,34,Local vs PRISM,113.32337323755922,105.46477359479168,105.46477359479168
HeadM210_DaysToHeading,ErdmanGallagher,17,35,Local vs PRISM,113.23985600433934,104.73738274409723,104.73738274409723
HeadM210_DaysToHeading,ErdmanGallagher,17,36,Local vs PRISM,111.76969754583024,102.55667169027778,102.55667169027778
HeadM210_DaysToHeading,ErdmanGallagher,17,37,Local vs PRISM,109.67122472027184,99.68385414305554,99.68385414305554
HeadM210_DaysToHeading,ErdmanGallagher,17,38,Local vs PRISM,107.47796552043872,96.80682193506945,96.80682193506945
HeadM210_DaysToHeading,ErdmanGallagher,17,39,Local vs PRISM,105.72883124103953,94.609165334375,94.609165334375
HeadM210_DaysToHeading,ErdmanGallagher,17,40,Local vs PRISM,104.74286471309296,93.35825861215278,93.35825861215278
HeadM210_DaysToHeading,ErdmanGallagher,18,25,Local vs PRISM,66.63599810259936,52.197400259375,58.05026156354167
HeadM210_DaysToHeading,ErdmanGallagher,18,26,Local vs PRISM,69.28683751423549,54.259900259374994,60.36276156354166
HeadM210_DaysToHeading,ErdmanGallagher,18,27,Local vs PRISM,71.93773670556028,56.322400259374994,62.67526156354166
HeadM210_DaysToHeading,ErdmanGallagher,18,28,Local vs PRISM,74.5886893028223,58.384900259374994,64.98776156354167
HeadM210_DaysToHeading,ErdmanGallagher,18,29,Local vs PRISM,77.20165043819179,60.38722664826389,67.24008795243054
HeadM210_DaysToHeading,ErdmanGallagher,18,30,Local vs PRISM,79.70964976960823,62.32472664826389,69.42758795243054
HeadM210_DaysToHeading,ErdmanGallagher,18,31,Local vs PRISM,82.17277317676549,64.21174053715278,71.56460184131943
HeadM210_DaysToHeading,ErdmanGallagher,18,32,Local vs PRISM,84.53602960445266,65.83022465868056,73.64141929618056
HeadM210_DaysToHeading,ErdmanGallagher,18,33,Local vs PRISM,86.73954757409749,67.25098854756945,75.56218318506944
HeadM210_DaysToHeading,ErdmanGallagher,18,34,Local vs PRISM,88.51664656484871,68.07220382534723,77.098676240625
HeadM210_DaysToHeading,ErdmanGallagher,18,35,Local vs PRISM,89.89540435661897,68.17397260520835,78.33080620034723
HeadM210_DaysToHeading,ErdmanGallagher,18,36,Local vs PRISM,90.27725519937914,67.42885894131945,78.76958142534721
HeadM210_DaysToHeading,ErdmanGallagher,18,37,Local vs PRISM,90.14483276498981,66.02660483020834,78.8307300920139
HeadM210_DaysToHeading,ErdmanGallagher,18,38,Local vs PRISM,89.47481684645155,64.23462390520834,78.32224890381944
HeadM210_DaysToHeading,ErdmanGallagher,18,39,Local vs PRISM,88.86511501401115,62.66716026284722,77.8612851642361
HeadM210_DaysToHeading,ErdmanGallagher,18,40,Local vs PRISM,88.53001169286888,61.618459432986114,77.69370930659721
HeadM210_DaysToHeading,ErdmanGallagher,19,25,Local vs PRISM,53.75898095757911,43.36289945763889,46.360719250694444
HeadM210_DaysToHeading,ErdmanGallagher,19,26,Local vs PRISM,55.85726688420892,45.05039945763889,48.173219250694444
HeadM210_DaysToHeading,ErdmanGallagher,19,27,Local vs PRISM,57.955612273102005,46.73789945763889,49.985719250694444
HeadM210_DaysToHeading,ErdmanGallagher,19,28,Local vs PRISM,60.054010891251224,48.42539945763889,51.798219250694444
HeadM210_DaysToHeading,ErdmanGallagher,19,29,Local vs PRISM,62.152457347259485,50.11289945763889,53.610719250694444
HeadM210_DaysToHeading,ErdmanGallagher,19,30,Local vs PRISM,64.25094695395002,51.80039945763889,55.423219250694444
HeadM210_DaysToHeading,ErdmanGallagher,19,31,Local vs PRISM,66.34947561703625,53.48789945763889,57.235719250694444
HeadM210_DaysToHeading,ErdmanGallagher,19,32,Local vs PRISM,68.36361805431191,55.02592029097222,58.98860119513889
HeadM210_DaysToHeading,ErdmanGallagher,19,33,Local vs PRISM,70.2503666045329,56.41998279097223,60.632663695138895
HeadM210_DaysToHeading,ErdmanGallagher,19,34,Local vs PRISM,71.84774544723638,57.53953140208334,62.06207341736112
HeadM210_DaysToHeading,ErdmanGallagher,19,35,Local vs PRISM,73.03800968338464,58.25965426076389,63.190196344791666
HeadM210_DaysToHeading,ErdmanGallagher,19,36,Local vs PRISM,73.56679500362193,58.47690513055555,63.84133610347222
HeadM210_DaysToHeading,ErdmanGallagher,19,37,Local vs PRISM,73.59851132832443,58.22548424791666,64.21005410972222
HeadM210_DaysToHeading,ErdmanGallagher,19,38,Local vs PRISM,73.31348378860676,57.70072120034722,64.18829086354167
HeadM210_DaysToHeading,ErdmanGallagher,19,39,Local vs PRISM,73.00916948456886,57.12727044340278,64.09459001631944
HeadM210_DaysToHeading,ErdmanGallagher,19,40,Local vs PRISM,72.9014946650852,56.67281981840277,64.21826439131944
HeadM210_DaysToHeading,ErdmanGallagher,20,25,Local vs PRISM,39.391177460612994,31.13813752673611,34.08909605798611
HeadM210_DaysToHeading,ErdmanGallagher,20,26,Local vs PRISM,40.90074725776504,32.32563752673611,35.40159605798611
HeadM210_DaysToHeading,ErdmanGallagher,20,27,Local vs PRISM,42.41037480090979,33.51313752673611,36.71409605798611
HeadM210_DaysToHeading,ErdmanGallagher,20,28,Local vs PRISM,43.9200541354825,34.70063752673611,38.02659605798611
HeadM210_DaysToHeading,ErdmanGallagher,20,29,Local vs PRISM,45.42978009823273,35.88813752673611,39.33909605798611
HeadM210_DaysToHeading,ErdmanGallagher,20,30,Local vs PRISM,46.93954819002685,37.07563752673611,40.65159605798611
HeadM210_DaysToHeading,ErdmanGallagher,20,31,Local vs PRISM,48.44935447241709,38.26313752673611,41.96409605798611
HeadM210_DaysToHeading,ErdmanGallagher,20,32,Local vs PRISM,49.940456836199246,39.402165304513886,43.22812383576389
HeadM210_DaysToHeading,ErdmanGallagher,20,33,Local vs PRISM,51.385003914695616,40.45667919340278,44.40763772465278
HeadM210_DaysToHeading,ErdmanGallagher,20,34,Local vs PRISM,52.79179828848206,41.41643613784722,45.552255780208334
HeadM210_DaysToHeading,ErdmanGallagher,20,35,Local vs PRISM,54.1391943593236,42.26969304791667,46.68851275902778
HeadM210_DaysToHeading,ErdmanGallagher,20,36,Local vs PRISM,55.147254719107615,42.90226249236111,47.57108220347222
HeadM210_DaysToHeading,ErdmanGallagher,20,37,Local vs PRISM,55.735262009369755,43.20757499236111,48.12639470347222
HeadM210_DaysToHeading,ErdmanGallagher,20,38,Local vs PRISM,55.832620820416814,43.17374452881945,48.31693903020833
HeadM210_DaysToHeading,ErdmanGallagher,20,39,Local vs PRISM,55.793525660856275,43.02277599409722,48.43972055104167
HeadM210_DaysToHeading,ErdmanGallagher,20,40,Local vs PRISM,55.91446981017347,42.81783925798611,48.68790881493055
HeadM210_DaysToHeading,LarrabeeSheppard,10,25,Local vs PRISM,40.10062002638892,37.226801972222184,37.226801972222184
HeadM210_DaysToHeading,LarrabeeSheppard,10,26,Local vs PRISM,38.794534325080555,35.89982136481481,35.89982136481481
HeadM210_DaysToHeading,LarrabeeSheppard,10,27,Local vs PRISM,37.13162711024546,34.25000154876542,34.25000154876542
HeadM210_DaysToHeading,LarrabeeSheppard,10,28,Local vs PRISM,34.969572862788496,32.05987675030863,32.05987675030863
HeadM210_DaysToHeading,LarrabeeSheppard,10,29,Local vs PRISM,31.96574803783111,28.651185378703733,29.05917390709879
HeadM210_DaysToHeading,LarrabeeSheppard,10,30,Local vs PRISM,27.716662433183984,23.50242963055555,25.239640265740768
HeadM210_DaysToHeading,LarrabeeSheppard,10,31,Local vs PRISM,23.437519117766367,17.465459287036968,21.117386000617266
HeadM210_DaysToHeading,LarrabeeSheppard,10,32,Local vs PRISM,19.94223156846495,10.485361772530824,18.086407110185114
HeadM210_DaysToHeading,LarrabeeSheppard,10,33,Local vs PRISM,17.945288987097758,2.3638446891974985,15.993880887345641
HeadM210_DaysToHeading,LarrabeeSheppard,10,34,Local vs PRISM,20.818236989210007,-6.305681812345686,15.505786210493827
HeadM210_DaysToHeading,LarrabeeSheppard,10,35,Local vs PRISM,27.97076949134847,-15.474935921604962,21.006947787037056
HeadM210_DaysToHeading,LarrabeeSheppard,10,36,Local vs PRISM,35.95699549194243,-23.718490479012416,28.6740580327161
HeadM210_DaysToHeading,LarrabeeSheppard,10,37,Local vs PRISM,41.789419923390916,-29.446706230864216,34.41658246728399
HeadM210_DaysToHeading,LarrabeeSheppard,10,38,Local vs PRISM,45.63062019386919,-33.32618810092592,38.28847159228391
HeadM210_DaysToHeading,LarrabeeSheppard,10,39,Local vs PRISM,47.63183418781254,-35.50096986944444,40.509809113888906
HeadM210_DaysToHeading,LarrabeeSheppard,10,40,Local vs PRISM,48.60146848014439,-36.57792827067902,41.60645887314816
HeadM210_DaysToHeading,LarrabeeSheppard,11,25,Local vs PRISM,48.95347515353265,44.401298400925924,44.401298400925924
HeadM210_DaysToHeading,LarrabeeSheppard,11,26,Local vs PRISM,48.00053101453634,43.23759552561728,43.23759552561728
HeadM210_DaysToHeading,LarrabeeSheppard,11,27,Local vs PRISM,46.66260959104534,41.72394854907405,41.72394854907405
HeadM210_DaysToHeading,LarrabeeSheppard,11,28,Local vs PRISM,44.915516744433106,39.69399663086418,39.69399663086418
HeadM210_DaysToHeading,LarrabeeSheppard,11,29,Local vs PRISM,42.28402668215019,36.34836082746912,36.75634935586418
HeadM210_DaysToHeading,LarrabeeSheppard,11,30,Local vs PRISM,38.480250630055096,31.255160634876525,32.99237127006174
HeadM210_DaysToHeading,LarrabeeSheppard,11,31,Local vs PRISM,34.3064454395327,25.253412556790053,28.908103983950596
HeadM210_DaysToHeading,LarrabeeSheppard,11,32,Local vs PRISM,30.18450835573184,18.27331504228391,26.130483733024676
HeadM210_DaysToHeading,LarrabeeSheppard,11,33,Local vs PRISM,26.202283213527366,10.151797958950587,24.03795751018515
HeadM210_DaysToHeading,LarrabeeSheppard,11,34,Local vs PRISM,25.257737311722657,1.482271457407377,22.55157340864197
HeadM210_DaysToHeading,LarrabeeSheppard,11,35,Local vs PRISM,28.95774547582016,-7.686982651851925,22.495164915432042
HeadM210_DaysToHeading,LarrabeeSheppard,11,36,Local vs PRISM,35.095576601208805,-15.93053720925933,25.93752448641976
HeadM210_DaysToHeading,LarrabeeSheppard,11,37,Local vs PRISM,39.98848501270848,-21.658752961111176,30.039444072839515
HeadM210_DaysToHeading,LarrabeeSheppard,11,38,Local vs PRISM,43.16912158124235,-25.538234831172858,33.68911097561724
HeadM210_DaysToHeading,LarrabeeSheppard,11,39,Local vs PRISM,44.69864417456044,-27.7130165996914,35.688226274999984
HeadM210_DaysToHeading,LarrabeeSheppard,11,40,Local vs PRISM,45.358858097408586,-28.78997500092593,36.609209225617256
HeadM210_DaysToHeading,LarrabeeSheppard,12,25,Local vs PRISM,68.90294328781957,65.49372734197529,65.49372734197529
HeadM210_DaysToHeading,LarrabeeSheppard,12,26,Local vs PRISM,68.91420351675399,65.33566333117282,65.33566333117282
HeadM210_DaysToHeading,LarrabeeSheppard,12,27,Local vs PRISM,68.33121407041352,64.55087122253082,64.55087122253082
HeadM210_DaysToHeading,LarrabeeSheppard,12,28,Local vs PRISM,67.15369394582493,63.11186370030863,63.11186370030863
HeadM210_DaysToHeading,LarrabeeSheppard,12,29,Local vs PRISM,64.80329358280763,60.26398898765433,60.26398898765433
HeadM210_DaysToHeading,LarrabeeSheppard,12,30,Local vs PRISM,60.47787874372368,55.44084424814813,55.44084424814813
HeadM210_DaysToHeading,LarrabeeSheppard,12,31,Local vs PRISM,55.03894000684698,49.57870720216052,49.57870720216052
HeadM210_DaysToHeading,LarrabeeSheppard,12,32,Local vs PRISM,48.76251306356592,42.636576309876496,42.636576309876496
HeadM210_DaysToHeading,LarrabeeSheppard,12,33,Local vs PRISM,41.22779816697596,34.515059226543194,34.515059226543194
HeadM210_DaysToHeading,LarrabeeSheppard,12,34,Local vs PRISM,33.7246834785626,25.84553272499996,26.563000721296273
HeadM210_DaysToHeading,LarrabeeSheppard,12,35,Local vs PRISM,27.775779958918704,16.676278615740735,20.44790916944443
HeadM210_DaysToHeading,LarrabeeSheppard,12,36,Local vs PRISM,25.919887675534117,8.43272405833333,20.68972226574076
HeadM210_DaysToHeading,LarrabeeSheppard,12,37,Local vs PRISM,26.88092439182195,2.704508306481481,21.583263807098774
HeadM210_DaysToHeading,LarrabeeSheppard,12,38,Local vs PRISM,27.992005604852956,-1.1749735635802507,22.56305384444441
HeadM210_DaysToHeading,LarrabeeSheppard,12,39,Local vs PRISM,28.53749845157726,-3.3497553320987916,23.43789484753087
HeadM210_DaysToHeading,LarrabeeSheppard,12,40,Local vs PRISM,28.739970372237103,-4.426713733333347,24.194108958641966
HeadM210_DaysToHeading,LarrabeeSheppard,13,25,Local vs PRISM,91.28594244567165,87.2212949845679,87.2212949845679
HeadM210_DaysToHeading,LarrabeeSheppard,13,26,Local vs PRISM,92.79073912804077,88.77354507499999,88.77354507499999
HeadM210_DaysToHeading,LarrabeeSheppard,13,27,Local vs PRISM,93.20644959352181,89.2119581462963,89.2119581462963
HeadM210_DaysToHeading,LarrabeeSheppard,13,28,Local vs PRISM,92.86624571003314,88.8784708058642,88.8784708058642
HeadM210_DaysToHeading,LarrabeeSheppard,13,29,Local vs PRISM,91.03915076373112,86.98886218364197,86.98886218364197
HeadM210_DaysToHeading,LarrabeeSheppard,13,30,Local vs PRISM,87.21177828570814,83.07260624074074,83.07260624074074
HeadM210_DaysToHeading,LarrabeeSheppard,13,31,Local vs PRISM,82.16155920843704,77.90216366604938,77.90216366604938
HeadM210_DaysToHeading,LarrabeeSheppard,13,32,Local vs PRISM,76.25430208295109,71.49272716666665,71.49272716666665
HeadM210_DaysToHeading,LarrabeeSheppard,13,33,Local vs PRISM,69.14425183122466,63.6709988762346,63.6709988762346
HeadM210_DaysToHeading,LarrabeeSheppard,13,34,Local vs PRISM,61.91729561545385,55.12619453765428,55.12619453765428
HeadM210_DaysToHeading,LarrabeeSheppard,13,35,Local vs PRISM,55.34657912707229,46.012884871296286,46.012884871296286
HeadM210_DaysToHeading,LarrabeeSheppard,13,36,Local vs PRISM,50.90680369995752,37.76933031388889,38.07133302253083
HeadM210_DaysToHeading,LarrabeeSheppard,13,37,Local vs PRISM,48.87271169188685,32.04111456203704,35.403579579938224
HeadM210_DaysToHeading,LarrabeeSheppard,13,38,Local vs PRISM,47.82060567042238,28.161632691975242,33.32534095740732
HeadM210_DaysToHeading,LarrabeeSheppard,13,39,Local vs PRISM,47.292063438510446,25.98685092345679,32.468498291975266
HeadM210_DaysToHeading,LarrabeeSheppard,13,40,Local vs PRISM,47.104019939299235,24.909892522222208,32.58433491543209
HeadM210_DaysToHeading,LarrabeeSheppard,14,25,Local vs PRISM,120.2002689199871,116.09522645123455,116.09522645123455
HeadM210_DaysToHeading,LarrabeeSheppard,14,26,Local vs PRISM,123.84233371779405,119.57078766944443,119.57078766944443
HeadM210_DaysToHeading,LarrabeeSheppard,14,27,Local vs PRISM,126.79727938939612,122.38233589074072,122.38233589074072
HeadM210_DaysToHeading,LarrabeeSheppard,14,28,Local vs PRISM,128.6613100639556,124.19714347592594,124.19714347592594
HeadM210_DaysToHeading,LarrabeeSheppard,14,29,Local vs PRISM,128.63121171962493,124.16314577314816,124.16314577314816
HeadM210_DaysToHeading,LarrabeeSheppard,14,30,Local vs PRISM,126.33334191769359,121.82594993703704,121.82594993703704
HeadM210_DaysToHeading,LarrabeeSheppard,14,31,Local vs PRISM,122.19691699427688,117.58629518395058,117.58629518395058
HeadM210_DaysToHeading,LarrabeeSheppard,14,32,Local vs PRISM,116.70339478332725,111.72218700925924,111.72218700925924
HeadM210_DaysToHeading,LarrabeeSheppard,14,33,Local vs PRISM,110.01786605724972,104.27777525740737,104.27777525740737
HeadM210_DaysToHeading,LarrabeeSheppard,14,34,Local vs PRISM,103.07354077016593,96.0018609148148,96.0018609148148
HeadM210_DaysToHeading,LarrabeeSheppard,14,35,Local vs PRISM,95.97119365525093,87.0190511941358,87.0190511941358
HeadM210_DaysToHeading,LarrabeeSheppard,14,36,Local vs PRISM,90.0362159269955,78.88660774783949,78.88660774783949
HeadM210_DaysToHeading,LarrabeeSheppard,14,37,Local vs PRISM,86.30076521995049,73.2231808141975,73.30237828518517
HeadM210_DaysToHeading,LarrabeeSheppard,14,38,Local vs PRISM,83.92524632781284,69.38241006820986,71.25163162376538
HeadM210_DaysToHeading,LarrabeeSheppard,14,39,Local vs PRISM,82.73320334116656,67.20762829969132,70.40629431820983
HeadM210_DaysToHeading,LarrabeeSheppard,14,40,Local vs PRISM,82.33792933497358,66.1306698984568,70.2078916391975
HeadM210_DaysToHeading,LarrabeeSheppard,15,25,Local vs PRISM,126.95490613473191,122.53196135339506,122.53196135339506
HeadM210_DaysToHeading,LarrabeeSheppard,15,26,Local vs PRISM,131.6126346534951,127.05465030370372,127.05465030370372
HeadM210_DaysToHeading,LarrabeeSheppard,15,27,Local vs PRISM,135.90268773867297,131.1566392104938,131.1566392104938
HeadM210_DaysToHeading,LarrabeeSheppard,15,28,Local vs PRISM,139.45761436238928,134.5328145771605,134.5328145771605
HeadM210_DaysToHeading,LarrabeeSheppard,15,29,Local vs PRISM,141.57890784219344,136.42874761172843,136.42874761172843
HeadM210_DaysToHeading,LarrabeeSheppard,15,30,Local vs PRISM,141.54150959679956,136.05789602438267,136.05789602438267
HeadM210_DaysToHeading,LarrabeeSheppard,15,31,Local vs PRISM,139.43060917157172,133.59840882191358,133.59840882191358
HeadM210_DaysToHeading,LarrabeeSheppard,15,32,Local vs PRISM,135.39520359528294,129.16330781574072,129.16330781574072
HeadM210_DaysToHeading,LarrabeeSheppard,15,33,Local vs PRISM,129.60300176558204,122.90616503858021,122.90616503858021
HeadM210_DaysToHeading,LarrabeeSheppard,15,34,Local vs PRISM,122.97584089171144,115.36655772438273,115.36655772438273
HeadM210_DaysToHeading,LarrabeeSheppard,15,35,Local vs PRISM,115.909807132202,106.87690909938269,106.87690909938269
HeadM210_DaysToHeading,LarrabeeSheppard,15,36,Local vs PRISM,109.73679637532315,98.98477756450617,98.98477756450617
HeadM210_DaysToHeading,LarrabeeSheppard,15,37,Local vs PRISM,105.58349994569579,93.45185036481483,93.45185036481483
HeadM210_DaysToHeading,LarrabeeSheppard,15,38,Local vs PRISM,102.69163702494282,89.68402955802469,89.68402955802469
HeadM210_DaysToHeading,LarrabeeSheppard,15,39,Local vs PRISM,100.8740252211137,87.52641986049382,87.52641986049382
HeadM210_DaysToHeading,LarrabeeSheppard,15,40,Local vs PRISM,99.94850818724309,86.44946145925923,86.44946145925923
HeadM210_DaysToHeading,LarrabeeSheppard,16,25,Local vs PRISM,113.87374157565831,103.81971200493828,103.81971200493828
HeadM210_DaysToHeading,LarrabeeSheppard,16,26,Local vs PRISM,118.45786278784938,107.98511700462964,107.98511700462964
HeadM210_DaysToHeading,LarrabeeSheppard,16,27,Local vs PRISM,122.93193757720357,112.0040676219136,112.0040676219136
HeadM210_DaysToHeading,LarrabeeSheppard,16,28,Local vs PRISM,127.14337685783951,115.7292836712963,115.7292836712963
HeadM210_DaysToHeading,LarrabeeSheppard,16,29,Local vs PRISM,130.4523598913802,118.50467639166666,118.50467639166666
HeadM210_DaysToHeading,LarrabeeSheppard,16,30,Local vs PRISM,132.378227598831,119.81628774537037,119.81628774537037
HeadM210_DaysToHeading,LarrabeeSheppard,16,31,Local vs PRISM,133.04380190303266,119.61113921419754,119.61113921419754
HeadM210_DaysToHeading,LarrabeeSheppard,16,32,Local vs PRISM,131.7011397228355,117.33379558518521,117.33379558518521
HeadM210_DaysToHeading,LarrabeeSheppard,16,33,Local vs PRISM,128.03845524385042,112.72484026080245,112.72484026080245
HeadM210_DaysToHeading,LarrabeeSheppard,16,34,Local vs PRISM,122.83139411846352,106.3614557648148,106.3614557648148
HeadM210_DaysToHeading,LarrabeeSheppard,16,35,Local vs PRISM,116.58873044584485,98.6319006774691,98.827307520679
HeadM210_DaysToHeading,LarrabeeSheppard,16,36,Local vs PRISM,110.76375176096505,91.08818679351852,94.332816320679
HeadM210_DaysToHeading,LarrabeeSheppard,16,37,Local vs PRISM,106.96472311866779,85.726626391358,92.49584778580243
HeadM210_DaysToHeading,LarrabeeSheppard,16,38,Local vs PRISM,104.61698278209289,82.00823375956789,91.17624541265431
HeadM210_DaysToHeading,LarrabeeSheppard,16,39,Local vs PRISM,103.22511870442281,79.90617961759258,90.02961065339508
HeadM210_DaysToHeading,LarrabeeSheppard,16,40,Local vs PRISM,102.54523160145528,78.88258777191359,89.21352499907407
HeadM210_DaysToHeading,LarrabeeSheppard,17,25,Local vs PRISM,134.15867829465228,122.53508672592591,122.53508672592591
HeadM210_DaysToHeading,LarrabeeSheppard,17,26,Local vs PRISM,139.6700563335382,127.5968188861111,127.5968188861111
HeadM210_DaysToHeading,LarrabeeSheppard,17,27,Local vs PRISM,145.11202644851963,132.58938061450615,132.58938061450615
HeadM210_DaysToHeading,LarrabeeSheppard,17,28,Local vs PRISM,150.37372352491354,137.3669423429012,137.3669423429012
HeadM210_DaysToHeading,LarrabeeSheppard,17,29,Local vs PRISM,155.06411324496693,141.5861313595679,141.5861313595679
HeadM210_DaysToHeading,LarrabeeSheppard,17,30,Local vs PRISM,158.91820571512457,144.96858699475308,144.96858699475308
HeadM210_DaysToHeading,LarrabeeSheppard,17,31,Local vs PRISM,161.97368325290842,147.40585615555554,147.40585615555554
HeadM210_DaysToHeading,LarrabeeSheppard,17,32,Local vs PRISM,163.40862113401084,148.16967650401233,148.16967650401233
HeadM210_DaysToHeading,LarrabeeSheppard,17,33,Local vs PRISM,162.38970510622545,146.38439445,146.38439445
HeadM210_DaysToHeading,LarrabeeSheppard,17,34,Local vs PRISM,159.4124078069623,142.3372097867284,142.3372097867284
HeadM210_DaysToHeading,LarrabeeSheppard,17,35,Local vs PRISM,154.89996724658218,136.28590204969134,136.9837536817901
HeadM210_DaysToHeading,LarrabeeSheppard,17,36,Local vs PRISM,150.40237366426044,129.86207302376545,132.57596144537038
HeadM210_DaysToHeading,LarrabeeSheppard,17,37,Local vs PRISM,147.53587348796012,125.20093014907408,129.76268282314817
HeadM210_DaysToHeading,LarrabeeSheppard,17,38,Local vs PRISM,145.42811416317588,121.80748741882715,128.76803035154325
HeadM210_DaysToHeading,LarrabeeSheppard,17,39,Local vs PRISM,143.99249818606657,119.81869994660495,127.73466226203706
HeadM210_DaysToHeading,LarrabeeSheppard,17,40,Local vs PRISM,143.22214950030195,118.8506636564815,126.97413216327165
HeadM210_DaysToHeading,LarrabeeSheppard,18,25,Local vs PRISM,103.14378065398537,92.57546244351849,92.72812957870369
HeadM210_DaysToHeading,LarrabeeSheppard,18,26,Local vs PRISM,107.28529068010634,96.33565139382713,96.37720741790122
HeadM210_DaysToHeading,LarrabeeSheppard,18,27,Local vs PRISM,111.43757720355207,100.1134291716049,100.1134291716049
HeadM210_DaysToHeading,LarrabeeSheppard,18,28,Local vs PRISM,115.55700182645317,103.8637069493827,103.8637069493827
HeadM210_DaysToHeading,LarrabeeSheppard,18,29,Local vs PRISM,119.47949054090324,107.39003788364195,107.39003788364195
HeadM210_DaysToHeading,LarrabeeSheppard,18,30,Local vs PRISM,123.01840610183858,110.54548734598762,110.54548734598762
HeadM210_DaysToHeading,LarrabeeSheppard,18,31,Local vs PRISM,126.14949233756363,113.2644633089506,113.2644633089506
HeadM210_DaysToHeading,LarrabeeSheppard,18,32,Local vs PRISM,128.47591411533813,115.15520404969135,115.20756254290124
HeadM210_DaysToHeading,LarrabeeSheppard,18,33,Local vs PRISM,129.1202445304297,115.34419921419753,116.02127365864199
HeadM210_DaysToHeading,LarrabeeSheppard,18,34,Local vs PRISM,128.0762376572958,113.52073464104936,115.65657451759259
HeadM210_DaysToHeading,LarrabeeSheppard,18,35,Local vs PRISM,125.38263497061175,109.7543976367284,113.70147187746913
HeadM210_DaysToHeading,LarrabeeSheppard,18,36,Local vs PRISM,121.83361828273873,105.0251893228395,110.84715256419753
HeadM210_DaysToHeading,LarrabeeSheppard,18,37,Local vs PRISM,119.12073246437748,101.2886003271605,108.48924271358025
HeadM210_DaysToHeading,LarrabeeSheppard,18,38,Local vs PRISM,116.79542889432999,98.32834134845679,106.65521853981483
HeadM210_DaysToHeading,LarrabeeSheppard,18,39,Local vs PRISM,115.02594448059423,96.45874832993829,105.17382273734569
HeadM210_DaysToHeading,LarrabeeSheppard,18,40,Local vs PRISM,113.96645666132349,95.45606181141976,104.28464233611112
HeadM210_DaysToHeading,LarrabeeSheppard,19,25,Local vs PRISM,76.84906363586036,62.874232078086415,73.29599777006173
HeadM210_DaysToHeading,LarrabeeSheppard,19,26,Local vs PRISM,79.78819584409936,65.31867652253086,76.0737755478395
HeadM210_DaysToHeading,LarrabeeSheppard,19,27,Local vs PRISM,82.72766855011405,67.76312096697531,78.85155332561729
HeadM210_DaysToHeading,LarrabeeSheppard,19,28,Local vs PRISM,85.66744670382114,70.20756541141975,81.62933110339506
HeadM210_DaysToHeading,LarrabeeSheppard,19,29,Local vs PRISM,88.43798833998322,72.48738022623456,84.24247925154322
HeadM210_DaysToHeading,LarrabeeSheppard,19,30,Local vs PRISM,90.88807253829687,74.48364078641976,86.57207314506174
HeadM210_DaysToHeading,LarrabeeSheppard,19,31,Local vs PRISM,93.28428698543779,76.37425807037037,88.89133240432099
HeadM210_DaysToHeading,LarrabeeSheppard,19,32,Local vs PRISM,95.34788854264306,77.88660374938272,90.91738178703703
HeadM210_DaysToHeading,LarrabeeSheppard,19,33,Local vs PRISM,96.77355977277446,78.5967149095679,92.39998667623458
HeadM210_DaysToHeading,LarrabeeSheppard,19,34,Local vs PRISM,97.16172476719079,77.95746738086419,92.9964798882716
HeadM210_DaysToHeading,LarrabeeSheppard,19,35,Local vs PRISM,96.53323442043383,75.9337058962963,92.54284186049384
HeadM210_DaysToHeading,LarrabeeSheppard,19,36,Local vs PRISM,95.25525694917768,73.07129908858025,91.33310183117284
HeadM210_DaysToHeading,LarrabeeSheppard,19,37,Local vs PRISM,94.16764273991747,70.59614520833333,90.1969606021605
HeadM210_DaysToHeading,LarrabeeSheppard,19,38,Local vs PRISM,93.14918248497682,68.33673315895061,89.04054876944446
HeadM210_DaysToHeading,LarrabeeSheppard,19,39,Local vs PRISM,92.35217583274209,66.76019556635804,88.0705417447531
HeadM210_DaysToHeading,LarrabeeSheppard,19,40,Local vs PRISM,91.86876320869852,65.99862197685185,87.44932612438272
HeadM210_DaysToHeading,LarrabeeSheppard,20,25,Local vs PRISM,70.25378269166383,20.835312597839504,58.61414029228395
HeadM210_DaysToHeading,LarrabeeSheppard,20,26,Local vs PRISM,72.93041440110883,21.61309037561728,60.83636251450618
HeadM210_DaysToHeading,LarrabeeSheppard,20,27,Local vs PRISM,75.6070766547731,22.390868153395058,63.0585847367284
HeadM210_DaysToHeading,LarrabeeSheppard,20,28,Local vs PRISM,78.2837663195719,23.168645931172836,65.28080695895062
HeadM210_DaysToHeading,LarrabeeSheppard,20,29,Local vs PRISM,80.96048067673065,23.946423708950615,67.50302918117283
HeadM210_DaysToHeading,LarrabeeSheppard,20,30,Local vs PRISM,83.6372173554964,24.72420148672839,69.72525140339506
HeadM210_DaysToHeading,LarrabeeSheppard,20,31,Local vs PRISM,86.31998907085769,25.471084202777774,71.97836868734568
HeadM210_DaysToHeading,LarrabeeSheppard,20,32,Local vs PRISM,88.93343302182305,26.10574469660494,74.1685847367284
HeadM210_DaysToHeading,LarrabeeSheppard,20,33,Local vs PRISM,91.38399200908789,26.48422005432099,76.1569612308642
HeadM210_DaysToHeading,LarrabeeSheppard,20,34,Local vs PRISM,93.63277329532728,26.243201535802466,77.77970814444446
HeadM210_DaysToHeading,LarrabeeSheppard,20,35,Local vs PRISM,95.45084800280925,25.02795462222222,78.7891525888889
HeadM210_DaysToHeading,LarrabeeSheppard,20,36,Local vs PRISM,96.96591628979655,23.299577949999996,79.41636881111111
HeadM210_DaysToHeading,LarrabeeSheppard,20,37,Local vs PRISM,98.25624899375231,21.523010611111104,79.84924634074075
HeadM210_DaysToHeading,LarrabeeSheppard,20,38,Local vs PRISM,99.35086553018292,19.63634831388888,80.23847305462962
HeadM210_DaysToHeading,LarrabeeSheppard,20,39,Local vs PRISM,99.91906938059117,18.161365313888883,80.40904533858026
HeadM210_DaysToHeading,LarrabeeSheppard,20,40,Local vs PRISM,100.12364207841436,17.38852629228395,80.53398430462963
HeadM210_DaysToHeading,Lauppe,10,25,Local vs PRISM,63.91398098635656,60.109055214197525,60.109055214197525
HeadM210_DaysToHeading,Lauppe,10,26,Local vs PRISM,63.200212887545014,59.17342239413578,59.17342239413578
HeadM210_DaysToHeading,Lauppe,10,27,Local vs PRISM,62.165022696868995,57.9587066978395,57.9587066978395
HeadM210_DaysToHeading,Lauppe,10,28,Local vs PRISM,60.3130542315005,55.83035413919751,55.83035413919751
HeadM210_DaysToHeading,Lauppe,10,29,Local vs PRISM,57.112067209882476,52.31775674228393,52.31775674228393
HeadM210_DaysToHeading,Lauppe,10,30,Local vs PRISM,52.37407460361595,47.32227597469135,47.32227597469135
HeadM210_DaysToHeading,Lauppe,10,31,Local vs PRISM,46.404069521542404,41.191576821296294,41.191576821296294
HeadM210_DaysToHeading,Lauppe,10,32,Local vs PRISM,40.25113478605987,34.28184756172837,35.769422718518484
HeadM210_DaysToHeading,Lauppe,10,33,Local vs PRISM,33.923813990599434,26.09064996388881,30.527806502160477
HeadM210_DaysToHeading,Lauppe,10,34,Local vs PRISM,29.154674766659127,17.60125202283949,25.916071175308616
HeadM210_DaysToHeading,Lauppe,10,35,Local vs PRISM,26.55614075870991,9.414502267283954,21.61660378827158
HeadM210_DaysToHeading,Lauppe,10,36,Local vs PRISM,26.96640640185996,1.8129619249999804,20.99285687561731
HeadM210_DaysToHeading,Lauppe,10,37,Local vs PRISM,29.196772627162616,-4.454732526851836,22.00689340462966
HeadM210_DaysToHeading,Lauppe,10,38,Local vs PRISM,31.436827889768214,-8.99236091913584,23.778742219753138
HeadM210_DaysToHeading,Lauppe,10,39,Local vs PRISM,32.63755170190868,-11.534006020987666,24.964391870987633
HeadM210_DaysToHeading,Lauppe,10,40,Local vs PRISM,33.28000157394693,-12.992084879012408,25.64840191419752
HeadM210_DaysToHeading,Lauppe,11,25,Local vs PRISM,87.12076493509518,83.48213983858025,83.48213983858025
HeadM210_DaysToHeading,Lauppe,11,26,Local vs PRISM,87.49083872337128,83.66992911141976,83.66992911141976
HeadM210_DaysToHeading,Lauppe,11,27,Local vs PRISM,87.31279481281742,83.35470228796295,83.35470228796295
HeadM210_DaysToHeading,Lauppe,11,28,Local vs PRISM,85.92116988168172,81.8436989364197,81.8436989364197
HeadM210_DaysToHeading,Lauppe,11,29,Local vs PRISM,82.92031084692995,78.79536270061729,78.79536270061729
HeadM210_DaysToHeading,Lauppe,11,30,Local vs PRISM,78.1854486609047,74.14853191172838,74.14853191172838
HeadM210_DaysToHeading,Lauppe,11,31,Local vs PRISM,71.9431106921496,68.22123262839506,68.22123262839506
HeadM210_DaysToHeading,Lauppe,11,32,Local vs PRISM,64.8244712575496,61.42261447993829,61.42261447993829
HeadM210_DaysToHeading,Lauppe,11,33,Local vs PRISM,56.52961752486854,53.300805801543184,53.300805801543184
HeadM210_DaysToHeading,Lauppe,11,34,Local vs PRISM,48.09933807563799,44.82506341697527,44.82506341697527
HeadM210_DaysToHeading,Lauppe,11,35,Local vs PRISM,39.92361609632229,36.63831366141973,36.63831366141973
HeadM210_DaysToHeading,Lauppe,11,36,Local vs PRISM,32.867235597927326,29.03677331913577,29.03677331913577
HeadM210_DaysToHeading,Lauppe,11,37,Local vs PRISM,28.01831708813301,22.769078867283902,24.08279580061728
HeadM210_DaysToHeading,Lauppe,11,38,Local vs PRISM,25.21142217115662,18.231450475000024,22.725818815123475
HeadM210_DaysToHeading,Lauppe,11,39,Local vs PRISM,23.737904161180175,15.689805373148147,21.669850960185133
HeadM210_DaysToHeading,Lauppe,11,40,Local vs PRISM,23.14518345468785,14.231726515123455,21.02641638611105
HeadM210_DaysToHeading,Lauppe,12,25,Local vs PRISM,133.33819586580276,128.45526657932098,128.45526657932098
HeadM210_DaysToHeading,Lauppe,12,26,Local vs PRISM,136.177630518685,131.06832422777777,131.06832422777777
HeadM210_DaysToHeading,Lauppe,12,27,Local vs PRISM,138.0933176018596,132.7553089648148,132.7553089648148
HeadM210_DaysToHeading,Lauppe,12,28,Local vs PRISM,138.52457682912046,133.1114215472222,133.1114215472222
HeadM210_DaysToHeading,Lauppe,12,29,Local vs PRISM,136.97470074493685,131.4942730212963,131.4942730212963
HeadM210_DaysToHeading,Lauppe,12,30,Local vs PRISM,133.4850068764509,127.93036993611112,127.93036993611112
HeadM210_DaysToHeading,Lauppe,12,31,Local vs PRISM,128.41979090107284,122.91153237407408,122.91153237407408
HeadM210_DaysToHeading,Lauppe,12,32,Local vs PRISM,122.15933614161924,116.72975850864196,116.72975850864196
HeadM210_DaysToHeading,Lauppe,12,33,Local vs PRISM,114.71749118603347,109.01328808580243,109.01328808580243
HeadM210_DaysToHeading,Lauppe,12,34,Local vs PRISM,107.0322987210975,100.78096789166668,100.78096789166668
HeadM210_DaysToHeading,Lauppe,12,35,Local vs PRISM,99.21670592397228,92.67222235802464,92.67222235802464
HeadM210_DaysToHeading,Lauppe,12,36,Local vs PRISM,92.26186697542974,85.18179312685186,85.18179312685186
HeadM210_DaysToHeading,Lauppe,12,37,Local vs PRISM,86.83636592984783,78.96865393209873,78.96865393209873
HeadM210_DaysToHeading,Lauppe,12,38,Local vs PRISM,83.00688604028102,74.43102553981478,74.43102553981478
HeadM210_DaysToHeading,Lauppe,12,39,Local vs PRISM,80.85177940106259,71.88938043796294,71.88938043796294
HeadM210_DaysToHeading,Lauppe,12,40,Local vs PRISM,79.78726434897114,70.43130157993824,70.43130157993824
HeadM210_DaysToHeading,Lauppe,13,25,Local vs PRISM,143.5592461009412,138.37056775833332,138.37056775833332
HeadM210_DaysToHeading,Lauppe,13,26,Local vs PRISM,147.99134041063022,142.51996113209876,142.51996113209876
HeadM210_DaysToHeading,Lauppe,13,27,Local vs PRISM,151.6363621932172,145.8355623882716,145.8355623882716
HeadM210_DaysToHeading,Lauppe,13,28,Local vs PRISM,153.93691812353524,147.93130828086422,147.93130828086422
HeadM210_DaysToHeading,Lauppe,13,29,Local vs PRISM,154.14594464028988,147.96811723055552,147.96811723055552
HeadM210_DaysToHeading,Lauppe,13,30,Local vs PRISM,152.2213812813396,145.89443614351848,145.89443614351848
HeadM210_DaysToHeading,Lauppe,13,31,Local vs PRISM,148.34063654147099,141.91900820339504,141.91900820339504
HeadM210_DaysToHeading,Lauppe,13,32,Local vs PRISM,142.7563747603394,136.20444400555556,136.20444400555556
HeadM210_DaysToHeading,Lauppe,13,33,Local vs PRISM,135.58712933594435,128.5773223160494,128.5773223160494
HeadM210_DaysToHeading,Lauppe,13,34,Local vs PRISM,128.14153471208152,120.40244039351852,120.40244039351852
HeadM210_DaysToHeading,Lauppe,13,35,Local vs PRISM,120.48286459705133,112.25833388796298,112.25833388796298
HeadM210_DaysToHeading,Lauppe,13,36,Local vs PRISM,113.77041412734641,104.74377566604936,104.74377566604936
HeadM210_DaysToHeading,Lauppe,13,37,Local vs PRISM,108.65696847177229,98.5306364712963,98.5306364712963
HeadM210_DaysToHeading,Lauppe,13,38,Local vs PRISM,105.05703383552293,93.99300807901234,95.01587654135804
HeadM210_DaysToHeading,Lauppe,13,39,Local vs PRISM,102.91122011108082,91.45136297716047,93.10024190864195
HeadM210_DaysToHeading,Lauppe,13,40,Local vs PRISM,101.7274929633768,89.99328411913578,91.75191824814813
HeadM210_DaysToHeading,Lauppe,14,25,Local vs PRISM,166.348193336868,161.4836750512345,161.4836750512345
HeadM210_DaysToHeading,Lauppe,14,26,Local vs PRISM,172.69784256044704,167.5808338046296,167.5808338046296
HeadM210_DaysToHeading,Lauppe,14,27,Local vs PRISM,178.69828474974878,173.28980660648145,173.28980660648145
HeadM210_DaysToHeading,Lauppe,14,28,Local vs PRISM,183.91723504281163,178.25823251543207,178.25823251543207
HeadM210_DaysToHeading,Lauppe,14,29,Local vs PRISM,187.57754782551334,181.6554715941358,181.6554715941358
HeadM210_DaysToHeading,Lauppe,14,30,Local vs PRISM,188.99257159897962,182.832386037037,182.832386037037
HeadM210_DaysToHeading,Lauppe,14,31,Local vs PRISM,188.15428310385124,181.75070784753086,181.75070784753086
HeadM210_DaysToHeading,Lauppe,14,32,Local vs PRISM,185.008941207202,178.21173050864195,178.21173050864195
HeadM210_DaysToHeading,Lauppe,14,33,Local vs PRISM,180.05133208525973,172.54959985956788,172.54959985956788
HeadM210_DaysToHeading,Lauppe,14,34,Local vs PRISM,174.4732188910171,165.91071401666665,165.91071401666665
HeadM210_DaysToHeading,Lauppe,14,35,Local vs PRISM,168.23681784685033,158.6204792845679,158.6204792845679
HeadM210_DaysToHeading,Lauppe,14,36,Local vs PRISM,162.25615215595988,151.456666645679,151.456666645679
HeadM210_DaysToHeading,Lauppe,14,37,Local vs PRISM,157.4065641564069,145.52736063672842,145.52736063672842
HeadM210_DaysToHeading,Lauppe,14,38,Local vs PRISM,153.78953396133264,141.13954324753087,141.53867050987654
HeadM210_DaysToHeading,Lauppe,14,39,Local vs PRISM,151.47603586409068,138.6308202537037,139.65595798518518
HeadM210_DaysToHeading,Lauppe,14,40,Local vs PRISM,150.09398144804902,137.17274139567903,138.30763432469135
HeadM210_DaysToHeading,Lauppe,15,25,Local vs PRISM,162.98343741916352,159.30501409845678,159.30501409845678
HeadM210_DaysToHeading,Lauppe,15,26,Local vs PRISM,169.56759354518118,165.76016721944444,165.76016721944444
HeadM210_DaysToHeading,Lauppe,15,27,Local vs PRISM,175.90487305780172,171.93442401512345,171.93442401512345
HeadM210_DaysToHeading,Lauppe,15,28,Local vs PRISM,181.7386872724051,177.60118327438272,177.60118327438272
HeadM210_DaysToHeading,Lauppe,15,29,Local vs PRISM,186.76305889154773,182.4414414919753,182.4414414919753
HeadM210_DaysToHeading,Lauppe,15,30,Local vs PRISM,190.33218426825826,185.74974593055555,185.74974593055555
HeadM210_DaysToHeading,Lauppe,15,31,Local vs PRISM,192.31400960590403,187.46282749537036,187.46282749537036
HeadM210_DaysToHeading,Lauppe,15,32,Local vs PRISM,192.14606871814655,186.94605795586418,186.94605795586418
HeadM210_DaysToHeading,Lauppe,15,33,Local vs PRISM,189.83991546155275,184.18146280987654,184.18146280987654
HeadM210_DaysToHeading,Lauppe,15,34,Local vs PRISM,186.29113390411294,180.08727715339504,180.08727715339504
HeadM210_DaysToHeading,Lauppe,15,35,Local vs PRISM,181.4683804155228,174.7259447219136,174.7259447219136
HeadM210_DaysToHeading,Lauppe,15,36,Local vs PRISM,176.27521953324532,168.91154294969138,168.91154294969138
HeadM210_DaysToHeading,Lauppe,15,37,Local vs PRISM,171.57516615715767,163.5764146108025,163.5764146108025
HeadM210_DaysToHeading,Lauppe,15,38,Local vs PRISM,167.93873052400718,159.4412302092593,159.4412302092593
HeadM210_DaysToHeading,Lauppe,15,39,Local vs PRISM,165.81254316750417,156.9776183419753,156.9776183419753
HeadM210_DaysToHeading,Lauppe,15,40,Local vs PRISM,164.56352250931718,155.5195394839506,155.5195394839506
HeadM210_DaysToHeading,Lauppe,16,25,Local vs PRISM,167.53081181166155,158.22710240648146,158.22710240648146
HeadM210_DaysToHeading,Lauppe,16,26,Local vs PRISM,174.65079521637048,164.8864233941358,164.8864233941358
HeadM210_DaysToHeading,Lauppe,16,27,Local vs PRISM,181.6742874618582,171.3863616657407,171.3863616657407
HeadM210_DaysToHeading,Lauppe,16,28,Local vs PRISM,188.58210504520986,177.72762709783947,177.72762709783947
HeadM210_DaysToHeading,Lauppe,16,29,Local vs PRISM,195.05745129463972,183.61877900771603,183.61877900771603
HeadM210_DaysToHeading,Lauppe,16,30,Local vs PRISM,200.68554316720721,188.60211362160493,188.60211362160493
HeadM210_DaysToHeading,Lauppe,16,31,Local vs PRISM,205.53621506552005,192.86365992901236,192.86365992901236
HeadM210_DaysToHeading,Lauppe,16,32,Local vs PRISM,208.85929463563104,195.62128338580249,195.62128338580249
HeadM210_DaysToHeading,Lauppe,16,33,Local vs PRISM,210.34293380523678,196.60527486574074,196.60527486574074
HeadM210_DaysToHeading,Lauppe,16,34,Local vs PRISM,210.45736116087477,196.26267035648146,196.26267035648146
HeadM210_DaysToHeading,Lauppe,16,35,Local vs PRISM,208.7521250042304,194.21978425061727,194.21978425061727
HeadM210_DaysToHeading,Lauppe,16,36,Local vs PRISM,206.22130592761144,191.0063770959877,191.0063770959877
HeadM210_DaysToHeading,Lauppe,16,37,Local vs PRISM,203.35087824442837,187.24994260493827,187.24994260493827
HeadM210_DaysToHeading,Lauppe,16,38,Local vs PRISM,200.76665433749824,183.89049113425924,183.89049113425924
HeadM210_DaysToHeading,Lauppe,16,39,Local vs PRISM,199.12635312861335,181.6409556743827,181.6409556743827
HeadM210_DaysToHeading,Lauppe,16,40,Local vs PRISM,198.12577947095792,180.1906768132716,180.1906768132716
HeadM210_DaysToHeading,Lauppe,17,25,Local vs PRISM,119.70783166847337,112.98771267098765,112.98771267098765
HeadM210_DaysToHeading,Lauppe,17,26,Local vs PRISM,124.7230422145158,117.69842254753085,117.69842254753085
HeadM210_DaysToHeading,Lauppe,17,27,Local vs PRISM,129.69694132877282,122.34542872037036,122.34542872037036
HeadM210_DaysToHeading,Lauppe,17,28,Local vs PRISM,134.6278302341821,126.92348427592592,126.92348427592592
HeadM210_DaysToHeading,Lauppe,17,29,Local vs PRISM,139.44081813690855,131.34923495123456,131.34923495123456
HeadM210_DaysToHeading,Lauppe,17,30,Local vs PRISM,144.10872917809485,135.57528561450616,135.57528561450616
HeadM210_DaysToHeading,Lauppe,17,31,Local vs PRISM,148.5005170480339,139.54985351574075,139.54985351574075
HeadM210_DaysToHeading,Lauppe,17,32,Local vs PRISM,152.1492785428204,142.79130413302468,142.79130413302468
HeadM210_DaysToHeading,Lauppe,17,33,Local vs PRISM,154.49735649847125,144.80403009598766,144.80403009598766
HeadM210_DaysToHeading,Lauppe,17,34,Local vs PRISM,155.9012388434922,145.8768257398148,145.8768257398148
HeadM210_DaysToHeading,Lauppe,17,35,Local vs PRISM,156.18627474620965,145.83249196574073,145.83249196574073
HeadM210_DaysToHeading,Lauppe,17,36,Local vs PRISM,155.28440148158973,144.33465242561726,144.33465242561726
HeadM210_DaysToHeading,Lauppe,17,37,Local vs PRISM,153.84743106171786,142.1810287904321,142.1810287904321
HeadM210_DaysToHeading,Lauppe,17,38,Local vs PRISM,152.31918528962584,139.9242207104938,139.9242207104938
HeadM210_DaysToHeading,Lauppe,17,39,Local vs PRISM,151.11217436187457,138.07852944814817,138.07852944814817
HeadM210_DaysToHeading,Lauppe,17,40,Local vs PRISM,150.3337977227313,136.80168367962963,136.80168367962963
HeadM210_DaysToHeading,Lauppe,18,25,Local vs PRISM,75.54323168140228,70.54955046203703,70.54955046203703
HeadM210_DaysToHeading,Lauppe,18,26,Local vs PRISM,78.59138741948973,73.38288379537038,73.38288379537038
HeadM210_DaysToHeading,Lauppe,18,27,Local vs PRISM,81.6273420887427,76.19655663487654,76.19655663487654
HeadM210_DaysToHeading,Lauppe,18,28,Local vs PRISM,84.63959288323281,78.97010601759258,78.97010601759258
HeadM210_DaysToHeading,Lauppe,18,29,Local vs PRISM,87.6352929350688,81.69232823981481,81.69232823981481
HeadM210_DaysToHeading,Lauppe,18,30,Local vs PRISM,90.61925739492574,84.40377885709876,84.40377885709876
HeadM210_DaysToHeading,Lauppe,18,31,Local vs PRISM,93.37789512727849,86.86905663487654,86.86905663487654
HeadM210_DaysToHeading,Lauppe,18,32,Local vs PRISM,95.87548916861556,89.04553811635803,89.04553811635803
HeadM210_DaysToHeading,Lauppe,18,33,Local vs PRISM,97.95491029150271,90.72245169660495,90.72245169660495
HeadM210_DaysToHeading,Lauppe,18,34,Local vs PRISM,99.6161538652043,91.89399493179012,91.89399493179012
HeadM210_DaysToHeading,Lauppe,18,35,Local vs PRISM,100.70249766867427,92.44271717777778,92.44271717777778
HeadM210_DaysToHeading,Lauppe,18,36,Local vs PRISM,100.81148350345805,91.86968628302469,91.86968628302469
HeadM210_DaysToHeading,Lauppe,18,37,Local vs PRISM,100.34092679316716,90.6813795882716,90.6813795882716
HeadM210_DaysToHeading,Lauppe,18,38,Local vs PRISM,99.60181463156641,89.24316679660494,89.24316679660494
HeadM210_DaysToHeading,Lauppe,18,39,Local vs PRISM,98.76626139956153,87.87692533055555,87.87692533055555
HeadM210_DaysToHeading,Lauppe,18,40,Local vs PRISM,98.0787512901803,86.77932481512346,86.77932481512346
HeadM210_DaysToHeading,Lauppe,19,25,Local vs PRISM,52.016834785655966,45.83473090061728,45.83473090061728
HeadM210_DaysToHeading,Lauppe,19,26,Local vs PRISM,54.04253849994962,47.61250867839506,47.61250867839506
HeadM210_DaysToHeading,Lauppe,19,27,Local vs PRISM,56.054884152707764,49.37062596234568,49.37062596234568
HeadM210_DaysToHeading,Lauppe,19,28,Local vs PRISM,58.04278053569696,51.08861978950617,51.08861978950617
HeadM210_DaysToHeading,Lauppe,19,29,Local vs PRISM,60.03010153532664,52.75528645617283,52.75528645617283
HeadM210_DaysToHeading,Lauppe,19,30,Local vs PRISM,62.01823770769506,54.421953122839504,54.421953122839504
HeadM210_DaysToHeading,Lauppe,19,31,Local vs PRISM,63.98516195179073,56.050718554938264,56.08531455555555
HeadM210_DaysToHeading,Lauppe,19,32,Local vs PRISM,65.92076183660727,57.635718554938265,57.781425666666664
HeadM210_DaysToHeading,Lauppe,19,33,Local vs PRISM,67.67998873528325,59.042662999382706,59.29948122222221
HeadM210_DaysToHeading,Lauppe,19,34,Local vs PRISM,69.32621036584116,60.223774135802465,60.75306149444444
HeadM210_DaysToHeading,Lauppe,19,35,Local vs PRISM,70.70927663693641,61.030675394135805,61.89971583919753
HeadM210_DaysToHeading,Lauppe,19,36,Local vs PRISM,71.50454472592122,61.07521243117284,62.38869732067901
HeadM210_DaysToHeading,Lauppe,19,37,Local vs PRISM,71.87086246082583,60.718019949382715,62.475949283333335
HeadM210_DaysToHeading,Lauppe,19,38,Local vs PRISM,71.91644580773804,60.185662962962965,62.35098119567901
HeadM210_DaysToHeading,Lauppe,19,39,Local vs PRISM,71.59227209434756,59.427677314814815,61.776117547530866
HeadM210_DaysToHeading,Lauppe,19,40,Local vs PRISM,71.24384554704497,58.74690458641975,61.15380039320988
HeadM210_DaysToHeading,Lauppe,20,25,Local vs PRISM,35.72739804894867,28.163451892901232,30.97811972191358
HeadM210_DaysToHeading,Lauppe,20,26,Local vs PRISM,37.0702824854881,29.21900744845679,32.14478638858024
HeadM210_DaysToHeading,Lauppe,20,27,Local vs PRISM,38.41322463515476,30.274563004012343,33.311453055246915
HeadM210_DaysToHeading,Lauppe,20,28,Local vs PRISM,39.756218649400594,31.3301185595679,34.47811972191358
HeadM210_DaysToHeading,Lauppe,20,29,Local vs PRISM,41.09925944391389,32.38567411512346,35.64478638858025
HeadM210_DaysToHeading,Lauppe,20,30,Local vs PRISM,42.44234257776606,33.441229670679014,36.811453055246915
HeadM210_DaysToHeading,Lauppe,20,31,Local vs PRISM,43.727422450737684,34.45888399166667,37.94021848734568
HeadM210_DaysToHeading,Lauppe,20,32,Local vs PRISM,44.97639858213328,35.445828436111114,39.038274042901236
HeadM210_DaysToHeading,Lauppe,20,33,Local vs PRISM,46.1783961025329,36.37882226327161,40.08237898117284
HeadM210_DaysToHeading,Lauppe,20,34,Local vs PRISM,47.348643866918266,37.26521117746914,41.079879006481484
HeadM210_DaysToHeading,Lauppe,20,35,Local vs PRISM,48.467509565633215,38.02987167129629,42.0062061669753
HeadM210_DaysToHeading,Lauppe,20,36,Local vs PRISM,49.08300886093354,38.37014944907408,42.56870616697531
HeadM210_DaysToHeading,Lauppe,20,37,Local vs PRISM,49.50051923515202,38.515439641975306,43.02510747098765
HeadM210_DaysToHeading,Lauppe,20,38,Local vs PRISM,49.61730495693982,38.484474231481485,43.24598625493827
HeadM210_DaysToHeading,Lauppe,20,39,Local vs PRISM,49.39637657801835,38.19499286419753,43.17872710987654
HeadM210_DaysToHeading,Lauppe,20,40,Local vs PRISM,49.07565402592569,37.858276317901236,43.01722173024691
HeadM210_DaysToHeading,Rehmann,10,25,Local vs PRISM,14.256013189788746,0.6511699083333156,12.833810127777781
HeadM210_DaysToHeading,Rehmann,10,26,Local vs PRISM,14.04715879331572,0.5687159166666618,12.3360226819444
HeadM210_DaysToHeading,Rehmann,10,27,Local vs PRISM,13.611383079051784,0.2692996631944311,12.15271763541665
HeadM210_DaysToHeading,Rehmann,10,28,Local vs PRISM,12.898990564816824,-0.22931554583337288,11.819408386111121
HeadM210_DaysToHeading,Rehmann,10,29,Local vs PRISM,11.87122735392273,-2.0503591791666906,10.641726040277746
HeadM210_DaysToHeading,Rehmann,10,30,Local vs PRISM,12.063960860191465,-5.167829645833365,10.301588580555574
HeadM210_DaysToHeading,Rehmann,10,31,Local vs PRISM,13.42713500012929,-9.338409552777762,11.313511172222206
HeadM210_DaysToHeading,Rehmann,10,32,Local vs PRISM,17.752665094143158,-15.212672023611105,15.212672023611105
HeadM210_DaysToHeading,Rehmann,10,33,Local vs PRISM,23.744823116689105,-21.316509095833283,21.316509095833283
HeadM210_DaysToHeading,Rehmann,10,34,Local vs PRISM,30.117801050695938,-27.633882924305567,27.633882924305567
HeadM210_DaysToHeading,Rehmann,10,35,Local vs PRISM,35.85608874362924,-33.08680569513888,33.08680569513888
HeadM210_DaysToHeading,Rehmann,10,36,Local vs PRISM,40.60250445437739,-37.60011360486112,37.60011360486112
HeadM210_DaysToHeading,Rehmann,10,37,Local vs PRISM,43.683899618227976,-40.79347504027777,40.79347504027777
HeadM210_DaysToHeading,Rehmann,10,38,Local vs PRISM,45.1783521677442,-42.34327131111104,42.34327131111104
HeadM210_DaysToHeading,Rehmann,10,39,Local vs PRISM,46.25849645675344,-43.38196793611104,43.38196793611104
HeadM210_DaysToHeading,Rehmann,10,40,Local vs PRISM,47.00649834175328,-44.233181373611046,44.233181373611046
HeadM210_DaysToHeading,Rehmann,11,25,Local vs PRISM,25.134830623269977,5.552994649305532,23.989106406249988
HeadM210_DaysToHeading,Rehmann,11,26,Local vs PRISM,26.226741846709846,5.655078068055559,25.060495437500037
HeadM210_DaysToHeading,Rehmann,11,27,Local vs PRISM,26.477989911059097,5.39402289166668,25.5237172347222
HeadM210_DaysToHeading,Rehmann,11,28,Local vs PRISM,26.918947965719667,4.697171537499969,26.277921811111128
HeadM210_DaysToHeading,Rehmann,11,29,Local vs PRISM,27.772451700218348,2.6907806819444318,27.402281420833276
HeadM210_DaysToHeading,Rehmann,11,30,Local vs PRISM,28.55778505962475,-0.4483148555555374,28.119186058333383
HeadM210_DaysToHeading,Rehmann,11,31,Local vs PRISM,28.84944501923142,-4.73884631180556,27.912045615972147
HeadM210_DaysToHeading,Rehmann,11,32,Local vs PRISM,30.16757127553013,-10.613108782638903,27.791061124305486
HeadM210_DaysToHeading,Rehmann,11,33,Local vs PRISM,34.07275008092064,-16.744348629166723,29.436293073611125
HeadM210_DaysToHeading,Rehmann,11,34,Local vs PRISM,39.23246425948685,-23.061722457638837,31.66939086319445
HeadM210_DaysToHeading,Rehmann,11,35,Local vs PRISM,43.862652082522935,-28.514645228472205,33.278192571527825
HeadM210_DaysToHeading,Rehmann,11,36,Local vs PRISM,46.94404690301264,-33.027953138194334,33.78695171874995
HeadM210_DaysToHeading,Rehmann,11,37,Local vs PRISM,48.68120767669036,-36.221314573611096,36.221314573611096
HeadM210_DaysToHeading,Rehmann,11,38,Local vs PRISM,49.56046705801859,-37.77111084444442,37.77111084444442
HeadM210_DaysToHeading,Rehmann,11,39,Local vs PRISM,49.94515942479817,-38.809807469444536,38.809807469444536
HeadM210_DaysToHeading,Rehmann,11,40,Local vs PRISM,50.0792443929557,-39.661020906944486,39.661020906944486
HeadM210_DaysToHeading,Rehmann,12,25,Local vs PRISM,10.941992650528658,2.2232695041666943,9.810382663888902
HeadM210_DaysToHeading,Rehmann,12,26,Local vs PRISM,10.870006315839598,1.9143806249999784,9.737160352777778
HeadM210_DaysToHeading,Rehmann,12,27,Local vs PRISM,10.396931315478716,1.2416308861111247,9.649188437500015
HeadM210_DaysToHeading,Rehmann,12,28,Local vs PRISM,9.786597884777533,-0.20013013472225794,9.2606774041667
HeadM210_DaysToHeading,Rehmann,12,29,Local vs PRISM,9.49856980407286,-3.1090349381944407,8.206828450694445
HeadM210_DaysToHeading,Rehmann,12,30,Local vs PRISM,10.778079331625936,-7.015644195138947,9.246885345138907
HeadM210_DaysToHeading,Rehmann,12,31,Local vs PRISM,13.537292948904641,-11.722050456944459,11.722050456944459
HeadM210_DaysToHeading,Rehmann,12,32,Local vs PRISM,19.25355155299845,-18.007160132638887,18.007160132638887
HeadM210_DaysToHeading,Rehmann,12,33,Local vs PRISM,25.716315956673355,-24.258747201388843,24.258747201388843
HeadM210_DaysToHeading,Rehmann,12,34,Local vs PRISM,32.42510647109981,-30.49974602222221,30.49974602222221
HeadM210_DaysToHeading,Rehmann,12,35,Local vs PRISM,38.450446058286,-35.97340644097221,35.97340644097221
HeadM210_DaysToHeading,Rehmann,12,36,Local vs PRISM,43.25037955525131,-40.53268657291662,40.53268657291662
HeadM210_DaysToHeading,Rehmann,12,37,Local vs PRISM,46.25781439142434,-43.72604800833338,43.72604800833338
HeadM210_DaysToHeading,Rehmann,12,38,Local vs PRISM,47.701494021207424,-45.27584427916662,45.27584427916662
HeadM210_DaysToHeading,Rehmann,12,39,Local vs PRISM,48.674850609540734,-46.31454090416662,46.31454090416662
HeadM210_DaysToHeading,Rehmann,12,40,Local vs PRISM,49.392210719836406,-47.165754341666684,47.165754341666684
HeadM210_DaysToHeading,Rehmann,13,25,Local vs PRISM,88.40730778231047,-32.383531089583386,75.87769257152777
HeadM210_DaysToHeading,Rehmann,13,26,Local vs PRISM,92.57426000825302,-34.32473935069444,79.5536230548611
HeadM210_DaysToHeading,Rehmann,13,27,Local vs PRISM,96.36370103287476,-36.44171159583334,82.95740085555553
HeadM210_DaysToHeading,Rehmann,13,28,Local vs PRISM,100.22476574595754,-39.18279207291667,86.66745925208332
HeadM210_DaysToHeading,Rehmann,13,29,Local vs PRISM,104.11168858238045,-43.12534576249999,90.89454508888889
HeadM210_DaysToHeading,Rehmann,13,30,Local vs PRISM,108.44078643739346,-47.959742638194456,95.53064812847222
HeadM210_DaysToHeading,Rehmann,13,31,Local vs PRISM,112.29446499799404,-53.720768467361154,99.32981877291672
HeadM210_DaysToHeading,Rehmann,13,32,Local vs PRISM,117.04429607745669,-60.570549662499985,103.60056555972224
HeadM210_DaysToHeading,Rehmann,13,33,Local vs PRISM,122.44146418597175,-67.11563662013887,109.1237278868056
HeadM210_DaysToHeading,Rehmann,13,34,Local vs PRISM,127.33082185685622,-73.44060780833334,114.15153333194448
HeadM210_DaysToHeading,Rehmann,13,35,Local vs PRISM,131.79545409787892,-79.01451805138888,118.35209792638884
HeadM210_DaysToHeading,Rehmann,13,36,Local vs PRISM,135.63255006848732,-83.5590886451389,121.37455529652777
HeadM210_DaysToHeading,Rehmann,13,37,Local vs PRISM,138.11827388230927,-86.75245008055558,123.20433137083339
HeadM210_DaysToHeading,Rehmann,13,38,Local vs PRISM,139.38017802097207,-88.2720712375,124.17037861388891
HeadM210_DaysToHeading,Rehmann,13,39,Local vs PRISM,140.46692498429152,-89.3107678625,124.8806280027778
HeadM210_DaysToHeading,Rehmann,13,40,Local vs PRISM,140.90778045797234,-90.16198129999995,124.85538614861107
HeadM210_DaysToHeading,Rehmann,14,25,Local vs PRISM,169.77189036187542,-114.9459259222222,159.03988059722224
HeadM210_DaysToHeading,Rehmann,14,26,Local vs PRISM,178.32023856600262,-121.15550925555554,166.99946393055558
HeadM210_DaysToHeading,Rehmann,14,27,Local vs PRISM,186.91576476117328,-127.40988425555555,174.99508893055554
HeadM210_DaysToHeading,Rehmann,14,28,Local vs PRISM,195.4630232649041,-133.81578419027778,182.86996678472218
HeadM210_DaysToHeading,Rehmann,14,29,Local vs PRISM,204.00934271819423,-140.7716131777778,190.61572130972223
HeadM210_DaysToHeading,Rehmann,14,30,Local vs PRISM,212.92517064058075,-148.69791294027775,198.56594945833334
HeadM210_DaysToHeading,Rehmann,14,31,Local vs PRISM,221.26907537020375,-156.65724529027779,205.6262571125
HeadM210_DaysToHeading,Rehmann,14,32,Local vs PRISM,229.57206601730164,-164.98351676597224,212.36884672569448
HeadM210_DaysToHeading,Rehmann,14,33,Local vs PRISM,238.0464269659714,-172.76211310069445,219.71355477986114
HeadM210_DaysToHeading,Rehmann,14,34,Local vs PRISM,245.4177473850561,-179.7636804472222,225.82815319166667
HeadM210_DaysToHeading,Rehmann,14,35,Local vs PRISM,251.67342672491307,-185.65684984652785,230.88365199097228
HeadM210_DaysToHeading,Rehmann,14,36,Local vs PRISM,256.3715449738507,-190.35587868958336,234.41006731319445
HeadM210_DaysToHeading,Rehmann,14,37,Local vs PRISM,258.92186496263474,-193.50997246875,236.21825017708335
HeadM210_DaysToHeading,Rehmann,14,38,Local vs PRISM,260.20497101924553,-195.02959362569445,237.1842974201389
HeadM210_DaysToHeading,Rehmann,14,39,Local vs PRISM,261.1402056521102,-196.06829025069442,237.89454680902776
HeadM210_DaysToHeading,Rehmann,14,40,Local vs PRISM,261.50793590293836,-196.91950368819445,237.86930495486112
HeadM210_DaysToHeading,Rehmann,15,25,Local vs PRISM,134.1525654807874,-60.72370044722223,133.8394670597222
HeadM210_DaysToHeading,Rehmann,15,26,Local vs PRISM,140.52549465142488,-63.84870044722223,140.2144670597222
HeadM210_DaysToHeading,Rehmann,15,27,Local vs PRISM,146.89418051653755,-66.97807544722222,146.58509205972223
HeadM210_DaysToHeading,Rehmann,15,28,Local vs PRISM,153.03150949890983,-70.35207545277777,152.74186984305555
HeadM210_DaysToHeading,Rehmann,15,29,Local vs PRISM,158.9157439997586,-74.24210448888888,158.677202025
HeadM210_DaysToHeading,Rehmann,15,30,Local vs PRISM,164.95479911223174,-78.6798918597222,164.77919236388888
HeadM210_DaysToHeading,Rehmann,15,31,Local vs PRISM,170.89370800618582,-83.32382089930553,170.75770781875
HeadM210_DaysToHeading,Rehmann,15,32,Local vs PRISM,176.8061399395148,-88.47132614652777,176.67303579791667
HeadM210_DaysToHeading,Rehmann,15,33,Local vs PRISM,182.8687068679136,-93.29397834444447,182.7118549361111
HeadM210_DaysToHeading,Rehmann,15,34,Local vs PRISM,188.23732711613582,-97.97168353888887,188.0245378444444
HeadM210_DaysToHeading,Rehmann,15,35,Local vs PRISM,192.2423486556388,-102.01008521458333,191.94044359375
HeadM210_DaysToHeading,Rehmann,15,36,Local vs PRISM,195.0392585289703,-105.46954975694443,194.59867262777777
HeadM210_DaysToHeading,Rehmann,15,37,Local vs PRISM,196.66835847714387,-108.06526884513887,196.09848080069446
HeadM210_DaysToHeading,Rehmann,15,38,Local vs PRISM,197.5450656758618,-109.40715228958334,196.89326482569447
HeadM210_DaysToHeading,Rehmann,15,39,Local vs PRISM,198.32929002410293,-110.44584891458332,197.60351421458336
HeadM210_DaysToHeading,Rehmann,15,40,Local vs PRISM,198.40051997808743,-111.29706235208334,197.57827236041666
HeadM210_DaysToHeading,Rehmann,16,25,Local vs PRISM,78.72585208616877,13.059026779166672,60.35977730416667
HeadM210_DaysToHeading,Rehmann,16,26,Local vs PRISM,82.2416626172331,13.559026779166672,63.10977730416667
HeadM210_DaysToHeading,Rehmann,16,27,Local vs PRISM,85.75763728905007,14.059026779166672,65.85977730416667
HeadM210_DaysToHeading,Rehmann,16,28,Local vs PRISM,89.04885228567271,14.490790662499997,68.4607911986111
HeadM210_DaysToHeading,Rehmann,16,29,Local vs PRISM,91.5033864721725,14.516762884722226,70.58856897638888
HeadM210_DaysToHeading,Rehmann,16,30,Local vs PRISM,93.85882873371766,14.391762884722226,72.71356897638888
HeadM210_DaysToHeading,Rehmann,16,31,Local vs PRISM,95.83821618594969,13.94495732916667,74.71870786527778
HeadM210_DaysToHeading,Rehmann,16,32,Local vs PRISM,97.984059664092,13.15048105347222,77.09175927569444
HeadM210_DaysToHeading,Rehmann,16,33,Local vs PRISM,100.13321322043268,12.07270339027778,79.68773138333333
HeadM210_DaysToHeading,Rehmann,16,34,Local vs PRISM,102.09776887047121,10.69472039930556,82.29416431041668
HeadM210_DaysToHeading,Rehmann,16,35,Local vs PRISM,103.47306278188087,9.313143940972218,84.30464403402777
HeadM210_DaysToHeading,Rehmann,16,36,Local vs PRISM,104.26414471692432,7.324130025000009,86.06213017222223
HeadM210_DaysToHeading,Rehmann,16,37,Local vs PRISM,104.29571983783842,5.527674983333348,87.0126742986111
HeadM210_DaysToHeading,Rehmann,16,38,Local vs PRISM,104.71123975990108,4.207416580555552,88.03583328194443
HeadM210_DaysToHeading,Rehmann,16,39,Local vs PRISM,105.0554747656256,3.1179435736111074,88.82836184444446
HeadM210_DaysToHeading,Rehmann,16,40,Local vs PRISM,104.81147089159103,2.391730136111107,88.92811999027779
HeadM210_DaysToHeading,Rehmann,17,25,Local vs PRISM,47.67389523569536,18.58287078263889,40.82731612569444
HeadM210_DaysToHeading,Rehmann,17,26,Local vs PRISM,49.70436709233518,19.33287078263889,42.57731612569444
HeadM210_DaysToHeading,Rehmann,17,27,Local vs PRISM,51.73488116498547,20.08287078263889,44.32731612569444
HeadM210_DaysToHeading,Rehmann,17,28,Local vs PRISM,53.76543267063628,20.832870782638885,46.07731612569444
HeadM210_DaysToHeading,Rehmann,17,29,Local vs PRISM,55.64172793909627,21.42835689375,47.77460779236111
HeadM210_DaysToHeading,Rehmann,17,30,Local vs PRISM,57.51797259867215,21.92835689375,49.52460779236111
HeadM210_DaysToHeading,Rehmann,17,31,Local vs PRISM,59.39598013060139,22.42835689375,51.27460779236111
HeadM210_DaysToHeading,Rehmann,17,32,Local vs PRISM,61.25234772259297,22.932579161805556,52.98732996875
HeadM210_DaysToHeading,Rehmann,17,33,Local vs PRISM,62.79663703672152,23.27167638402777,54.416427190972215
HeadM210_DaysToHeading,Rehmann,17,34,Local vs PRISM,64.02393473427135,23.226037903472218,55.71428789375
HeadM210_DaysToHeading,Rehmann,17,35,Local vs PRISM,64.62911970918773,22.985351825694444,56.493157806250004
HeadM210_DaysToHeading,Rehmann,17,36,Local vs PRISM,64.81804889049985,22.10299063819444,57.11954677152778
HeadM210_DaysToHeading,Rehmann,17,37,Local vs PRISM,64.39931350685266,20.93381123055555,57.21764545416666
HeadM210_DaysToHeading,Rehmann,17,38,Local vs PRISM,64.1475556151456,19.96446674930555,57.331662490972214
HeadM210_DaysToHeading,Rehmann,17,39,Local vs PRISM,63.99918359521447,18.868493978472223,57.53999576180555
HeadM210_DaysToHeading,Rehmann,17,40,Local vs PRISM,63.683925682901105,18.081308318749997,57.59253149097221
HeadM210_DaysToHeading,Rehmann,18,25,Local vs PRISM,32.53437995869541,15.92352878263889,27.06422397152778
HeadM210_DaysToHeading,Rehmann,18,26,Local vs PRISM,33.88000676028006,16.54852878263889,28.18922397152778
HeadM210_DaysToHeading,Rehmann,18,27,Local vs PRISM,35.22568433482143,17.17352878263889,29.31422397152778
HeadM210_DaysToHeading,Rehmann,18,28,Local vs PRISM,36.57140707761113,17.79852878263889,30.43922397152778
HeadM210_DaysToHeading,Rehmann,18,29,Local vs PRISM,37.952572381006405,18.372626004861107,31.615126749305563
HeadM210_DaysToHeading,Rehmann,18,30,Local vs PRISM,39.38657493414691,18.872626004861107,32.86512674930557
HeadM210_DaysToHeading,Rehmann,18,31,Local vs PRISM,40.82225887614266,19.372626004861107,34.11512674930557
HeadM210_DaysToHeading,Rehmann,18,32,Local vs PRISM,42.244256370706474,19.893376050694446,35.34437670347223
HeadM210_DaysToHeading,Rehmann,18,33,Local vs PRISM,43.59037377886608,20.50559827291667,36.45659892569445
HeadM210_DaysToHeading,Rehmann,18,34,Local vs PRISM,44.866171872224804,20.94247327291667,37.445057381249995
HeadM210_DaysToHeading,Rehmann,18,35,Local vs PRISM,46.12000014612791,21.218459166666666,38.60059926527778
HeadM210_DaysToHeading,Rehmann,18,36,Local vs PRISM,47.031218589909926,20.912347979166668,39.55323823055556
HeadM210_DaysToHeading,Rehmann,18,37,Local vs PRISM,47.507798790703525,20.494820045138887,40.095210609027774
HeadM210_DaysToHeading,Rehmann,18,38,Local vs PRISM,47.55516532226606,20.14302816111111,40.21422471527778
HeadM210_DaysToHeading,Rehmann,18,39,Local vs PRISM,47.51342921771969,19.370680473611102,40.31518331944445
HeadM210_DaysToHeading,Rehmann,18,40,Local vs PRISM,47.34043041789071,18.754744813888887,40.28896904861111
HeadM210_DaysToHeading,Rehmann,19,25,Local vs PRISM,28.530071528677997,18.817180311111112,24.1014308
HeadM210_DaysToHeading,Rehmann,19,26,Local vs PRISM,29.702194709563404,19.567180311111112,25.1014308
HeadM210_DaysToHeading,Rehmann,19,27,Local vs PRISM,30.87435440131744,20.317180311111112,26.1014308
HeadM210_DaysToHeading,Rehmann,19,28,Local vs PRISM,32.04654659758962,21.067180311111112,27.1014308
HeadM210_DaysToHeading,Rehmann,19,29,Local vs PRISM,33.23817753067249,21.766277533333337,28.152333577777775
HeadM210_DaysToHeading,Rehmann,19,30,Local vs PRISM,34.45958887586784,22.391277533333337,29.277333577777775
HeadM210_DaysToHeading,Rehmann,19,31,Local vs PRISM,35.682980332746425,23.016277533333337,30.402333577777775
HeadM210_DaysToHeading,Rehmann,19,32,Local vs PRISM,36.89931006835553,23.662027579166672,31.50658353194444
HeadM210_DaysToHeading,Rehmann,19,33,Local vs PRISM,38.071900732507714,24.412027579166672,32.506583531944436
HeadM210_DaysToHeading,Rehmann,19,34,Local vs PRISM,39.24449219000291,25.162027579166672,33.506583531944436
HeadM210_DaysToHeading,Rehmann,19,35,Local vs PRISM,40.45547340082734,25.771263690277785,34.62637519861111
HeadM210_DaysToHeading,Rehmann,19,36,Local vs PRISM,41.4290888812768,26.087374801388894,35.69248630972221
HeadM210_DaysToHeading,Rehmann,19,37,Local vs PRISM,42.12370930557262,26.41984686736112,36.48445868819444
HeadM210_DaysToHeading,Rehmann,19,38,Local vs PRISM,42.59773539949342,26.868944089583337,36.96036146597222
HeadM210_DaysToHeading,Rehmann,19,39,Local vs PRISM,42.87468749066949,26.81922186736111,37.263694799305554
HeadM210_DaysToHeading,Rehmann,19,40,Local vs PRISM,43.00794741645805,26.552111186805554,37.53080547986111
HeadM210_DaysToHeading,Rehmann,20,25,Local vs PRISM,11.74000045833333,-5.870000229166665,5.870000229166665
HeadM210_DaysToHeading,Rehmann,20,26,Local vs PRISM,12.24000045833333,-6.120000229166665,6.120000229166665
HeadM210_DaysToHeading,Rehmann,20,27,Local vs PRISM,12.74000045833333,-6.370000229166665,6.370000229166665
HeadM210_DaysToHeading,Rehmann,20,28,Local vs PRISM,13.24000045833333,-6.620000229166665,6.620000229166665
HeadM210_DaysToHeading,Rehmann,20,29,Local vs PRISM,13.841806013888885,-6.920903006944442,6.920903006944442
HeadM210_DaysToHeading,Rehmann,20,30,Local vs PRISM,14.591806013888885,-7.295903006944442,7.295903006944442
HeadM210_DaysToHeading,Rehmann,20,31,Local vs PRISM,15.341806013888885,-7.670903006944442,7.670903006944442
HeadM210_DaysToHeading,Rehmann,20,32,Local vs PRISM,16.050305922222222,-8.025152961111111,8.025152961111111
HeadM210_DaysToHeading,Rehmann,20,33,Local vs PRISM,16.550305922222222,-8.275152961111111,8.275152961111111
HeadM210_DaysToHeading,Rehmann,20,34,Local vs PRISM,17.050305922222222,-8.525152961111111,8.525152961111111
HeadM210_DaysToHeading,Rehmann,20,35,Local vs PRISM,17.550305922222222,-8.775152961111111,8.775152961111111
HeadM210_DaysToHeading,Rehmann,20,36,Local vs PRISM,18.050305922222222,-9.025152961111111,9.025152961111111
HeadM210_DaysToHeading,Rehmann,20,37,Local vs PRISM,18.296556074999998,-9.148278037499999,9.148278037499999
HeadM210_DaysToHeading,Rehmann,20,38,Local vs PRISM,18.323361630555553,-9.161680815277776,9.161680815277776
HeadM210_DaysToHeading,Rehmann,20,39,Local vs PRISM,18.67641718611111,-9.338208593055555,9.338208593055555
HeadM210_DaysToHeading,Rehmann,20,40,Local vs PRISM,19.210638547222224,-9.605319273611112,9.605319273611112
HeadM210_DaysToHeading,Schohr,10,25,Local vs PRISM,49.512176000034216,25.87926040833334,40.25152484783949
HeadM210_DaysToHeading,Schohr,10,26,Local vs PRISM,49.65996712561916,25.37344096141972,40.31416827499998
HeadM210_DaysToHeading,Schohr,10,27,Local vs PRISM,49.55367284570846,24.699278187962946,40.33614082438268
HeadM210_DaysToHeading,Schohr,10,28,Local vs PRISM,49.28467335522677,23.661670515432093,40.06889097037036
HeadM210_DaysToHeading,Schohr,10,29,Local vs PRISM,48.247904071982106,21.99053975679015,39.16958337037028
HeadM210_DaysToHeading,Schohr,10,30,Local vs PRISM,47.272764211821126,19.462771224074103,38.46516469753088
HeadM210_DaysToHeading,Schohr,10,31,Local vs PRISM,46.677547309265435,16.596178211728418,38.907101627160536
HeadM210_DaysToHeading,Schohr,10,32,Local vs PRISM,46.41696109036343,12.736601992283896,39.27645055956792
HeadM210_DaysToHeading,Schohr,10,33,Local vs PRISM,46.821314186010085,8.622823886728371,39.33332575462963
HeadM210_DaysToHeading,Schohr,10,34,Local vs PRISM,49.24278831512907,4.662106579629608,40.36261669012343
HeadM210_DaysToHeading,Schohr,10,35,Local vs PRISM,52.798746826463976,0.1313104947530519,41.68185753487655
HeadM210_DaysToHeading,Schohr,10,36,Local vs PRISM,56.86380719882042,-3.7710568033950898,43.53530236203705
HeadM210_DaysToHeading,Schohr,10,37,Local vs PRISM,60.61027156023796,-6.6781231638888885,46.57940407500001
HeadM210_DaysToHeading,Schohr,10,38,Local vs PRISM,63.3255392496903,-8.780382094135778,48.26072942314813
HeadM210_DaysToHeading,Schohr,10,39,Local vs PRISM,64.8719824186215,-9.934551439814792,48.64506722561727
HeadM210_DaysToHeading,Schohr,10,40,Local vs PRISM,65.717317522681455,-10.613074634259217,48.684366562037034
HeadM210_DaysToHeading,Schohr,11,25,Local vs PRISM,56.629833138214735,32.19380684320986,46.503997716666646
HeadM210_DaysToHeading,Schohr,11,26,Local vs PRISM,57.076094674219206,31.904125023456785,46.80747012901236
HeadM210_DaysToHeading,Schohr,11,27,Local vs PRISM,57.156216014488116,31.408619070370392,46.971062461728394
HeadM210_DaysToHeading,Schohr,11,28,Local vs PRISM,57.04270847211963,30.623233564814832,46.84492366358025
HeadM210_DaysToHeading,Schohr,11,29,Local vs PRISM,56.08955049594858,29.020952793518518,45.9878771873456
HeadM210_DaysToHeading,Schohr,11,30,Local vs PRISM,54.87935191190723,26.53557307098764,44.77915598148148
HeadM210_DaysToHeading,Schohr,11,31,Local vs PRISM,53.76941547147297,23.71987998796294,43.70604497623455
HeadM210_DaysToHeading,Schohr,11,32,Local vs PRISM,53.049296898560556,19.860303768518495,43.74622091419753
HeadM210_DaysToHeading,Schohr,11,33,Local vs PRISM,52.90054806296086,15.746525662962945,43.80309610925926
HeadM210_DaysToHeading,Schohr,11,34,Local vs PRISM,54.79726258748751,11.785808355864207,44.83238704475309
HeadM210_DaysToHeading,Schohr,11,35,Local vs PRISM,57.85708663087502,7.255012270987625,46.15162788950618
HeadM210_DaysToHeading,Schohr,11,36,Local vs PRISM,61.504314025078116,3.352644972839534,49.603707432716
HeadM210_DaysToHeading,Schohr,11,37,Local vs PRISM,64.97803230216627,0.44557861234572255,52.647809145679
HeadM210_DaysToHeading,Schohr,11,38,Local vs PRISM,67.49973952119893,-1.656680317901166,54.32913449382707
HeadM210_DaysToHeading,Schohr,11,39,Local vs PRISM,68.88029586192091,-2.810849663580282,54.7134722962962
HeadM210_DaysToHeading,Schohr,11,40,Local vs PRISM,69.58932816738292,-3.4893728580246566,54.752771632716026
HeadM210_DaysToHeading,Schohr,12,25,Local vs PRISM,62.564112613831625,38.9453725,51.16023783827162
HeadM210_DaysToHeading,Schohr,12,26,Local vs PRISM,63.09543150860947,38.90330103703702,51.58073423888887
HeadM210_DaysToHeading,Schohr,12,27,Local vs PRISM,63.22103038001975,38.52817033919752,51.66019830771601
HeadM210_DaysToHeading,Schohr,12,28,Local vs PRISM,63.08120133323303,37.89265136172839,51.46181500185182
HeadM210_DaysToHeading,Schohr,12,29,Local vs PRISM,61.93779736598125,36.332814389197516,50.4452987441358
HeadM210_DaysToHeading,Schohr,12,30,Local vs PRISM,60.299132905896485,33.93137593209877,49.059448632098764
HeadM210_DaysToHeading,Schohr,12,31,Local vs PRISM,58.71705279279158,31.146398865432097,47.6661401067901
HeadM210_DaysToHeading,Schohr,12,32,Local vs PRISM,57.073063923215656,27.339383664197513,45.67628490432099
HeadM210_DaysToHeading,Schohr,12,33,Local vs PRISM,55.17440906322232,23.21592392777781,44.454009244444464
HeadM210_DaysToHeading,Schohr,12,34,Local vs PRISM,54.93786183940633,19.25520662067897,44.10180620648144
HeadM210_DaysToHeading,Schohr,12,35,Local vs PRISM,56.1002151429299,14.724410535802487,44.45144695123458
HeadM210_DaysToHeading,Schohr,12,36,Local vs PRISM,58.43902038853881,10.800543179938245,46.58856660524688
HeadM210_DaysToHeading,Schohr,12,37,Local vs PRISM,61.295936438938156,7.837921263888865,48.98304435339506
HeadM210_DaysToHeading,Schohr,12,38,Local vs PRISM,63.537812815041164,5.698285790432099,50.5995560058642
HeadM210_DaysToHeading,Schohr,12,39,Local vs PRISM,64.93002348819883,4.544116444753134,51.34848570956788
HeadM210_DaysToHeading,Schohr,12,40,Local vs PRISM,65.60852886823956,3.865593250308633,51.67924680524689
HeadM210_DaysToHeading,Schohr,13,25,Local vs PRISM,90.47956109099175,66.26653215617283,75.74712812160493
HeadM210_DaysToHeading,Schohr,13,26,Local vs PRISM,92.54382796837383,67.77666796851851,77.70170837839505
HeadM210_DaysToHeading,Schohr,13,27,Local vs PRISM,93.9930273243003,68.64268622993828,79.06604506450618
HeadM210_DaysToHeading,Schohr,13,28,Local vs PRISM,94.86737351675019,68.94753385709876,79.82150997561727
HeadM210_DaysToHeading,Schohr,13,29,Local vs PRISM,94.53428399420761,68.17903578395062,79.51467711481482
HeadM210_DaysToHeading,Schohr,13,30,Local vs PRISM,93.22256547438806,66.38561247592594,78.17668691049383
HeadM210_DaysToHeading,Schohr,13,31,Local vs PRISM,91.21353167721455,63.727267225925935,75.95302252901234
HeadM210_DaysToHeading,Schohr,13,32,Local vs PRISM,88.16802629981669,59.888129037654295,72.5441063216049
HeadM210_DaysToHeading,Schohr,13,33,Local vs PRISM,84.18055420507312,55.523889548765425,68.18718281049381
HeadM210_DaysToHeading,Schohr,13,34,Local vs PRISM,81.10540613538119,51.3277709648148,63.97686295555555
HeadM210_DaysToHeading,Schohr,13,35,Local vs PRISM,78.7175090873436,46.554197161419744,61.984683802160475
HeadM210_DaysToHeading,Schohr,13,36,Local vs PRISM,77.40982344076845,42.35255202777777,62.97006703456785
HeadM210_DaysToHeading,Schohr,13,37,Local vs PRISM,77.5003460596788,39.11215233395061,65.1284583493827
HeadM210_DaysToHeading,Schohr,13,38,Local vs PRISM,77.83002056010015,36.775418095061696,66.62824464691354
HeadM210_DaysToHeading,Schohr,13,39,Local vs PRISM,77.98202981474525,35.562606774074006,67.04470210370374
HeadM210_DaysToHeading,Schohr,13,40,Local vs PRISM,78.1248612515499,34.87482432037033,67.09326069938268
HeadM210_DaysToHeading,Schohr,14,25,Local vs PRISM,88.96596366999924,60.59349385432097,73.98962605370369
HeadM210_DaysToHeading,Schohr,14,26,Local vs PRISM,91.81982212745432,62.34265496388889,76.40545382993827
HeadM210_DaysToHeading,Schohr,14,27,Local vs PRISM,94.53664951251713,63.80028489074073,78.5095503296296
HeadM210_DaysToHeading,Schohr,14,28,Local vs PRISM,96.72674162613708,64.80526086388888,80.07625469783949
HeadM210_DaysToHeading,Schohr,14,29,Local vs PRISM,97.74074956785081,64.85586855185187,80.69247833395062
HeadM210_DaysToHeading,Schohr,14,30,Local vs PRISM,97.58079426071663,63.78616832993826,80.11447796635801
HeadM210_DaysToHeading,Schohr,14,31,Local vs PRISM,96.5717933313542,61.66006965771602,78.59048277499998
HeadM210_DaysToHeading,Schohr,14,32,Local vs PRISM,94.32515193112492,58.17371699629626,75.6953965333333
HeadM210_DaysToHeading,Schohr,14,33,Local vs PRISM,91.02679129586235,53.99115058765434,72.14831735123457
HeadM210_DaysToHeading,Schohr,14,34,Local vs PRISM,88.17883888217838,49.73974178487655,71.51264496882713
HeadM210_DaysToHeading,Schohr,14,35,Local vs PRISM,85.49507356050468,44.89096426265434,71.37494143672839
HeadM210_DaysToHeading,Schohr,14,36,Local vs PRISM,83.7418101784984,40.652282091975266,71.40049793580243
HeadM210_DaysToHeading,Schohr,14,37,Local vs PRISM,83.60550594173598,37.44883176111112,72.24365395061727
HeadM210_DaysToHeading,Schohr,14,38,Local vs PRISM,83.88269375565754,35.13985304753084,72.89268498209879
HeadM210_DaysToHeading,Schohr,14,39,Local vs PRISM,84.08270412210891,33.9270417265432,73.04879671049378
HeadM210_DaysToHeading,Schohr,14,40,Local vs PRISM,84.27178858425431,33.23925927283949,72.98624419506167
HeadM210_DaysToHeading,Schohr,15,25,Local vs PRISM,97.79041867057484,68.64904295709876,81.37321891327159
HeadM210_DaysToHeading,Schohr,15,26,Local vs PRISM,101.52518349572928,71.37709849135803,84.37627444753088
HeadM210_DaysToHeading,Schohr,15,27,Local vs PRISM,105.11516327134031,73.94126280462962,87.30647323487652
HeadM210_DaysToHeading,Schohr,15,28,Local vs PRISM,108.26792072182702,76.1327881780864,89.86297386265431
HeadM210_DaysToHeading,Schohr,15,29,Local vs PRISM,110.48129722825736,77.60824759598768,91.75666278919753
HeadM210_DaysToHeading,Schohr,15,30,Local vs PRISM,111.48134538429585,78.08371634506173,92.72481904691358
HeadM210_DaysToHeading,Schohr,15,31,Local vs PRISM,111.379791698634,77.2042394783951,92.95979385
HeadM210_DaysToHeading,Schohr,15,32,Local vs PRISM,110.05893556668185,74.85388216141979,92.16401144722224
HeadM210_DaysToHeading,Schohr,15,33,Local vs PRISM,107.47444782716538,71.33516740462964,90.03904535339508
HeadM210_DaysToHeading,Schohr,15,34,Local vs PRISM,104.896275583023,67.30654646913578,88.59635538641975
HeadM210_DaysToHeading,Schohr,15,35,Local vs PRISM,102.3787184214141,62.5595737416667,88.53405570895059
HeadM210_DaysToHeading,Schohr,15,36,Local vs PRISM,100.7219669114824,58.22752958703701,88.64418470555553
HeadM210_DaysToHeading,Schohr,15,37,Local vs PRISM,100.29515506395555,54.90679530555557,89.38240244876542
HeadM210_DaysToHeading,Schohr,15,38,Local vs PRISM,100.20629425844271,52.535680775925925,89.92603843209876
HeadM210_DaysToHeading,Schohr,15,39,Local vs PRISM,100.23225130731514,51.268142890123436,90.09323475000001
HeadM210_DaysToHeading,Schohr,15,40,Local vs PRISM,100.28012706193752,50.52480488086418,90.08623779012345
HeadM210_DaysToHeading,Schohr,16,25,Local vs PRISM,95.95407237290706,59.8014350425926,81.55553506851852
HeadM210_DaysToHeading,Schohr,16,26,Local vs PRISM,99.7581870977524,62.37405849938273,84.79482519197532
HeadM210_DaysToHeading,Schohr,16,27,Local vs PRISM,103.51198474815436,64.89850294382717,87.98593630308643
HeadM210_DaysToHeading,Schohr,16,28,Local vs PRISM,107.11076140457112,67.21072516604939,90.9979116117284
HeadM210_DaysToHeading,Schohr,16,29,Local vs PRISM,110.20699095684938,69.01543457222225,93.62509248580248
HeadM210_DaysToHeading,Schohr,16,30,Local vs PRISM,112.63124874281885,70.0809957740741,95.62679798641976
HeadM210_DaysToHeading,Schohr,16,31,Local vs PRISM,114.53517411426944,70.18473169475311,97.08831168487654
HeadM210_DaysToHeading,Schohr,16,32,Local vs PRISM,115.55812720758674,68.93011441234567,97.5484447839506
HeadM210_DaysToHeading,Schohr,16,33,Local vs PRISM,115.85474836814807,66.50285089012344,96.59934597222221
HeadM210_DaysToHeading,Schohr,16,34,Local vs PRISM,116.16562275001145,63.192377737654326,95.40317590308639
HeadM210_DaysToHeading,Schohr,16,35,Local vs PRISM,116.31200575478647,58.797103308950646,95.58763625277776
HeadM210_DaysToHeading,Schohr,16,36,Local vs PRISM,116.88697640791611,54.68085652685186,95.82211832685186
HeadM210_DaysToHeading,Schohr,16,37,Local vs PRISM,118.04924560157723,51.435122033333364,96.67389142716048
HeadM210_DaysToHeading,Schohr,16,38,Local vs PRISM,119.0647025705545,49.040596274382736,97.46191767685184
HeadM210_DaysToHeading,Schohr,16,39,Local vs PRISM,119.76044968718924,47.76172084228394,97.92133205339506
HeadM210_DaysToHeading,Schohr,16,40,Local vs PRISM,120.08148734487717,47.01838283302469,98.02544620462959
HeadM210_DaysToHeading,Schohr,17,25,Local vs PRISM,99.3260865607866,60.877629306172835,75.9216667117284
HeadM210_DaysToHeading,Schohr,17,26,Local vs PRISM,103.31751545558691,63.5442959728395,78.92166671172839
HeadM210_DaysToHeading,Schohr,17,27,Local vs PRISM,107.28278800603285,66.18318486172839,81.89388893395062
HeadM210_DaysToHeading,Schohr,17,28,Local vs PRISM,111.1420850245022,68.71006757777779,84.78719140308644
HeadM210_DaysToHeading,Schohr,17,29,Local vs PRISM,114.70660154149701,70.91416086604939,87.43572913580248
HeadM210_DaysToHeading,Schohr,17,30,Local vs PRISM,118.08595236873904,72.83197758364199,89.79799029783952
HeadM210_DaysToHeading,Schohr,17,31,Local vs PRISM,121.177113748655,74.25299427685185,91.70832797870372
HeadM210_DaysToHeading,Schohr,17,32,Local vs PRISM,123.58482380046603,74.70117329753089,92.8219636234568
HeadM210_DaysToHeading,Schohr,17,33,Local vs PRISM,125.5562386717055,74.04930978302471,92.6925569058642
HeadM210_DaysToHeading,Schohr,17,34,Local vs PRISM,127.24625287880457,72.23331958641977,92.60527029259259
HeadM210_DaysToHeading,Schohr,17,35,Local vs PRISM,128.74948893794644,68.9366208638889,93.23702908919753
HeadM210_DaysToHeading,Schohr,17,36,Local vs PRISM,130.24062040875108,65.41654059753087,95.17499751358025
HeadM210_DaysToHeading,Schohr,17,37,Local vs PRISM,131.76237038089943,62.348731965432115,97.16995515123455
HeadM210_DaysToHeading,Schohr,17,38,Local vs PRISM,132.96430726200802,60.11180591419751,99.19085307098766
HeadM210_DaysToHeading,Schohr,17,39,Local vs PRISM,133.9191324783633,58.906813750617275,100.62649043209876
HeadM210_DaysToHeading,Schohr,17,40,Local vs PRISM,134.49939843000607,58.14288014259259,101.63752947839504
HeadM210_DaysToHeading,Schohr,18,25,Local vs PRISM,92.85812969723628,34.60902392746913,64.6546046095679
HeadM210_DaysToHeading,Schohr,18,26,Local vs PRISM,96.46245558746422,36.10902392746913,67.1546046095679
HeadM210_DaysToHeading,Schohr,18,27,Local vs PRISM,100.06770254045472,37.60902392746913,69.6546046095679
HeadM210_DaysToHeading,Schohr,18,28,Local vs PRISM,103.65478310398723,39.067480717592595,72.14614781944444
HeadM210_DaysToHeading,Schohr,18,29,Local vs PRISM,107.14883554850046,40.31546289475309,74.50524110771605
HeadM210_DaysToHeading,Schohr,18,30,Local vs PRISM,110.58564119730511,41.48550802932098,76.78639735339505
HeadM210_DaysToHeading,Schohr,18,31,Local vs PRISM,113.9249194869604,42.44711296759259,78.85911340277777
HeadM210_DaysToHeading,Schohr,18,32,Local vs PRISM,117.12927041344741,42.96055128333334,80.58709484012346
HeadM210_DaysToHeading,Schohr,18,33,Local vs PRISM,120.04452355375409,42.80614280833334,81.51935308240742
HeadM210_DaysToHeading,Schohr,18,34,Local vs PRISM,122.7920304776329,41.687682545679,81.6701517228395
HeadM210_DaysToHeading,Schohr,18,35,Local vs PRISM,125.18641495692351,39.256978086111104,80.95185496635801
HeadM210_DaysToHeading,Schohr,18,36,Local vs PRISM,127.54148074287455,36.18556543549383,81.37099778672837
HeadM210_DaysToHeading,Schohr,18,37,Local vs PRISM,129.71686548467991,33.272696722530874,83.2203024237654
HeadM210_DaysToHeading,Schohr,18,38,Local vs PRISM,131.42892195964922,31.254102491975303,84.61341099320985
HeadM210_DaysToHeading,Schohr,18,39,Local vs PRISM,132.61769263542865,30.107694235802445,85.25776827407405
HeadM210_DaysToHeading,Schohr,18,40,Local vs PRISM,133.11985699361998,29.350418640123447,85.49911022777778
HeadM210_DaysToHeading,Schohr,19,25,Local vs PRISM,95.77293895814591,25.644932421296293,76.4323582064815
HeadM210_DaysToHeading,Schohr,19,26,Local vs PRISM,99.4692397044067,26.756043532407404,79.4323582064815
HeadM210_DaysToHeading,Schohr,19,27,Local vs PRISM,103.16611799670054,27.867154643518514,82.4323582064815
HeadM210_DaysToHeading,Schohr,19,28,Local vs PRISM,106.8635138954826,28.978265754629625,85.4323582064815
HeadM210_DaysToHeading,Schohr,19,29,Local vs PRISM,110.54245284149758,30.059808964506168,88.40279030524692
HeadM210_DaysToHeading,Schohr,19,30,Local vs PRISM,114.18258198234508,31.09119785339506,91.3230680830247
HeadM210_DaysToHeading,Schohr,19,31,Local vs PRISM,117.71416536482302,32.0056422978395,94.12640141635802
HeadM210_DaysToHeading,Schohr,19,32,Local vs PRISM,121.18936801585689,32.59301884104938,96.85988907067902
HeadM210_DaysToHeading,Schohr,19,33,Local vs PRISM,124.40464129916812,32.69632128487654,99.27208045401235
HeadM210_DaysToHeading,Schohr,19,34,Local vs PRISM,127.35567000509165,32.23264852160493,101.28865445185185
HeadM210_DaysToHeading,Schohr,19,35,Local vs PRISM,129.95054564391927,30.948500363271588,102.71233320648149
HeadM210_DaysToHeading,Schohr,19,36,Local vs PRISM,132.3990116881846,29.001508229629614,103.8691987580247
HeadM210_DaysToHeading,Schohr,19,37,Local vs PRISM,134.48432589436356,26.978256258333325,104.56396583055555
HeadM210_DaysToHeading,Schohr,19,38,Local vs PRISM,135.9091770738756,25.34620487314813,104.88760030154322
HeadM210_DaysToHeading,Schohr,19,39,Local vs PRISM,136.80935594766734,24.25105598117282,105.08591847129631
HeadM210_DaysToHeading,Schohr,19,40,Local vs PRISM,137.09148170546288,23.525107604629625,105.01696100833333
HeadM210_DaysToHeading,Schohr,20,25,Local vs PRISM,88.74080690532753,-4.2674365975308675,53.80702021234568
HeadM210_DaysToHeading,Schohr,20,26,Local vs PRISM,92.05618177361764,-4.378547708641977,55.80702021234568
HeadM210_DaysToHeading,Schohr,20,27,Local vs PRISM,95.37164355963482,-4.489658819753089,57.80702021234568
HeadM210_DaysToHeading,Schohr,20,28,Local vs PRISM,98.68718350320238,-4.6007699308642,59.80702021234568
HeadM210_DaysToHeading,Schohr,20,29,Local vs PRISM,102.00279398292697,-4.71188104197531,61.80702021234568
HeadM210_DaysToHeading,Schohr,20,30,Local vs PRISM,105.31846833700226,-4.822992153086422,63.80702021234568
HeadM210_DaysToHeading,Schohr,20,31,Local vs PRISM,108.63420071681317,-4.934103264197532,65.80702021234568
HeadM210_DaysToHeading,Schohr,20,32,Local vs PRISM,111.94200904917906,-5.1041958567901276,67.8138412
HeadM210_DaysToHeading,Schohr,20,33,Local vs PRISM,115.10483643223424,-5.479998351234576,69.71026097839506
HeadM210_DaysToHeading,Schohr,20,34,Local vs PRISM,118.21801891636572,-6.114720573456792,71.44553875617284
HeadM210_DaysToHeading,Schohr,20,35,Local vs PRISM,121.15785439771625,-7.272461376851856,72.91469931265432
HeadM210_DaysToHeading,Schohr,20,36,Local vs PRISM,123.98094566804987,-8.772667377160499,74.04336228950616
HeadM210_DaysToHeading,Schohr,20,37,Local vs PRISM,126.40239880970502,-10.380095726851861,74.95900485339506
HeadM210_DaysToHeading,Schohr,20,38,Local vs PRISM,128.2415801335202,-11.767751053086428,75.700559295679
HeadM210_DaysToHeading,Schohr,20,39,Local vs PRISM,129.45121024868206,-12.878899133333341,76.07193227716049
HeadM210_DaysToHeading,Schohr,20,40,Local vs PRISM,129.98141742729536,-13.665169833950621,76.29527889753085
HeadM210_DaysToHeading,Wylie,10,25,Local vs PRISM,48.553833163343455,45.11004912152778,45.11004912152778
HeadM210_DaysToHeading,Wylie,10,26,Local vs PRISM,47.43237361000149,43.72249181493055,43.72249181493055
HeadM210_DaysToHeading,Wylie,10,27,Local vs PRISM,45.84431663537183,41.25499090902778,41.25499090902778
HeadM210_DaysToHeading,Wylie,10,28,Local vs PRISM,43.44308711890629,37.43032550624997,39.4441559673611
HeadM210_DaysToHeading,Wylie,10,29,Local vs PRISM,40.258294730998095,32.166703819791636,37.01041575590274
HeadM210_DaysToHeading,Wylie,10,30,Local vs PRISM,36.55758377508864,25.09232997048609,33.32093028506942
HeadM210_DaysToHeading,Wylie,10,31,Local vs PRISM,32.68651831081364,15.925956972569466,28.141639635069467
HeadM210_DaysToHeading,Wylie,10,32,Local vs PRISM,29.764584313972083,4.339156995833264,22.342545090277724
HeadM210_DaysToHeading,Wylie,10,33,Local vs PRISM,31.09565745893081,-8.617949563194458,21.967861802777776
HeadM210_DaysToHeading,Wylie,10,34,Local vs PRISM,37.907027072439284,-23.082866291666676,29.92657589583331
HeadM210_DaysToHeading,Wylie,10,35,Local vs PRISM,48.05481753910751,-37.54640611215271,39.40016044756939
HeadM210_DaysToHeading,Wylie,10,36,Local vs PRISM,58.9784012806415,-50.81597854791664,50.81597854791664
HeadM210_DaysToHeading,Wylie,10,37,Local vs PRISM,68.56826962638858,-61.550500431250015,61.550500431250015
HeadM210_DaysToHeading,Wylie,10,38,Local vs PRISM,76.05639169408441,-69.19719005798609,69.19719005798609
HeadM210_DaysToHeading,Wylie,10,39,Local vs PRISM,81.13077513877342,-74.37118346076386,74.37118346076386
HeadM210_DaysToHeading,Wylie,10,40,Local vs PRISM,84.08578545331244,-77.63871270034724,77.63871270034724
HeadM210_DaysToHeading,Wylie,11,25,Local vs PRISM,70.84199047405511,66.22494294201385,66.22494294201385
HeadM210_DaysToHeading,Wylie,11,26,Local vs PRISM,70.84712867648096,65.8006050378472,65.8006050378472
HeadM210_DaysToHeading,Wylie,11,27,Local vs PRISM,70.10301433666292,64.16836847916665,64.16836847916665
HeadM210_DaysToHeading,Wylie,11,28,Local vs PRISM,68.25912728944701,60.866545426041625,62.40974678993052
HeadM210_DaysToHeading,Wylie,11,29,Local vs PRISM,65.19517058692561,55.9760548954861,60.224137734375006
HeadM210_DaysToHeading,Wylie,11,30,Local vs PRISM,61.24787403733315,49.148224692361126,56.65619590972223
HeadM210_DaysToHeading,Wylie,11,31,Local vs PRISM,56.279527467234,40.04595792048613,51.145241932986124
HeadM210_DaysToHeading,Wylie,11,32,Local vs PRISM,50.354817792111305,28.521657943749986,44.0373423694444
HeadM210_DaysToHeading,Wylie,11,33,Local vs PRISM,45.550855008332576,15.627051384722222,37.36526509444445
HeadM210_DaysToHeading,Wylie,11,34,Local vs PRISM,42.8019626820716,1.1704971878472747,33.14443665520838
HeadM210_DaysToHeading,Wylie,11,35,Local vs PRISM,43.93568007378975,-13.293042632638887,33.189984890972184
HeadM210_DaysToHeading,Wylie,11,36,Local vs PRISM,48.510817607424165,-26.562615068402778,38.3148478052083
HeadM210_DaysToHeading,Wylie,11,37,Local vs PRISM,54.72993764897157,-37.29713695173612,46.52882048645833
HeadM210_DaysToHeading,Wylie,11,38,Local vs PRISM,60.43950315332436,-44.94382657847221,52.51262613541665
HeadM210_DaysToHeading,Wylie,11,39,Local vs PRISM,64.364234012614,-50.11781998125001,56.061170336805546
HeadM210_DaysToHeading,Wylie,11,40,Local vs PRISM,66.73962561269352,-53.385349220833334,57.91691303472224
HeadM210_DaysToHeading,Wylie,12,25,Local vs PRISM,89.43909388211458,85.095636509375,85.095636509375
HeadM210_DaysToHeading,Wylie,12,26,Local vs PRISM,90.66634341457745,85.99284439513886,85.99284439513886
HeadM210_DaysToHeading,Wylie,12,27,Local vs PRISM,91.0279466161545,85.65790007777773,85.65790007777773
HeadM210_DaysToHeading,Wylie,12,28,Local vs PRISM,89.95111896768742,83.4361039979166,83.4361039979166
HeadM210_DaysToHeading,Wylie,12,29,Local vs PRISM,87.34869313562733,79.56641207847218,79.56641207847218
HeadM210_DaysToHeading,Wylie,12,30,Local vs PRISM,83.24023032515552,73.53273187048607,75.9618157440972
HeadM210_DaysToHeading,Wylie,12,31,Local vs PRISM,77.18643971048922,64.84186482083334,70.79437418333333
HeadM210_DaysToHeading,Wylie,12,32,Local vs PRISM,69.17858494391471,53.51718354131944,62.93707975104164
HeadM210_DaysToHeading,Wylie,12,33,Local vs PRISM,60.8649789251784,40.73247078124996,53.57722918472217
HeadM210_DaysToHeading,Wylie,12,34,Local vs PRISM,52.34483477284942,26.338416584375068,42.42153917951396
HeadM210_DaysToHeading,Wylie,12,35,Local vs PRISM,45.95861585104468,11.910989310763895,34.889182378819456
HeadM210_DaysToHeading,Wylie,12,36,Local vs PRISM,43.15680437178791,-1.3585831249999671,31.218072631944466
HeadM210_DaysToHeading,Wylie,12,37,Local vs PRISM,44.44840158333038,-12.093105008333339,33.19113041944445
HeadM210_DaysToHeading,Wylie,12,38,Local vs PRISM,47.71498976591566,-19.739794635069487,37.44181085937505
HeadM210_DaysToHeading,Wylie,12,39,Local vs PRISM,50.2696538219448,-24.913788037847254,40.10622983159725
HeadM210_DaysToHeading,Wylie,12,40,Local vs PRISM,51.83535052215603,-28.181317277430608,41.54797249479175
HeadM210_DaysToHeading,Wylie,13,25,Local vs PRISM,108.67175646079126,106.44780469652775,106.44780469652775
HeadM210_DaysToHeading,Wylie,13,26,Local vs PRISM,111.5444089801917,109.20689440347219,109.20689440347219
HeadM210_DaysToHeading,Wylie,13,27,Local vs PRISM,113.39754484261961,110.88518613124998,110.88518613124998
HeadM210_DaysToHeading,Wylie,13,28,Local vs PRISM,113.4094400113814,110.66288348368053,110.66288348368053
HeadM210_DaysToHeading,Wylie,13,29,Local vs PRISM,111.34515195933854,108.4039095878472,108.4039095878472
HeadM210_DaysToHeading,Wylie,13,30,Local vs PRISM,107.12961045106798,103.71442236875001,103.71442236875001
HeadM210_DaysToHeading,Wylie,13,31,Local vs PRISM,100.41052823251455,96.11749552569442,96.11749552569442
HeadM210_DaysToHeading,Wylie,13,32,Local vs PRISM,91.11694328166566,85.58305008437505,85.58305008437505
HeadM210_DaysToHeading,Wylie,13,33,Local vs PRISM,80.54343425247313,73.22752486041665,73.22752486041665
HeadM210_DaysToHeading,Wylie,13,34,Local vs PRISM,68.55070732415204,59.15210183576386,59.15210183576386
HeadM210_DaysToHeading,Wylie,13,35,Local vs PRISM,56.333816954034866,44.94030580868052,45.34826485590274
HeadM210_DaysToHeading,Wylie,13,36,Local vs PRISM,45.37042653634644,31.765664498263888,34.57983174895837
HeadM210_DaysToHeading,Wylie,13,37,Local vs PRISM,37.83845971226716,21.066567562500026,27.284178400000016
HeadM210_DaysToHeading,Wylie,13,38,Local vs PRISM,33.79092155633249,13.419877935763878,23.75141727187497
HeadM210_DaysToHeading,Wylie,13,39,Local vs PRISM,31.934414369215656,8.24588453298611,25.05771151493056
HeadM210_DaysToHeading,Wylie,13,40,Local vs PRISM,30.934526613978665,4.978355293402785,25.582329435069397
HeadM210_DaysToHeading,Wylie,14,25,Local vs PRISM,122.6248143029366,106.2096627611111,106.2096627611111
HeadM210_DaysToHeading,Wylie,14,26,Local vs PRISM,126.9066657363236,109.71173223229165,109.71173223229165
HeadM210_DaysToHeading,Wylie,14,27,Local vs PRISM,130.52373600780194,112.42207257118055,112.42207257118055
HeadM210_DaysToHeading,Wylie,14,28,Local vs PRISM,133.03970634349545,113.85372830451391,113.85372830451391
HeadM210_DaysToHeading,Wylie,14,29,Local vs PRISM,133.5232863956883,113.36625498437503,113.36625498437503
HeadM210_DaysToHeading,Wylie,14,30,Local vs PRISM,132.0163058364548,110.52466135625,110.52466135625
HeadM210_DaysToHeading,Wylie,14,31,Local vs PRISM,128.23110050029885,104.80105028020832,104.80105028020832
HeadM210_DaysToHeading,Wylie,14,32,Local vs PRISM,121.6726068114243,95.66902835868055,95.66902835868055
HeadM210_DaysToHeading,Wylie,14,33,Local vs PRISM,113.55855565872324,84.07911268437502,86.67539640659726
HeadM210_DaysToHeading,Wylie,14,34,Local vs PRISM,104.42030838751373,70.63806592395832,79.61149281701387
HeadM210_DaysToHeading,Wylie,14,35,Local vs PRISM,95.13250581339643,56.71020115208336,72.41722008125001
HeadM210_DaysToHeading,Wylie,14,36,Local vs PRISM,87.51400415254044,43.662333441666675,66.28756362083331
HeadM210_DaysToHeading,Wylie,14,37,Local vs PRISM,83.2751121372078,33.025736505902756,62.1341263503472
HeadM210_DaysToHeading,Wylie,14,38,Local vs PRISM,81.89607982896935,25.441546879166665,61.867724774305586
HeadM210_DaysToHeading,Wylie,14,39,Local vs PRISM,81.64117814475495,20.330053476388898,62.36564414236109
HeadM210_DaysToHeading,Wylie,14,40,Local vs PRISM,81.22076732407348,17.089586653472196,62.38371355208335
HeadM210_DaysToHeading,Wylie,15,25,Local vs PRISM,132.9574248161999,119.28410341562503,123.61565186770838
HeadM210_DaysToHeading,Wylie,15,26,Local vs PRISM,138.15648882917031,123.942853415625,128.41315186770834
HeadM210_DaysToHeading,Wylie,15,27,Local vs PRISM,142.89940259381504,128.0479923045139,132.83391575659726
HeadM210_DaysToHeading,Wylie,15,28,Local vs PRISM,146.987813356606,131.41530210729167,136.6848366704861
HeadM210_DaysToHeading,Wylie,15,29,Local vs PRISM,149.6137679220829,133.31889314305556,139.13319007916664
HeadM210_DaysToHeading,Wylie,15,30,Local vs PRISM,150.19189375850564,133.13255642777779,139.51699225277778
HeadM210_DaysToHeading,Wylie,15,31,Local vs PRISM,148.12967399326453,130.00249010729166,137.36880093229166
HeadM210_DaysToHeading,Wylie,15,32,Local vs PRISM,142.60877817029495,123.01182985312498,131.93368786701387
HeadM210_DaysToHeading,Wylie,15,33,Local vs PRISM,134.47236307811465,113.08904934687499,123.88306013854168
HeadM210_DaysToHeading,Wylie,15,34,Local vs PRISM,124.61804699410686,101.0497619902778,114.39415757916669
HeadM210_DaysToHeading,Wylie,15,35,Local vs PRISM,114.0614670228461,87.95562145208336,104.34688570694448
HeadM210_DaysToHeading,Wylie,15,36,Local vs PRISM,104.89773253204415,75.50119891458333,95.70443615416666
HeadM210_DaysToHeading,Wylie,15,37,Local vs PRISM,98.5568974196916,65.13351453263888,89.22788663402778
HeadM210_DaysToHeading,Wylie,15,38,Local vs PRISM,95.66622653071823,57.75867477604166,85.69112645937497
HeadM210_DaysToHeading,Wylie,15,39,Local vs PRISM,94.24534673921265,52.74847517534721,84.56773810868054
HeadM210_DaysToHeading,Wylie,15,40,Local vs PRISM,92.79847791812435,49.513976921874985,83.33095008437499
HeadM210_DaysToHeading,Wylie,16,25,Local vs PRISM,96.81505767326763,80.11547144930555,87.00785110208334
HeadM210_DaysToHeading,Wylie,16,26,Local vs PRISM,100.6669122288257,83.2282145048611,90.38434415763889
HeadM210_DaysToHeading,Wylie,16,27,Local vs PRISM,104.35948628455034,86.08866589374998,93.61979554652777
HeadM210_DaysToHeading,Wylie,16,28,Local vs PRISM,107.7921736334574,88.65849226354167,96.66059413854168
HeadM210_DaysToHeading,Wylie,16,29,Local vs PRISM,110.37223153518958,90.27438741145835,98.79622676840279
HeadM210_DaysToHeading,Wylie,16,30,Local vs PRISM,111.75541170476629,90.57564437083333,99.66762261666668
HeadM210_DaysToHeading,Wylie,16,31,Local vs PRISM,111.31779430052727,88.56357309375,98.63742633958336
HeadM210_DaysToHeading,Wylie,16,32,Local vs PRISM,108.5862519045633,83.74583918506944,96.73060904826393
HeadM210_DaysToHeading,Wylie,16,33,Local vs PRISM,103.5041114794767,76.04099169791664,92.80007386666665
HeadM210_DaysToHeading,Wylie,16,34,Local vs PRISM,96.64106093837766,65.94860337569446,87.00341995833332
HeadM210_DaysToHeading,Wylie,16,35,Local vs PRISM,89.23175948409826,54.450611912152795,80.532382084375
HeadM210_DaysToHeading,Wylie,16,36,Local vs PRISM,82.99938387113305,43.04787709166665,74.55363097986113
HeadM210_DaysToHeading,Wylie,16,37,Local vs PRISM,79.14782041191286,33.37484884340277,70.39636232256946
HeadM210_DaysToHeading,Wylie,16,38,Local vs PRISM,77.86237850415542,26.375959252777776,68.47917014305555
HeadM210_DaysToHeading,Wylie,16,39,Local vs PRISM,77.43234667925513,21.615759652083327,67.35578179236113
HeadM210_DaysToHeading,Wylie,16,40,Local vs PRISM,76.54011313461004,18.532761148611087,66.15854359444444
HeadM210_DaysToHeading,Wylie,17,25,Local vs PRISM,103.84671996711502,73.1437231423611,91.06776743541667
HeadM210_DaysToHeading,Wylie,17,26,Local vs PRISM,108.07268951890835,76.0743481423611,94.76214243541666
HeadM210_DaysToHeading,Wylie,17,27,Local vs PRISM,112.27957013705876,78.8974731423611,98.46026743541665
HeadM210_DaysToHeading,Wylie,17,28,Local vs PRISM,116.3210184402117,81.55917453125,102.03106604652777
HeadM210_DaysToHeading,Wylie,17,29,Local vs PRISM,120.01189856573423,83.78760440138888,105.37840006527776
HeadM210_DaysToHeading,Wylie,17,30,Local vs PRISM,123.23624054686864,85.42493079027777,108.33586534305554
HeadM210_DaysToHeading,Wylie,17,31,Local vs PRISM,125.11862687454858,85.72333171458334,110.23961348958332
HeadM210_DaysToHeading,Wylie,17,32,Local vs PRISM,125.03296495312087,84.06888028645832,110.70502317256944
HeadM210_DaysToHeading,Wylie,17,33,Local vs PRISM,122.70516029421245,79.96131080381944,109.28807868993056
HeadM210_DaysToHeading,Wylie,17,34,Local vs PRISM,118.5463226504391,73.58616724722222,106.05020856388889
HeadM210_DaysToHeading,Wylie,17,35,Local vs PRISM,113.51028139117214,65.342712128125,101.7079240170139
HeadM210_DaysToHeading,Wylie,17,36,Local vs PRISM,109.01414139141849,56.65194933333334,97.18232577986112
HeadM210_DaysToHeading,Wylie,17,37,Local vs PRISM,105.70857228148336,48.74461332395832,93.44903688645832
HeadM210_DaysToHeading,Wylie,17,38,Local vs PRISM,103.8756524045348,42.63114263506943,91.2683635767361
HeadM210_DaysToHeading,Wylie,17,39,Local vs PRISM,102.8063257192473,38.54927417326388,89.87564401076389
HeadM210_DaysToHeading,Wylie,17,40,Local vs PRISM,101.52366789464081,35.81569383298609,88.56267505243054
HeadM210_DaysToHeading,Wylie,18,25,Local vs PRISM,93.02044820982088,72.08173044652777,75.60207102013888
HeadM210_DaysToHeading,Wylie,18,26,Local vs PRISM,96.82281758727234,75.01235544652778,78.67144602013889
HeadM210_DaysToHeading,Wylie,18,27,Local vs PRISM,100.63388606404263,77.88735544652778,81.79644602013889
HeadM210_DaysToHeading,Wylie,18,28,Local vs PRISM,104.4480474788613,80.74530683541667,84.93849463125
HeadM210_DaysToHeading,Wylie,18,29,Local vs PRISM,108.24989939171795,83.60363253888889,88.06655781666667
HeadM210_DaysToHeading,Wylie,18,30,Local vs PRISM,111.78349925239475,86.25127142777778,90.96419670555557
HeadM210_DaysToHeading,Wylie,18,31,Local vs PRISM,114.41075280909826,88.02386878229167,93.10040517118055
HeadM210_DaysToHeading,Wylie,18,32,Local vs PRISM,115.95514149798113,88.693070128125,94.26307873923612
HeadM210_DaysToHeading,Wylie,18,33,Local vs PRISM,116.0881591996214,87.97591735034722,94.04592596145834
HeadM210_DaysToHeading,Wylie,18,34,Local vs PRISM,114.92993815686697,85.54638276354166,92.20875248576388
HeadM210_DaysToHeading,Wylie,18,35,Local vs PRISM,112.1540746140783,81.34442405624999,88.78047433402777
HeadM210_DaysToHeading,Wylie,18,36,Local vs PRISM,109.01219425211211,76.31028120659724,85.95905920381945
HeadM210_DaysToHeading,Wylie,18,37,Local vs PRISM,105.8075163340762,71.37653809166665,84.08927544791666
HeadM210_DaysToHeading,Wylie,18,38,Local vs PRISM,103.04530450131347,67.18353029548611,82.41280183784721
HeadM210_DaysToHeading,Wylie,18,39,Local vs PRISM,101.03233584575537,64.20145502465277,80.96188929618054
HeadM210_DaysToHeading,Wylie,18,40,Local vs PRISM,99.17586826933778,61.78681805937498,79.38052717118055
HeadM210_DaysToHeading,Wylie,19,25,Local vs PRISM,71.47014581837298,51.36182843472221,61.76742596388888
HeadM210_DaysToHeading,Wylie,19,26,Local vs PRISM,74.31610599612259,53.41745343472221,64.21180096388888
HeadM210_DaysToHeading,Wylie,19,27,Local vs PRISM,77.17342654679655,55.41745343472221,66.71180096388889
HeadM210_DaysToHeading,Wylie,19,28,Local vs PRISM,80.0346635876676,57.400404823611105,69.228849575
HeadM210_DaysToHeading,Wylie,19,29,Local vs PRISM,82.89477361179877,59.39053608263888,71.73871831597222
HeadM210_DaysToHeading,Wylie,19,30,Local vs PRISM,85.67892947393034,61.31560552708333,74.16378776041667
HeadM210_DaysToHeading,Wylie,19,31,Local vs PRISM,88.02779756937751,62.85473747152777,76.2029197048611
HeadM210_DaysToHeading,Wylie,19,32,Local vs PRISM,90.08534433553186,64.07095274930555,78.01302387152778
HeadM210_DaysToHeading,Wylie,19,33,Local vs PRISM,91.53020218605289,64.49650830486111,79.28198220486111
HeadM210_DaysToHeading,Wylie,19,34,Local vs PRISM,92.18453768779491,64.04224432638888,79.81584322638888
HeadM210_DaysToHeading,Wylie,19,35,Local vs PRISM,91.9694596454923,62.49657062743055,79.65343341631943
HeadM210_DaysToHeading,Wylie,19,36,Local vs PRISM,91.33030604731992,60.13583878888888,79.06376243055554
HeadM210_DaysToHeading,Wylie,19,37,Local vs PRISM,90.60504474880156,57.54728971631944,78.44829804479166
HeadM210_DaysToHeading,Wylie,19,38,Local vs PRISM,89.799919480787,54.999405331249996,77.60773768472221
HeadM210_DaysToHeading,Wylie,19,39,Local vs PRISM,89.01224115727602,52.92441714375,76.89308675416666
HeadM210_DaysToHeading,Wylie,19,40,Local vs PRISM,88.19048715977537,51.086217650694444,76.17173668472222
HeadM210_DaysToHeading,Wylie,20,25,Local vs PRISM,27.402208096608888,14.73738157326389,24.97395588020833
HeadM210_DaysToHeading,Wylie,20,26,Local vs PRISM,28.44710597833766,15.29988157326389,25.91145588020833
HeadM210_DaysToHeading,Wylie,20,27,Local vs PRISM,29.492069586851496,15.86238157326389,26.84895588020833
HeadM210_DaysToHeading,Wylie,20,28,Local vs PRISM,30.537092174740668,16.42488157326389,27.78645588020833
HeadM210_DaysToHeading,Wylie,20,29,Local vs PRISM,31.58216788729875,16.98738157326389,28.72395588020833
HeadM210_DaysToHeading,Wylie,20,30,Local vs PRISM,32.62729161966161,17.54988157326389,29.66145588020833
HeadM210_DaysToHeading,Wylie,20,31,Local vs PRISM,33.670937801218955,18.08081907326389,30.56739338020833
HeadM210_DaysToHeading,Wylie,20,32,Local vs PRISM,34.68601981782566,18.55314546215278,31.414719769097218
HeadM210_DaysToHeading,Wylie,20,33,Local vs PRISM,35.457104480208045,18.839603795486113,32.07617810243055
HeadM210_DaysToHeading,Wylie,20,34,Local vs PRISM,35.86615299692622,18.716826017708335,32.502261831597224
HeadM210_DaysToHeading,Wylie,20,35,Local vs PRISM,36.04057844547926,17.95859685104167,33.016602109375
HeadM210_DaysToHeading,Wylie,20,36,Local vs PRISM,36.049419071644856,16.648805184375004,33.45868544270833
HeadM210_DaysToHeading,Wylie,20,37,Local vs PRISM,36.113754942515605,15.082312243055556,33.9570536125
HeadM210_DaysToHeading,Wylie,20,38,Local vs PRISM,36.275415823444064,13.521658188541666,34.57384665659722
HeadM210_DaysToHeading,Wylie,20,39,Local vs PRISM,36.52995639872133,12.007170143402774,35.193334701736106
HeadM210_DaysToHeading,Wylie,20,40,Local vs PRISM,36.77600207617462,10.600382987152775,35.69407212881944
HeadM211_DaysToHeading,BosworthRue,10,25,Local vs PRISM,40.22628274267369,37.97466390381943,37.97466390381943
HeadM211_DaysToHeading,BosworthRue,10,26,Local vs PRISM,38.697944455035866,36.212612270486076,36.212612270486076
HeadM211_DaysToHeading,BosworthRue,10,27,Local vs PRISM,37.12108393543847,34.31354274652779,34.31354274652779
HeadM211_DaysToHeading,BosworthRue,10,28,Local vs PRISM,34.70738069205188,31.628319985763838,31.628319985763838
HeadM211_DaysToHeading,BosworthRue,10,29,Local vs PRISM,31.414415674450247,27.603380381249977,28.40099236319442
HeadM211_DaysToHeading,BosworthRue,10,30,Local vs PRISM,26.58145973717419,21.522878611111167,24.09714053541674
HeadM211_DaysToHeading,BosworthRue,10,31,Local vs PRISM,21.322498252680223,13.644812923958312,18.414467401041662
HeadM211_DaysToHeading,BosworthRue,10,32,Local vs PRISM,17.752398239270782,4.198146353819425,14.931506226041677
HeadM211_DaysToHeading,BosworthRue,10,33,Local vs PRISM,19.83686360386371,-6.667629255902796,15.244226673958337
HeadM211_DaysToHeading,BosworthRue,10,34,Local vs PRISM,27.929286177179076,-18.815235501388855,19.797763091666667
HeadM211_DaysToHeading,BosworthRue,10,35,Local vs PRISM,38.80783430152254,-31.186425564583345,31.186425564583345
HeadM211_DaysToHeading,BosworthRue,10,36,Local vs PRISM,49.66835626465399,-42.155621699999955,42.155621699999955
HeadM211_DaysToHeading,BosworthRue,10,37,Local vs PRISM,59.3976848823153,-51.46700485312499,51.46700485312499
HeadM211_DaysToHeading,BosworthRue,10,38,Local vs PRISM,66.85759177864506,-58.58809563402781,58.58809563402781
HeadM211_DaysToHeading,BosworthRue,10,39,Local vs PRISM,71.46824166670312,-62.946581314583256,62.946581314583256
HeadM211_DaysToHeading,BosworthRue,10,40,Local vs PRISM,73.38098477064257,-64.93193966527781,64.93193966527781
HeadM211_DaysToHeading,BosworthRue,11,25,Local vs PRISM,60.05606680982861,56.469434571875,56.469434571875
HeadM211_DaysToHeading,BosworthRue,11,26,Local vs PRISM,59.35750368596074,55.39702786701386,55.39702786701386
HeadM211_DaysToHeading,BosworthRue,11,27,Local vs PRISM,58.39016569430559,53.99575750798614,53.99575750798614
HeadM211_DaysToHeading,BosworthRue,11,28,Local vs PRISM,56.58524035790891,51.74090284374999,51.74090284374999
HeadM211_DaysToHeading,BosworthRue,11,29,Local vs PRISM,53.48002979023389,48.06610548402777,48.06610548402777
HeadM211_DaysToHeading,BosworthRue,11,30,Local vs PRISM,48.337158843889995,42.21966614722221,42.21966614722221
HeadM211_DaysToHeading,BosworthRue,11,31,Local vs PRISM,41.59445325409112,34.4043753565972,34.58173013437499
HeadM211_DaysToHeading,BosworthRue,11,32,Local vs PRISM,34.104931520841596,24.99892194861107,29.723525735416644
HeadM211_DaysToHeading,BosworthRue,11,33,Local vs PRISM,27.7051969867144,14.184208874999996,25.25738281180557
HeadM211_DaysToHeading,BosworthRue,11,34,Local vs PRISM,24.632234526649913,2.036602629513908,20.79760846354165
HeadM211_DaysToHeading,BosworthRue,11,35,Local vs PRISM,27.938971104267328,-10.334587433680554,18.35796906631947
HeadM211_DaysToHeading,BosworthRue,11,36,Local vs PRISM,35.18595555705515,-21.303783569097135,25.350533115624927
HeadM211_DaysToHeading,BosworthRue,11,37,Local vs PRISM,43.32057342111928,-30.615166722222256,32.524763701388935
HeadM211_DaysToHeading,BosworthRue,11,38,Local vs PRISM,50.17970792765326,-37.73625750312502,38.35359076979174
HeadM211_DaysToHeading,BosworthRue,11,39,Local vs PRISM,54.60267641215567,-42.09474318368055,42.53470113090279
HeadM211_DaysToHeading,BosworthRue,11,40,Local vs PRISM,56.396093528532134,-44.08010153437499,44.77305912743054
HeadM211_DaysToHeading,BosworthRue,12,25,Local vs PRISM,98.19286007632347,89.26398560416666,89.26398560416666
HeadM211_DaysToHeading,BosworthRue,12,26,Local vs PRISM,99.42715547624887,89.96087392465279,89.96087392465279
HeadM211_DaysToHeading,BosworthRue,12,27,Local vs PRISM,100.03793147865802,90.07460892222223,90.07460892222223
HeadM211_DaysToHeading,BosworthRue,12,28,Local vs PRISM,99.6481576607979,89.07034105590276,89.07034105590276
HeadM211_DaysToHeading,BosworthRue,12,29,Local vs PRISM,97.90621438365932,86.40548230868052,86.40548230868052
HeadM211_DaysToHeading,BosworthRue,12,30,Local vs PRISM,93.87077633984974,81.27436773125001,81.27436773125001
HeadM211_DaysToHeading,BosworthRue,12,31,Local vs PRISM,87.854335912238,73.91946428993056,73.91946428993056
HeadM211_DaysToHeading,BosworthRue,12,32,Local vs PRISM,80.49245887830317,64.7600725333333,66.80541935277779
HeadM211_DaysToHeading,BosworthRue,12,33,Local vs PRISM,72.56778743375175,54.11347867847219,60.16787684166668
HeadM211_DaysToHeading,BosworthRue,12,34,Local vs PRISM,64.37808339876909,42.022834922916644,55.3691560222222
HeadM211_DaysToHeading,BosworthRue,12,35,Local vs PRISM,57.45951084196651,29.604207363541647,50.7351958114583
HeadM211_DaysToHeading,BosworthRue,12,36,Local vs PRISM,53.388684693105205,18.635011228125023,48.38630517812501
HeadM211_DaysToHeading,BosworthRue,12,37,Local vs PRISM,52.985129048260276,9.323628075000016,47.814357624999985
HeadM211_DaysToHeading,BosworthRue,12,38,Local vs PRISM,54.4101121362568,2.202537294097226,47.63729846770832
HeadM211_DaysToHeading,BosworthRue,12,39,Local vs PRISM,55.822503774057154,-2.155948386458334,47.43520420381944
HeadM211_DaysToHeading,BosworthRue,12,40,Local vs PRISM,56.19846705444649,-4.141306737152746,46.792505596180575
HeadM211_DaysToHeading,BosworthRue,13,25,Local vs PRISM,124.46060411278084,116.41244621249999,116.41244621249999
HeadM211_DaysToHeading,BosworthRue,13,26,Local vs PRISM,128.02477088790639,119.36314701770831,119.36314701770831
HeadM211_DaysToHeading,BosworthRue,13,27,Local vs PRISM,130.88182385549987,121.59956253368055,121.59956253368055
HeadM211_DaysToHeading,BosworthRue,13,28,Local vs PRISM,132.6127320176404,122.59096955416663,122.59096955416663
HeadM211_DaysToHeading,BosworthRue,13,29,Local vs PRISM,132.63864363989273,121.76281690659717,121.76281690659717
HeadM211_DaysToHeading,BosworthRue,13,30,Local vs PRISM,130.01562994704673,118.25070505902778,118.25070505902778
HeadM211_DaysToHeading,BosworthRue,13,31,Local vs PRISM,125.04941733629433,112.2666139145833,112.2666139145833
HeadM211_DaysToHeading,BosworthRue,13,32,Local vs PRISM,118.00657480794938,104.02078296736111,104.02078296736111
HeadM211_DaysToHeading,BosworthRue,13,33,Local vs PRISM,109.74170355090641,93.87905137361115,94.79443561180555
HeadM211_DaysToHeading,BosworthRue,13,34,Local vs PRISM,100.51637228453812,82.05633860277771,87.39564584166664
HeadM211_DaysToHeading,BosworthRue,13,35,Local vs PRISM,91.72466854960287,69.75968471493056,80.0405918899306
HeadM211_DaysToHeading,BosworthRue,13,36,Local vs PRISM,84.8271064775281,58.81660094513886,73.80209145347224
HeadM211_DaysToHeading,BosworthRue,13,37,Local vs PRISM,80.8358046638992,49.47976160173607,69.4147015475694
HeadM211_DaysToHeading,BosworthRue,13,38,Local vs PRISM,78.68138415445631,42.29617082083331,67.14029475763886
HeadM211_DaysToHeading,BosworthRue,13,39,Local vs PRISM,77.62881157972706,37.87518514027781,65.52715859791667
HeadM211_DaysToHeading,BosworthRue,13,40,Local vs PRISM,76.67283144082671,35.827326789583324,64.29196073333328
HeadM211_DaysToHeading,BosworthRue,14,25,Local vs PRISM,115.096490124098,109.60286428402775,109.60286428402775
HeadM211_DaysToHeading,BosworthRue,14,26,Local vs PRISM,118.87123747596807,113.00269067291664,113.00269067291664
HeadM211_DaysToHeading,BosworthRue,14,27,Local vs PRISM,122.30178450198602,115.97075403958334,115.97075403958334
HeadM211_DaysToHeading,BosworthRue,14,28,Local vs PRISM,124.59470342729104,117.87786252118052,117.87786252118052
HeadM211_DaysToHeading,BosworthRue,14,29,Local vs PRISM,125.12856052946283,117.95411257847222,117.95411257847222
HeadM211_DaysToHeading,BosworthRue,14,30,Local vs PRISM,123.10716050163349,115.46268823958333,115.46268823958333
HeadM211_DaysToHeading,BosworthRue,14,31,Local vs PRISM,118.6141737464381,110.43511292048612,110.43511292048612
HeadM211_DaysToHeading,BosworthRue,14,32,Local vs PRISM,111.82270247736729,102.9324272701389,102.9324272701389
HeadM211_DaysToHeading,BosworthRue,14,33,Local vs PRISM,103.51255714830776,93.11340393333333,96.07643097777776
HeadM211_DaysToHeading,BosworthRue,14,34,Local vs PRISM,94.45472904623429,81.6548144253472,88.66676447048609
HeadM211_DaysToHeading,BosworthRue,14,35,Local vs PRISM,85.69351945555168,69.59407478055557,81.25771253819447
HeadM211_DaysToHeading,BosworthRue,14,36,Local vs PRISM,78.93439921477939,58.723247955208294,74.9664690461805
HeadM211_DaysToHeading,BosworthRue,14,37,Local vs PRISM,74.53617482354966,49.47039608611111,70.45750109999999
HeadM211_DaysToHeading,BosworthRue,14,38,Local vs PRISM,71.93353099699615,42.286805305208304,67.09487227604166
HeadM211_DaysToHeading,BosworthRue,14,39,Local vs PRISM,70.60765679121779,37.86581962465276,64.96684676215277
HeadM211_DaysToHeading,BosworthRue,14,40,Local vs PRISM,69.60104143962761,35.81796127395832,63.52291268229165
HeadM211_DaysToHeading,BosworthRue,15,25,Local vs PRISM,114.10299396683357,102.985514415625,102.985514415625
HeadM211_DaysToHeading,BosworthRue,15,26,Local vs PRISM,118.307273836412,106.65728524895832,106.65728524895832
HeadM211_DaysToHeading,BosworthRue,15,27,Local vs PRISM,122.26358379494874,110.03593321666665,110.03593321666665
HeadM211_DaysToHeading,BosworthRue,15,28,Local vs PRISM,125.49342873452929,112.70327289756945,112.70327289756945
HeadM211_DaysToHeading,BosworthRue,15,29,Local vs PRISM,127.82683210173879,114.11997428645833,114.11997428645833
HeadM211_DaysToHeading,BosworthRue,15,30,Local vs PRISM,128.3876193142804,113.58546034999999,113.58546034999999
HeadM211_DaysToHeading,BosworthRue,15,31,Local vs PRISM,126.82729092305394,110.81541193750002,110.81541193750002
HeadM211_DaysToHeading,BosworthRue,15,32,Local vs PRISM,122.88582916218361,105.27891763194447,105.62714160000002
HeadM211_DaysToHeading,BosworthRue,15,33,Local vs PRISM,117.1319742007419,97.06668074131944,100.31659622881945
HeadM211_DaysToHeading,BosworthRue,15,34,Local vs PRISM,110.28393768397925,87.17985911909726,95.81129417187502
HeadM211_DaysToHeading,BosworthRue,15,35,Local vs PRISM,103.04603829312751,76.26267028784721,91.99191481631945
HeadM211_DaysToHeading,BosworthRue,15,36,Local vs PRISM,97.2260254667439,66.22845709444444,88.56160445069445
HeadM211_DaysToHeading,BosworthRue,15,37,Local vs PRISM,92.72361752930784,57.19640491006945,85.58900440937501
HeadM211_DaysToHeading,BosworthRue,15,38,Local vs PRISM,89.84984633190635,50.17485725451388,83.30842970034723
HeadM211_DaysToHeading,BosworthRue,15,39,Local vs PRISM,88.38322851048633,45.81928298368054,81.73151774895835
HeadM211_DaysToHeading,BosworthRue,15,40,Local vs PRISM,87.431089297835,43.73448715729164,80.45938240868058
HeadM211_DaysToHeading,BosworthRue,16,25,Local vs PRISM,123.135454296009,107.75509976770833,107.75509976770833
HeadM211_DaysToHeading,BosworthRue,16,26,Local vs PRISM,128.23607940448946,112.19259976770833,112.19259976770833
HeadM211_DaysToHeading,BosworthRue,16,27,Local vs PRISM,133.27436382011257,116.55524772222222,116.55524772222222
HeadM211_DaysToHeading,BosworthRue,16,28,Local vs PRISM,137.91712403046415,120.44833799999999,120.44833799999999
HeadM211_DaysToHeading,BosworthRue,16,29,Local vs PRISM,141.9567266593746,123.63778244444444,123.63778244444444
HeadM211_DaysToHeading,BosworthRue,16,30,Local vs PRISM,145.10770811144684,125.7530255,125.7530255
HeadM211_DaysToHeading,BosworthRue,16,31,Local vs PRISM,147.10904581595176,126.57223949166666,126.57223949166666
HeadM211_DaysToHeading,BosworthRue,16,32,Local vs PRISM,147.1078985980974,125.20041730729167,125.81339008923612
HeadM211_DaysToHeading,BosworthRue,16,33,Local vs PRISM,144.71981320662562,121.20075352951389,123.42393464479167
HeadM211_DaysToHeading,BosworthRue,16,34,Local vs PRISM,140.2115400472421,114.78522303645835,119.3697237295139
HeadM211_DaysToHeading,BosworthRue,16,35,Local vs PRISM,134.03082124664374,106.03488736527777,113.4955132986111
HeadM211_DaysToHeading,BosworthRue,16,36,Local vs PRISM,127.99017851456252,97.24311840833332,107.63160544513889
HeadM211_DaysToHeading,BosworthRue,16,37,Local vs PRISM,122.70711353905222,89.10426085694445,102.02749885208334
HeadM211_DaysToHeading,BosworthRue,16,38,Local vs PRISM,118.13955227058837,82.65188368958337,96.90037183263891
HeadM211_DaysToHeading,BosworthRue,16,39,Local vs PRISM,115.23365722259533,78.3756535090278,93.21414180486111
HeadM211_DaysToHeading,BosworthRue,16,40,Local vs PRISM,113.67318709855326,76.2502589222222,91.19624728749997
HeadM211_DaysToHeading,BosworthRue,17,25,Local vs PRISM,112.07557480052334,102.74498570555556,102.74498570555556
HeadM211_DaysToHeading,BosworthRue,17,26,Local vs PRISM,116.8323029517584,107.05748570555556,107.05748570555556
HeadM211_DaysToHeading,BosworthRue,17,27,Local vs PRISM,121.57521626427952,111.35009893784722,111.35009893784722
HeadM211_DaysToHeading,BosworthRue,17,28,Local vs PRISM,126.20226731304554,115.49100171562499,115.49100171562499
HeadM211_DaysToHeading,BosworthRue,17,29,Local vs PRISM,130.52238045176196,119.3211753267361,119.3211753267361
HeadM211_DaysToHeading,BosworthRue,17,30,Local vs PRISM,134.4160890275139,122.60954338229163,122.60954338229163
HeadM211_DaysToHeading,BosworthRue,17,31,Local vs PRISM,137.69609504143378,125.28697328680556,125.28697328680556
HeadM211_DaysToHeading,BosworthRue,17,32,Local vs PRISM,139.6349682390881,126.64746290659723,126.64746290659723
HeadM211_DaysToHeading,BosworthRue,17,33,Local vs PRISM,139.98788154835663,126.37395180729166,126.37395180729166
HeadM211_DaysToHeading,BosworthRue,17,34,Local vs PRISM,138.31265806030896,124.14200736284722,124.14200736284722
HeadM211_DaysToHeading,BosworthRue,17,35,Local vs PRISM,134.96087508546282,120.05808456041666,120.05808456041666
HeadM211_DaysToHeading,BosworthRue,17,36,Local vs PRISM,130.53756040317666,114.86520761736112,114.86520761736112
HeadM211_DaysToHeading,BosworthRue,17,37,Local vs PRISM,125.83822440959318,109.116366809375,109.116366809375
HeadM211_DaysToHeading,BosworthRue,17,38,Local vs PRISM,121.46012217558135,103.96115131770834,103.96115131770834
HeadM211_DaysToHeading,BosworthRue,17,39,Local vs PRISM,118.47310523415679,100.31015683854167,100.31015683854167
HeadM211_DaysToHeading,BosworthRue,17,40,Local vs PRISM,116.93932311415524,98.36330649131943,98.36330649131943
HeadM211_DaysToHeading,BosworthRue,18,25,Local vs PRISM,93.0183026234123,71.99923634722222,81.69774533333333
HeadM211_DaysToHeading,BosworthRue,18,26,Local vs PRISM,96.84871324152952,74.93673634722222,85.01024533333333
HeadM211_DaysToHeading,BosworthRue,18,27,Local vs PRISM,100.64755755447403,77.82399329166667,88.27250227777778
HeadM211_DaysToHeading,BosworthRue,18,28,Local vs PRISM,104.37566743235674,80.59618079166667,91.41968977777778
HeadM211_DaysToHeading,BosworthRue,18,29,Local vs PRISM,107.96156200852576,83.20423634722222,94.40274533333333
HeadM211_DaysToHeading,BosworthRue,18,30,Local vs PRISM,111.39457174154107,85.60861134722222,97.23337033333333
HeadM211_DaysToHeading,BosworthRue,18,31,Local vs PRISM,114.63352845205513,87.78590236284721,99.96114746006944
HeadM211_DaysToHeading,BosworthRue,18,32,Local vs PRISM,117.34992066319093,89.33121486284722,102.16722384895833
HeadM211_DaysToHeading,BosworthRue,18,33,Local vs PRISM,119.61061324896261,90.2571482079861,103.85698494826389
HeadM211_DaysToHeading,BosworthRue,18,34,Local vs PRISM,120.86640127561603,90.15322459687499,104.46070022604167
HeadM211_DaysToHeading,BosworthRue,18,35,Local vs PRISM,120.701375794736,88.48450914722221,103.5954569986111
HeadM211_DaysToHeading,BosworthRue,18,36,Local vs PRISM,119.6652768831961,85.80161813229167,101.85040339340279
HeadM211_DaysToHeading,BosworthRue,18,37,Local vs PRISM,117.94428859631616,82.38389805729166,99.37379442951388
HeadM211_DaysToHeading,BosworthRue,18,38,Local vs PRISM,115.93303646081212,78.66502688055556,96.57041054027778
HeadM211_DaysToHeading,BosworthRue,18,39,Local vs PRISM,114.48440080451721,75.68288258194444,94.33826624166666
HeadM211_DaysToHeading,BosworthRue,18,40,Local vs PRISM,113.84525685894009,73.86352510277776,93.09974601249999
HeadM211_DaysToHeading,BosworthRue,19,25,Local vs PRISM,44.89841919860932,11.759839330902773,33.375071186458335
HeadM211_DaysToHeading,BosworthRue,19,26,Local vs PRISM,46.673605737076095,12.19733933090277,34.68757118645834
HeadM211_DaysToHeading,BosworthRue,19,27,Local vs PRISM,48.44889470840376,12.63483933090277,36.00007118645834
HeadM211_DaysToHeading,BosworthRue,19,28,Local vs PRISM,50.22395763014367,13.06296433090277,37.30319618645834
HeadM211_DaysToHeading,BosworthRue,19,29,Local vs PRISM,52.00850045583412,13.36220044201388,38.55632118645834
HeadM211_DaysToHeading,BosworthRue,19,30,Local vs PRISM,53.741065670649995,13.558450442013879,39.78419310868056
HeadM211_DaysToHeading,BosworthRue,19,31,Local vs PRISM,55.46591558268519,13.764144235416655,41.19724931527779
HeadM211_DaysToHeading,BosworthRue,19,32,Local vs PRISM,57.20635871026761,13.817859513194435,42.63658959305556
HeadM211_DaysToHeading,BosworthRue,19,33,Local vs PRISM,58.8919139114506,13.584838679861102,44.07697153750001
HeadM211_DaysToHeading,BosworthRue,19,34,Local vs PRISM,60.51887694372377,13.02167895763888,45.52471459305556
HeadM211_DaysToHeading,BosworthRue,19,35,Local vs PRISM,61.896311931720646,11.740942783680554,46.86308965590278
HeadM211_DaysToHeading,BosworthRue,19,36,Local vs PRISM,63.185683430137125,9.60324135277778,48.22908287152778
HeadM211_DaysToHeading,BosworthRue,19,37,Local vs PRISM,64.08177742042147,6.9997296548611025,49.256900125
HeadM211_DaysToHeading,BosworthRue,19,38,Local vs PRISM,64.79426368404683,4.279694619444436,49.93432842708334
HeadM211_DaysToHeading,BosworthRue,19,39,Local vs PRISM,65.19251375284657,1.9983890430555515,50.53845807152778
HeadM211_DaysToHeading,BosworthRue,19,40,Local vs PRISM,65.85815874691022,0.38880231388888387,51.60566971736111
HeadM211_DaysToHeading,BosworthRue,20,25,Local vs PRISM,45.462790788390315,16.442529493749998,38.433317816666666
HeadM211_DaysToHeading,BosworthRue,20,26,Local vs PRISM,47.230301364150336,17.067529493749998,39.933317816666666
HeadM211_DaysToHeading,BosworthRue,20,27,Local vs PRISM,48.99783043796914,17.692529493749998,41.433317816666666
HeadM211_DaysToHeading,BosworthRue,20,28,Local vs PRISM,50.76537607767216,18.317529493749998,42.933317816666666
HeadM211_DaysToHeading,BosworthRue,20,29,Local vs PRISM,52.53293661111096,18.942529493749998,44.433317816666666
HeadM211_DaysToHeading,BosworthRue,20,30,Local vs PRISM,54.300510583847334,19.567529493749998,45.933317816666666
HeadM211_DaysToHeading,BosworthRue,20,31,Local vs PRISM,56.069017020790206,20.18940449375,47.43644281666666
HeadM211_DaysToHeading,BosworthRue,20,32,Local vs PRISM,57.87187702355273,20.695237827083332,49.038526149999996
HeadM211_DaysToHeading,BosworthRue,20,33,Local vs PRISM,59.45864042424788,21.025098938194443,50.49338726111111
HeadM211_DaysToHeading,BosworthRue,20,34,Local vs PRISM,61.04122048718056,21.246835049305552,52.02165115
HeadM211_DaysToHeading,BosworthRue,20,35,Local vs PRISM,62.13157381137368,21.05925859756944,53.212491490625
HeadM211_DaysToHeading,BosworthRue,20,36,Local vs PRISM,62.87826884121848,20.323557107638884,54.10776222291666
HeadM211_DaysToHeading,BosworthRue,20,37,Local vs PRISM,63.28271758186592,19.296675262499996,54.782977401388884
HeadM211_DaysToHeading,BosworthRue,20,38,Local vs PRISM,63.43762595711007,18.08679739861111,55.27435531875
HeadM211_DaysToHeading,BosworthRue,20,39,Local vs PRISM,63.52987500666213,16.923986586111106,55.63356913125
HeadM211_DaysToHeading,BosworthRue,20,40,Local vs PRISM,63.588228735074125,16.03521141597222,55.802343919444446
HeadM211_DaysToHeading,Canal,10,25,Local vs PRISM,59.20885136993849,55.552038738888896,55.552038738888896
HeadM211_DaysToHeading,Canal,10,26,Local vs PRISM,58.354785993014886,54.55402607103177,54.55402607103177
HeadM211_DaysToHeading,Canal,10,27,Local vs PRISM,56.90920815600306,52.90169296309523,52.90169296309523
HeadM211_DaysToHeading,Canal,10,28,Local vs PRISM,54.30295221170183,49.9179330873016,49.9179330873016
HeadM211_DaysToHeading,Canal,10,29,Local vs PRISM,50.583497952872875,45.75163890674602,45.75163890674602
HeadM211_DaysToHeading,Canal,10,30,Local vs PRISM,45.96444794756701,40.37801429285709,40.37801429285709
HeadM211_DaysToHeading,Canal,10,31,Local vs PRISM,40.29473719246865,33.72184296587303,33.72184296587303
HeadM211_DaysToHeading,Canal,10,32,Local vs PRISM,33.48874654881803,25.72779889920634,27.760830726190452
HeadM211_DaysToHeading,Canal,10,33,Local vs PRISM,27.223813604444967,16.62890073373012,22.090647096428565
HeadM211_DaysToHeading,Canal,10,34,Local vs PRISM,25.017174067557097,7.617481399206359,22.905972896031795
HeadM211_DaysToHeading,Canal,10,35,Local vs PRISM,27.325246368405015,-1.153667000396776,25.15525230912694
HeadM211_DaysToHeading,Canal,10,36,Local vs PRISM,30.82533761942672,-8.801535225793616,26.190702555158754
HeadM211_DaysToHeading,Canal,10,37,Local vs PRISM,33.57136202325762,-14.154615661507933,26.39187524563486
HeadM211_DaysToHeading,Canal,10,38,Local vs PRISM,35.40000986068928,-17.824635469444438,27.64134515198407
HeadM211_DaysToHeading,Canal,10,39,Local vs PRISM,36.517003166553444,-19.925916830555543,29.10189657658725
HeadM211_DaysToHeading,Canal,10,40,Local vs PRISM,37.31693429220614,-21.206847326587326,30.235284390079283
HeadM211_DaysToHeading,Canal,11,25,Local vs PRISM,64.72692202414443,61.59324569325396,61.59324569325396
HeadM211_DaysToHeading,Canal,11,26,Local vs PRISM,64.35964064137069,61.118391682539674,61.118391682539674
HeadM211_DaysToHeading,Canal,11,27,Local vs PRISM,63.332406694105096,59.935772875396815,59.935772875396815
HeadM211_DaysToHeading,Canal,11,28,Local vs PRISM,61.011812620200686,57.38838613888887,57.38838613888887
HeadM211_DaysToHeading,Canal,11,29,Local vs PRISM,57.532819175673225,53.507806244047615,53.507806244047615
HeadM211_DaysToHeading,Canal,11,30,Local vs PRISM,52.99222324192551,48.376681537301614,48.376681537301614
HeadM211_DaysToHeading,Canal,11,31,Local vs PRISM,46.88282906076926,41.856367383730195,41.856367383730195
HeadM211_DaysToHeading,Canal,11,32,Local vs PRISM,39.13458658405067,33.905323265872994,33.905323265872994
HeadM211_DaysToHeading,Canal,11,33,Local vs PRISM,30.81688587329048,24.806425100396805,26.15890114246031
HeadM211_DaysToHeading,Canal,11,34,Local vs PRISM,24.421330566334564,15.795005765873027,19.510767439682564
HeadM211_DaysToHeading,Canal,11,35,Local vs PRISM,21.976333549469157,7.023857366269827,18.324062294841237
HeadM211_DaysToHeading,Canal,11,36,Local vs PRISM,22.715025975155967,-0.6240108591269485,21.241411859920586
HeadM211_DaysToHeading,Canal,11,37,Local vs PRISM,24.19811994632822,-5.977091294841265,22.43679634246028
HeadM211_DaysToHeading,Canal,11,38,Local vs PRISM,25.81553507447921,-9.647111102777801,23.311329638491966
HeadM211_DaysToHeading,Canal,11,39,Local vs PRISM,26.87954785310837,-11.748392463888845,23.732166793253914
HeadM211_DaysToHeading,Canal,11,40,Local vs PRISM,27.521913917187977,-13.029322959920592,24.088665836904706
HeadM211_DaysToHeading,Canal,12,25,Local vs PRISM,80.06732081264951,76.59311860198413,76.59311860198413
HeadM211_DaysToHeading,Canal,12,26,Local vs PRISM,80.83369830041092,77.156764581746,77.156764581746
HeadM211_DaysToHeading,Canal,12,27,Local vs PRISM,80.59406139625511,76.8311542892857,76.8311542892857
HeadM211_DaysToHeading,Canal,12,28,Local vs PRISM,78.56710205146204,74.80005317658733,74.80005317658733
HeadM211_DaysToHeading,Canal,12,29,Local vs PRISM,74.91582873571006,71.14805184920634,71.14805184920634
HeadM211_DaysToHeading,Canal,12,30,Local vs PRISM,69.95098495308018,66.12742717301587,66.12742717301587
HeadM211_DaysToHeading,Canal,12,31,Local vs PRISM,63.56027961510008,59.781898769841305,59.781898769841305
HeadM211_DaysToHeading,Canal,12,32,Local vs PRISM,55.89013461797993,51.870354616269864,51.870354616269864
HeadM211_DaysToHeading,Canal,12,33,Local vs PRISM,47.446695042393465,42.77145645079362,42.77145645079362
HeadM211_DaysToHeading,Canal,12,34,Local vs PRISM,39.36595105435675,33.760037116269814,34.84829012182536
HeadM211_DaysToHeading,Canal,12,35,Local vs PRISM,32.83444595575858,24.98888871666666,30.36550626031747
HeadM211_DaysToHeading,Canal,12,36,Local vs PRISM,27.995851503572336,17.341020491269838,25.705209860317414
HeadM211_DaysToHeading,Canal,12,37,Local vs PRISM,24.655386902324405,11.98794005555562,21.751970411904818
HeadM211_DaysToHeading,Canal,12,38,Local vs PRISM,22.954850578155572,8.317920247619018,19.059529844444473
HeadM211_DaysToHeading,Canal,12,39,Local vs PRISM,22.590737197635008,6.21663888650791,19.02814527063489
HeadM211_DaysToHeading,Canal,12,40,Local vs PRISM,22.710479860235733,4.935708390476163,19.24178717142854
HeadM211_DaysToHeading,Canal,13,25,Local vs PRISM,114.01351608814767,109.51792825952377,109.51792825952377
HeadM211_DaysToHeading,Canal,13,26,Local vs PRISM,117.06788787752556,112.27632262103171,112.27632262103171
HeadM211_DaysToHeading,Canal,13,27,Local vs PRISM,119.13435558485894,114.13520667976186,114.13520667976186
HeadM211_DaysToHeading,Canal,13,28,Local vs PRISM,119.25940672076047,114.15713929126983,114.15713929126983
HeadM211_DaysToHeading,Canal,13,29,Local vs PRISM,117.30610555917048,112.2159372111111,112.2159372111111
HeadM211_DaysToHeading,Canal,13,30,Local vs PRISM,113.27281820601462,108.20660512896826,108.20660512896826
HeadM211_DaysToHeading,Canal,13,31,Local vs PRISM,107.51786087420058,102.53736233293652,102.53736233293652
HeadM211_DaysToHeading,Canal,13,32,Local vs PRISM,100.26163752031911,94.9114538551587,94.9114538551587
HeadM211_DaysToHeading,Canal,13,33,Local vs PRISM,92.00140786315558,85.94884119880955,85.94884119880955
HeadM211_DaysToHeading,Canal,13,34,Local vs PRISM,83.97523072518413,77.00885043571432,77.00885043571432
HeadM211_DaysToHeading,Canal,13,35,Local vs PRISM,76.87886224011342,68.26963077976187,68.26963077976187
HeadM211_DaysToHeading,Canal,13,36,Local vs PRISM,71.07140437061094,60.55033398293652,60.55033398293652
HeadM211_DaysToHeading,Canal,13,37,Local vs PRISM,67.00397026784411,55.12582497579365,55.12582497579365
HeadM211_DaysToHeading,Canal,13,38,Local vs PRISM,64.42522375493463,51.42151945357138,51.42151945357138
HeadM211_DaysToHeading,Canal,13,39,Local vs PRISM,63.28032136276912,49.32023809246026,49.32023809246026
HeadM211_DaysToHeading,Canal,13,40,Local vs PRISM,62.747965383520864,48.03930759642854,48.03930759642854
HeadM211_DaysToHeading,Canal,14,25,Local vs PRISM,142.82788394983083,139.88433805277776,139.88433805277776
HeadM211_DaysToHeading,Canal,14,26,Local vs PRISM,147.76035926976328,144.67983570357143,144.67983570357143
HeadM211_DaysToHeading,Canal,14,27,Local vs PRISM,152.11732249343962,148.91673563531748,148.91673563531748
HeadM211_DaysToHeading,Canal,14,28,Local vs PRISM,155.20448502878386,151.98329117539683,151.98329117539683
HeadM211_DaysToHeading,Canal,14,29,Local vs PRISM,155.9726180391326,152.88508660476194,152.88508660476194
HeadM211_DaysToHeading,Canal,14,30,Local vs PRISM,154.24606536410437,151.34581863134923,151.34581863134923
HeadM211_DaysToHeading,Canal,14,31,Local vs PRISM,150.26113028669056,147.4788184468254,147.4788184468254
HeadM211_DaysToHeading,Canal,14,32,Local vs PRISM,143.85545475675298,140.87179544444447,140.87179544444447
HeadM211_DaysToHeading,Canal,14,33,Local vs PRISM,135.84835376562444,132.4963399015873,132.4963399015873
HeadM211_DaysToHeading,Canal,14,34,Local vs PRISM,127.42959421532387,123.75192049246036,123.75192049246036
HeadM211_DaysToHeading,Canal,14,35,Local vs PRISM,119.1644800077704,115.09870073373021,115.09870073373021
HeadM211_DaysToHeading,Canal,14,36,Local vs PRISM,111.89505052686495,107.39505945952381,107.39505945952381
HeadM211_DaysToHeading,Canal,14,37,Local vs PRISM,106.8451890466928,101.97055045238095,101.97055045238095
HeadM211_DaysToHeading,Canal,14,38,Local vs PRISM,103.33793987440615,98.26624493015875,98.26624493015875
HeadM211_DaysToHeading,Canal,14,39,Local vs PRISM,101.51656937661657,96.16496356904766,96.16496356904766
HeadM211_DaysToHeading,Canal,14,40,Local vs PRISM,100.58647087359664,94.88403307301589,94.88403307301589
HeadM211_DaysToHeading,Canal,15,25,Local vs PRISM,121.37757044828668,120.33964628849205,120.33964628849205
HeadM211_DaysToHeading,Canal,15,26,Local vs PRISM,125.93253874874021,124.81964628849205,124.81964628849205
HeadM211_DaysToHeading,Canal,15,27,Local vs PRISM,130.2332006453412,129.06789549206354,129.06789549206354
HeadM211_DaysToHeading,Canal,15,28,Local vs PRISM,134.0034426110192,132.82360976666672,132.82360976666672
HeadM211_DaysToHeading,Canal,15,29,Local vs PRISM,136.82232832903944,135.66702251428575,135.66702251428575
HeadM211_DaysToHeading,Canal,15,30,Local vs PRISM,137.42813909996534,136.35198923809523,136.35198923809523
HeadM211_DaysToHeading,Canal,15,31,Local vs PRISM,135.4427697287353,134.4526261492064,134.4526261492064
HeadM211_DaysToHeading,Canal,15,32,Local vs PRISM,130.1215065263939,129.2150253107143,129.2150253107143
HeadM211_DaysToHeading,Canal,15,33,Local vs PRISM,122.59484337469812,121.6147481214286,121.6147481214286
HeadM211_DaysToHeading,Canal,15,34,Local vs PRISM,114.48847269306306,113.34257473095239,113.34257473095239
HeadM211_DaysToHeading,Canal,15,35,Local vs PRISM,106.251204514693,104.86311198015876,104.86311198015876
HeadM211_DaysToHeading,Canal,15,36,Local vs PRISM,98.68029273876975,97.08804213452379,97.08804213452379
HeadM211_DaysToHeading,Canal,15,37,Local vs PRISM,93.30570439956325,91.59210455595242,91.59210455595242
HeadM211_DaysToHeading,Canal,15,38,Local vs PRISM,89.58900479908654,87.8691482400794,87.8691482400794
HeadM211_DaysToHeading,Canal,15,39,Local vs PRISM,87.52976976649057,85.76786687896826,85.76786687896826
HeadM211_DaysToHeading,Canal,15,40,Local vs PRISM,86.40439062235896,84.4869363829365,84.4869363829365
HeadM211_DaysToHeading,Canal,16,25,Local vs PRISM,134.89723840051553,130.90154229126986,130.90154229126986
HeadM211_DaysToHeading,Canal,16,26,Local vs PRISM,140.12235555395682,135.97297086269845,135.97297086269845
HeadM211_DaysToHeading,Canal,16,27,Local vs PRISM,145.20329337903422,140.8844208507937,140.8844208507937
HeadM211_DaysToHeading,Canal,16,28,Local vs PRISM,149.81450534587574,145.33140497777782,145.33140497777782
HeadM211_DaysToHeading,Canal,16,29,Local vs PRISM,153.93966727389798,149.2441899436508,149.2441899436508
HeadM211_DaysToHeading,Canal,16,30,Local vs PRISM,156.54575673162958,151.60855505039683,151.60855505039683
HeadM211_DaysToHeading,Canal,16,31,Local vs PRISM,157.3713993498301,152.06532985079366,152.06532985079366
HeadM211_DaysToHeading,Canal,16,32,Local vs PRISM,155.25592335265705,149.4548491035714,149.4548491035714
HeadM211_DaysToHeading,Canal,16,33,Local vs PRISM,150.66092668658044,144.18179995873015,144.18179995873015
HeadM211_DaysToHeading,Canal,16,34,Local vs PRISM,144.79294547267594,137.3570762797619,137.3570762797619
HeadM211_DaysToHeading,Canal,16,35,Local vs PRISM,138.2547681557595,129.50824834087302,129.50824834087302
HeadM211_DaysToHeading,Canal,16,36,Local vs PRISM,131.9290590733468,122.01992138650795,122.01992138650795
HeadM211_DaysToHeading,Canal,16,37,Local vs PRISM,127.22573238629758,116.56405523015874,116.56405523015874
HeadM211_DaysToHeading,Canal,16,38,Local vs PRISM,123.90429621539933,112.91181331904762,112.91181331904762
HeadM211_DaysToHeading,Canal,16,39,Local vs PRISM,122.05227594657099,110.8105319579365,110.8105319579365
HeadM211_DaysToHeading,Canal,16,40,Local vs PRISM,121.0099434386934,109.52960146190476,109.52960146190476
HeadM211_DaysToHeading,Canal,17,25,Local vs PRISM,130.2294440368204,121.62147299801586,121.62147299801586
HeadM211_DaysToHeading,Canal,17,26,Local vs PRISM,135.54124094745865,126.55004442658729,126.55004442658729
HeadM211_DaysToHeading,Canal,17,27,Local vs PRISM,140.81852873908215,131.43603649007935,131.43603649007935
HeadM211_DaysToHeading,Canal,17,28,Local vs PRISM,145.9413808531434,136.15032220436507,136.15032220436507
HeadM211_DaysToHeading,Canal,17,29,Local vs PRISM,150.85332023937542,140.62219447182542,140.62219447182542
HeadM211_DaysToHeading,Canal,17,30,Local vs PRISM,155.25902744332825,144.49140082103176,144.49140082103176
HeadM211_DaysToHeading,Canal,17,31,Local vs PRISM,158.76963761659184,147.3942182869048,147.3942182869048
HeadM211_DaysToHeading,Canal,17,32,Local vs PRISM,160.32190321874873,148.2078056452381,148.2078056452381
HeadM211_DaysToHeading,Canal,17,33,Local vs PRISM,160.131125633867,146.8890579702381,146.8890579702381
HeadM211_DaysToHeading,Canal,17,34,Local vs PRISM,158.40683944612408,143.77348534484125,143.77348534484125
HeadM211_DaysToHeading,Canal,17,35,Local vs PRISM,154.9520861772337,139.05025680357141,139.05025680357141
HeadM211_DaysToHeading,Canal,17,36,Local vs PRISM,150.06454188765838,133.3389879515873,133.3389879515873
HeadM211_DaysToHeading,Canal,17,37,Local vs PRISM,145.78311097632618,128.65389440833334,128.65389440833334
HeadM211_DaysToHeading,Canal,17,38,Local vs PRISM,142.7509491390595,125.39749518452385,125.39749518452385
HeadM211_DaysToHeading,Canal,17,39,Local vs PRISM,140.75379280994503,123.3759995813492,123.3759995813492
HeadM211_DaysToHeading,Canal,17,40,Local vs PRISM,139.46283326693032,122.09506908531748,122.09506908531748
HeadM211_DaysToHeading,Canal,18,25,Local vs PRISM,119.00626891740971,110.36079878611112,110.36079878611112
HeadM211_DaysToHeading,Canal,18,26,Local vs PRISM,123.80700549042741,114.78937021468255,114.78937021468255
HeadM211_DaysToHeading,Canal,18,27,Local vs PRISM,128.6052150820693,119.21365592896827,119.21365592896827
HeadM211_DaysToHeading,Canal,18,28,Local vs PRISM,133.36119536337162,123.57079878611111,123.57079878611111
HeadM211_DaysToHeading,Canal,18,29,Local vs PRISM,138.09202292757948,127.91473454563491,127.91473454563491
HeadM211_DaysToHeading,Canal,18,30,Local vs PRISM,142.63847670180078,132.07473454563493,132.07473454563493
HeadM211_DaysToHeading,Canal,18,31,Local vs PRISM,146.65765370551614,135.67937740277776,135.67937740277776
HeadM211_DaysToHeading,Canal,18,32,Local vs PRISM,149.82017725024545,138.36445676785715,138.36445676785715
HeadM211_DaysToHeading,Canal,18,33,Local vs PRISM,151.8241037211927,139.63051064761905,139.63051064761905
HeadM211_DaysToHeading,Canal,18,34,Local vs PRISM,152.57115522937582,139.3127785845238,139.3127785845238
HeadM211_DaysToHeading,Canal,18,35,Local vs PRISM,151.4253128436817,136.96697941428573,136.96697941428573
HeadM211_DaysToHeading,Canal,18,36,Local vs PRISM,148.61188924453245,133.20444006944444,133.20444006944444
HeadM211_DaysToHeading,Canal,18,37,Local vs PRISM,145.74707608509016,129.9193599892857,129.9193599892857
HeadM211_DaysToHeading,Canal,18,38,Local vs PRISM,143.3241813667922,127.28196051071428,127.28196051071428
HeadM211_DaysToHeading,Canal,18,39,Local vs PRISM,141.59828550155513,125.50904435595237,125.50904435595237
HeadM211_DaysToHeading,Canal,18,40,Local vs PRISM,140.54259111529805,124.30474240753968,124.30474240753968
HeadM211_DaysToHeading,Canal,19,25,Local vs PRISM,78.09115278316509,73.89893958253967,73.89893958253967
HeadM211_DaysToHeading,Canal,19,26,Local vs PRISM,81.10183381819347,76.75608243968253,76.75608243968253
HeadM211_DaysToHeading,Canal,19,27,Local vs PRISM,84.11260078898384,79.61322529682539,79.61322529682539
HeadM211_DaysToHeading,Canal,19,28,Local vs PRISM,87.12344478636572,82.47036815396825,82.47036815396825
HeadM211_DaysToHeading,Canal,19,29,Local vs PRISM,90.13435809136118,85.3275110111111,85.3275110111111
HeadM211_DaysToHeading,Canal,19,30,Local vs PRISM,93.09923063572369,88.13251101111109,88.13251101111109
HeadM211_DaysToHeading,Canal,19,31,Local vs PRISM,95.88172798095123,90.71401894761902,90.71401894761902
HeadM211_DaysToHeading,Canal,19,32,Local vs PRISM,98.46794795581268,93.03421736031746,93.03421736031746
HeadM211_DaysToHeading,Canal,19,33,Local vs PRISM,100.17525580846082,94.48670135436507,94.48670135436507
HeadM211_DaysToHeading,Canal,19,34,Local vs PRISM,100.94383473787775,94.97897212619048,94.97897212619048
HeadM211_DaysToHeading,Canal,19,35,Local vs PRISM,100.23609152966085,93.98915385952381,93.98915385952381
HeadM211_DaysToHeading,Canal,19,36,Local vs PRISM,98.12769157791314,91.7512986186508,91.7512986186508
HeadM211_DaysToHeading,Canal,19,37,Local vs PRISM,95.76338188644712,89.31869982619048,89.31869982619048
HeadM211_DaysToHeading,Canal,19,38,Local vs PRISM,93.36537677326895,87.0983064547619,87.0983064547619
HeadM211_DaysToHeading,Canal,19,39,Local vs PRISM,91.85289022675146,85.70102275238095,85.70102275238095
HeadM211_DaysToHeading,Canal,19,40,Local vs PRISM,90.87320251781829,84.76229212539683,84.76229212539683
HeadM211_DaysToHeading,Canal,20,25,Local vs PRISM,63.4818764996827,56.4546374,56.4546374
HeadM211_DaysToHeading,Canal,20,26,Local vs PRISM,65.88673399434518,58.59749454285714,58.59749454285714
HeadM211_DaysToHeading,Canal,20,27,Local vs PRISM,68.29162626218286,60.74035168571428,60.74035168571428
HeadM211_DaysToHeading,Canal,20,28,Local vs PRISM,70.69654975454712,62.883208828571426,62.883208828571426
HeadM211_DaysToHeading,Canal,20,29,Local vs PRISM,73.10150138972575,65.02606597142857,65.02606597142857
HeadM211_DaysToHeading,Canal,20,30,Local vs PRISM,75.49429802246718,67.1539231142857,67.1539231142857
HeadM211_DaysToHeading,Canal,20,31,Local vs PRISM,77.81461427311994,69.19285168571429,69.19285168571429
HeadM211_DaysToHeading,Canal,20,32,Local vs PRISM,80.09863226981187,71.187058034920625,71.187058034920625
HeadM211_DaysToHeading,Canal,20,33,Local vs PRISM,82.1452630475506,72.93908184444444,72.93908184444444
HeadM211_DaysToHeading,Canal,20,34,Local vs PRISM,83.39332183898118,73.95467708253967,73.95467708253967
HeadM211_DaysToHeading,Canal,20,35,Local vs PRISM,83.73867909627295,74.0681841734127,74.0681841734127
HeadM211_DaysToHeading,Canal,20,36,Local vs PRISM,83.14210309813407,73.18087470833333,73.18087470833333
HeadM211_DaysToHeading,Canal,20,37,Local vs PRISM,82.09839139870412,71.90618316269841,71.90618316269841
HeadM211_DaysToHeading,Canal,20,38,Local vs PRISM,80.8900308885719,70.4896460063492,70.4896460063492
HeadM211_DaysToHeading,Canal,20,39,Local vs PRISM,80.16101505289383,69.47741848253969,69.47741848253969
HeadM211_DaysToHeading,Canal,20,40,Local vs PRISM,79.69225471652726,68.66105856190475,68.66105856190475
HeadM211_DaysToHeading,DelRio,10,25,Local vs PRISM,227.93781249475157,-226.6886368351852,226.6886368351852
HeadM211_DaysToHeading,DelRio,10,26,Local vs PRISM,238.8763396290866,-237.545534437037,237.545534437037
HeadM211_DaysToHeading,DelRio,10,27,Local vs PRISM,248.89017275444718,-247.55448276296303,247.55448276296303
HeadM211_DaysToHeading,DelRio,10,28,Local vs PRISM,257.99944159309325,-256.65672929444446,256.65672929444446
HeadM211_DaysToHeading,DelRio,10,29,Local vs PRISM,266.77907567591257,-265.4523015388889,265.4523015388889
HeadM211_DaysToHeading,DelRio,10,30,Local vs PRISM,275.3844886950163,-274.17477535462973,274.17477535462973
HeadM211_DaysToHeading,DelRio,10,31,Local vs PRISM,282.95026446004783,-281.8592557037037,281.8592557037037
HeadM211_DaysToHeading,DelRio,10,32,Local vs PRISM,290.40433683141566,-289.43584500740747,289.43584500740747
HeadM211_DaysToHeading,DelRio,10,33,Local vs PRISM,296.81881130564466,-296.00440719907414,296.00440719907414
HeadM211_DaysToHeading,DelRio,10,34,Local vs PRISM,300.64952171649236,-299.93808211666675,299.93808211666675
HeadM211_DaysToHeading,DelRio,10,35,Local vs PRISM,303.6733455059971,-303.0709283120371,303.0709283120371
HeadM211_DaysToHeading,DelRio,10,36,Local vs PRISM,305.39362711408285,-304.86443528888896,304.86443528888896
HeadM211_DaysToHeading,DelRio,10,37,Local vs PRISM,306.6187689615785,-306.14102076203704,306.14102076203704
HeadM211_DaysToHeading,DelRio,10,38,Local vs PRISM,307.00844856610877,-306.51905415185183,306.51905415185183
HeadM211_DaysToHeading,DelRio,10,39,Local vs PRISM,306.8297078716866,-306.3058790500001,306.3058790500001
HeadM211_DaysToHeading,DelRio,10,40,Local vs PRISM,306.45837487372046,-305.9473921796296,305.9473921796296
HeadM211_DaysToHeading,DelRio,11,25,Local vs PRISM,251.10603223732141,-240.51676971111112,240.51676971111112
HeadM211_DaysToHeading,DelRio,11,26,Local vs PRISM,263.73170305370195,-252.53480471666668,252.53480471666668
HeadM211_DaysToHeading,DelRio,11,27,Local vs PRISM,276.069545572741,-264.48879996111117,264.48879996111117
HeadM211_DaysToHeading,DelRio,11,28,Local vs PRISM,287.6910176493687,-275.88967081388887,275.88967081388887
HeadM211_DaysToHeading,DelRio,11,29,Local vs PRISM,298.81042032455156,-286.90774354166666,286.90774354166666
HeadM211_DaysToHeading,DelRio,11,30,Local vs PRISM,309.9200403892935,-298.25185088796303,298.25185088796303
HeadM211_DaysToHeading,DelRio,11,31,Local vs PRISM,320.5095043394834,-308.9862927509259,308.9862927509259
HeadM211_DaysToHeading,DelRio,11,32,Local vs PRISM,330.62953950098415,-319.55362279537036,319.55362279537036
HeadM211_DaysToHeading,DelRio,11,33,Local vs PRISM,338.6436795409955,-328.13922022407405,328.13922022407405
HeadM211_DaysToHeading,DelRio,11,34,Local vs PRISM,343.8617832185966,-333.75808032685194,333.75808032685194
HeadM211_DaysToHeading,DelRio,11,35,Local vs PRISM,347.9994491082935,-338.2705561518519,338.2705561518519
HeadM211_DaysToHeading,DelRio,11,36,Local vs PRISM,350.4332289917994,-340.9807297953704,340.9807297953704
HeadM211_DaysToHeading,DelRio,11,37,Local vs PRISM,351.8164234596081,-342.60916712037044,342.60916712037044
HeadM211_DaysToHeading,DelRio,11,38,Local vs PRISM,352.4222760904252,-343.3205338435185,343.3205338435185
HeadM211_DaysToHeading,DelRio,11,39,Local vs PRISM,352.52919749589313,-343.4406920750001,343.4406920750001
HeadM211_DaysToHeading,DelRio,11,40,Local vs PRISM,352.29739793907385,-343.3136866861112,343.3136866861112
HeadM211_DaysToHeading,DelRio,12,25,Local vs PRISM,245.77827866554347,-241.89237275092592,241.89237275092592
HeadM211_DaysToHeading,DelRio,12,26,Local vs PRISM,258.70972973469816,-254.51335785277777,254.51335785277777
HeadM211_DaysToHeading,DelRio,12,27,Local vs PRISM,271.33799975981435,-266.9097920703704,266.9097920703704
HeadM211_DaysToHeading,DelRio,12,28,Local vs PRISM,283.53720641808087,-278.9839967268519,278.9839967268519
HeadM211_DaysToHeading,DelRio,12,29,Local vs PRISM,295.5855199054277,-291.02485305185184,291.02485305185184
HeadM211_DaysToHeading,DelRio,12,30,Local vs PRISM,307.97503145951464,-303.5642922185185,303.5642922185185
HeadM211_DaysToHeading,DelRio,12,31,Local vs PRISM,320.27492630817284,-315.90840090555554,315.90840090555554
HeadM211_DaysToHeading,DelRio,12,32,Local vs PRISM,331.8718215959009,-327.74062751944444,327.74062751944444
HeadM211_DaysToHeading,DelRio,12,33,Local vs PRISM,341.8299097989542,-337.96985515185185,337.96985515185185
HeadM211_DaysToHeading,DelRio,12,34,Local vs PRISM,348.4171098546492,-344.71103422870374,344.71103422870374
HeadM211_DaysToHeading,DelRio,12,35,Local vs PRISM,353.60925035241524,-350.11457494537035,350.11457494537035
HeadM211_DaysToHeading,DelRio,12,36,Local vs PRISM,356.9256922693917,-353.61178562592596,353.61178562592596
HeadM211_DaysToHeading,DelRio,12,37,Local vs PRISM,358.9439119339268,-355.8050377657407,355.8050377657407
HeadM211_DaysToHeading,DelRio,12,38,Local vs PRISM,359.78430157027464,-356.7478859703704,356.7478859703704
HeadM211_DaysToHeading,DelRio,12,39,Local vs PRISM,359.9885801048677,-356.98841457222227,356.98841457222227
HeadM211_DaysToHeading,DelRio,12,40,Local vs PRISM,359.80285119162323,-356.86140918333336,356.86140918333336
HeadM211_DaysToHeading,DelRio,13,25,Local vs PRISM,238.99962330886956,-238.35240277685185,238.35240277685185
HeadM211_DaysToHeading,DelRio,13,26,Local vs PRISM,251.1284944819927,-250.42179731203706,250.42179731203706
HeadM211_DaysToHeading,DelRio,13,27,Local vs PRISM,263.04465677176546,-262.29683005370373,262.29683005370373
HeadM211_DaysToHeading,DelRio,13,28,Local vs PRISM,274.72677045488933,-273.9816702203704,273.9816702203704
HeadM211_DaysToHeading,DelRio,13,29,Local vs PRISM,286.7872739645975,-286.0762957287037,286.0762957287037
HeadM211_DaysToHeading,DelRio,13,30,Local vs PRISM,299.18084347778,-298.5195537324074,298.5195537324074
HeadM211_DaysToHeading,DelRio,13,31,Local vs PRISM,311.83090901982445,-311.20956359166667,311.20956359166667
HeadM211_DaysToHeading,DelRio,13,32,Local vs PRISM,324.4483023642881,-323.9165628074074,323.9165628074074
HeadM211_DaysToHeading,DelRio,13,33,Local vs PRISM,335.4852953085795,-335.01993771481483,335.01993771481483
HeadM211_DaysToHeading,DelRio,13,34,Local vs PRISM,343.1432365102304,-342.70125550277777,342.70125550277777
HeadM211_DaysToHeading,DelRio,13,35,Local vs PRISM,348.85627920474195,-348.43812955277775,348.43812955277775
HeadM211_DaysToHeading,DelRio,13,36,Local vs PRISM,352.64298441103233,-352.24958460925933,352.24958460925933
HeadM211_DaysToHeading,DelRio,13,37,Local vs PRISM,355.12993747694594,-354.7669108231481,354.7669108231481
HeadM211_DaysToHeading,DelRio,13,38,Local vs PRISM,356.3476795929978,-356.00424221296294,356.00424221296294
HeadM211_DaysToHeading,DelRio,13,39,Local vs PRISM,356.8836420279088,-356.5410671111111,356.5410671111111
HeadM211_DaysToHeading,DelRio,13,40,Local vs PRISM,356.90818852609505,-356.58072838888893,356.58072838888893
HeadM211_DaysToHeading,DelRio,14,25,Local vs PRISM,192.86555861528106,-190.94352152037038,190.94352152037038
HeadM211_DaysToHeading,DelRio,14,26,Local vs PRISM,202.03250243232785,-199.9919419314815,199.9919419314815
HeadM211_DaysToHeading,DelRio,14,27,Local vs PRISM,211.23797278802434,-209.07254171574075,209.07254171574075
HeadM211_DaysToHeading,DelRio,14,28,Local vs PRISM,220.36697368427295,-218.1296248453704,218.1296248453704
HeadM211_DaysToHeading,DelRio,14,29,Local vs PRISM,229.89960199560497,-227.5396174166667,227.5396174166667
HeadM211_DaysToHeading,DelRio,14,30,Local vs PRISM,239.97724683561964,-237.51293163148154,237.51293163148154
HeadM211_DaysToHeading,DelRio,14,31,Local vs PRISM,250.79608240871266,-248.13797892685187,248.13797892685187
HeadM211_DaysToHeading,DelRio,14,32,Local vs PRISM,261.1500228286405,-258.49509538055554,258.49509538055554
HeadM211_DaysToHeading,DelRio,14,33,Local vs PRISM,270.58926139420913,-267.94128561481483,267.94128561481483
HeadM211_DaysToHeading,DelRio,14,34,Local vs PRISM,278.07175530670906,-275.394946437963,275.394946437963
HeadM211_DaysToHeading,DelRio,14,35,Local vs PRISM,284.41345414479844,-281.6662809092593,281.6662809092593
HeadM211_DaysToHeading,DelRio,14,36,Local vs PRISM,289.51486583342205,-286.69429936759263,286.69429936759263
HeadM211_DaysToHeading,DelRio,14,37,Local vs PRISM,293.3098456334773,-290.41045841111116,290.41045841111116
HeadM211_DaysToHeading,DelRio,14,38,Local vs PRISM,295.3602244659951,-292.4768616935186,292.4768616935186
HeadM211_DaysToHeading,DelRio,14,39,Local vs PRISM,296.2482791142497,-293.4025754805556,293.4025754805556
HeadM211_DaysToHeading,DelRio,14,40,Local vs PRISM,296.46436571372567,-293.608903425,293.608903425
HeadM211_DaysToHeading,DelRio,15,25,Local vs PRISM,116.16666823057926,-116.08221315833336,116.08221315833336
HeadM211_DaysToHeading,DelRio,15,26,Local vs PRISM,121.17510873737596,-121.0935965324074,121.0935965324074
HeadM211_DaysToHeading,DelRio,15,27,Local vs PRISM,126.17187857378902,-126.0935965324074,126.0935965324074
HeadM211_DaysToHeading,DelRio,15,28,Local vs PRISM,131.33179188574076,-131.26179077314814,131.26179077314814
HeadM211_DaysToHeading,DelRio,15,29,Local vs PRISM,136.69565635331915,-136.62548704814813,136.62548704814813
HeadM211_DaysToHeading,DelRio,15,30,Local vs PRISM,142.32303139999772,-142.25620867037037,142.25620867037037
HeadM211_DaysToHeading,DelRio,15,31,Local vs PRISM,148.23526902228448,-148.16839709444446,148.16839709444446
HeadM211_DaysToHeading,DelRio,15,32,Local vs PRISM,154.42948164453057,-154.36716482685185,154.36716482685185
HeadM211_DaysToHeading,DelRio,15,33,Local vs PRISM,160.58297725844116,-160.52381805370374,160.52381805370374
HeadM211_DaysToHeading,DelRio,15,34,Local vs PRISM,166.32826524998976,-166.27099100925926,166.27099100925926
HeadM211_DaysToHeading,DelRio,15,35,Local vs PRISM,171.88704187128926,-171.82908022962962,171.82908022962962
HeadM211_DaysToHeading,DelRio,15,36,Local vs PRISM,176.56415685934783,-176.50278261111112,176.50278261111112
HeadM211_DaysToHeading,DelRio,15,37,Local vs PRISM,180.65488353880863,-180.58454287685186,180.58454287685186
HeadM211_DaysToHeading,DelRio,15,38,Local vs PRISM,183.3686122884582,-183.30995185462962,183.30995185462962
HeadM211_DaysToHeading,DelRio,15,39,Local vs PRISM,184.77960527648744,-184.73566564166669,184.73566564166669
HeadM211_DaysToHeading,DelRio,15,40,Local vs PRISM,185.24822097432912,-185.2012528453704,185.2012528453704
HeadM211_DaysToHeading,DelRio,16,25,Local vs PRISM,82.34003929088988,-81.72693789537038,81.72693789537038
HeadM211_DaysToHeading,DelRio,16,26,Local vs PRISM,85.86302339586578,-85.22693789537038,85.22693789537038
HeadM211_DaysToHeading,DelRio,16,27,Local vs PRISM,89.38606623107447,-88.72693789537038,88.72693789537038
HeadM211_DaysToHeading,DelRio,16,28,Local vs PRISM,92.9091611155025,-92.22693789537038,92.22693789537038
HeadM211_DaysToHeading,DelRio,16,29,Local vs PRISM,96.59973563154985,-95.92138233981483,95.92138233981483
HeadM211_DaysToHeading,DelRio,16,30,Local vs PRISM,100.42161218887983,-99.75891897500001,99.75891897500001
HeadM211_DaysToHeading,DelRio,16,31,Local vs PRISM,104.3946767824945,-103.7404004564815,103.7404004564815
HeadM211_DaysToHeading,DelRio,16,32,Local vs PRISM,108.45204675263315,-107.79285031851853,107.79285031851853
HeadM211_DaysToHeading,DelRio,16,33,Local vs PRISM,112.46889835452187,-111.79285031851853,111.79285031851853
HeadM211_DaysToHeading,DelRio,16,34,Local vs PRISM,116.6359144292903,-115.95951698518519,115.95951698518519
HeadM211_DaysToHeading,DelRio,16,35,Local vs PRISM,120.94108225887783,-120.2449861814815,120.2449861814815
HeadM211_DaysToHeading,DelRio,16,36,Local vs PRISM,124.78177292377197,-124.0380059351852,124.0380059351852
HeadM211_DaysToHeading,DelRio,16,37,Local vs PRISM,128.1474556155128,-127.36223937870373,127.36223937870373
HeadM211_DaysToHeading,DelRio,16,38,Local vs PRISM,130.5135563246786,-129.63586613425926,129.63586613425926
HeadM211_DaysToHeading,DelRio,16,39,Local vs PRISM,132.0502579335113,-131.0615799212963,131.0615799212963
HeadM211_DaysToHeading,DelRio,16,40,Local vs PRISM,132.67794309787175,-131.66645125462964,131.66645125462964
HeadM211_DaysToHeading,DelRio,17,25,Local vs PRISM,87.47363507232777,-85.1799164537037,85.1799164537037
HeadM211_DaysToHeading,DelRio,17,26,Local vs PRISM,91.23688891849122,-88.84658312037037,88.84658312037037
HeadM211_DaysToHeading,DelRio,17,27,Local vs PRISM,95.00019105042249,-92.51324978703704,92.51324978703704
HeadM211_DaysToHeading,DelRio,17,28,Local vs PRISM,98.76353594845504,-96.1799164537037,96.1799164537037
HeadM211_DaysToHeading,DelRio,17,29,Local vs PRISM,102.52691890328171,-99.84658312037037,99.84658312037037
HeadM211_DaysToHeading,DelRio,17,30,Local vs PRISM,106.23609942481968,-103.46729953333333,103.46729953333333
HeadM211_DaysToHeading,DelRio,17,31,Local vs PRISM,109.8029724907434,-106.96729953333333,106.96729953333333
HeadM211_DaysToHeading,DelRio,17,32,Local vs PRISM,113.3700873890716,-110.46729953333333,110.46729953333333
HeadM211_DaysToHeading,DelRio,17,33,Local vs PRISM,116.9374219888933,-113.96729953333333,113.96729953333333
HeadM211_DaysToHeading,DelRio,17,34,Local vs PRISM,120.5584853084383,-117.51359582962962,117.51359582962962
HeadM211_DaysToHeading,DelRio,17,35,Local vs PRISM,124.31781900105653,-121.18877880833332,121.18877880833332
HeadM211_DaysToHeading,DelRio,17,36,Local vs PRISM,127.68018500078782,-124.51856192962963,124.51856192962963
HeadM211_DaysToHeading,DelRio,17,37,Local vs PRISM,130.29602575064186,-127.18899433796297,127.18899433796297
HeadM211_DaysToHeading,DelRio,17,38,Local vs PRISM,131.93087602620233,-128.88522151759258,128.88522151759258
HeadM211_DaysToHeading,DelRio,17,39,Local vs PRISM,133.1817116109835,-130.20421914722223,130.20421914722223
HeadM211_DaysToHeading,DelRio,17,40,Local vs PRISM,133.78063642637943,-130.92020159166668,130.92020159166668
HeadM211_DaysToHeading,DelRio,18,25,Local vs PRISM,57.19064411670181,-51.46456527777778,51.46456527777778
HeadM211_DaysToHeading,DelRio,18,26,Local vs PRISM,59.588450638866654,-53.63123194444445,53.63123194444445
HeadM211_DaysToHeading,DelRio,18,27,Local vs PRISM,61.98626561261821,-55.797898611111115,55.797898611111115
HeadM211_DaysToHeading,DelRio,18,28,Local vs PRISM,64.38408809368556,-57.96456527777778,57.96456527777778
HeadM211_DaysToHeading,DelRio,18,29,Local vs PRISM,66.78191727341219,-60.13123194444445,60.13123194444445
HeadM211_DaysToHeading,DelRio,18,30,Local vs PRISM,69.1797524552544,-62.297898611111115,62.297898611111115
HeadM211_DaysToHeading,DelRio,18,31,Local vs PRISM,71.57759303600314,-64.46456527777778,64.46456527777778
HeadM211_DaysToHeading,DelRio,18,32,Local vs PRISM,73.97543849065778,-66.63123194444445,66.63123194444445
HeadM211_DaysToHeading,DelRio,18,33,Local vs PRISM,76.37328836014919,-68.79789861111112,68.79789861111112
HeadM211_DaysToHeading,DelRio,18,34,Local vs PRISM,78.77114224130501,-70.96456527777778,70.96456527777778
HeadM211_DaysToHeading,DelRio,18,35,Local vs PRISM,81.05673875452929,-72.99498176666667,72.99498176666667
HeadM211_DaysToHeading,DelRio,18,36,Local vs PRISM,83.2362782065329,-74.89499855092593,74.89499855092593
HeadM211_DaysToHeading,DelRio,18,37,Local vs PRISM,84.91675360794476,-76.30348141944445,76.30348141944445
HeadM211_DaysToHeading,DelRio,18,38,Local vs PRISM,86.29047680880072,-77.47014808611111,77.47014808611111
HeadM211_DaysToHeading,DelRio,18,39,Local vs PRISM,87.40831496372803,-78.46078109537038,78.46078109537038
HeadM211_DaysToHeading,DelRio,18,40,Local vs PRISM,87.88952423426583,-78.99568049351853,78.99568049351853
HeadM211_DaysToHeading,DelRio,19,25,Local vs PRISM,21.407396914604888,-12.359566371296296,12.359566371296296
HeadM211_DaysToHeading,DelRio,19,26,Local vs PRISM,22.273422318389326,-12.859566371296296,12.859566371296296
HeadM211_DaysToHeading,DelRio,19,27,Local vs PRISM,23.139447722173763,-13.359566371296296,13.359566371296296
HeadM211_DaysToHeading,DelRio,19,28,Local vs PRISM,24.005473125958204,-13.859566371296296,13.859566371296296
HeadM211_DaysToHeading,DelRio,19,29,Local vs PRISM,24.87149852974264,-14.359566371296296,14.359566371296296
HeadM211_DaysToHeading,DelRio,19,30,Local vs PRISM,25.73752393352708,-14.859566371296296,14.859566371296296
HeadM211_DaysToHeading,DelRio,19,31,Local vs PRISM,26.60354933731152,-15.359566371296296,15.359566371296296
HeadM211_DaysToHeading,DelRio,19,32,Local vs PRISM,27.469574741095958,-15.859566371296296,15.859566371296296
HeadM211_DaysToHeading,DelRio,19,33,Local vs PRISM,28.335600144880395,-16.359566371296296,16.359566371296296
HeadM211_DaysToHeading,DelRio,19,34,Local vs PRISM,29.201625548664836,-16.859566371296296,16.859566371296296
HeadM211_DaysToHeading,DelRio,19,35,Local vs PRISM,30.067650952449274,-17.359566371296296,17.359566371296296
HeadM211_DaysToHeading,DelRio,19,36,Local vs PRISM,30.93367635623371,-17.859566371296296,17.859566371296296
HeadM211_DaysToHeading,DelRio,19,37,Local vs PRISM,31.573697487151136,-18.229082743518518,18.229082743518518
HeadM211_DaysToHeading,DelRio,19,38,Local vs PRISM,32.15104775634076,-18.56241607685185,18.56241607685185
HeadM211_DaysToHeading,DelRio,19,39,Local vs PRISM,32.44093531046337,-18.72978273425926,18.72978273425926
HeadM211_DaysToHeading,DelRio,19,40,Local vs PRISM,32.44093531046337,-18.72978273425926,18.72978273425926
HeadM211_DaysToHeading,DelRio,20,25,Local vs PRISM,7.243753902827297,-4.1821832657407425,4.1821832657407425
HeadM211_DaysToHeading,DelRio,20,26,Local vs PRISM,7.53242903742211,-4.348849932407409,4.348849932407409
HeadM211_DaysToHeading,DelRio,20,27,Local vs PRISM,7.8211041720169225,-4.5155165990740755,4.5155165990740755
HeadM211_DaysToHeading,DelRio,20,28,Local vs PRISM,8.109779306611737,-4.6821832657407425,4.6821832657407425
HeadM211_DaysToHeading,DelRio,20,29,Local vs PRISM,8.398454441206548,-4.848849932407409,4.848849932407409
HeadM211_DaysToHeading,DelRio,20,30,Local vs PRISM,8.687129575801361,-5.0155165990740755,5.0155165990740755
HeadM211_DaysToHeading,DelRio,20,31,Local vs PRISM,8.975804710396174,-5.1821832657407425,5.1821832657407425
HeadM211_DaysToHeading,DelRio,20,32,Local vs PRISM,9.264479844990987,-5.348849932407409,5.348849932407409
HeadM211_DaysToHeading,DelRio,20,33,Local vs PRISM,9.5531549795858,-5.5155165990740755,5.5155165990740755
HeadM211_DaysToHeading,DelRio,20,34,Local vs PRISM,9.841830114180613,-5.6821832657407425,5.6821832657407425
HeadM211_DaysToHeading,DelRio,20,35,Local vs PRISM,10.130505248775426,-5.848849932407409,5.848849932407409
HeadM211_DaysToHeading,DelRio,20,36,Local vs PRISM,10.41918038337024,-6.0155165990740755,6.0155165990740755
HeadM211_DaysToHeading,DelRio,20,37,Local vs PRISM,10.481851245098035,-6.051699637962964,6.051699637962964
HeadM211_DaysToHeading,DelRio,20,38,Local vs PRISM,10.481851245098035,-6.051699637962964,6.051699637962964
HeadM211_DaysToHeading,DelRio,20,39,Local vs PRISM,10.481851245098035,-6.051699637962964,6.051699637962964
HeadM211_DaysToHeading,DelRio,20,40,Local vs PRISM,10.481851245098035,-6.051699637962964,6.051699637962964
HeadM211_DaysToHeading,ErdmanGallagher,10,25,Local vs PRISM,57.829364173377,51.44701554920636,51.44701554920636
HeadM211_DaysToHeading,ErdmanGallagher,10,26,Local vs PRISM,59.06542408733929,52.21632232341268,52.21632232341268
HeadM211_DaysToHeading,ErdmanGallagher,10,27,Local vs PRISM,60.683622602472646,53.22325136031744,53.22325136031744
HeadM211_DaysToHeading,ErdmanGallagher,10,28,Local vs PRISM,61.63718570582106,53.78880174523805,53.78880174523805
HeadM211_DaysToHeading,ErdmanGallagher,10,29,Local vs PRISM,61.18894701029587,53.02158055119043,53.02158055119043
HeadM211_DaysToHeading,ErdmanGallagher,10,30,Local vs PRISM,59.496042205625976,50.87859453571423,50.87859453571423
HeadM211_DaysToHeading,ErdmanGallagher,10,31,Local vs PRISM,57.4921801296758,48.06779353214282,48.06779353214282
HeadM211_DaysToHeading,ErdmanGallagher,10,32,Local vs PRISM,54.0078480941623,42.858452376587266,42.858452376587266
HeadM211_DaysToHeading,ErdmanGallagher,10,33,Local vs PRISM,50.65660619239731,34.899929140079394,37.21535796309526
HeadM211_DaysToHeading,ErdmanGallagher,10,34,Local vs PRISM,47.95287218887421,25.087588876190434,34.119683892063485
HeadM211_DaysToHeading,ErdmanGallagher,10,35,Local vs PRISM,48.24701035521712,15.671966726984108,40.08628390793654
HeadM211_DaysToHeading,ErdmanGallagher,10,36,Local vs PRISM,49.81313314361383,7.181904367460382,44.82019080634921
HeadM211_DaysToHeading,ErdmanGallagher,10,37,Local vs PRISM,51.15665561410108,0.552638965476165,47.47608385119046
HeadM211_DaysToHeading,ErdmanGallagher,10,38,Local vs PRISM,52.058120257266694,-3.845570356349234,48.937445788095275
HeadM211_DaysToHeading,ErdmanGallagher,10,39,Local vs PRISM,52.220855713328156,-6.469444348412708,49.40615785158733
HeadM211_DaysToHeading,ErdmanGallagher,10,40,Local vs PRISM,52.17033695525034,-7.830623030952373,49.437550208730144
HeadM211_DaysToHeading,ErdmanGallagher,11,25,Local vs PRISM,84.04332562270218,71.1336050436508,71.1336050436508
HeadM211_DaysToHeading,ErdmanGallagher,11,26,Local vs PRISM,86.64626366618873,72.78922675793648,72.78922675793648
HeadM211_DaysToHeading,ErdmanGallagher,11,27,Local vs PRISM,89.44006008441586,74.48725559960319,74.48725559960319
HeadM211_DaysToHeading,ErdmanGallagher,11,28,Local vs PRISM,91.43978753463819,75.67909005436506,75.67909005436506
HeadM211_DaysToHeading,ErdmanGallagher,11,29,Local vs PRISM,91.80205057613087,75.40976324603176,75.40976324603176
HeadM211_DaysToHeading,ErdmanGallagher,11,30,Local vs PRISM,90.65015499233859,73.57791293134915,73.57791293134915
HeadM211_DaysToHeading,ErdmanGallagher,11,31,Local vs PRISM,88.80044441147679,70.87275465515872,70.87275465515872
HeadM211_DaysToHeading,ErdmanGallagher,11,32,Local vs PRISM,85.04850741379906,65.70201346746036,65.70201346746036
HeadM211_DaysToHeading,ErdmanGallagher,11,33,Local vs PRISM,80.44941776606514,57.689011721825445,57.689011721825445
HeadM211_DaysToHeading,ErdmanGallagher,11,34,Local vs PRISM,75.78182085059244,47.805242886507976,50.744226342063484
HeadM211_DaysToHeading,ErdmanGallagher,11,35,Local vs PRISM,72.86412258633356,38.32041438809525,46.84603306746031
HeadM211_DaysToHeading,ErdmanGallagher,11,36,Local vs PRISM,70.90921179829863,29.8303520285714,49.383766230952396
HeadM211_DaysToHeading,ErdmanGallagher,11,37,Local vs PRISM,69.25242971252894,23.201086626587312,52.039659275793575
HeadM211_DaysToHeading,ErdmanGallagher,11,38,Local vs PRISM,68.17459735663934,18.802877304761978,53.5010212126984
HeadM211_DaysToHeading,ErdmanGallagher,11,39,Local vs PRISM,67.20323576761314,16.179003312698406,53.96973327619042
HeadM211_DaysToHeading,ErdmanGallagher,11,40,Local vs PRISM,66.45956829708788,14.817824630158741,54.001125633333295
HeadM211_DaysToHeading,ErdmanGallagher,12,25,Local vs PRISM,134.36740555278996,105.87328695992065,105.87328695992065
HeadM211_DaysToHeading,ErdmanGallagher,12,26,Local vs PRISM,139.88105845753435,109.48621004880951,109.48621004880951
HeadM211_DaysToHeading,ErdmanGallagher,12,27,Local vs PRISM,144.9285308780202,112.76417444404761,112.76417444404761
HeadM211_DaysToHeading,ErdmanGallagher,12,28,Local vs PRISM,149.0719363873543,115.43623574206347,115.43623574206347
HeadM211_DaysToHeading,ErdmanGallagher,12,29,Local vs PRISM,151.4519061107984,116.53519441785717,116.53519441785717
HeadM211_DaysToHeading,ErdmanGallagher,12,30,Local vs PRISM,151.58599181585214,115.50537227460316,115.50537227460316
HeadM211_DaysToHeading,ErdmanGallagher,12,31,Local vs PRISM,150.71436109937218,113.40098508531743,113.40098508531743
HeadM211_DaysToHeading,ErdmanGallagher,12,32,Local vs PRISM,147.68128937555628,108.54832869285713,108.54832869285713
HeadM211_DaysToHeading,ErdmanGallagher,12,33,Local vs PRISM,143.47160500672416,100.8490620289683,100.8490620289683
HeadM211_DaysToHeading,ErdmanGallagher,12,34,Local vs PRISM,138.4580286303961,91.05927153055559,94.40341367182536
HeadM211_DaysToHeading,ErdmanGallagher,12,35,Local vs PRISM,134.1815505406792,81.47920720753974,88.97800150119053
HeadM211_DaysToHeading,ErdmanGallagher,12,36,Local vs PRISM,130.49081973357687,72.90858929246028,85.42886136468255
HeadM211_DaysToHeading,ErdmanGallagher,12,37,Local vs PRISM,127.34704330210444,66.27248809484122,82.8144904869047
HeadM211_DaysToHeading,ErdmanGallagher,12,38,Local vs PRISM,125.232257538883,61.87427877301587,81.71394735714281
HeadM211_DaysToHeading,ErdmanGallagher,12,39,Local vs PRISM,123.71001299256004,59.25040478095241,81.36321545238097
HeadM211_DaysToHeading,ErdmanGallagher,12,40,Local vs PRISM,122.70547831275617,57.88922609841273,81.2756077857143
HeadM211_DaysToHeading,ErdmanGallagher,13,25,Local vs PRISM,137.32949561457173,122.56947489603172,122.56947489603172
HeadM211_DaysToHeading,ErdmanGallagher,13,26,Local vs PRISM,142.9200756824861,127.2542638031746,127.2542638031746
HeadM211_DaysToHeading,ErdmanGallagher,13,27,Local vs PRISM,148.23694781000881,131.73187578769844,131.73187578769844
HeadM211_DaysToHeading,ErdmanGallagher,13,28,Local vs PRISM,153.11763192565874,135.77509804920632,135.77509804920632
HeadM211_DaysToHeading,ErdmanGallagher,13,29,Local vs PRISM,156.61408668903104,138.4414153365079,138.4414153365079
HeadM211_DaysToHeading,ErdmanGallagher,13,30,Local vs PRISM,157.88517754506864,138.99621438849206,138.99621438849206
HeadM211_DaysToHeading,ErdmanGallagher,13,31,Local vs PRISM,157.58297681506892,137.9453681313492,137.9453681313492
HeadM211_DaysToHeading,ErdmanGallagher,13,32,Local vs PRISM,154.6997586170345,133.9806867765873,133.9806867765873
HeadM211_DaysToHeading,ErdmanGallagher,13,33,Local vs PRISM,149.208040042185,126.49904704841273,126.49904704841273
HeadM211_DaysToHeading,ErdmanGallagher,13,34,Local vs PRISM,142.34742219646898,116.78104838134922,116.78104838134922
HeadM211_DaysToHeading,ErdmanGallagher,13,35,Local vs PRISM,135.8499954671815,107.19171977182536,107.19171977182536
HeadM211_DaysToHeading,ErdmanGallagher,13,36,Local vs PRISM,130.12528569743876,98.61760979325395,98.61760979325395
HeadM211_DaysToHeading,ErdmanGallagher,13,37,Local vs PRISM,125.56380929784827,92.00964351626988,92.00964351626988
HeadM211_DaysToHeading,ErdmanGallagher,13,38,Local vs PRISM,122.5303142260629,87.62481996706347,87.80486802182536
HeadM211_DaysToHeading,ErdmanGallagher,13,39,Local vs PRISM,120.56382570366252,85.00094597500002,86.02085085515874
HeadM211_DaysToHeading,ErdmanGallagher,13,40,Local vs PRISM,119.40122942039952,83.6397672924603,85.51240291865076
HeadM211_DaysToHeading,ErdmanGallagher,14,25,Local vs PRISM,163.92923323165198,140.16859907182538,140.16859907182538
HeadM211_DaysToHeading,ErdmanGallagher,14,26,Local vs PRISM,170.82572357111616,145.80385310238094,145.80385310238094
HeadM211_DaysToHeading,ErdmanGallagher,14,27,Local vs PRISM,177.45679866838583,151.20625873690474,151.20625873690474
HeadM211_DaysToHeading,ErdmanGallagher,14,28,Local vs PRISM,183.63795320509007,156.1765365365079,156.1765365365079
HeadM211_DaysToHeading,ErdmanGallagher,14,29,Local vs PRISM,189.13129682126404,160.26525876865077,160.26525876865077
HeadM211_DaysToHeading,ErdmanGallagher,14,30,Local vs PRISM,193.41108716420047,163.18493837023811,163.18493837023811
HeadM211_DaysToHeading,ErdmanGallagher,14,31,Local vs PRISM,196.41049367949282,164.74774185753967,164.74774185753967
HeadM211_DaysToHeading,ErdmanGallagher,14,32,Local vs PRISM,196.52048911575966,163.0690048047619,163.0690048047619
HeadM211_DaysToHeading,ErdmanGallagher,14,33,Local vs PRISM,194.11048934567395,157.39059397579365,157.39059397579365
HeadM211_DaysToHeading,ErdmanGallagher,14,34,Local vs PRISM,190.0528537998097,149.1961303880952,149.1961303880952
HeadM211_DaysToHeading,ErdmanGallagher,14,35,Local vs PRISM,185.62562027212974,140.62134091865076,140.62134091865076
HeadM211_DaysToHeading,ErdmanGallagher,14,36,Local vs PRISM,181.3235406356846,132.5230717916667,132.5230717916667
HeadM211_DaysToHeading,ErdmanGallagher,14,37,Local vs PRISM,177.41119052564244,126.11096806626985,126.11096806626985
HeadM211_DaysToHeading,ErdmanGallagher,14,38,Local vs PRISM,174.45970116486785,121.78328704761908,122.04725455158733
HeadM211_DaysToHeading,ErdmanGallagher,14,39,Local vs PRISM,172.27876996949337,119.15900015873018,119.94639590079366
HeadM211_DaysToHeading,ErdmanGallagher,14,40,Local vs PRISM,170.91380064204165,117.79782147619049,118.75321702777781
HeadM211_DaysToHeading,ErdmanGallagher,15,25,Local vs PRISM,150.23147330372066,132.0681924920635,132.0681924920635
HeadM211_DaysToHeading,ErdmanGallagher,15,26,Local vs PRISM,156.4834108959915,137.45431953849206,137.45431953849206
HeadM211_DaysToHeading,ErdmanGallagher,15,27,Local vs PRISM,162.65487180489998,142.74374974325397,142.74374974325397
HeadM211_DaysToHeading,ErdmanGallagher,15,28,Local vs PRISM,168.59313244776794,147.84676561626983,147.84676561626983
HeadM211_DaysToHeading,ErdmanGallagher,15,29,Local vs PRISM,174.10609811595185,152.44315450515873,152.44315450515873
HeadM211_DaysToHeading,ErdmanGallagher,15,30,Local vs PRISM,179.08323588631086,156.49323402301584,156.49323402301584
HeadM211_DaysToHeading,ErdmanGallagher,15,31,Local vs PRISM,183.33425398215547,159.61340942182542,159.61340942182542
HeadM211_DaysToHeading,ErdmanGallagher,15,32,Local vs PRISM,185.16035464058425,160.03488972142856,160.03488972142856
HeadM211_DaysToHeading,ErdmanGallagher,15,33,Local vs PRISM,184.94102786129216,157.18774814761903,157.18774814761903
HeadM211_DaysToHeading,ErdmanGallagher,15,34,Local vs PRISM,182.70003629232426,151.48657918650795,151.48657918650795
HeadM211_DaysToHeading,ErdmanGallagher,15,35,Local vs PRISM,179.0454929934143,144.08838606944445,144.08838606944445
HeadM211_DaysToHeading,ErdmanGallagher,15,36,Local vs PRISM,174.85045975940932,136.54912397698413,136.54912397698413
HeadM211_DaysToHeading,ErdmanGallagher,15,37,Local vs PRISM,171.01354925759762,130.34207972103175,131.40568150833332
HeadM211_DaysToHeading,ErdmanGallagher,15,38,Local vs PRISM,168.1306006929876,126.02727739285714,128.73187965396826
HeadM211_DaysToHeading,ErdmanGallagher,15,39,Local vs PRISM,166.07840413170928,123.40299050396824,126.63102100317458
HeadM211_DaysToHeading,ErdmanGallagher,15,40,Local vs PRISM,164.90854840834086,122.04181182142857,125.43784213015873
HeadM211_DaysToHeading,ErdmanGallagher,16,25,Local vs PRISM,117.80568490129653,109.64015119920634,109.64015119920634
HeadM211_DaysToHeading,ErdmanGallagher,16,26,Local vs PRISM,122.6250137002552,114.14015119920634,114.14015119920634
HeadM211_DaysToHeading,ErdmanGallagher,16,27,Local vs PRISM,127.37025616185359,118.56959564365079,118.56959564365079
HeadM211_DaysToHeading,ErdmanGallagher,16,28,Local vs PRISM,132.06106838590483,122.93610358015871,122.93610358015871
HeadM211_DaysToHeading,ErdmanGallagher,16,29,Local vs PRISM,136.48881026736217,126.99725437380951,126.99725437380951
HeadM211_DaysToHeading,ErdmanGallagher,16,30,Local vs PRISM,140.59248964418032,130.82159171230157,130.82159171230157
HeadM211_DaysToHeading,ErdmanGallagher,16,31,Local vs PRISM,144.07034859328326,134.08452265674603,134.08452265674603
HeadM211_DaysToHeading,ErdmanGallagher,16,32,Local vs PRISM,146.41293587518896,136.09128076150793,136.09128076150793
HeadM211_DaysToHeading,ErdmanGallagher,16,33,Local vs PRISM,147.36145799925234,136.5475404107143,136.5475404107143
HeadM211_DaysToHeading,ErdmanGallagher,16,34,Local vs PRISM,146.21784702362444,134.71292703333333,134.71292703333333
HeadM211_DaysToHeading,ErdmanGallagher,16,35,Local vs PRISM,143.28562799893237,130.853173475,130.853173475
HeadM211_DaysToHeading,ErdmanGallagher,16,36,Local vs PRISM,139.1476688940823,125.59358410158728,125.59358410158728
HeadM211_DaysToHeading,ErdmanGallagher,16,37,Local vs PRISM,135.43623584047657,120.71931269999997,120.71931269999997
HeadM211_DaysToHeading,ErdmanGallagher,16,38,Local vs PRISM,132.48162406764186,117.0145746904762,117.0145746904762
HeadM211_DaysToHeading,ErdmanGallagher,16,39,Local vs PRISM,130.307621006025,114.56735935714286,114.56735935714286
HeadM211_DaysToHeading,ErdmanGallagher,16,40,Local vs PRISM,129.15069863902275,113.21073773412701,113.21073773412701
HeadM211_DaysToHeading,ErdmanGallagher,17,25,Local vs PRISM,92.21271617625025,85.16168184365078,85.16168184365078
HeadM211_DaysToHeading,ErdmanGallagher,17,26,Local vs PRISM,95.92919030805393,88.59025327222221,88.59025327222221
HeadM211_DaysToHeading,ErdmanGallagher,17,27,Local vs PRISM,99.64611566654396,92.01882470079364,92.01882470079364
HeadM211_DaysToHeading,ErdmanGallagher,17,28,Local vs PRISM,103.36344357371213,95.44739612936507,95.44739612936507
HeadM211_DaysToHeading,ErdmanGallagher,17,29,Local vs PRISM,107.00537168621496,98.77453898650792,98.77453898650792
HeadM211_DaysToHeading,ErdmanGallagher,17,30,Local vs PRISM,110.50525964713941,101.96311041507936,101.96311041507936
HeadM211_DaysToHeading,ErdmanGallagher,17,31,Local vs PRISM,113.8365710573309,104.99061041507937,104.99061041507937
HeadM211_DaysToHeading,ErdmanGallagher,17,32,Local vs PRISM,116.77799518510643,107.52514782380953,107.52514782380953
HeadM211_DaysToHeading,ErdmanGallagher,17,33,Local vs PRISM,119.37559458748292,109.56371364523811,109.56371364523811
HeadM211_DaysToHeading,ErdmanGallagher,17,34,Local vs PRISM,120.89912597973147,110.47370344246032,110.47370344246032
HeadM211_DaysToHeading,ErdmanGallagher,17,35,Local vs PRISM,120.93298215164005,109.71398691468256,109.71398691468256
HeadM211_DaysToHeading,ErdmanGallagher,17,36,Local vs PRISM,119.51258711286985,107.4724680373016,107.4724680373016
HeadM211_DaysToHeading,ErdmanGallagher,17,37,Local vs PRISM,117.48730563942651,104.63861470357142,104.63861470357142
HeadM211_DaysToHeading,ErdmanGallagher,17,38,Local vs PRISM,115.4313554485356,101.96164941944446,101.96164941944446
HeadM211_DaysToHeading,ErdmanGallagher,17,39,Local vs PRISM,113.61453903645346,99.82953380039685,99.82953380039685
HeadM211_DaysToHeading,ErdmanGallagher,17,40,Local vs PRISM,112.54979389082102,98.57534061388888,98.57534061388888
HeadM211_DaysToHeading,ErdmanGallagher,18,25,Local vs PRISM,73.30950745016833,58.177991066666664,64.86697541428572
HeadM211_DaysToHeading,ErdmanGallagher,18,26,Local vs PRISM,76.21154796507619,60.46370535238095,67.43840398571427
HeadM211_DaysToHeading,ErdmanGallagher,18,27,Local vs PRISM,79.11367357629828,62.74941963809523,70.00983255714286
HeadM211_DaysToHeading,ErdmanGallagher,18,28,Local vs PRISM,82.01587525045495,65.03513392380952,72.58126112857143
HeadM211_DaysToHeading,ErdmanGallagher,18,29,Local vs PRISM,84.88915014019614,67.25207836825396,75.08391985873016
HeadM211_DaysToHeading,ErdmanGallagher,18,30,Local vs PRISM,87.65423289020104,69.39493551111111,77.51249128730157
HeadM211_DaysToHeading,ErdmanGallagher,18,31,Local vs PRISM,90.37276179605911,71.48009424126984,79.88336430317459
HeadM211_DaysToHeading,ErdmanGallagher,18,32,Local vs PRISM,93.00750403347209,73.30248879285715,82.22956837857143
HeadM211_DaysToHeading,ErdmanGallagher,18,33,Local vs PRISM,95.49359069464397,74.9262189515873,84.42472710873015
HeadM211_DaysToHeading,ErdmanGallagher,18,34,Local vs PRISM,97.52571548763797,75.88903641190477,86.20500488650792
HeadM211_DaysToHeading,ErdmanGallagher,18,35,Local vs PRISM,99.0658357255899,76.00534358888889,87.61315341190476
HeadM211_DaysToHeading,ErdmanGallagher,18,36,Local vs PRISM,99.45374702997194,75.14227717936508,88.10310287539681
HeadM211_DaysToHeading,ErdmanGallagher,18,37,Local vs PRISM,99.26822358093672,73.67213918174603,88.3054251952381
HeadM211_DaysToHeading,ErdmanGallagher,18,38,Local vs PRISM,98.53101981528098,71.85344670674603,87.95358956230159
HeadM211_DaysToHeading,ErdmanGallagher,18,39,Local vs PRISM,97.69799904220316,70.20090879404762,87.56562296706348
HeadM211_DaysToHeading,ErdmanGallagher,18,40,Local vs PRISM,97.19947446772673,69.05066528611111,87.42237942738095
HeadM211_DaysToHeading,ErdmanGallagher,19,25,Local vs PRISM,63.68987798680586,49.720489180952384,53.14656894444445
HeadM211_DaysToHeading,ErdmanGallagher,19,26,Local vs PRISM,66.174816698,51.649060609523815,55.217997515873016
HeadM211_DaysToHeading,ErdmanGallagher,19,27,Local vs PRISM,68.65980858486809,53.57763203809524,57.28942608730159
HeadM211_DaysToHeading,ErdmanGallagher,19,28,Local vs PRISM,71.14484807535042,55.50620346666667,59.36085465873016
HeadM211_DaysToHeading,ErdmanGallagher,19,29,Local vs PRISM,73.62993034952434,57.4347748952381,61.43228323015873
HeadM211_DaysToHeading,ErdmanGallagher,19,30,Local vs PRISM,76.11505121685236,59.36334632380952,63.5037118015873
HeadM211_DaysToHeading,ErdmanGallagher,19,31,Local vs PRISM,78.60020701670865,61.291917752380954,65.57514037301587
HeadM211_DaysToHeading,ErdmanGallagher,19,32,Local vs PRISM,81.02111460022977,63.09378283174603,67.62256100793651
HeadM211_DaysToHeading,ErdmanGallagher,19,33,Local vs PRISM,83.32962533261635,64.75842568888889,69.57291815079365
HeadM211_DaysToHeading,ErdmanGallagher,19,34,Local vs PRISM,85.29988179408203,66.09199711746032,71.26061656349206
HeadM211_DaysToHeading,ErdmanGallagher,19,35,Local vs PRISM,86.72668088631346,66.91499467023809,72.54989990912698
HeadM211_DaysToHeading,ErdmanGallagher,19,36,Local vs PRISM,87.33047169063133,67.1181226484127,73.2489009031746
HeadM211_DaysToHeading,ErdmanGallagher,19,37,Local vs PRISM,87.38356337291599,66.82314326111111,73.66265167460318
HeadM211_DaysToHeading,ErdmanGallagher,19,38,Local vs PRISM,87.13341083136316,66.24984263531746,73.66420796468253
HeadM211_DaysToHeading,ErdmanGallagher,19,39,Local vs PRISM,86.70403884457858,65.54117669087302,73.5038276313492
HeadM211_DaysToHeading,ErdmanGallagher,19,40,Local vs PRISM,86.55225698298857,65.01236180992063,73.6357270361111
HeadM211_DaysToHeading,ErdmanGallagher,20,25,Local vs PRISM,44.459464957641366,35.70981354007937,39.082337575793645
HeadM211_DaysToHeading,ErdmanGallagher,20,26,Local vs PRISM,46.159489958319526,37.06695639722222,40.582337575793645
HeadM211_DaysToHeading,ErdmanGallagher,20,27,Local vs PRISM,47.85957288140352,38.424099254365075,42.082337575793645
HeadM211_DaysToHeading,ErdmanGallagher,20,28,Local vs PRISM,49.5597077660297,39.781242111507936,43.58233757579365
HeadM211_DaysToHeading,ErdmanGallagher,20,29,Local vs PRISM,51.259889441978586,41.1383849686508,45.08233757579365
HeadM211_DaysToHeading,ErdmanGallagher,20,30,Local vs PRISM,52.96011340281651,42.49552782579365,46.58233757579365
HeadM211_DaysToHeading,ErdmanGallagher,20,31,Local vs PRISM,54.66037570269909,43.852670682936505,48.08233757579365
HeadM211_DaysToHeading,ErdmanGallagher,20,32,Local vs PRISM,56.35411113609872,45.19854369880952,49.57106773452381
HeadM211_DaysToHeading,ErdmanGallagher,20,33,Local vs PRISM,58.00794642822729,46.47513100039683,50.99051217896825
HeadM211_DaysToHeading,ErdmanGallagher,20,34,Local vs PRISM,59.61955870043298,47.64342465119048,52.37007567103175
HeadM211_DaysToHeading,ErdmanGallagher,20,35,Local vs PRISM,61.152741865640145,48.69000397698413,53.7400836468254
HeadM211_DaysToHeading,ErdmanGallagher,20,36,Local vs PRISM,62.2675871677462,49.43921032619048,54.775004281746035
HeadM211_DaysToHeading,ErdmanGallagher,20,37,Local vs PRISM,62.91035563186509,49.816053217460315,55.43756145873016
HeadM211_DaysToHeading,ErdmanGallagher,20,38,Local vs PRISM,63.11342147360116,49.848818401984126,55.72675497499999
HeadM211_DaysToHeading,ErdmanGallagher,20,39,Local vs PRISM,63.100502591793855,49.69441785436508,55.88521163373016
HeadM211_DaysToHeading,ErdmanGallagher,20,40,Local vs PRISM,63.22273259701118,49.46020444166666,56.16885536388888
HeadM211_DaysToHeading,LarrabeeSheppard,10,25,Local vs PRISM,39.514983971215294,36.19326732623459,36.19326732623459
HeadM211_DaysToHeading,LarrabeeSheppard,10,26,Local vs PRISM,38.22766851330885,34.86628671882717,34.86628671882717
HeadM211_DaysToHeading,LarrabeeSheppard,10,27,Local vs PRISM,36.580998726778084,33.216466902777725,33.216466902777725
HeadM211_DaysToHeading,LarrabeeSheppard,10,28,Local vs PRISM,34.41663354545915,30.98691001574073,31.186342966358023
HeadM211_DaysToHeading,LarrabeeSheppard,10,29,Local vs PRISM,31.420855019229485,27.459632219444455,28.56653450092593
HeadM211_DaysToHeading,LarrabeeSheppard,10,30,Local vs PRISM,27.17674981613209,22.01064190925922,24.446766297530832
HeadM211_DaysToHeading,LarrabeeSheppard,10,31,Local vs PRISM,22.89619239844532,15.474386470987636,20.738942555555518
HeadM211_DaysToHeading,LarrabeeSheppard,10,32,Local vs PRISM,19.713599458998694,7.811198834876525,18.525157828086396
HeadM211_DaysToHeading,LarrabeeSheppard,10,33,Local vs PRISM,18.978287440902935,-1.4254361444444992,15.988316178395028
HeadM211_DaysToHeading,LarrabeeSheppard,10,34,Local vs PRISM,24.131344774305095,-11.404127892283972,17.424272766975314
HeadM211_DaysToHeading,LarrabeeSheppard,10,35,Local vs PRISM,33.37045644114212,-21.720982080864232,26.582662762345713
HeadM211_DaysToHeading,LarrabeeSheppard,10,36,Local vs PRISM,42.521978165048445,-30.559391113271634,35.29061313796299
HeadM211_DaysToHeading,LarrabeeSheppard,10,37,Local vs PRISM,49.14833908438814,-36.87916862561729,41.47889686388888
HeadM211_DaysToHeading,LarrabeeSheppard,10,38,Local vs PRISM,53.253350918012316,-41.10986007191362,45.46590916574077
HeadM211_DaysToHeading,LarrabeeSheppard,10,39,Local vs PRISM,55.30434002458275,-43.42086404413582,47.685135675000005
HeadM211_DaysToHeading,LarrabeeSheppard,10,40,Local vs PRISM,56.29639287869484,-44.526800158333394,48.79176298672845
HeadM211_DaysToHeading,LarrabeeSheppard,11,25,Local vs PRISM,48.45578898571723,43.36776375493829,43.36776375493829
HeadM211_DaysToHeading,LarrabeeSheppard,11,26,Local vs PRISM,47.52365830959043,42.2040608796296,42.2040608796296
HeadM211_DaysToHeading,LarrabeeSheppard,11,27,Local vs PRISM,46.20485882923152,40.69041390308641,40.69041390308641
HeadM211_DaysToHeading,LarrabeeSheppard,11,28,Local vs PRISM,44.46456118827039,38.621029896296285,38.82046284691358
HeadM211_DaysToHeading,LarrabeeSheppard,11,29,Local vs PRISM,41.85511957599152,35.156807668209844,36.263709949691325
HeadM211_DaysToHeading,LarrabeeSheppard,11,30,Local vs PRISM,38.08224245908947,29.76337291358022,32.199497301851835
HeadM211_DaysToHeading,LarrabeeSheppard,11,31,Local vs PRISM,33.90457234898464,23.262339740740725,28.78301917839503
HeadM211_DaysToHeading,LarrabeeSheppard,11,32,Local vs PRISM,29.863252196535107,15.599152104629663,26.569234450925958
HeadM211_DaysToHeading,LarrabeeSheppard,11,33,Local vs PRISM,26.30261705446002,6.362517125308664,24.032392801234614
HeadM211_DaysToHeading,LarrabeeSheppard,11,34,Local vs PRISM,26.956490013918927,-3.616174622530909,22.518362739197528
HeadM211_DaysToHeading,LarrabeeSheppard,11,35,Local vs PRISM,33.00061106696601,-13.933028811111196,24.829089295678994
HeadM211_DaysToHeading,LarrabeeSheppard,11,36,Local vs PRISM,40.756211006158836,-22.77143784351852,30.149179214506148
HeadM211_DaysToHeading,LarrabeeSheppard,11,37,Local vs PRISM,46.66519179809399,-29.09121535586418,35.551623356481485
HeadM211_DaysToHeading,LarrabeeSheppard,11,38,Local vs PRISM,50.227524640881455,-33.321906802160505,39.316413436111105
HeadM211_DaysToHeading,LarrabeeSheppard,11,39,Local vs PRISM,51.877423042324054,-35.63291077438274,41.31341772314815
HeadM211_DaysToHeading,LarrabeeSheppard,11,40,Local vs PRISM,52.60747339737836,-36.738846888580305,42.2443782262346
HeadM211_DaysToHeading,LarrabeeSheppard,12,25,Local vs PRISM,68.09729535062492,64.46019269598764,64.46019269598764
HeadM211_DaysToHeading,LarrabeeSheppard,12,26,Local vs PRISM,68.11103350618367,64.30212868518518,64.30212868518518
HeadM211_DaysToHeading,LarrabeeSheppard,12,27,Local vs PRISM,67.52840363688,63.51733657654323,63.51733657654323
HeadM211_DaysToHeading,LarrabeeSheppard,12,28,Local vs PRISM,66.33249748552784,62.03889696574068,62.03889696574068
HeadM211_DaysToHeading,LarrabeeSheppard,12,29,Local vs PRISM,63.9221062854471,59.072435828395065,59.072435828395065
HeadM211_DaysToHeading,LarrabeeSheppard,12,30,Local vs PRISM,59.438504705991164,53.94905652685183,53.94905652685183
HeadM211_DaysToHeading,LarrabeeSheppard,12,31,Local vs PRISM,53.67424259606284,47.58763438611108,47.58763438611108
HeadM211_DaysToHeading,LarrabeeSheppard,12,32,Local vs PRISM,46.942374948212056,39.962413372222144,39.962413372222144
HeadM211_DaysToHeading,LarrabeeSheppard,12,33,Local vs PRISM,38.48658231938859,30.725778392901223,31.230975218209878
HeadM211_DaysToHeading,LarrabeeSheppard,12,34,Local vs PRISM,30.28162932725464,20.7470866450617,23.09739433456788
HeadM211_DaysToHeading,LarrabeeSheppard,12,35,Local vs PRISM,25.138683139156562,10.430232456481487,19.73009090216053
HeadM211_DaysToHeading,LarrabeeSheppard,12,36,Local vs PRISM,25.925434056648303,1.5918234240740377,20.870604291357974
HeadM211_DaysToHeading,LarrabeeSheppard,12,37,Local vs PRISM,28.91544558032181,-4.727954088271569,22.418515038271583
HeadM211_DaysToHeading,LarrabeeSheppard,12,38,Local vs PRISM,31.036357840525522,-8.95864553456795,25.116462598765438
HeadM211_DaysToHeading,LarrabeeSheppard,12,39,Local vs PRISM,32.01690192143117,-11.269649506790175,26.561033219135805
HeadM211_DaysToHeading,LarrabeeSheppard,12,40,Local vs PRISM,32.44352679714541,-12.375585620987724,27.331882318518613
HeadM211_DaysToHeading,LarrabeeSheppard,13,25,Local vs PRISM,89.77750713511914,85.23513688179013,85.23513688179013
HeadM211_DaysToHeading,LarrabeeSheppard,13,26,Local vs PRISM,91.24391256367282,86.73183141666667,86.73183141666667
HeadM211_DaysToHeading,LarrabeeSheppard,13,27,Local vs PRISM,91.63212555037896,87.1146889324074,87.1146889324074
HeadM211_DaysToHeading,LarrabeeSheppard,13,28,Local vs PRISM,91.27081858448993,86.71781888611112,86.71781888611112
HeadM211_DaysToHeading,LarrabeeSheppard,13,29,Local vs PRISM,89.43373399216348,84.70962383919755,84.70962383919755
HeadM211_DaysToHeading,LarrabeeSheppard,13,30,Local vs PRISM,85.5090384025308,80.4931333342593,80.4931333342593
HeadM211_DaysToHeading,LarrabeeSheppard,13,31,Local vs PRISM,80.21981537753383,74.82340566481484,74.82340566481484
HeadM211_DaysToHeading,LarrabeeSheppard,13,32,Local vs PRISM,73.95187712213512,67.73087904382714,67.73087904382714
HeadM211_DaysToHeading,LarrabeeSheppard,13,33,Local vs PRISM,66.02970735565673,58.79403285740737,58.79403285740737
HeadM211_DaysToHeading,LarrabeeSheppard,13,34,Local vs PRISM,57.98725495775394,48.94006327253086,48.94006327253086
HeadM211_DaysToHeading,LarrabeeSheppard,13,35,Local vs PRISM,51.32299408036986,38.679153526851856,39.50584437808642
HeadM211_DaysToHeading,LarrabeeSheppard,13,36,Local vs PRISM,47.960116753821886,29.84074449444443,36.45511816604936
HeadM211_DaysToHeading,LarrabeeSheppard,13,37,Local vs PRISM,46.9050979506483,23.520966982098784,34.62020120123456
HeadM211_DaysToHeading,LarrabeeSheppard,13,38,Local vs PRISM,46.40361356746003,19.290275535802532,33.78030505802469
HeadM211_DaysToHeading,LarrabeeSheppard,13,39,Local vs PRISM,46.13222819733154,16.97927156358023,34.85332641419747
HeadM211_DaysToHeading,LarrabeeSheppard,13,40,Local vs PRISM,46.1040033910163,15.873335449382706,35.574507188888866
HeadM211_DaysToHeading,LarrabeeSheppard,14,25,Local vs PRISM,119.2806141414206,115.11884364691358,115.11884364691358
HeadM211_DaysToHeading,LarrabeeSheppard,14,26,Local vs PRISM,122.93936453878145,118.59440486512345,118.59440486512345
HeadM211_DaysToHeading,LarrabeeSheppard,14,27,Local vs PRISM,125.91243773210189,121.40595308641974,121.40595308641974
HeadM211_DaysToHeading,LarrabeeSheppard,14,28,Local vs PRISM,127.79979644605172,123.22537179290121,123.22537179290121
HeadM211_DaysToHeading,LarrabeeSheppard,14,29,Local vs PRISM,127.8307075543107,123.2134666777778,123.2134666777778
HeadM211_DaysToHeading,LarrabeeSheppard,14,30,Local vs PRISM,125.47830487624302,120.76775852222224,120.76775852222224
HeadM211_DaysToHeading,LarrabeeSheppard,14,31,Local vs PRISM,121.05185202449225,116.19548534104938,116.19548534104938
HeadM211_DaysToHeading,LarrabeeSheppard,14,32,Local vs PRISM,114.91457577559908,109.67516476574069,109.67516476574069
HeadM211_DaysToHeading,LarrabeeSheppard,14,33,Local vs PRISM,107.2584737181561,101.11563511790123,101.11563511790123
HeadM211_DaysToHeading,LarrabeeSheppard,14,34,Local vs PRISM,99.21631741041843,91.53055552901232,91.53055552901232
HeadM211_DaysToHeading,LarrabeeSheppard,14,35,Local vs PRISM,91.34587189792825,81.40014572901232,81.40014572901232
HeadM211_DaysToHeading,LarrabeeSheppard,14,36,Local vs PRISM,85.2294122460817,72.67284780771602,72.67284780771602
HeadM211_DaysToHeading,LarrabeeSheppard,14,37,Local vs PRISM,81.29223966992228,66.41785911358025,67.3518218487654
HeadM211_DaysToHeading,LarrabeeSheppard,14,38,Local vs PRISM,78.72112428359577,62.225878791358014,64.94986561111112
HeadM211_DaysToHeading,LarrabeeSheppard,14,39,Local vs PRISM,77.43435184000474,59.91487481913581,63.96830610185186
HeadM211_DaysToHeading,LarrabeeSheppard,14,40,Local vs PRISM,77.05910598652117,58.80893870493823,63.740925709876514
HeadM211_DaysToHeading,LarrabeeSheppard,15,25,Local vs PRISM,124.97051996172002,119.395251979321,119.395251979321
HeadM211_DaysToHeading,LarrabeeSheppard,15,26,Local vs PRISM,129.54314529532536,123.80682981851851,123.80682981851851
HeadM211_DaysToHeading,LarrabeeSheppard,15,27,Local vs PRISM,133.76338163543699,127.7977076141975,127.7977076141975
HeadM211_DaysToHeading,LarrabeeSheppard,15,28,Local vs PRISM,137.2475400640639,131.06277186975308,131.06277186975308
HeadM211_DaysToHeading,LarrabeeSheppard,15,29,Local vs PRISM,139.31365286713796,132.87048885000002,132.87048885000002
HeadM211_DaysToHeading,LarrabeeSheppard,15,30,Local vs PRISM,139.17491550051244,132.34429775648147,132.34429775648147
HeadM211_DaysToHeading,LarrabeeSheppard,15,31,Local vs PRISM,136.7375703280657,129.52191434814813,129.52191434814813
HeadM211_DaysToHeading,LarrabeeSheppard,15,32,Local vs PRISM,131.99978010484273,124.34534052716047,124.34534052716047
HeadM211_DaysToHeading,LarrabeeSheppard,15,33,Local vs PRISM,125.1512013362094,116.9020921996913,116.9020921996913
HeadM211_DaysToHeading,LarrabeeSheppard,15,34,Local vs PRISM,117.35382017575725,107.99776408364197,107.99776408364197
HeadM211_DaysToHeading,LarrabeeSheppard,15,35,Local vs PRISM,109.54253209152239,98.33539801574074,98.33539801574074
HeadM211_DaysToHeading,LarrabeeSheppard,15,36,Local vs PRISM,103.29486235162543,89.82495521574077,89.82495521574077
HeadM211_DaysToHeading,LarrabeeSheppard,15,37,Local vs PRISM,99.07072246396112,83.70046625555555,83.70046625555555
HeadM211_DaysToHeading,LarrabeeSheppard,15,38,Local vs PRISM,96.04695553332739,79.5814358725309,79.5814358725309
HeadM211_DaysToHeading,LarrabeeSheppard,15,39,Local vs PRISM,94.17304711468452,77.28760397129629,77.28760397129629
HeadM211_DaysToHeading,LarrabeeSheppard,15,40,Local vs PRISM,93.28626965649606,76.18166785709872,76.19970305154317
HeadM211_DaysToHeading,LarrabeeSheppard,16,25,Local vs PRISM,119.18052112897284,106.38431469660493,106.38431469660493
HeadM211_DaysToHeading,LarrabeeSheppard,16,26,Local vs PRISM,124.03269004442983,110.71638636296296,110.71638636296296
HeadM211_DaysToHeading,LarrabeeSheppard,16,27,Local vs PRISM,128.77394465008922,114.90200364691358,114.90200364691358
HeadM211_DaysToHeading,LarrabeeSheppard,16,28,Local vs PRISM,133.2593693253874,118.79388636296297,118.79388636296297
HeadM211_DaysToHeading,LarrabeeSheppard,16,29,Local vs PRISM,136.89085383954534,121.73594574999998,121.73594574999998
HeadM211_DaysToHeading,LarrabeeSheppard,16,30,Local vs PRISM,139.1485582517241,123.16999537530864,123.16999537530864
HeadM211_DaysToHeading,LarrabeeSheppard,16,31,Local vs PRISM,140.0186027177029,122.96003202932098,122.96003202932098
HeadM211_DaysToHeading,LarrabeeSheppard,16,32,Local vs PRISM,138.56941558276822,120.38111432623457,120.38111432623457
HeadM211_DaysToHeading,LarrabeeSheppard,16,33,Local vs PRISM,134.5144125109882,115.14891826111113,115.14891826111113
HeadM211_DaysToHeading,LarrabeeSheppard,16,34,Local vs PRISM,128.77625754311467,107.90222281975306,108.04977915185184
HeadM211_DaysToHeading,LarrabeeSheppard,16,35,Local vs PRISM,122.11575264159458,99.26915029660496,102.69229851265436
HeadM211_DaysToHeading,LarrabeeSheppard,16,36,Local vs PRISM,116.13947835873508,91.11971937037035,99.54812663456794
HeadM211_DaysToHeading,LarrabeeSheppard,16,37,Local vs PRISM,112.19135278214719,85.18394288672837,97.39648529228394
HeadM211_DaysToHeading,LarrabeeSheppard,16,38,Local vs PRISM,109.67712190238403,81.1318018197531,95.78557892530866
HeadM211_DaysToHeading,LarrabeeSheppard,16,39,Local vs PRISM,108.14264274714901,78.89352547407407,94.50272196234567
HeadM211_DaysToHeading,LarrabeeSheppard,16,40,Local vs PRISM,107.38741541379069,77.84095591543209,93.65765859506173
HeadM211_DaysToHeading,LarrabeeSheppard,17,25,Local vs PRISM,129.06144200341402,110.8477215506173,111.07666060123456
HeadM211_DaysToHeading,LarrabeeSheppard,17,26,Local vs PRISM,134.34934059037272,115.40945371080248,115.52728165030865
HeadM211_DaysToHeading,LarrabeeSheppard,17,27,Local vs PRISM,139.55636356713322,119.90201543919754,119.9087322675926
HeadM211_DaysToHeading,LarrabeeSheppard,17,28,Local vs PRISM,144.5837842153547,124.1795771675926,124.1795771675926
HeadM211_DaysToHeading,LarrabeeSheppard,17,29,Local vs PRISM,149.1009980312681,127.89876618425927,127.92869288919752
HeadM211_DaysToHeading,LarrabeeSheppard,17,30,Local vs PRISM,152.85980751094422,130.78122181944445,131.03337074660493
HeadM211_DaysToHeading,LarrabeeSheppard,17,31,Local vs PRISM,155.85582919844933,132.7184909802469,133.54909669753084
HeadM211_DaysToHeading,LarrabeeSheppard,17,32,Local vs PRISM,157.09907460761883,132.84089157561726,134.33400326574073
HeadM211_DaysToHeading,LarrabeeSheppard,17,33,Local vs PRISM,155.85607263085686,130.2645910030864,133.9996283919753
HeadM211_DaysToHeading,LarrabeeSheppard,17,34,Local vs PRISM,152.76186470661614,125.32507678611111,132.32017581944444
HeadM211_DaysToHeading,LarrabeeSheppard,17,35,Local vs PRISM,148.54373166030177,118.51369602222218,129.82448627098762
HeadM211_DaysToHeading,LarrabeeSheppard,17,36,Local vs PRISM,144.59568170741824,111.50376110061727,127.56314400246914
HeadM211_DaysToHeading,LarrabeeSheppard,17,37,Local vs PRISM,142.0574658159696,106.30834041604938,126.16342656728395
HeadM211_DaysToHeading,LarrabeeSheppard,17,38,Local vs PRISM,140.0687620536319,102.66678129876543,124.96310215000001
HeadM211_DaysToHeading,LarrabeeSheppard,17,39,Local vs PRISM,138.58620744859397,100.55538267530865,123.80712290925929
HeadM211_DaysToHeading,LarrabeeSheppard,17,40,Local vs PRISM,137.79064001834323,99.55836867222223,123.01761509753089
HeadM211_DaysToHeading,LarrabeeSheppard,18,25,Local vs PRISM,96.37106821550232,82.02480586172837,87.5515841722222
HeadM211_DaysToHeading,LarrabeeSheppard,18,26,Local vs PRISM,100.21586590763853,85.34055036759257,90.97843978919751
HeadM211_DaysToHeading,LarrabeeSheppard,18,27,Local vs PRISM,104.07001239010859,88.6738837009259,94.42288423364195
HeadM211_DaysToHeading,LarrabeeSheppard,18,28,Local vs PRISM,107.88884849869747,91.97971703425924,97.8398286780864
HeadM211_DaysToHeading,LarrabeeSheppard,18,29,Local vs PRISM,111.52480603413721,95.06160352407406,101.03282627901234
HeadM211_DaysToHeading,LarrabeeSheppard,18,30,Local vs PRISM,114.8056405196355,97.77260854197529,103.85494240802467
HeadM211_DaysToHeading,LarrabeeSheppard,18,31,Local vs PRISM,117.70883391694777,100.0471400604938,106.51546158086418
HeadM211_DaysToHeading,LarrabeeSheppard,18,32,Local vs PRISM,119.72489170187067,101.43794252962962,108.4199677537037
HeadM211_DaysToHeading,LarrabeeSheppard,18,33,Local vs PRISM,120.13531623280262,101.1269376941358,108.95590109166668
HeadM211_DaysToHeading,LarrabeeSheppard,18,34,Local vs PRISM,119.00129463515528,98.76529410864194,108.27524516049382
HeadM211_DaysToHeading,LarrabeeSheppard,18,35,Local vs PRISM,116.32605342063272,94.50318940432098,106.04659704259258
HeadM211_DaysToHeading,LarrabeeSheppard,18,36,Local vs PRISM,112.9080057781296,89.36483679475307,103.0053556558642
HeadM211_DaysToHeading,LarrabeeSheppard,18,37,Local vs PRISM,110.26120512067662,85.25397004845681,100.46616800030866
HeadM211_DaysToHeading,LarrabeeSheppard,18,38,Local vs PRISM,107.9447096349363,82.05312786234568,98.43400506049385
HeadM211_DaysToHeading,LarrabeeSheppard,18,39,Local vs PRISM,106.08384077685277,80.06092369259261,96.82999810679013
HeadM211_DaysToHeading,LarrabeeSheppard,18,40,Local vs PRISM,104.97005601205275,79.02925946111112,95.9118399925926
HeadM211_DaysToHeading,LarrabeeSheppard,19,25,Local vs PRISM,76.9529246502734,60.11729761080247,73.27517441388889
HeadM211_DaysToHeading,LarrabeeSheppard,19,26,Local vs PRISM,79.89232754809214,62.450630944135796,76.05295219166666
HeadM211_DaysToHeading,LarrabeeSheppard,19,27,Local vs PRISM,82.83205130386403,64.78396427746914,78.83072996944445
HeadM211_DaysToHeading,LarrabeeSheppard,19,28,Local vs PRISM,85.7720629266524,67.11729761080247,81.60850774722222
HeadM211_DaysToHeading,LarrabeeSheppard,19,29,Local vs PRISM,88.54715233235017,69.28600131450617,84.22165589537038
HeadM211_DaysToHeading,LarrabeeSheppard,19,30,Local vs PRISM,91.01199639877868,71.17115076358024,86.5512497888889
HeadM211_DaysToHeading,LarrabeeSheppard,19,31,Local vs PRISM,93.43524434543349,72.95065693641975,88.87050904814815
HeadM211_DaysToHeading,LarrabeeSheppard,19,32,Local vs PRISM,95.45686386687277,74.29639767716048,90.8410646037037
HeadM211_DaysToHeading,LarrabeeSheppard,19,33,Local vs PRISM,96.87878103113952,74.839842170679,92.26811393734567
HeadM211_DaysToHeading,LarrabeeSheppard,19,34,Local vs PRISM,97.30474204918853,74.03392797530863,92.80905159382716
HeadM211_DaysToHeading,LarrabeeSheppard,19,35,Local vs PRISM,96.76300417942882,71.84349982407407,92.29985801049384
HeadM211_DaysToHeading,LarrabeeSheppard,19,36,Local vs PRISM,95.60187806830263,68.81442634969136,91.03456242561728
HeadM211_DaysToHeading,LarrabeeSheppard,19,37,Local vs PRISM,94.58853402351956,66.17260580277778,89.84286564104939
HeadM211_DaysToHeading,LarrabeeSheppard,19,38,Local vs PRISM,93.65588246036155,63.839277212654316,88.65498170895063
HeadM211_DaysToHeading,LarrabeeSheppard,19,39,Local vs PRISM,92.90136416207008,62.26273962006173,87.68497468425927
HeadM211_DaysToHeading,LarrabeeSheppard,19,40,Local vs PRISM,92.43437232163159,61.50116603055556,87.0637590638889
HeadM211_DaysToHeading,LarrabeeSheppard,20,25,Local vs PRISM,70.25378269166383,20.835312597839504,58.61414029228395
HeadM211_DaysToHeading,LarrabeeSheppard,20,26,Local vs PRISM,72.93041440110883,21.61309037561728,60.83636251450618
HeadM211_DaysToHeading,LarrabeeSheppard,20,27,Local vs PRISM,75.6070766547731,22.390868153395058,63.0585847367284
HeadM211_DaysToHeading,LarrabeeSheppard,20,28,Local vs PRISM,78.2837663195719,23.168645931172836,65.28080695895062
HeadM211_DaysToHeading,LarrabeeSheppard,20,29,Local vs PRISM,80.96048067673065,23.946423708950615,67.50302918117283
HeadM211_DaysToHeading,LarrabeeSheppard,20,30,Local vs PRISM,83.6372173554964,24.72420148672839,69.72525140339506
HeadM211_DaysToHeading,LarrabeeSheppard,20,31,Local vs PRISM,86.31998907085769,25.471084202777774,71.97836868734568
HeadM211_DaysToHeading,LarrabeeSheppard,20,32,Local vs PRISM,88.93343302182305,26.10574469660494,74.1685847367284
HeadM211_DaysToHeading,LarrabeeSheppard,20,33,Local vs PRISM,91.38399200908789,26.48422005432099,76.1569612308642
HeadM211_DaysToHeading,LarrabeeSheppard,20,34,Local vs PRISM,93.63277329532728,26.243201535802466,77.77970814444446
HeadM211_DaysToHeading,LarrabeeSheppard,20,35,Local vs PRISM,95.45084800280925,25.02795462222222,78.7891525888889
HeadM211_DaysToHeading,LarrabeeSheppard,20,36,Local vs PRISM,96.96591628979655,23.299577949999996,79.41636881111111
HeadM211_DaysToHeading,LarrabeeSheppard,20,37,Local vs PRISM,98.25624899375231,21.523010611111104,79.84924634074075
HeadM211_DaysToHeading,LarrabeeSheppard,20,38,Local vs PRISM,99.35086553018292,19.63634831388888,80.23847305462962
HeadM211_DaysToHeading,LarrabeeSheppard,20,39,Local vs PRISM,99.91906938059117,18.161365313888883,80.40904533858026
HeadM211_DaysToHeading,LarrabeeSheppard,20,40,Local vs PRISM,100.12364207841436,17.38852629228395,80.53398430462963
HeadM211_DaysToHeading,Lauppe,10,25,Local vs PRISM,63.33457093166028,58.68054999826387,58.68054999826387
HeadM211_DaysToHeading,Lauppe,10,26,Local vs PRISM,62.56104108474664,57.65624081249997,57.65624081249997
HeadM211_DaysToHeading,Lauppe,10,27,Local vs PRISM,61.52750083823947,56.37491481388888,56.37491481388888
HeadM211_DaysToHeading,Lauppe,10,28,Local vs PRISM,60.01201633474213,54.48929042395831,54.48929042395831
HeadM211_DaysToHeading,Lauppe,10,29,Local vs PRISM,56.795222603108016,50.88449322361106,50.88449322361106
HeadM211_DaysToHeading,Lauppe,10,30,Local vs PRISM,51.768528710922176,45.54102682777773,45.54102682777773
HeadM211_DaysToHeading,Lauppe,10,31,Local vs PRISM,45.392797901713024,38.86428474444446,39.7510733222222
HeadM211_DaysToHeading,Lauppe,10,32,Local vs PRISM,38.74793779687828,30.939272369791667,34.51786754895832
HeadM211_DaysToHeading,Lauppe,10,33,Local vs PRISM,32.11234682547653,21.512644935416716,29.23506543124998
HeadM211_DaysToHeading,Lauppe,10,34,Local vs PRISM,27.83748377560513,11.771525747916627,24.144294466666707
HeadM211_DaysToHeading,Lauppe,10,35,Local vs PRISM,26.941859492424644,2.726802979166706,20.816946018055575
HeadM211_DaysToHeading,Lauppe,10,36,Local vs PRISM,29.57438249552649,-5.469376260763852,21.937881643402818
HeadM211_DaysToHeading,Lauppe,10,37,Local vs PRISM,33.55885423308861,-11.95854298923615,25.301150731597318
HeadM211_DaysToHeading,Lauppe,10,38,Local vs PRISM,36.71122191736115,-16.505687581944386,27.99196423194448
HeadM211_DaysToHeading,Lauppe,10,39,Local vs PRISM,38.28296642539559,-19.111101078472217,29.579757332638877
HeadM211_DaysToHeading,Lauppe,10,40,Local vs PRISM,39.097419997113555,-20.729752286805564,30.37095613819443
HeadM211_DaysToHeading,Lauppe,11,25,Local vs PRISM,88.1719242417492,84.01260346562498,84.01260346562498
HeadM211_DaysToHeading,Lauppe,11,26,Local vs PRISM,88.53062670171185,84.18964413437499,84.18964413437499
HeadM211_DaysToHeading,Lauppe,11,27,Local vs PRISM,88.34248517273599,83.8577431177083,83.8577431177083
HeadM211_DaysToHeading,Lauppe,11,28,Local vs PRISM,87.19149120921044,82.60413658576384,82.60413658576384
HeadM211_DaysToHeading,Lauppe,11,29,Local vs PRISM,84.0878578439228,79.45913319166661,79.45913319166661
HeadM211_DaysToHeading,Lauppe,11,30,Local vs PRISM,78.9522472646642,74.4506479989583,74.4506479989583
HeadM211_DaysToHeading,Lauppe,11,31,Local vs PRISM,72.06700646686303,68.00273076944447,68.00273076944447
HeadM211_DaysToHeading,Lauppe,11,32,Local vs PRISM,63.855040244078474,60.20271839479162,60.20271839479162
HeadM211_DaysToHeading,Lauppe,11,33,Local vs PRISM,54.235827585857216,50.85415349479169,50.85415349479169
HeadM211_DaysToHeading,Lauppe,11,34,Local vs PRISM,44.65468278911555,41.12839680833332,41.12839680833332
HeadM211_DaysToHeading,Lauppe,11,35,Local vs PRISM,35.83224487789262,32.083674039583315,32.083674039583315
HeadM211_DaysToHeading,Lauppe,11,36,Local vs PRISM,28.76916658085535,23.887494799652757,23.887494799652757
HeadM211_DaysToHeading,Lauppe,11,37,Local vs PRISM,24.70871902305536,17.398328071180515,21.03750056631941
HeadM211_DaysToHeading,Lauppe,11,38,Local vs PRISM,22.85666063867562,12.851183478472223,20.068588806250006
HeadM211_DaysToHeading,Lauppe,11,39,Local vs PRISM,21.86190911960076,10.245769981944392,19.162498586805526
HeadM211_DaysToHeading,Lauppe,11,40,Local vs PRISM,21.505859682212144,8.627118773611045,19.236835663194398
HeadM211_DaysToHeading,Lauppe,12,25,Local vs PRISM,125.35345633031416,121.28555153923608,121.28555153923608
HeadM211_DaysToHeading,Lauppe,12,26,Local vs PRISM,127.68869343427288,123.49813723368054,123.49813723368054
HeadM211_DaysToHeading,Lauppe,12,27,Local vs PRISM,129.12389424296464,124.78784923124998,124.78784923124998
HeadM211_DaysToHeading,Lauppe,12,28,Local vs PRISM,129.57826877788617,125.1348731756944,125.1348731756944
HeadM211_DaysToHeading,Lauppe,12,29,Local vs PRISM,127.84020601068963,123.3355185180556,123.3355185180556
HeadM211_DaysToHeading,Lauppe,12,30,Local vs PRISM,123.85753769117808,119.40301446527778,119.40301446527778
HeadM211_DaysToHeading,Lauppe,12,31,Local vs PRISM,118.10869498515072,113.83854024513892,113.83854024513892
HeadM211_DaysToHeading,Lauppe,12,32,Local vs PRISM,110.62882401782434,106.65429022326386,106.65429022326386
HeadM211_DaysToHeading,Lauppe,12,33,Local vs PRISM,101.57961386187446,97.75710577881947,97.75710577881947
HeadM211_DaysToHeading,Lauppe,12,34,Local vs PRISM,92.12655873925884,88.30519905659725,88.30519905659725
HeadM211_DaysToHeading,Lauppe,12,35,Local vs PRISM,82.96443388485463,79.34823103750004,79.34823103750004
HeadM211_DaysToHeading,Lauppe,12,36,Local vs PRISM,75.1400834637311,71.27705179756947,71.27705179756947
HeadM211_DaysToHeading,Lauppe,12,37,Local vs PRISM,69.46224317663808,64.84925973333328,64.84925973333328
HeadM211_DaysToHeading,Lauppe,12,38,Local vs PRISM,65.73605339241152,60.30211514062498,60.30211514062498
HeadM211_DaysToHeading,Lauppe,12,39,Local vs PRISM,63.451197093199866,57.6967016440972,57.6967016440972
HeadM211_DaysToHeading,Lauppe,12,40,Local vs PRISM,62.08841207783074,56.07805043576391,56.07805043576391
HeadM211_DaysToHeading,Lauppe,13,25,Local vs PRISM,137.23904618181905,132.18969595069444,132.18969595069444
HeadM211_DaysToHeading,Lauppe,13,26,Local vs PRISM,141.36366983684695,136.05002044062502,136.05002044062502
HeadM211_DaysToHeading,Lauppe,13,27,Local vs PRISM,144.74931600739984,139.08730796666669,139.08730796666669
HeadM211_DaysToHeading,Lauppe,13,28,Local vs PRISM,147.1718263558012,141.2293707739583,141.2293707739583
HeadM211_DaysToHeading,Lauppe,13,29,Local vs PRISM,147.24520710990555,141.10959323159722,141.10959323159722
HeadM211_DaysToHeading,Lauppe,13,30,Local vs PRISM,144.900715101944,138.6810889267361,138.6810889267361
HeadM211_DaysToHeading,Lauppe,13,31,Local vs PRISM,140.43042444524318,134.1346380295139,134.1346380295139
HeadM211_DaysToHeading,Lauppe,13,32,Local vs PRISM,133.76125841500522,127.36168635416665,127.36168635416665
HeadM211_DaysToHeading,Lauppe,13,33,Local vs PRISM,125.2008583014482,118.5025192347222,118.5025192347222
HeadM211_DaysToHeading,Lauppe,13,34,Local vs PRISM,116.22554743620074,109.05273056805557,109.05273056805557
HeadM211_DaysToHeading,Lauppe,13,35,Local vs PRISM,107.47406363701114,100.04360633923609,100.04360633923609
HeadM211_DaysToHeading,Lauppe,13,36,Local vs PRISM,100.15608970499318,91.94528198472223,91.94528198472223
HeadM211_DaysToHeading,Lauppe,13,37,Local vs PRISM,95.0192217894817,85.517489920486085,86.81461353784722
HeadM211_DaysToHeading,Lauppe,13,38,Local vs PRISM,91.65598459129727,80.97034532777784,84.39247981597228
HeadM211_DaysToHeading,Lauppe,13,39,Local vs PRISM,89.47605341341117,78.36493183125006,82.4913280972223
HeadM211_DaysToHeading,Lauppe,13,40,Local vs PRISM,88.06365501333474,76.74628062291671,80.99615148611113
HeadM211_DaysToHeading,Lauppe,14,25,Local vs PRISM,157.5519108438175,152.8921235649305,152.8921235649305
HeadM211_DaysToHeading,Lauppe,14,26,Local vs PRISM,163.52367662220834,158.63118410694443,158.63118410694443
HeadM211_DaysToHeading,Lauppe,14,27,Local vs PRISM,169.1688627360689,163.96617434236106,163.96617434236106
HeadM211_DaysToHeading,Lauppe,14,28,Local vs PRISM,174.12937967159615,168.66069661249998,168.66069661249998
HeadM211_DaysToHeading,Lauppe,14,29,Local vs PRISM,177.52779585904221,171.80502803402777,171.80502803402777
HeadM211_DaysToHeading,Lauppe,14,30,Local vs PRISM,178.5170452395177,172.62438111944445,172.62438111944445
HeadM211_DaysToHeading,Lauppe,14,31,Local vs PRISM,177.12904391625787,170.9667181576389,170.9667181576389
HeadM211_DaysToHeading,Lauppe,14,32,Local vs PRISM,172.93944918808225,166.29932033506944,166.29932033506944
HeadM211_DaysToHeading,Lauppe,14,33,Local vs PRISM,166.70160614779948,159.3579557888889,159.3579557888889
HeadM211_DaysToHeading,Lauppe,14,34,Local vs PRISM,159.78818981441503,151.41333635902777,151.41333635902777
HeadM211_DaysToHeading,Lauppe,14,35,Local vs PRISM,152.61710196561765,143.14844300138884,143.14844300138884
HeadM211_DaysToHeading,Lauppe,14,36,Local vs PRISM,146.19826717202614,135.3495200020833,135.3495200020833
HeadM211_DaysToHeading,Lauppe,14,37,Local vs PRISM,141.38762101580434,129.17854027187502,129.7739550392361
HeadM211_DaysToHeading,Lauppe,14,38,Local vs PRISM,137.95632907325708,124.76549563958334,127.48592127777776
HeadM211_DaysToHeading,Lauppe,14,39,Local vs PRISM,135.5935830859736,122.19711951458335,125.62180693055556
HeadM211_DaysToHeading,Lauppe,14,40,Local vs PRISM,133.98132295277802,120.57846830625003,124.12663031944446
HeadM211_DaysToHeading,Lauppe,15,25,Local vs PRISM,159.94114213592943,153.15936244930555,153.15936244930555
HeadM211_DaysToHeading,Lauppe,15,26,Local vs PRISM,166.41732218061614,159.35811109930557,159.35811109930557
HeadM211_DaysToHeading,Lauppe,15,27,Local vs PRISM,172.62977567922982,165.22335138333335,165.22335138333335
HeadM211_DaysToHeading,Lauppe,15,28,Local vs PRISM,178.4659888794655,170.70349867256948,170.70349867256948
HeadM211_DaysToHeading,Lauppe,15,29,Local vs PRISM,183.37949486056783,175.25455305625,175.25455305625
HeadM211_DaysToHeading,Lauppe,15,30,Local vs PRISM,186.65509470781282,178.07046988680554,178.07046988680554
HeadM211_DaysToHeading,Lauppe,15,31,Local vs PRISM,188.32477333122887,179.19619359166666,179.19619359166666
HeadM211_DaysToHeading,Lauppe,15,32,Local vs PRISM,187.50524044340793,177.7073627392361,177.7073627392361
HeadM211_DaysToHeading,Lauppe,15,33,Local vs PRISM,184.40788223711667,173.82862718402777,173.82862718402777
HeadM211_DaysToHeading,Lauppe,15,34,Local vs PRISM,179.89562652376534,168.4885961611111,168.4885961611111
HeadM211_DaysToHeading,Lauppe,15,35,Local vs PRISM,174.47745700207741,162.2001415027778,162.2001415027778
HeadM211_DaysToHeading,Lauppe,15,36,Local vs PRISM,169.11201062057918,155.78489320138885,155.78489320138885
HeadM211_DaysToHeading,Lauppe,15,37,Local vs PRISM,164.659704288981,150.25020712118055,150.25020712118055
HeadM211_DaysToHeading,Lauppe,15,38,Local vs PRISM,161.3684207276949,146.12137459999997,146.1494382368055
HeadM211_DaysToHeading,Lauppe,15,39,Local vs PRISM,159.34727192573013,143.6037484923611,144.2345738722222
HeadM211_DaysToHeading,Lauppe,15,40,Local vs PRISM,157.95639910557622,141.9850972840278,142.73939726111112
HeadM211_DaysToHeading,Lauppe,16,25,Local vs PRISM,167.28815103182313,154.60613889166666,154.60613889166666
HeadM211_DaysToHeading,Lauppe,16,26,Local vs PRISM,174.4049167600294,161.09707639166663,161.09707639166663
HeadM211_DaysToHeading,Lauppe,16,27,Local vs PRISM,181.44799250899982,167.38745833611108,167.38745833611108
HeadM211_DaysToHeading,Lauppe,16,28,Local vs PRISM,188.40679002837595,173.5724320142361,173.5724320142361
HeadM211_DaysToHeading,Lauppe,16,29,Local vs PRISM,194.88009138289198,179.26247791284723,179.26247791284723
HeadM211_DaysToHeading,Lauppe,16,30,Local vs PRISM,200.38371460445663,183.91374119062502,183.91374119062502
HeadM211_DaysToHeading,Lauppe,16,31,Local vs PRISM,205.087111450682,187.8282238420139,187.8282238420139
HeadM211_DaysToHeading,Lauppe,16,32,Local vs PRISM,208.19534591720156,190.11461288819444,190.11461288819444
HeadM211_DaysToHeading,Lauppe,16,33,Local vs PRISM,209.35934131007556,190.64381089305556,190.64381089305556
HeadM211_DaysToHeading,Lauppe,16,34,Local vs PRISM,208.96069388428563,189.70983226041668,189.70983226041668
HeadM211_DaysToHeading,Lauppe,16,35,Local vs PRISM,206.80430654348052,187.12677360659723,187.12677360659723
HeadM211_DaysToHeading,Lauppe,16,36,Local vs PRISM,203.90152378776156,183.41680870104167,183.41680870104167
HeadM211_DaysToHeading,Lauppe,16,37,Local vs PRISM,201.04094007917425,179.4290281767361,179.4290281767361
HeadM211_DaysToHeading,Lauppe,16,38,Local vs PRISM,198.66040725888232,176.043770084375,176.043770084375
HeadM211_DaysToHeading,Lauppe,16,39,Local vs PRISM,197.07845166076964,173.71210503923612,173.71210503923612
HeadM211_DaysToHeading,Lauppe,16,40,Local vs PRISM,195.9868607566897,172.10222882743054,172.10222882743054
HeadM211_DaysToHeading,Lauppe,17,25,Local vs PRISM,115.9216729698788,108.99803513090278,108.99803513090278
HeadM211_DaysToHeading,Lauppe,17,26,Local vs PRISM,120.7737749455392,113.54678513090278,113.54678513090278
HeadM211_DaysToHeading,Lauppe,17,27,Local vs PRISM,125.54202727617609,117.96216707534722,117.96216707534722
HeadM211_DaysToHeading,Lauppe,17,28,Local vs PRISM,130.2911028627892,122.35102964236111,122.35102964236111
HeadM211_DaysToHeading,Lauppe,17,29,Local vs PRISM,134.90632749543073,126.57999915208333,126.57999915208333
HeadM211_DaysToHeading,Lauppe,17,30,Local vs PRISM,139.3443485083529,130.56994298541667,130.56994298541667
HeadM211_DaysToHeading,Lauppe,17,31,Local vs PRISM,143.55031576873984,134.34907492986113,134.34907492986113
HeadM211_DaysToHeading,Lauppe,17,32,Local vs PRISM,146.9593602156531,137.30640147604166,137.30640147604166
HeadM211_DaysToHeading,Lauppe,17,33,Local vs PRISM,149.13589933226862,139.11290568437502,139.11290568437502
HeadM211_DaysToHeading,Lauppe,17,34,Local vs PRISM,150.19248225346715,139.81576611284723,139.81576611284723
HeadM211_DaysToHeading,Lauppe,17,35,Local vs PRISM,150.15872538415243,139.41652189236112,139.41652189236112
HeadM211_DaysToHeading,Lauppe,17,36,Local vs PRISM,148.91525192597143,137.5529454652778,137.5529454652778
HeadM211_DaysToHeading,Lauppe,17,37,Local vs PRISM,147.33667258855368,135.18488965381945,135.18488965381945
HeadM211_DaysToHeading,Lauppe,17,38,Local vs PRISM,145.81613777014084,132.84266809062498,132.84266809062498
HeadM211_DaysToHeading,Lauppe,17,39,Local vs PRISM,144.58459840147714,130.8940778059028,130.8940778059028
HeadM211_DaysToHeading,Lauppe,17,40,Local vs PRISM,143.70793530528846,129.47931382326388,129.47931382326388
HeadM211_DaysToHeading,Lauppe,18,25,Local vs PRISM,71.28726691568491,65.44631650659723,65.44631650659723
HeadM211_DaysToHeading,Lauppe,18,26,Local vs PRISM,74.15625191216209,68.07051789548612,68.07051789548612
HeadM211_DaysToHeading,Lauppe,18,27,Local vs PRISM,76.98535346048351,70.61089983993055,70.61089983993055
HeadM211_DaysToHeading,Lauppe,18,28,Local vs PRISM,79.8183954799413,73.1571929625,73.1571929625
HeadM211_DaysToHeading,Lauppe,18,29,Local vs PRISM,82.63705090979684,75.65719296249999,75.65719296249999
HeadM211_DaysToHeading,Lauppe,18,30,Local vs PRISM,85.4466280189243,78.15164924409723,78.15164924409723
HeadM211_DaysToHeading,Lauppe,18,31,Local vs PRISM,88.1018840291372,80.49071174409723,80.49071174409723
HeadM211_DaysToHeading,Lauppe,18,32,Local vs PRISM,90.55011228375066,82.5789409107639,82.5789409107639
HeadM211_DaysToHeading,Lauppe,18,33,Local vs PRISM,92.57924052369266,84.15296868854168,84.15296868854168
HeadM211_DaysToHeading,Lauppe,18,34,Local vs PRISM,94.14754452550834,85.17088538368056,85.17088538368056
HeadM211_DaysToHeading,Lauppe,18,35,Local vs PRISM,95.19859481834085,85.60069791041667,85.60069791041667
HeadM211_DaysToHeading,Lauppe,18,36,Local vs PRISM,95.18253059137056,84.81964926493056,84.81964926493056
HeadM211_DaysToHeading,Lauppe,18,37,Local vs PRISM,94.525810209816,83.37224867777778,83.37224867777778
HeadM211_DaysToHeading,Lauppe,18,38,Local vs PRISM,93.73995699072408,81.79096772152778,81.79096772152778
HeadM211_DaysToHeading,Lauppe,18,39,Local vs PRISM,92.88995452918705,80.31644607222222,80.31644607222222
HeadM211_DaysToHeading,Lauppe,18,40,Local vs PRISM,92.13990376167484,79.09133291597222,79.09133291597222
HeadM211_DaysToHeading,Lauppe,19,25,Local vs PRISM,51.21836135522738,43.541459045138886,43.541459045138886
HeadM211_DaysToHeading,Lauppe,19,26,Local vs PRISM,53.20829125456177,45.228959045138886,45.228959045138886
HeadM211_DaysToHeading,Lauppe,19,27,Local vs PRISM,55.18864369413663,46.89434098958333,46.89434098958333
HeadM211_DaysToHeading,Lauppe,19,28,Local vs PRISM,57.1514243046672,48.51458404513888,48.51458404513888
HeadM211_DaysToHeading,Lauppe,19,29,Local vs PRISM,59.11353811333247,50.07708404513888,50.07708404513888
HeadM211_DaysToHeading,Lauppe,19,30,Local vs PRISM,61.07845217791586,51.6440403267361,51.6440403267361
HeadM211_DaysToHeading,Lauppe,19,31,Local vs PRISM,63.04350602576334,53.226401437847215,53.26532193854166
HeadM211_DaysToHeading,Lauppe,19,32,Local vs PRISM,64.98734791622044,54.774213937847215,54.93813443854166
HeadM211_DaysToHeading,Lauppe,19,33,Local vs PRISM,66.77757469178603,56.16952643784721,56.458446938541655
HeadM211_DaysToHeading,Lauppe,19,34,Local vs PRISM,68.44716029272087,57.312894521874995,57.908342800347214
HeadM211_DaysToHeading,Lauppe,19,35,Local vs PRISM,69.89094128343943,58.0956584375,59.07332893819444
HeadM211_DaysToHeading,Lauppe,19,36,Local vs PRISM,70.69131031522434,58.02076260416666,59.49843310486111
HeadM211_DaysToHeading,Lauppe,19,37,Local vs PRISM,71.02273259305848,57.49392106215278,59.47159156284722
HeadM211_DaysToHeading,Lauppe,19,38,Local vs PRISM,71.06792434449405,56.867588896875,59.30357190868055
HeadM211_DaysToHeading,Lauppe,19,39,Local vs PRISM,70.73396431272438,56.014855042708334,58.65685030451389
HeadM211_DaysToHeading,Lauppe,19,40,Local vs PRISM,70.38393947745631,55.24898572326389,57.956743505902786
HeadM211_DaysToHeading,Lauppe,20,25,Local vs PRISM,37.602223084705685,26.767902105902778,33.22824096076389
HeadM211_DaysToHeading,Lauppe,20,26,Local vs PRISM,39.015556196786584,27.767902105902778,34.47824096076389
HeadM211_DaysToHeading,Lauppe,20,27,Local vs PRISM,40.42895088642854,28.767902105902778,35.72824096076389
HeadM211_DaysToHeading,Lauppe,20,28,Local vs PRISM,41.842400913545696,29.767902105902778,36.97824096076389
HeadM211_DaysToHeading,Lauppe,20,29,Local vs PRISM,43.25590085343881,30.767902105902778,38.22824096076389
HeadM211_DaysToHeading,Lauppe,20,30,Local vs PRISM,44.66637086683397,31.772358387500002,39.47378467916667
HeadM211_DaysToHeading,Lauppe,20,31,Local vs PRISM,45.97503054310564,32.79221949861111,40.618645790277775
HeadM211_DaysToHeading,Lauppe,20,32,Local vs PRISM,47.255740121974675,33.79221949861111,41.743645790277775
HeadM211_DaysToHeading,Lauppe,20,33,Local vs PRISM,48.5197189686736,34.779337554166666,42.85576384583333
HeadM211_DaysToHeading,Lauppe,20,34,Local vs PRISM,49.751081817951764,35.71614313819445,43.91756942986111
HeadM211_DaysToHeading,Lauppe,20,35,Local vs PRISM,50.976668151941944,36.57638619375,44.959687485416666
HeadM211_DaysToHeading,Lauppe,20,36,Local vs PRISM,51.67279923347911,36.95919869375,45.592499985416666
HeadM211_DaysToHeading,Lauppe,20,37,Local vs PRISM,52.171416283455926,37.12265016076389,46.10595145243055
HeadM211_DaysToHeading,Lauppe,20,38,Local vs PRISM,52.338420692429494,37.087814073958334,46.354440084375
HeadM211_DaysToHeading,Lauppe,20,39,Local vs PRISM,52.14030021864205,36.76214753576389,46.27877354618055
HeadM211_DaysToHeading,Lauppe,20,40,Local vs PRISM,51.828213476209925,36.38334142118055,46.09707999409722
HeadM211_DaysToHeading,Rehmann,10,25,Local vs PRISM,15.177055977862835,-0.9814870173611041,12.946680786805501
HeadM211_DaysToHeading,Rehmann,10,26,Local vs PRISM,15.058372902749651,-1.0715798979166777,12.456532229861097
HeadM211_DaysToHeading,Rehmann,10,27,Local vs PRISM,14.710325468714837,-1.5863434597222295,12.488574491666668
HeadM211_DaysToHeading,Rehmann,10,28,Local vs PRISM,14.047682449082508,-2.1351115534722283,12.205418127083334
HeadM211_DaysToHeading,Rehmann,10,29,Local vs PRISM,13.446545792917194,-4.0754052458333945,11.448930230555561
HeadM211_DaysToHeading,Rehmann,10,30,Local vs PRISM,14.287082079174798,-7.299525531249969,12.970310031250051
HeadM211_DaysToHeading,Rehmann,10,31,Local vs PRISM,16.144812008366102,-11.474980382638876,14.237107567361193
HeadM211_DaysToHeading,Rehmann,10,32,Local vs PRISM,20.390929372338785,-17.228492902777816,17.228492902777816
HeadM211_DaysToHeading,Rehmann,10,33,Local vs PRISM,26.424199773299446,-23.24267719722218,23.24267719722218
HeadM211_DaysToHeading,Rehmann,10,34,Local vs PRISM,32.8884312662933,-29.62530092638883,29.62530092638883
HeadM211_DaysToHeading,Rehmann,10,35,Local vs PRISM,38.56960904332626,-35.14339698402773,35.14339698402773
HeadM211_DaysToHeading,Rehmann,10,36,Local vs PRISM,43.31679742749696,-39.8401213048611,39.8401213048611
HeadM211_DaysToHeading,Rehmann,10,37,Local vs PRISM,46.405996623238,-43.10441061874997,43.10441061874997
HeadM211_DaysToHeading,Rehmann,10,38,Local vs PRISM,47.89378515353893,-44.65420688958329,44.65420688958329
HeadM211_DaysToHeading,Rehmann,10,39,Local vs PRISM,48.9762276543947,-45.69290351458335,45.69290351458335
HeadM211_DaysToHeading,Rehmann,10,40,Local vs PRISM,49.692125341298635,-46.5441169520833,46.5441169520833
HeadM211_DaysToHeading,Rehmann,11,25,Local vs PRISM,27.376144658563458,2.014434945833301,26.78568592638888
HeadM211_DaysToHeading,Rehmann,11,26,Local vs PRISM,28.53608881497955,1.983879475694465,27.989713846527792
HeadM211_DaysToHeading,Rehmann,11,27,Local vs PRISM,29.122207195628178,1.3824769909722079,28.79328295208333
HeadM211_DaysToHeading,Rehmann,11,28,Local vs PRISM,29.850078807563122,0.5104727520833308,29.722640413194483
HeadM211_DaysToHeading,Rehmann,11,29,Local vs PRISM,31.17712661928683,-1.7401681625000265,31.09125008194445
HeadM211_DaysToHeading,Rehmann,11,30,Local vs PRISM,32.315550506761674,-5.0909135187499714,31.846504900694526
HeadM211_DaysToHeading,Rehmann,11,31,Local vs PRISM,33.07647060984693,-9.386319919444475,31.644239402777714
HeadM211_DaysToHeading,Rehmann,11,32,Local vs PRISM,35.10904050817954,-15.139832439583358,31.644004861805513
HeadM211_DaysToHeading,Rehmann,11,33,Local vs PRISM,39.53299009965042,-21.181419508333363,33.37888958888885
HeadM211_DaysToHeading,Rehmann,11,34,Local vs PRISM,45.068137478590295,-27.56404323749996,35.607431922222304
HeadM211_DaysToHeading,Rehmann,11,35,Local vs PRISM,50.155199033347266,-33.08213929513897,37.4963100159722
HeadM211_DaysToHeading,Rehmann,11,36,Local vs PRISM,53.47681147267153,-37.77886361597217,38.48966899791657
HeadM211_DaysToHeading,Rehmann,11,37,Local vs PRISM,55.29862755927937,-41.04315292986104,41.04315292986104
HeadM211_DaysToHeading,Rehmann,11,38,Local vs PRISM,56.1860155402137,-42.59294920069448,42.59294920069448
HeadM211_DaysToHeading,Rehmann,11,39,Local vs PRISM,56.585324908545665,-43.63164582569442,43.63164582569442
HeadM211_DaysToHeading,Rehmann,11,40,Local vs PRISM,56.711416996695,-44.482859263194484,44.482859263194484
HeadM211_DaysToHeading,Rehmann,12,25,Local vs PRISM,21.636773187926796,0.7756583729166664,18.004882524305515
HeadM211_DaysToHeading,Rehmann,12,26,Local vs PRISM,22.25494293351038,0.4591306048611159,18.43929910208334
HeadM211_DaysToHeading,Rehmann,12,27,Local vs PRISM,22.431953626870207,-0.3267442201388917,18.964452272916674
HeadM211_DaysToHeading,Rehmann,12,28,Local vs PRISM,22.20564705801023,-1.6502553479166977,18.95769134652778
HeadM211_DaysToHeading,Rehmann,12,29,Local vs PRISM,22.168089811301552,-4.434160151388909,19.55884248888887
HeadM211_DaysToHeading,Rehmann,12,30,Local vs PRISM,23.26695292789726,-8.30764440833326,21.83213575694441
HeadM211_DaysToHeading,Rehmann,12,31,Local vs PRISM,24.63772341954272,-13.014050670138971,23.554787134027805
HeadM211_DaysToHeading,Rehmann,12,32,Local vs PRISM,28.45134631854759,-19.17841039513891,26.435038617361187
HeadM211_DaysToHeading,Rehmann,12,33,Local vs PRISM,34.48200219997868,-25.340344686111052,31.575048277777796
HeadM211_DaysToHeading,Rehmann,12,34,Local vs PRISM,40.65894865360479,-31.528190629861143,36.36572847847222
HeadM211_DaysToHeading,Rehmann,12,35,Local vs PRISM,46.13693037661638,-37.040211781944436,40.120931759722225
HeadM211_DaysToHeading,Rehmann,12,36,Local vs PRISM,50.554447461816885,-41.78290832500002,42.67334600277778
HeadM211_DaysToHeading,Rehmann,12,37,Local vs PRISM,53.317169581456426,-45.047197638888775,45.047197638888775
HeadM211_DaysToHeading,Rehmann,12,38,Local vs PRISM,54.661726222418956,-46.596993909722244,46.596993909722244
HeadM211_DaysToHeading,Rehmann,12,39,Local vs PRISM,55.65009421508337,-47.63569053472219,47.63569053472219
HeadM211_DaysToHeading,Rehmann,12,40,Local vs PRISM,56.19267824944418,-48.486903972222194,48.486903972222194
HeadM211_DaysToHeading,Rehmann,13,25,Local vs PRISM,96.61134036296905,-36.0896144097222,84.03605386805552
HeadM211_DaysToHeading,Rehmann,13,26,Local vs PRISM,101.19580486116865,-38.15582267083332,88.08698435138885
HeadM211_DaysToHeading,Rehmann,13,27,Local vs PRISM,105.40668460026102,-40.39779491597221,91.86576215208333
HeadM211_DaysToHeading,Rehmann,13,28,Local vs PRISM,109.6013911037584,-43.14562550000002,95.8325706555556
HeadM211_DaysToHeading,Rehmann,13,29,Local vs PRISM,113.81880954992413,-47.08817918958337,100.30965649236114
HeadM211_DaysToHeading,Rehmann,13,30,Local vs PRISM,118.59865419397761,-52.0144510652778,105.28763453194449
HeadM211_DaysToHeading,Rehmann,13,31,Local vs PRISM,122.91789346975794,-57.900476894444495,109.46180517638894
HeadM211_DaysToHeading,Rehmann,13,32,Local vs PRISM,127.91099870662644,-64.7545081388889,113.98680201250002
HeadM211_DaysToHeading,Rehmann,13,33,Local vs PRISM,133.61153171367977,-71.33494231875,119.79531156180553
HeadM211_DaysToHeading,Rehmann,13,34,Local vs PRISM,138.72360671991336,-77.68176062986112,125.09496412986113
HeadM211_DaysToHeading,Rehmann,13,35,Local vs PRISM,143.1080940526397,-83.29403160625,129.45041723541667
HeadM211_DaysToHeading,Rehmann,13,36,Local vs PRISM,146.81983589995616,-88.02201861111115,132.43184657222224
HeadM211_DaysToHeading,Rehmann,13,37,Local vs PRISM,149.2499387926561,-91.28630792499999,134.26350069027782
HeadM211_DaysToHeading,Rehmann,13,38,Local vs PRISM,150.49015612856672,-92.80592908194444,135.22954793333332
HeadM211_DaysToHeading,Rehmann,13,39,Local vs PRISM,151.56149071146353,-93.84462570694444,135.93979732222226
HeadM211_DaysToHeading,Rehmann,13,40,Local vs PRISM,151.97580019332474,-94.69583914444439,135.9145554680556
HeadM211_DaysToHeading,Rehmann,14,25,Local vs PRISM,169.65541659841307,-118.68913428611116,157.95633915972223
HeadM211_DaysToHeading,Rehmann,14,26,Local vs PRISM,178.15965800755504,-125.0237176194445,165.79092249305558
HeadM211_DaysToHeading,Rehmann,14,27,Local vs PRISM,186.71135188738876,-131.40309261944452,173.6615474930556
HeadM211_DaysToHeading,Rehmann,14,28,Local vs PRISM,195.22230176996106,-137.9339925541667,181.41142534722223
HeadM211_DaysToHeading,Rehmann,14,29,Local vs PRISM,203.7551997481381,-145.01482154166666,189.03217987222223
HeadM211_DaysToHeading,Rehmann,14,30,Local vs PRISM,212.7994986203077,-153.1579963041667,196.94928302083335
HeadM211_DaysToHeading,Rehmann,14,31,Local vs PRISM,221.33308860389292,-161.36732865416667,204.00959067499997
HeadM211_DaysToHeading,Rehmann,14,32,Local vs PRISM,229.8442235019152,-169.94360012986112,210.7521802881945
HeadM211_DaysToHeading,Rehmann,14,33,Local vs PRISM,238.53748911288696,-178.00754368680558,218.1322355645834
HeadM211_DaysToHeading,Rehmann,14,34,Local vs PRISM,246.09363197716837,-185.28095815625,224.26868109930558
HeadM211_DaysToHeading,Rehmann,14,35,Local vs PRISM,252.49055305353727,-191.4717523916667,229.37180473472222
HeadM211_DaysToHeading,Rehmann,14,36,Local vs PRISM,257.27186312106113,-196.37975320138892,232.85719202361113
HeadM211_DaysToHeading,Rehmann,14,37,Local vs PRISM,259.90186177140333,-199.60477485902774,234.66725293124998
HeadM211_DaysToHeading,Rehmann,14,38,Local vs PRISM,261.21273659719367,-201.1243960159722,235.63330017430553
HeadM211_DaysToHeading,Rehmann,14,39,Local vs PRISM,262.16689476148156,-202.16309264097225,236.34354956319447
HeadM211_DaysToHeading,Rehmann,14,40,Local vs PRISM,262.5644888678042,-203.01430607847217,236.31830770902778
HeadM211_DaysToHeading,Rehmann,15,25,Local vs PRISM,142.67897800688405,-69.28110335486112,142.3968699673611
HeadM211_DaysToHeading,Rehmann,15,26,Local vs PRISM,149.4384631549263,-72.78110335486112,149.1468699673611
HeadM211_DaysToHeading,Rehmann,15,27,Local vs PRISM,156.19386856010198,-76.28547835486111,155.8924949673611
HeadM211_DaysToHeading,Rehmann,15,28,Local vs PRISM,162.73382475664206,-80.03447836041666,162.42427275069446
HeadM211_DaysToHeading,Rehmann,15,29,Local vs PRISM,169.0513363782744,-84.29950739652777,168.7346049326389
HeadM211_DaysToHeading,Rehmann,15,30,Local vs PRISM,175.55528516745858,-89.1122947673611,175.21159527152778
HeadM211_DaysToHeading,Rehmann,15,31,Local vs PRISM,181.9605048841192,-94.13122380694443,181.5651107263889
HeadM211_DaysToHeading,Rehmann,15,32,Local vs PRISM,188.34318075572625,-99.65372905416665,187.8554387055555
HeadM211_DaysToHeading,Rehmann,15,33,Local vs PRISM,194.8209896797501,-104.85138125208334,194.26925784374998
HeadM211_DaysToHeading,Rehmann,15,34,Local vs PRISM,200.4705370124347,-109.80093356944442,199.85378787499997
HeadM211_DaysToHeading,Rehmann,15,35,Local vs PRISM,204.82465360662948,-114.13696008125,204.0673184604167
HeadM211_DaysToHeading,Rehmann,15,36,Local vs PRISM,207.934644390947,-117.8053965902778,206.9345194611111
HeadM211_DaysToHeading,Rehmann,15,37,Local vs PRISM,209.77814684018668,-120.49974086180556,208.53295281736115
HeadM211_DaysToHeading,Rehmann,15,38,Local vs PRISM,210.709869703379,-121.84162430625,209.32773684236113
HeadM211_DaysToHeading,Rehmann,15,39,Local vs PRISM,211.55397058731893,-122.88032093125,210.03798623125002
HeadM211_DaysToHeading,Rehmann,15,40,Local vs PRISM,211.6773758015538,-123.73153436874999,210.01274437708332
HeadM211_DaysToHeading,Rehmann,16,25,Local vs PRISM,81.74321860659703,7.06397104444445,66.3548330388889
HeadM211_DaysToHeading,Rehmann,16,26,Local vs PRISM,85.399395098072,7.31397104444445,69.3548330388889
HeadM211_DaysToHeading,Rehmann,16,27,Local vs PRISM,89.05565438571152,7.56397104444445,72.3548330388889
HeadM211_DaysToHeading,Rehmann,16,28,Local vs PRISM,92.49544275076373,7.745734927777775,75.20584693333333
HeadM211_DaysToHeading,Rehmann,16,29,Local vs PRISM,95.13017493801446,7.521707150000005,77.5836247111111
HeadM211_DaysToHeading,Rehmann,16,30,Local vs PRISM,97.67052672492373,7.146707150000005,79.9586247111111
HeadM211_DaysToHeading,Rehmann,16,31,Local vs PRISM,99.85082549864447,6.449901594444448,82.2137636
HeadM211_DaysToHeading,Rehmann,16,32,Local vs PRISM,102.19733508947267,5.405425318749991,84.83681501041667
HeadM211_DaysToHeading,Rehmann,16,33,Local vs PRISM,104.58144894707549,4.077647655555552,87.68278711805556
HeadM211_DaysToHeading,Rehmann,16,34,Local vs PRISM,106.83194766995524,2.4193174423611197,90.56956726736111
HeadM211_DaysToHeading,Rehmann,16,35,Local vs PRISM,108.55816876311614,0.671991147916664,92.94579682708334
HeadM211_DaysToHeading,Rehmann,16,36,Local vs PRISM,109.58782960641634,-1.525994734722218,94.91225493194446
HeadM211_DaysToHeading,Rehmann,16,37,Local vs PRISM,109.83310749429566,-3.421074959722212,95.96142424166666
HeadM211_DaysToHeading,Rehmann,16,38,Local vs PRISM,110.34626118064283,-4.741333362500001,96.984583225
HeadM211_DaysToHeading,Rehmann,16,39,Local vs PRISM,110.74764887504033,-5.8308063694444385,97.77711178750002
HeadM211_DaysToHeading,Rehmann,16,40,Local vs PRISM,110.51398648718781,-6.557019806944446,97.87686993333335
HeadM211_DaysToHeading,Rehmann,17,25,Local vs PRISM,44.04305562260406,10.057620586111112,32.30206592916666
HeadM211_DaysToHeading,Rehmann,17,26,Local vs PRISM,45.929468872052624,10.432620586111112,33.67706592916666
HeadM211_DaysToHeading,Rehmann,17,27,Local vs PRISM,47.815964626491706,10.807620586111112,35.05206592916666
HeadM211_DaysToHeading,Rehmann,17,28,Local vs PRISM,49.702533491311705,11.182620586111112,36.42706592916666
HeadM211_DaysToHeading,Rehmann,17,29,Local vs PRISM,51.42225699471139,11.403106697222226,37.74935759583333
HeadM211_DaysToHeading,Rehmann,17,30,Local vs PRISM,53.14193578926946,11.528106697222226,39.12435759583333
HeadM211_DaysToHeading,Rehmann,17,31,Local vs PRISM,54.86353219062306,11.653106697222226,40.49935759583333
HeadM211_DaysToHeading,Rehmann,17,32,Local vs PRISM,56.574735194545966,11.78232896527778,41.837079772222225
HeadM211_DaysToHeading,Rehmann,17,33,Local vs PRISM,58.03421024398163,11.746426187499997,42.891176994444436
HeadM211_DaysToHeading,Rehmann,17,34,Local vs PRISM,59.202636389317696,11.32578770694444,43.814037697222226
HeadM211_DaysToHeading,Rehmann,17,35,Local vs PRISM,59.751376978994664,10.710101629166665,44.217907609722225
HeadM211_DaysToHeading,Rehmann,17,36,Local vs PRISM,59.95127540637137,9.565990697222219,45.01090750416668
HeadM211_DaysToHeading,Rehmann,17,37,Local vs PRISM,59.606132758841035,8.298186106249993,45.45763137013889
HeadM211_DaysToHeading,Rehmann,17,38,Local vs PRISM,59.45625884481506,7.3288416249999955,45.858898581944445
HeadM211_DaysToHeading,Rehmann,17,39,Local vs PRISM,59.44117180281893,6.232868854166668,46.40792690833332
HeadM211_DaysToHeading,Rehmann,17,40,Local vs PRISM,59.09572611677947,5.445683194444442,46.44671283194444
HeadM211_DaysToHeading,Rehmann,18,25,Local vs PRISM,29.654261930015238,12.996153704166666,24.136848893055557
HeadM211_DaysToHeading,Rehmann,18,26,Local vs PRISM,30.878231839266746,13.496153704166666,25.136848893055557
HeadM211_DaysToHeading,Rehmann,18,27,Local vs PRISM,32.102260861582046,13.99615370416667,26.13684889305556
HeadM211_DaysToHeading,Rehmann,18,28,Local vs PRISM,33.32634248354623,14.49615370416667,27.13684889305556
HeadM211_DaysToHeading,Rehmann,18,29,Local vs PRISM,34.589319307489966,14.945250926388887,28.187751670833343
HeadM211_DaysToHeading,Rehmann,18,30,Local vs PRISM,35.910256431677446,15.320250926388887,29.312751670833343
HeadM211_DaysToHeading,Rehmann,18,31,Local vs PRISM,37.23300986788691,15.695250926388887,30.437751670833343
HeadM211_DaysToHeading,Rehmann,18,32,Local vs PRISM,38.54073653306362,16.091000972222226,31.542001625000005
HeadM211_DaysToHeading,Rehmann,18,33,Local vs PRISM,39.76528428798166,16.578223194444448,32.52922384722223
HeadM211_DaysToHeading,Rehmann,18,34,Local vs PRISM,40.93773257437549,16.890098194444448,33.39268230277778
HeadM211_DaysToHeading,Rehmann,18,35,Local vs PRISM,42.110752255760914,17.041084088194445,34.423224186805555
HeadM211_DaysToHeading,Rehmann,18,36,Local vs PRISM,42.98252716593425,16.64347309513889,35.28436334652778
HeadM211_DaysToHeading,Rehmann,18,37,Local vs PRISM,43.50348337152276,16.22594516111111,35.82633572499999
HeadM211_DaysToHeading,Rehmann,18,38,Local vs PRISM,43.555204836465215,15.874153277083334,35.94534983125
HeadM211_DaysToHeading,Rehmann,18,39,Local vs PRISM,43.58304607072906,15.101805589583325,36.04630843541668
HeadM211_DaysToHeading,Rehmann,18,40,Local vs PRISM,43.42265430976942,14.48586992986111,36.020094164583334
HeadM211_DaysToHeading,Rehmann,19,25,Local vs PRISM,28.530071528677997,18.817180311111112,24.1014308
HeadM211_DaysToHeading,Rehmann,19,26,Local vs PRISM,29.702194709563404,19.567180311111112,25.1014308
HeadM211_DaysToHeading,Rehmann,19,27,Local vs PRISM,30.87435440131744,20.317180311111112,26.1014308
HeadM211_DaysToHeading,Rehmann,19,28,Local vs PRISM,32.04654659758962,21.067180311111112,27.1014308
HeadM211_DaysToHeading,Rehmann,19,29,Local vs PRISM,33.23817753067249,21.766277533333337,28.152333577777775
HeadM211_DaysToHeading,Rehmann,19,30,Local vs PRISM,34.45958887586784,22.391277533333337,29.277333577777775
HeadM211_DaysToHeading,Rehmann,19,31,Local vs PRISM,35.682980332746425,23.016277533333337,30.402333577777775
HeadM211_DaysToHeading,Rehmann,19,32,Local vs PRISM,36.89931006835553,23.662027579166672,31.50658353194444
HeadM211_DaysToHeading,Rehmann,19,33,Local vs PRISM,38.071900732507714,24.412027579166672,32.506583531944436
HeadM211_DaysToHeading,Rehmann,19,34,Local vs PRISM,39.24449219000291,25.162027579166672,33.506583531944436
HeadM211_DaysToHeading,Rehmann,19,35,Local vs PRISM,40.45547340082734,25.771263690277785,34.62637519861111
HeadM211_DaysToHeading,Rehmann,19,36,Local vs PRISM,41.4290888812768,26.087374801388894,35.69248630972221
HeadM211_DaysToHeading,Rehmann,19,37,Local vs PRISM,42.12370930557262,26.41984686736112,36.48445868819444
HeadM211_DaysToHeading,Rehmann,19,38,Local vs PRISM,42.59773539949342,26.868944089583337,36.96036146597222
HeadM211_DaysToHeading,Rehmann,19,39,Local vs PRISM,42.87468749066949,26.81922186736111,37.263694799305554
HeadM211_DaysToHeading,Rehmann,19,40,Local vs PRISM,43.00794741645805,26.552111186805554,37.53080547986111
HeadM211_DaysToHeading,Rehmann,20,25,Local vs PRISM,11.74000045833333,-5.870000229166665,5.870000229166665
HeadM211_DaysToHeading,Rehmann,20,26,Local vs PRISM,12.24000045833333,-6.120000229166665,6.120000229166665
HeadM211_DaysToHeading,Rehmann,20,27,Local vs PRISM,12.74000045833333,-6.370000229166665,6.370000229166665
HeadM211_DaysToHeading,Rehmann,20,28,Local vs PRISM,13.24000045833333,-6.620000229166665,6.620000229166665
HeadM211_DaysToHeading,Rehmann,20,29,Local vs PRISM,13.841806013888885,-6.920903006944442,6.920903006944442
HeadM211_DaysToHeading,Rehmann,20,30,Local vs PRISM,14.591806013888885,-7.295903006944442,7.295903006944442
HeadM211_DaysToHeading,Rehmann,20,31,Local vs PRISM,15.341806013888885,-7.670903006944442,7.670903006944442
HeadM211_DaysToHeading,Rehmann,20,32,Local vs PRISM,16.050305922222222,-8.025152961111111,8.025152961111111
HeadM211_DaysToHeading,Rehmann,20,33,Local vs PRISM,16.550305922222222,-8.275152961111111,8.275152961111111
HeadM211_DaysToHeading,Rehmann,20,34,Local vs PRISM,17.050305922222222,-8.525152961111111,8.525152961111111
HeadM211_DaysToHeading,Rehmann,20,35,Local vs PRISM,17.550305922222222,-8.775152961111111,8.775152961111111
HeadM211_DaysToHeading,Rehmann,20,36,Local vs PRISM,18.050305922222222,-9.025152961111111,9.025152961111111
HeadM211_DaysToHeading,Rehmann,20,37,Local vs PRISM,18.296556074999998,-9.148278037499999,9.148278037499999
HeadM211_DaysToHeading,Rehmann,20,38,Local vs PRISM,18.323361630555553,-9.161680815277776,9.161680815277776
HeadM211_DaysToHeading,Rehmann,20,39,Local vs PRISM,18.67641718611111,-9.338208593055555,9.338208593055555
HeadM211_DaysToHeading,Rehmann,20,40,Local vs PRISM,19.210638547222224,-9.605319273611112,9.605319273611112
HeadM211_DaysToHeading,Schohr,10,25,Local vs PRISM,50.7259164960536,24.705776410493815,41.12986488209874
HeadM211_DaysToHeading,Schohr,10,26,Local vs PRISM,50.89725723265919,24.187829193209886,41.18038053888891
HeadM211_DaysToHeading,Schohr,10,27,Local vs PRISM,50.82499203510715,23.513666419753072,41.20235308827158
HeadM211_DaysToHeading,Schohr,10,28,Local vs PRISM,50.65351906490565,22.447101998765397,40.90614648580246
HeadM211_DaysToHeading,Schohr,10,29,Local vs PRISM,49.81635371630678,20.701717495370378,39.999930820061735
HeadM211_DaysToHeading,Schohr,10,30,Local vs PRISM,49.2977173441591,18.05759348641977,40.539119735185196
HeadM211_DaysToHeading,Schohr,10,31,Local vs PRISM,49.17739212599807,14.96337154537034,41.36710677067903
HeadM211_DaysToHeading,Schohr,10,32,Local vs PRISM,49.497709326093684,10.945010210802467,42.013509870678995
HeadM211_DaysToHeading,Schohr,10,33,Local vs PRISM,50.53719754027288,6.175394699074079,42.07312790648146
HeadM211_DaysToHeading,Schohr,10,34,Local vs PRISM,53.53255200557305,1.405908233024699,42.81271880401229
HeadM211_DaysToHeading,Schohr,10,35,Local vs PRISM,57.53238585631662,-3.8534423632716224,43.85984948364199
HeadM211_DaysToHeading,Schohr,10,36,Local vs PRISM,62.01238933485444,-8.184760514506202,46.59864763919758
HeadM211_DaysToHeading,Schohr,10,37,Local vs PRISM,65.95774312070942,-11.418649654012345,49.843451302160524
HeadM211_DaysToHeading,Schohr,10,38,Local vs PRISM,68.74863405599908,-13.569301127469139,51.575236030555594
HeadM211_DaysToHeading,Schohr,10,39,Local vs PRISM,70.40851190194492,-14.756104386728389,52.18943013549387
HeadM211_DaysToHeading,Schohr,10,40,Local vs PRISM,71.365361533979,-15.434627581172814,52.44506265092595
HeadM211_DaysToHeading,Schohr,11,25,Local vs PRISM,57.80409752525672,31.02032284537035,47.38233775092587
HeadM211_DaysToHeading,Schohr,11,26,Local vs PRISM,58.26743091153307,30.71851325524695,47.67368239290124
HeadM211_DaysToHeading,Schohr,11,27,Local vs PRISM,58.3708809176356,30.223007302160454,47.83727472561728
HeadM211_DaysToHeading,Schohr,11,28,Local vs PRISM,58.330768134412494,29.40866504814811,47.6821791790123
HeadM211_DaysToHeading,Schohr,11,29,Local vs PRISM,57.56019060476974,27.73213053209876,46.81822463703705
HeadM211_DaysToHeading,Schohr,11,30,Local vs PRISM,56.75539388126674,25.13039533333328,45.60425906604936
HeadM211_DaysToHeading,Schohr,11,31,Local vs PRISM,56.05879203645437,22.087073321604876,45.836877125308575
HeadM211_DaysToHeading,Schohr,11,32,Local vs PRISM,55.836606933696146,18.06871198703705,46.48328022530864
HeadM211_DaysToHeading,Schohr,11,33,Local vs PRISM,56.07422820193895,13.29909647530869,46.54289826111108
HeadM211_DaysToHeading,Schohr,11,34,Local vs PRISM,58.32378521383686,8.529610009259285,47.28248915864194
HeadM211_DaysToHeading,Schohr,11,35,Local vs PRISM,61.813411555438336,3.270259412962989,48.596120222839495
HeadM211_DaysToHeading,Schohr,11,36,Local vs PRISM,65.93188139853693,-1.061058738271615,52.53281919567894
HeadM211_DaysToHeading,Schohr,11,37,Local vs PRISM,69.65218819665088,-4.2949478777777585,55.598857375308654
HeadM211_DaysToHeading,Schohr,11,38,Local vs PRISM,72.29778523983173,-6.445599351234604,57.192308770370346
HeadM211_DaysToHeading,Schohr,11,39,Local vs PRISM,73.81629133088043,-7.632402610493803,57.58428065308645
HeadM211_DaysToHeading,Schohr,11,40,Local vs PRISM,74.64776528323921,-8.310925804938279,57.62357998950617
HeadM211_DaysToHeading,Schohr,12,25,Local vs PRISM,63.125070847768626,37.771888502160486,52.09987429598765
HeadM211_DaysToHeading,Schohr,12,26,Local vs PRISM,63.65198838021066,37.71768926882713,52.50824292623455
HeadM211_DaysToHeading,Schohr,12,27,Local vs PRISM,63.79021595600142,37.34255857098762,52.58770699506171
HeadM211_DaysToHeading,Schohr,12,28,Local vs PRISM,63.68075627201965,36.67808284506172,52.3603669407407
HeadM211_DaysToHeading,Schohr,12,29,Local vs PRISM,62.604695323152015,35.043992127777805,51.26959693827163
HeadM211_DaysToHeading,Schohr,12,30,Local vs PRISM,61.16518519028312,32.526198194444405,49.767391350000025
HeadM211_DaysToHeading,Schohr,12,31,Local vs PRISM,59.82581932776354,29.513592199074083,48.14645389598768
HeadM211_DaysToHeading,Schohr,12,32,Local vs PRISM,58.547461800901424,25.547791882716083,46.51526999382716
HeadM211_DaysToHeading,Schohr,12,33,Local vs PRISM,56.86143009458623,20.768494740123465,45.184626063580254
HeadM211_DaysToHeading,Schohr,12,34,Local vs PRISM,56.957661441999,15.99900827407406,45.58731562222225
HeadM211_DaysToHeading,Schohr,12,35,Local vs PRISM,58.677157434016586,10.739657677777737,46.52333519074068
HeadM211_DaysToHeading,Schohr,12,36,Local vs PRISM,61.55845600620407,6.386839468827197,47.93638744722221
HeadM211_DaysToHeading,Schohr,12,37,Local vs PRISM,64.73558419414084,3.097394773765422,49.78571271697524
HeadM211_DaysToHeading,Schohr,12,38,Local vs PRISM,67.1551318199635,0.9093667570987741,51.21578519722223
HeadM211_DaysToHeading,Schohr,12,39,Local vs PRISM,68.69839550057357,-0.2774365021604758,52.22500917932095
HeadM211_DaysToHeading,Schohr,12,40,Local vs PRISM,69.52197647941274,-0.9559596966049513,53.33212537993826
HeadM211_DaysToHeading,Schohr,13,25,Local vs PRISM,90.92790711360361,63.1423074175926,75.94838198364197
HeadM211_DaysToHeading,Schohr,13,26,Local vs PRISM,92.99893426057582,64.52920434845677,77.8908344700617
HeadM211_DaysToHeading,Schohr,13,27,Local vs PRISM,94.48363277537868,65.28411149876541,79.25517115617284
HeadM211_DaysToHeading,Schohr,13,28,Local vs PRISM,95.45724057544908,65.5036752169753,80.03646326944444
HeadM211_DaysToHeading,Schohr,13,29,Local vs PRISM,95.23041253020713,64.60536784351852,79.71093221944444
HeadM211_DaysToHeading,Schohr,13,30,Local vs PRISM,94.17191318460462,62.64003350370366,78.3121420944444
HeadM211_DaysToHeading,Schohr,13,31,Local vs PRISM,92.4603876229803,59.698503769444464,75.91640433981485
HeadM211_DaysToHeading,Schohr,13,32,Local vs PRISM,89.72415971005394,55.6789755277778,72.30362869567902
HeadM211_DaysToHeading,Schohr,13,33,Local vs PRISM,85.6848609612666,50.65889863271601,67.99531218024687
HeadM211_DaysToHeading,Schohr,13,34,Local vs PRISM,82.55625217550308,45.65401088981483,65.89646550524688
HeadM211_DaysToHeading,Schohr,13,35,Local vs PRISM,80.46233037429997,40.15188257499998,65.91762012808637
HeadM211_DaysToHeading,Schohr,13,36,Local vs PRISM,79.53942040650149,35.52128658827158,67.38622794012342
HeadM211_DaysToHeading,Schohr,13,37,Local vs PRISM,79.83956238968852,31.954064115432047,69.29110876543213
HeadM211_DaysToHeading,Schohr,13,38,Local vs PRISM,80.27566645148681,29.568937333333352,70.54605437037031
HeadM211_DaysToHeading,Schohr,13,39,Local vs PRISM,80.55055852708969,28.323492098765467,70.88666803703705
HeadM211_DaysToHeading,Schohr,13,40,Local vs PRISM,80.83219442053789,27.635709645061752,70.93522663271604
HeadM211_DaysToHeading,Schohr,14,25,Local vs PRISM,90.32374805551068,56.4202746404321,75.24101012499997
HeadM211_DaysToHeading,Schohr,14,26,Local vs PRISM,93.23744685996023,57.99064131296294,77.70026568641971
HeadM211_DaysToHeading,Schohr,14,27,Local vs PRISM,96.03527377820699,59.28160457314813,79.85991774166664
HeadM211_DaysToHeading,Schohr,14,28,Local vs PRISM,98.36225320844999,60.14858058796296,81.51084437376544
HeadM211_DaysToHeading,Schohr,14,29,Local vs PRISM,99.58848229406064,60.069378975617305,82.21948093179013
HeadM211_DaysToHeading,Schohr,14,30,Local vs PRISM,99.7011072336882,58.80266765802469,81.66669169074072
HeadM211_DaysToHeading,Schohr,14,31,Local vs PRISM,99.03941340555527,56.33782894598763,80.0261786817901
HeadM211_DaysToHeading,Schohr,14,32,Local vs PRISM,97.27016840066756,52.56515282993824,77.03316640462961
HeadM211_DaysToHeading,Schohr,14,33,Local vs PRISM,94.29295912859764,47.615637904012345,74.07296573858022
HeadM211_DaysToHeading,Schohr,14,34,Local vs PRISM,91.77592539144214,42.44434883117286,73.88585245709875
HeadM211_DaysToHeading,Schohr,14,35,Local vs PRISM,89.50096699177965,36.792942723456775,73.43900172283948
HeadM211_DaysToHeading,Schohr,14,36,Local vs PRISM,88.11902931413861,32.06975414413575,73.28405418919752
HeadM211_DaysToHeading,Schohr,14,37,Local vs PRISM,88.08407508929837,28.502443997222233,75.17650166141976
HeadM211_DaysToHeading,Schohr,14,38,Local vs PRISM,88.34042590839037,26.145072740432106,76.4036917410494
HeadM211_DaysToHeading,Schohr,14,39,Local vs PRISM,88.57953101943482,24.899627505864196,76.74430540771606
HeadM211_DaysToHeading,Schohr,14,40,Local vs PRISM,88.86308245465547,24.21184505216052,76.792864003395
HeadM211_DaysToHeading,Schohr,15,25,Local vs PRISM,110.99608834923286,72.19458458271606,93.20452924753087
HeadM211_DaysToHeading,Schohr,15,26,Local vs PRISM,115.31429530129677,75.13273456882716,96.7510125669753
HeadM211_DaysToHeading,Schohr,15,27,Local vs PRISM,119.50045313903817,77.919121104321,100.23676690987652
HeadM211_DaysToHeading,Schohr,15,28,Local vs PRISM,123.2994428242449,80.33286869999999,103.34882309320986
HeadM211_DaysToHeading,Schohr,15,29,Local vs PRISM,126.2045079962655,81.97922317962963,105.74674041481482
HeadM211_DaysToHeading,Schohr,15,30,Local vs PRISM,127.86266794526624,82.54462532407406,107.13816340123456
HeadM211_DaysToHeading,Schohr,15,31,Local vs PRISM,128.48533215312298,81.6958096632716,107.73713274351852
HeadM211_DaysToHeading,Schohr,15,32,Local vs PRISM,127.92756603537248,79.31416719320993,107.17870952037038
HeadM211_DaysToHeading,Schohr,15,33,Local vs PRISM,125.95533846408614,75.27504712901238,104.75556034135803
HeadM211_DaysToHeading,Schohr,15,34,Local vs PRISM,124.08647415703042,70.59654595740743,104.42477518148145
HeadM211_DaysToHeading,Schohr,15,35,Local vs PRISM,122.3182139655443,65.18618893611114,104.19257259351852
HeadM211_DaysToHeading,Schohr,15,36,Local vs PRISM,121.386884271827,60.35737400370374,104.17639511111109
HeadM211_DaysToHeading,Schohr,15,37,Local vs PRISM,121.27526074667479,56.617224350617285,104.6743615462963
HeadM211_DaysToHeading,Schohr,15,38,Local vs PRISM,121.31744670533476,54.14216172222221,105.02871239259257
HeadM211_DaysToHeading,Schohr,15,39,Local vs PRISM,121.45893231721865,52.820384984567845,105.14166985864195
HeadM211_DaysToHeading,Schohr,15,40,Local vs PRISM,121.63632416026681,52.077046975308654,105.13467289876543
HeadM211_DaysToHeading,Schohr,16,25,Local vs PRISM,104.20770527234208,55.24463087530862,85.40678241543209
HeadM211_DaysToHeading,Schohr,16,26,Local vs PRISM,108.36386599385405,57.63845989506171,88.80061143518517
HeadM211_DaysToHeading,Schohr,16,27,Local vs PRISM,112.4840015865734,59.9962376728395,92.15838921296296
HeadM211_DaysToHeading,Schohr,16,28,Local vs PRISM,116.46886437896828,62.14179322839507,95.33703118827161
HeadM211_DaysToHeading,Schohr,16,29,Local vs PRISM,119.97899553925664,63.72850880740741,98.07955156851851
HeadM211_DaysToHeading,Schohr,16,30,Local vs PRISM,122.78550305948258,64.49511451574075,100.11563490895063
HeadM211_DaysToHeading,Schohr,16,31,Local vs PRISM,125.23234946177757,64.35145608672842,101.66308759104942
HeadM211_DaysToHeading,Schohr,16,32,Local vs PRISM,126.93437632842608,62.78955485370372,102.14927007283951
HeadM211_DaysToHeading,Schohr,16,33,Local vs PRISM,127.98316008558525,59.72020628302468,103.04022230648145
HeadM211_DaysToHeading,Schohr,16,34,Local vs PRISM,129.16393053193443,55.75170474629628,103.83320366666665
HeadM211_DaysToHeading,Schohr,16,35,Local vs PRISM,130.2110641171403,50.79103667283952,103.9409247962963
HeadM211_DaysToHeading,Schohr,16,36,Local vs PRISM,131.54049683192298,46.244685821913585,105.7954951354938
HeadM211_DaysToHeading,Schohr,16,37,Local vs PRISM,133.12285200846216,42.63509151234567,107.69655969320988
HeadM211_DaysToHeading,Schohr,16,38,Local vs PRISM,134.37829855411977,40.14024543179012,108.95798238487652
HeadM211_DaysToHeading,Schohr,16,39,Local vs PRISM,135.26867363600402,38.80713114783953,109.36315790956786
HeadM211_DaysToHeading,Schohr,16,40,Local vs PRISM,135.77342070392524,38.06379313858028,109.46727206080243
HeadM211_DaysToHeading,Schohr,17,25,Local vs PRISM,100.25751916253212,50.37741685030865,73.75517022870369
HeadM211_DaysToHeading,Schohr,17,26,Local vs PRISM,104.23555302884232,52.5875113021605,76.6319313472222
HeadM211_DaysToHeading,Schohr,17,27,Local vs PRISM,108.19711569457195,54.78195574660495,79.49304245833332
HeadM211_DaysToHeading,Schohr,17,28,Local vs PRISM,112.06346664126607,56.8643940182099,82.27523381635802
HeadM211_DaysToHeading,Schohr,17,29,Local vs PRISM,115.6735533440168,58.61243792376544,84.84080858611111
HeadM211_DaysToHeading,Schohr,17,30,Local vs PRISM,119.11640483917145,60.06463248117285,87.23022536574074
HeadM211_DaysToHeading,Schohr,17,31,Local vs PRISM,122.37130368160331,61.0715881580247,89.28205758580248
HeadM211_DaysToHeading,Schohr,17,32,Local vs PRISM,125.02420545144534,61.07618693179014,91.14556980833332
HeadM211_DaysToHeading,Schohr,17,33,Local vs PRISM,127.29097021779144,59.89992355401237,92.92365240092592
HeadM211_DaysToHeading,Schohr,17,34,Local vs PRISM,129.34504738524063,57.49476047067901,94.47601992746912
HeadM211_DaysToHeading,Schohr,17,35,Local vs PRISM,131.27135549458072,53.61945695061732,96.29707485555554
HeadM211_DaysToHeading,Schohr,17,36,Local vs PRISM,133.23743908388494,49.58202580030863,98.11502575277778
HeadM211_DaysToHeading,Schohr,17,37,Local vs PRISM,135.23978977576368,46.1790659404321,99.96560983549382
HeadM211_DaysToHeading,Schohr,17,38,Local vs PRISM,136.71785483805695,43.80810096388885,101.85246882993827
HeadM211_DaysToHeading,Schohr,17,39,Local vs PRISM,137.7967815627059,42.548869948456776,103.23386733919752
HeadM211_DaysToHeading,Schohr,17,40,Local vs PRISM,138.41578019943086,41.7849363404321,104.2449063854938
HeadM211_DaysToHeading,Schohr,18,25,Local vs PRISM,96.93424182046161,31.62845016882715,67.22428809907407
HeadM211_DaysToHeading,Schohr,18,26,Local vs PRISM,100.69469528544391,33.005211287345674,69.8232714398148
HeadM211_DaysToHeading,Schohr,18,27,Local vs PRISM,104.45891853125687,34.394100176234566,72.43438255092592
HeadM211_DaysToHeading,Schohr,18,28,Local vs PRISM,108.21096467825427,35.74144585524692,75.03703687191357
HeadM211_DaysToHeading,Schohr,18,29,Local vs PRISM,111.90424268120147,36.86671198302469,77.49563633302468
HeadM211_DaysToHeading,Schohr,18,30,Local vs PRISM,115.54279233299333,37.90446829074074,79.80287027283948
HeadM211_DaysToHeading,Schohr,18,31,Local vs PRISM,119.09688903153669,38.78534554598765,81.90596975030863
HeadM211_DaysToHeading,Schohr,18,32,Local vs PRISM,122.52244240819834,39.23162336790123,83.7232779580247
HeadM211_DaysToHeading,Schohr,18,33,Local vs PRISM,125.62278020075088,38.96610378179014,84.76664731141976
HeadM211_DaysToHeading,Schohr,18,34,Local vs PRISM,128.55150444332114,37.68102004722222,84.9730447021605
HeadM211_DaysToHeading,Schohr,18,35,Local vs PRISM,130.9932854556112,35.016871161728396,83.98978479382717
HeadM211_DaysToHeading,Schohr,18,36,Local vs PRISM,133.41876986872748,31.716085269444434,82.73552955216047
HeadM211_DaysToHeading,Schohr,18,37,Local vs PRISM,135.6557835346432,28.61027088487655,82.72240644598764
HeadM211_DaysToHeading,Schohr,18,38,Local vs PRISM,137.30477108996823,26.5131932845679,82.64035316604937
HeadM211_DaysToHeading,Schohr,18,39,Local vs PRISM,138.42715937586962,25.325046093209853,82.42476132654319
HeadM211_DaysToHeading,Schohr,18,40,Local vs PRISM,138.80825667519636,24.56777049753085,81.79351052098762
HeadM211_DaysToHeading,Schohr,19,25,Local vs PRISM,97.31976238642602,20.02822696358024,76.47165267407408
HeadM211_DaysToHeading,Schohr,19,26,Local vs PRISM,101.06875052844616,20.91711585246913,79.47165267407408
HeadM211_DaysToHeading,Schohr,19,27,Local vs PRISM,104.81827482855445,21.80600474135802,82.47165267407408
HeadM211_DaysToHeading,Schohr,19,28,Local vs PRISM,108.56827973634694,22.69489363024691,85.47165267407408
HeadM211_DaysToHeading,Schohr,19,29,Local vs PRISM,112.30775174649432,23.55421461790123,88.44208477283951
HeadM211_DaysToHeading,Schohr,19,30,Local vs PRISM,116.02840243048607,24.397759124382713,91.3967403904321
HeadM211_DaysToHeading,Schohr,19,31,Local vs PRISM,119.64997315166617,25.145536902160494,94.25562927932098
HeadM211_DaysToHeading,Schohr,19,32,Local vs PRISM,123.22999171764542,25.566246778703707,97.04467248919754
HeadM211_DaysToHeading,Schohr,19,33,Local vs PRISM,126.57995314591881,25.502882555864197,99.51241942808643
HeadM211_DaysToHeading,Schohr,19,34,Local vs PRISM,129.6930491837037,24.851771520987644,101.56377737654321
HeadM211_DaysToHeading,Schohr,19,35,Local vs PRISM,132.44999220427266,23.345401140432084,102.98745613117285
HeadM211_DaysToHeading,Schohr,19,36,Local vs PRISM,135.09493794981714,21.190275733024677,104.13023273425925
HeadM211_DaysToHeading,Schohr,19,37,Local vs PRISM,137.3668361628853,19.012534880246896,104.78095531234568
HeadM211_DaysToHeading,Schohr,19,38,Local vs PRISM,138.83388705132649,17.32492793950616,105.04903422777778
HeadM211_DaysToHeading,Schohr,19,39,Local vs PRISM,139.74129564600003,16.188040112345664,105.20561346234568
HeadM211_DaysToHeading,Schohr,19,40,Local vs PRISM,140.02060228144046,15.462091735802458,105.13665599938273
HeadM211_DaysToHeading,Schohr,20,25,Local vs PRISM,88.94902892750451,-7.146275454320991,56.65118862777778
HeadM211_DaysToHeading,Schohr,20,26,Local vs PRISM,92.27276195536942,-7.368497676543212,58.762299738888885
HeadM211_DaysToHeading,Schohr,20,27,Local vs PRISM,95.59658237463103,-7.5907198987654345,60.87341085
HeadM211_DaysToHeading,Schohr,20,28,Local vs PRISM,98.92048137599247,-7.812942120987657,62.98452196111111
HeadM211_DaysToHeading,Schohr,20,29,Local vs PRISM,102.24445129549888,-8.035164343209878,65.09563307222223
HeadM211_DaysToHeading,Schohr,20,30,Local vs PRISM,105.56848543428252,-8.257386565432101,67.20674418333333
HeadM211_DaysToHeading,Schohr,20,31,Local vs PRISM,108.8925779113072,-8.479608787654321,69.31785529444444
HeadM211_DaysToHeading,Schohr,20,32,Local vs PRISM,112.20876558727463,-8.760812491358028,71.43578739320988
HeadM211_DaysToHeading,Schohr,20,33,Local vs PRISM,115.38802957095642,-9.247726096913588,73.44331828271605
HeadM211_DaysToHeading,Schohr,20,34,Local vs PRISM,118.51819312918104,-9.993559430246917,75.28970717160493
HeadM211_DaysToHeading,Schohr,20,35,Local vs PRISM,121.4755041911546,-11.26241134475309,76.86997883919753
HeadM211_DaysToHeading,Schohr,20,36,Local vs PRISM,124.31035518210416,-12.859639507716055,78.10183681820986
HeadM211_DaysToHeading,Schohr,20,37,Local vs PRISM,126.74060125623399,-14.510778989814824,79.08968811635802
HeadM211_DaysToHeading,Schohr,20,38,Local vs PRISM,128.58292690078085,-15.898434316049391,79.83124255864196
HeadM211_DaysToHeading,Schohr,20,39,Local vs PRISM,129.79029140442574,-17.009582396296302,80.20261554012346
HeadM211_DaysToHeading,Schohr,20,40,Local vs PRISM,130.31911902866005,-17.795853096913586,80.42596216049381
HeadM211_DaysToHeading,Wylie,10,25,Local vs PRISM,47.8056235523424,43.93927671979168,43.93927671979168
HeadM211_DaysToHeading,Wylie,10,26,Local vs PRISM,46.68393804571588,42.55171941319442,42.55171941319442
HeadM211_DaysToHeading,Wylie,10,27,Local vs PRISM,45.11226853782433,40.08352406284722,40.08352406284722
HeadM211_DaysToHeading,Wylie,10,28,Local vs PRISM,42.6528450180069,36.15892810451386,38.33067653437497
HeadM211_DaysToHeading,Wylie,10,29,Local vs PRISM,39.34247960629443,30.487875862500033,35.71936687847224
HeadM211_DaysToHeading,Wylie,10,30,Local vs PRISM,35.66814349575172,22.767078402083342,31.768943907638942
HeadM211_DaysToHeading,Wylie,10,31,Local vs PRISM,32.21170330445632,12.508365177083306,27.279163906944405
HeadM211_DaysToHeading,Wylie,10,32,Local vs PRISM,30.737318879992063,-0.5608764124999936,23.402205124305482
HeadM211_DaysToHeading,Wylie,10,33,Local vs PRISM,34.41667969657334,-15.106578052430507,24.927377399652755
HeadM211_DaysToHeading,Wylie,10,34,Local vs PRISM,43.83914830768169,-31.085230909027814,34.061064965972264
HeadM211_DaysToHeading,Wylie,10,35,Local vs PRISM,56.03134714555223,-46.85282123993062,46.85282123993062
HeadM211_DaysToHeading,Wylie,10,36,Local vs PRISM,68.46556875892513,-61.38864643298612,61.38864643298612
HeadM211_DaysToHeading,Wylie,10,37,Local vs PRISM,79.3012943935643,-73.30627948298616,73.30627948298616
HeadM211_DaysToHeading,Wylie,10,38,Local vs PRISM,87.7505264544975,-81.90325645034724,81.90325645034724
HeadM211_DaysToHeading,Wylie,10,39,Local vs PRISM,93.57438387073809,-87.74181268645833,87.74181268645833
HeadM211_DaysToHeading,Wylie,10,40,Local vs PRISM,97.10837596566334,-91.4291479295139,91.4291479295139
HeadM211_DaysToHeading,Wylie,11,25,Local vs PRISM,69.61997144545049,65.05417054027778,65.05417054027778
HeadM211_DaysToHeading,Wylie,11,26,Local vs PRISM,69.60626256485232,64.6298326361111,64.6298326361111
HeadM211_DaysToHeading,Wylie,11,27,Local vs PRISM,68.85219659827196,62.996901632986095,62.996901632986095
HeadM211_DaysToHeading,Wylie,11,28,Local vs PRISM,66.87685293083562,59.59514802430556,61.29626735694447
HeadM211_DaysToHeading,Wylie,11,29,Local vs PRISM,63.4800734172905,54.29722693819444,58.93308885694442
HeadM211_DaysToHeading,Wylie,11,30,Local vs PRISM,59.18747857109161,46.82297312395832,55.10420953229169
HeadM211_DaysToHeading,Wylie,11,31,Local vs PRISM,53.811065518159644,36.628366124999985,49.03876255069443
HeadM211_DaysToHeading,Wylie,11,32,Local vs PRISM,47.73508522979752,23.6216245354166,41.63769342916666
HeadM211_DaysToHeading,Wylie,11,33,Local vs PRISM,43.565504708928636,9.138422895486116,34.388693981597186
HeadM211_DaysToHeading,Wylie,11,34,Local vs PRISM,43.166193889568476,-6.8318674295138635,31.578365427430526
HeadM211_DaysToHeading,Wylie,11,35,Local vs PRISM,47.54910592817399,-22.59945776041664,35.40685363124996
HeadM211_DaysToHeading,Wylie,11,36,Local vs PRISM,54.754895710514234,-37.135282953472284,46.44267654444454
HeadM211_DaysToHeading,Wylie,11,37,Local vs PRISM,62.85591567864946,-49.05291600347232,55.285010426388965
HeadM211_DaysToHeading,Wylie,11,38,Local vs PRISM,69.86327675788661,-57.649892970833434,61.79434117013898
HeadM211_DaysToHeading,Wylie,11,39,Local vs PRISM,74.74229732687463,-63.488449206944495,65.86028624652783
HeadM211_DaysToHeading,Wylie,11,40,Local vs PRISM,77.81329048722922,-67.17578445000004,68.13583494791669
HeadM211_DaysToHeading,Wylie,12,25,Local vs PRISM,88.38038785865716,83.92486410763887,83.92486410763887
HeadM211_DaysToHeading,Wylie,12,26,Local vs PRISM,89.58895202144465,84.82207199340277,84.82207199340277
HeadM211_DaysToHeading,Wylie,12,27,Local vs PRISM,89.9365439297147,84.48643323159716,84.48643323159716
HeadM211_DaysToHeading,Wylie,12,28,Local vs PRISM,88.72273636249984,82.16470659618055,82.16470659618055
HeadM211_DaysToHeading,Wylie,12,29,Local vs PRISM,85.7329582962393,77.88758412118052,77.88758412118052
HeadM211_DaysToHeading,Wylie,12,30,Local vs PRISM,81.14472407621199,71.20748030208327,74.40982936666663
HeadM211_DaysToHeading,Wylie,12,31,Local vs PRISM,74.36320351214476,61.424273025347134,68.68789480104158
HeadM211_DaysToHeading,Wylie,12,32,Local vs PRISM,65.54445700525879,48.6171501329861,59.93533364826388
HeadM211_DaysToHeading,Wylie,12,33,Local vs PRISM,56.664936209262756,34.24384229201385,49.296477115624924
HeadM211_DaysToHeading,Wylie,12,34,Local vs PRISM,48.72902175214195,18.3360519670139,37.45327448784721
HeadM211_DaysToHeading,Wylie,12,35,Local vs PRISM,44.47699452942412,2.6045741829861413,31.818462893402796
HeadM211_DaysToHeading,Wylie,12,36,Local vs PRISM,44.45335690903323,-11.931251010069474,31.804847421875053
HeadM211_DaysToHeading,Wylie,12,37,Local vs PRISM,48.41414375472402,-23.848884060069423,37.948181421875034
HeadM211_DaysToHeading,Wylie,12,38,Local vs PRISM,53.63512344523692,-32.44586102743057,44.443859742708355
HeadM211_DaysToHeading,Wylie,12,39,Local vs PRISM,57.605662230304844,-38.284417263541656,48.50980481909724
HeadM211_DaysToHeading,Wylie,12,40,Local vs PRISM,60.17883849840948,-41.9717525065972,50.7853535204861
HeadM211_DaysToHeading,Wylie,13,25,Local vs PRISM,107.70494789180911,105.27703229479164,105.27703229479164
HeadM211_DaysToHeading,Wylie,13,26,Local vs PRISM,110.56249418031561,108.0361220017361,108.0361220017361
HeadM211_DaysToHeading,Wylie,13,27,Local vs PRISM,112.40103333381782,109.71371928506943,109.71371928506943
HeadM211_DaysToHeading,Wylie,13,28,Local vs PRISM,112.25631490946817,109.39148608194442,109.39148608194442
HeadM211_DaysToHeading,Wylie,13,29,Local vs PRISM,109.65652471853947,106.72508163055551,106.72508163055551
HeadM211_DaysToHeading,Wylie,13,30,Local vs PRISM,104.6882344871722,101.38917080034719,101.38917080034719
HeadM211_DaysToHeading,Wylie,13,31,Local vs PRISM,96.77734798872373,92.69990373020828,92.69990373020828
HeadM211_DaysToHeading,Wylie,13,32,Local vs PRISM,85.9876760795281,80.68301667604163,80.68301667604163
HeadM211_DaysToHeading,Wylie,13,33,Local vs PRISM,73.95701626057178,66.73889637118054,66.73889637118054
HeadM211_DaysToHeading,Wylie,13,34,Local vs PRISM,60.99110748832402,51.14973721840278,51.14973721840278
HeadM211_DaysToHeading,Wylie,13,35,Local vs PRISM,48.524783217845076,35.633890680902766,37.65419715381944
HeadM211_DaysToHeading,Wylie,13,36,Local vs PRISM,37.89819640241076,21.192996613194424,28.748194346527754
HeadM211_DaysToHeading,Wylie,13,37,Local vs PRISM,31.8393804015562,9.3107885107639,25.19443674201389
HeadM211_DaysToHeading,Wylie,13,38,Local vs PRISM,30.103941775400127,0.7138115434028123,26.710771442708335
HeadM211_DaysToHeading,Wylie,13,39,Local vs PRISM,30.7425473984571,-5.124744692708333,28.52234154687497
HeadM211_DaysToHeading,Wylie,13,40,Local vs PRISM,31.655828239791028,-8.812079935763876,29.466765470486138
HeadM211_DaysToHeading,Wylie,14,25,Local vs PRISM,122.09555850152852,105.05894592256942,105.05894592256942
HeadM211_DaysToHeading,Wylie,14,26,Local vs PRISM,126.37777572736616,108.56101539374997,108.56101539374997
HeadM211_DaysToHeading,Wylie,14,27,Local vs PRISM,129.99667242491566,111.27066128819443,111.27066128819443
HeadM211_DaysToHeading,Wylie,14,28,Local vs PRISM,132.34808501393528,112.60238646597219,112.60238646597219
HeadM211_DaysToHeading,Wylie,14,29,Local vs PRISM,132.27997992002722,111.70748259027776,111.70748259027776
HeadM211_DaysToHeading,Wylie,14,30,Local vs PRISM,130.05389161405878,108.23415285104164,108.23415285104164
HeadM211_DaysToHeading,Wylie,14,31,Local vs PRISM,125.1878506435673,101.48070154791665,101.48070154791665
HeadM211_DaysToHeading,Wylie,14,32,Local vs PRISM,117.37508114103726,90.92873801354166,91.48993300520833
HeadM211_DaysToHeading,Wylie,14,33,Local vs PRISM,108.04670885755577,77.75825838819442,83.99906107361112
HeadM211_DaysToHeading,Wylie,14,34,Local vs PRISM,98.23136307754851,62.80347549965272,75.79642135590272
HeadM211_DaysToHeading,Wylie,14,35,Local vs PRISM,88.97390251103664,47.57156021736108,67.67309810972222
HeadM211_DaysToHeading,Wylie,14,36,Local vs PRISM,81.83637338533482,33.257439749652775,60.740652728124985
HeadM211_DaysToHeading,Wylie,14,37,Local vs PRISM,78.62891371956297,21.43773164722218,60.2287029881944
HeadM211_DaysToHeading,Wylie,14,38,Local vs PRISM,78.43647301266256,12.903254679861035,62.083963652777825
HeadM211_DaysToHeading,Wylie,14,39,Local vs PRISM,79.3779343756052,7.127198443749961,63.958033756944474
HeadM211_DaysToHeading,Wylie,14,40,Local vs PRISM,79.92309828640568,3.4669256173610705,64.92952009722224
HeadM211_DaysToHeading,Wylie,15,25,Local vs PRISM,135.51893130267308,118.05018735034722,126.04587834548613
HeadM211_DaysToHeading,Wylie,15,26,Local vs PRISM,140.87465727501538,122.70893735034721,130.96837834548612
HeadM211_DaysToHeading,Wylie,15,27,Local vs PRISM,145.78482199849898,126.81338179479164,135.51344778993055
HeadM211_DaysToHeading,Wylie,15,28,Local vs PRISM,149.93187504057067,130.08076104201388,139.3894381482639
HeadM211_DaysToHeading,Wylie,15,29,Local vs PRISM,152.3747497698739,131.62098402222222,141.5994235013889
HeadM211_DaysToHeading,Wylie,15,30,Local vs PRISM,152.67552236958267,130.92384869583333,141.59742706388886
HeadM211_DaysToHeading,Wylie,15,31,Local vs PRISM,150.04085817498725,126.89062265312498,138.67107602118054
HeadM211_DaysToHeading,Wylie,15,32,Local vs PRISM,143.81464354912285,118.63088884166669,132.15952828750002
HeadM211_DaysToHeading,Wylie,15,33,Local vs PRISM,135.0402487297433,107.36980132881946,123.02059355243058
HeadM211_DaysToHeading,Wylie,15,34,Local vs PRISM,124.93714088636398,94.0667778440972,112.51795486493054
HeadM211_DaysToHeading,Wylie,15,35,Local vs PRISM,114.54129230883798,79.8757742097222,101.62381989652776
HeadM211_DaysToHeading,Wylie,15,36,Local vs PRISM,105.7032912554451,66.32191147812497,94.34681400590276
HeadM211_DaysToHeading,Wylie,15,37,Local vs PRISM,99.99116084059682,54.85011592569444,89.50885312916665
HeadM211_DaysToHeading,Wylie,15,38,Local vs PRISM,97.9899012975875,46.58698242569446,87.37935414513893
HeadM211_DaysToHeading,Wylie,15,39,Local vs PRISM,97.54900568531961,40.91221999166666,86.1876165652778
HeadM211_DaysToHeading,Wylie,15,40,Local vs PRISM,96.95551981920518,37.257915734722246,85.04475973888893
HeadM211_DaysToHeading,Wylie,16,25,Local vs PRISM,91.06470215363126,71.20114768298609,84.3172880392361
HeadM211_DaysToHeading,Wylie,16,26,Local vs PRISM,94.65107198997406,73.93889073854164,87.56878109479166
HeadM211_DaysToHeading,Wylie,16,27,Local vs PRISM,98.0837037627675,76.42434212743053,90.67923248368054
HeadM211_DaysToHeading,Wylie,16,28,Local vs PRISM,101.25101213562478,78.60198099722221,93.57784357569443
HeadM211_DaysToHeading,Wylie,16,29,Local vs PRISM,103.48335412537273,79.71787614513886,95.46347620555554
HeadM211_DaysToHeading,Wylie,16,30,Local vs PRISM,104.46495681051157,79.47770949340277,96.04344844270831
HeadM211_DaysToHeading,Wylie,16,31,Local vs PRISM,103.36154987480907,76.63831182743057,94.43592577673611
HeadM211_DaysToHeading,Wylie,16,32,Local vs PRISM,99.69513711297549,70.69016125208333,92.09323205347218
HeadM211_DaysToHeading,Wylie,16,33,Local vs PRISM,93.77948882368257,61.7906436260417,87.54832822326388
HeadM211_DaysToHeading,Wylie,16,34,Local vs PRISM,86.72201233196859,50.55951917569445,81.23793818680556
HeadM211_DaysToHeading,Wylie,16,35,Local vs PRISM,79.97566706448781,38.06748415208334,74.3978567527778
HeadM211_DaysToHeading,Wylie,16,36,Local vs PRISM,75.18325753807754,25.71494114097223,68.01262240486113
HeadM211_DaysToHeading,Wylie,16,37,Local vs PRISM,73.31169404960613,15.111426714583331,63.48424256944443
HeadM211_DaysToHeading,Wylie,16,38,Local vs PRISM,74.14160247555792,7.349243380555535,61.371943883333316
HeadM211_DaysToHeading,Wylie,16,39,Local vs PRISM,75.485189049994,2.073131484722211,60.11059295277775
HeadM211_DaysToHeading,Wylie,16,40,Local vs PRISM,75.91917829916608,-1.360304421527772,58.93791735208332
HeadM211_DaysToHeading,Wylie,17,25,Local vs PRISM,103.50014738928272,69.55399778368056,93.56686349895833
HeadM211_DaysToHeading,Wylie,17,26,Local vs PRISM,107.72755023356478,72.35962278368055,97.38623849895833
HeadM211_DaysToHeading,Wylie,17,27,Local vs PRISM,111.94768631251476,75.05774778368055,101.20936349895834
HeadM211_DaysToHeading,Wylie,17,28,Local vs PRISM,115.99768047920605,77.57740056145832,104.88811349895832
HeadM211_DaysToHeading,Wylie,17,29,Local vs PRISM,119.65339700214129,79.61833043159723,108.07378085104168
HeadM211_DaysToHeading,Wylie,17,30,Local vs PRISM,122.81221269388934,81.04041376493055,110.69100307326389
HeadM211_DaysToHeading,Wylie,17,31,Local vs PRISM,124.56031118393723,80.96475218923612,112.02318871979168
HeadM211_DaysToHeading,Wylie,17,32,Local vs PRISM,124.23592810807973,78.76665492777778,111.44356368055554
HeadM211_DaysToHeading,Wylie,17,33,Local vs PRISM,121.58636331895954,73.98089100069444,108.5267250833333
HeadM211_DaysToHeading,Wylie,17,34,Local vs PRISM,117.23790661337013,66.90280992708335,105.0859174402778
HeadM211_DaysToHeading,Wylie,17,35,Local vs PRISM,112.16535018712503,58.017479779513884,100.60175786493056
HeadM211_DaysToHeading,Wylie,17,36,Local vs PRISM,107.80635947607075,48.72311006666666,95.89087765694444
HeadM211_DaysToHeading,Wylie,17,37,Local vs PRISM,104.8177344158435,40.215225337152745,91.99141504340277
HeadM211_DaysToHeading,Wylie,17,38,Local vs PRISM,103.42672559980986,33.56766102986111,89.71983535208332
HeadM211_DaysToHeading,Wylie,17,39,Local vs PRISM,102.70827855383116,29.072505165277775,88.16677809861112
HeadM211_DaysToHeading,Wylie,17,40,Local vs PRISM,101.75673569525335,26.050987422222214,86.8158717375
HeadM211_DaysToHeading,Wylie,18,25,Local vs PRISM,89.21014126025665,62.80768219027777,75.30815987291666
HeadM211_DaysToHeading,Wylie,18,26,Local vs PRISM,92.87248735393715,65.36330719027777,78.37753487291667
HeadM211_DaysToHeading,Wylie,18,27,Local vs PRISM,96.56635786019505,67.86330719027777,81.50253487291667
HeadM211_DaysToHeading,Wylie,18,28,Local vs PRISM,100.2703687081329,70.34625857916666,84.64458348402778
HeadM211_DaysToHeading,Wylie,18,29,Local vs PRISM,103.95870830863687,72.82958428263889,87.77264666944444
HeadM211_DaysToHeading,Wylie,18,30,Local vs PRISM,107.37134115990213,75.09698011597223,90.6650425027778
HeadM211_DaysToHeading,Wylie,18,31,Local vs PRISM,109.81140764080223,76.38943858159723,92.69611207951388
HeadM211_DaysToHeading,Wylie,18,32,Local vs PRISM,111.12557476687967,76.50732048298612,93.682466203125
HeadM211_DaysToHeading,Wylie,18,33,Local vs PRISM,111.06373537538138,75.22766770520832,93.2778134253472
HeadM211_DaysToHeading,Wylie,18,34,Local vs PRISM,109.79159658214648,72.23188311840278,91.24938994965277
HeadM211_DaysToHeading,Wylie,18,35,Local vs PRISM,106.98781206869958,67.45054938263888,87.61673676944444
HeadM211_DaysToHeading,Wylie,18,36,Local vs PRISM,104.04065060610027,61.853906532986116,84.607821639236107
HeadM211_DaysToHeading,Wylie,18,37,Local vs PRISM,101.18090405435827,56.371677304861095,82.56455177013888
HeadM211_DaysToHeading,Wylie,18,38,Local vs PRISM,98.83507188857273,51.707075890277764,80.7346717784722
HeadM211_DaysToHeading,Wylie,18,39,Local vs PRISM,97.21338819655728,48.37421321666666,79.18297183402777
HeadM211_DaysToHeading,Wylie,18,40,Local vs PRISM,95.72478918541371,45.68126380694443,77.57329726458333
HeadM211_DaysToHeading,Wylie,19,25,Local vs PRISM,69.83902589288542,46.437466170833325,63.05166341041665
HeadM211_DaysToHeading,Wylie,19,26,Local vs PRISM,72.62625035810103,48.305591170833324,65.55853841041666
HeadM211_DaysToHeading,Wylie,19,27,Local vs PRISM,75.44458134787443,50.118091170833324,68.12103841041666
HeadM211_DaysToHeading,Wylie,19,28,Local vs PRISM,78.27291919490345,51.91354255972222,70.70058702152777
HeadM211_DaysToHeading,Wylie,19,29,Local vs PRISM,81.09762146448072,53.716173818749986,73.27295576249999
HeadM211_DaysToHeading,Wylie,19,30,Local vs PRISM,83.84481430798705,55.44850020763887,75.76576826249999
HeadM211_DaysToHeading,Wylie,19,31,Local vs PRISM,86.15710380992671,56.694993263194434,77.88726131805555
HeadM211_DaysToHeading,Wylie,19,32,Local vs PRISM,88.14285398627476,57.547389096527766,79.70854604027777
HeadM211_DaysToHeading,Wylie,19,33,Local vs PRISM,89.53550756147209,57.59794465208332,80.9775043736111
HeadM211_DaysToHeading,Wylie,19,34,Local vs PRISM,90.16186285850793,56.764930673611104,81.50761539513888
HeadM211_DaysToHeading,Wylie,19,35,Local vs PRISM,89.94681491546136,54.78175697465277,81.28270558506944
HeadM211_DaysToHeading,Wylie,19,36,Local vs PRISM,89.39940192672043,51.983525136111105,80.63053459930555
HeadM211_DaysToHeading,Wylie,19,37,Local vs PRISM,88.88167880849817,48.993101044444444,79.98819519444444
HeadM211_DaysToHeading,Wylie,19,38,Local vs PRISM,88.26429804299053,46.098623040972214,79.11922845277778
HeadM211_DaysToHeading,Wylie,19,39,Local vs PRISM,87.63559404615674,43.797847450694434,78.30673983472221
HeadM211_DaysToHeading,Wylie,19,40,Local vs PRISM,87.03290016694257,41.80633551319445,77.55707732083333
HeadM211_DaysToHeading,Wylie,20,25,Local vs PRISM,31.457695409425224,8.291031594444446,30.983056254861108
HeadM211_DaysToHeading,Wylie,20,26,Local vs PRISM,32.66889076289136,8.603531594444446,32.17055625486111
HeadM211_DaysToHeading,Wylie,20,27,Local vs PRISM,33.88013794073578,8.916031594444446,33.35805625486111
HeadM211_DaysToHeading,Wylie,20,28,Local vs PRISM,35.09143157650938,9.228531594444446,34.54555625486111
HeadM211_DaysToHeading,Wylie,20,29,Local vs PRISM,36.30276701980711,9.541031594444446,35.73305625486111
HeadM211_DaysToHeading,Wylie,20,30,Local vs PRISM,37.514140220721444,9.853531594444446,36.92055625486111
HeadM211_DaysToHeading,Wylie,20,31,Local vs PRISM,38.763372453912055,10.134469094444446,38.13961875486111
HeadM211_DaysToHeading,Wylie,20,32,Local vs PRISM,40.02610342733673,10.356795483333336,39.36194514375
HeadM211_DaysToHeading,Wylie,20,33,Local vs PRISM,41.0780018511096,10.393253816666668,40.39840347708333
HeadM211_DaysToHeading,Wylie,20,34,Local vs PRISM,41.88078129221626,10.02047603888889,41.19861181041667
HeadM211_DaysToHeading,Wylie,20,35,Local vs PRISM,42.714847458397514,9.012246872222224,41.96295208819444
HeadM211_DaysToHeading,Wylie,20,36,Local vs PRISM,43.5863336887382,7.452455205555558,42.65503542152778
HeadM211_DaysToHeading,Wylie,20,37,Local vs PRISM,44.5983506275377,5.671587245138886,43.36777861041667
HeadM211_DaysToHeading,Wylie,20,38,Local vs PRISM,45.7919183427694,3.9234331906249955,44.172071654513886
HeadM211_DaysToHeading,Wylie,20,39,Local vs PRISM,46.985295851956685,2.282470287847221,44.91803455729166
HeadM211_DaysToHeading,Wylie,20,40,Local vs PRISM,48.041967270905914,0.7848706871527731,45.509584428819444
HeadM401_DaysToHeading,Canal,10,25,Local vs PRISM,82.70556338055553,82.70556338055553,82.70556338055553
HeadM401_DaysToHeading,Canal,10,26,Local vs PRISM,85.69917449166655,85.69917449166655,85.69917449166655
HeadM401_DaysToHeading,Canal,10,27,Local vs PRISM,88.20105835277786,88.20105835277786,88.20105835277786
HeadM401_DaysToHeading,Canal,10,28,Local vs PRISM,90.42133639722215,90.42133639722215,90.42133639722215
HeadM401_DaysToHeading,Canal,10,29,Local vs PRISM,90.8797936777778,90.8797936777778,90.8797936777778
HeadM401_DaysToHeading,Canal,10,30,Local vs PRISM,89.45444293611104,89.45444293611104,89.45444293611104
HeadM401_DaysToHeading,Canal,10,31,Local vs PRISM,87.40786199444437,87.40786199444437,87.40786199444437
HeadM401_DaysToHeading,Canal,10,32,Local vs PRISM,84.86556915555548,84.86556915555548,84.86556915555548
HeadM401_DaysToHeading,Canal,10,33,Local vs PRISM,78.61059230000001,78.61059230000001,78.61059230000001
HeadM401_DaysToHeading,Canal,10,34,Local vs PRISM,72.81564494166673,72.81564494166673,72.81564494166673
HeadM401_DaysToHeading,Canal,10,35,Local vs PRISM,66.61381314999994,66.61381314999994,66.61381314999994
HeadM401_DaysToHeading,Canal,10,36,Local vs PRISM,59.66295747222216,59.66295747222216,59.66295747222216
HeadM401_DaysToHeading,Canal,10,37,Local vs PRISM,55.95771598055558,55.95771598055558,55.95771598055558
HeadM401_DaysToHeading,Canal,10,38,Local vs PRISM,50.781779358333324,50.781779358333324,50.781779358333324
HeadM401_DaysToHeading,Canal,10,39,Local vs PRISM,48.003088636111215,48.003088636111215,48.003088636111215
HeadM401_DaysToHeading,Canal,10,40,Local vs PRISM,45.88908583055559,45.88908583055559,45.88908583055559
HeadM401_DaysToHeading,Canal,11,25,Local vs PRISM,74.99667449166668,74.99667449166668,74.99667449166668
HeadM401_DaysToHeading,Canal,11,26,Local vs PRISM,77.4902856027777,77.4902856027777,77.4902856027777
HeadM401_DaysToHeading,Canal,11,27,Local vs PRISM,79.49216946388901,79.49216946388901,79.49216946388901
HeadM401_DaysToHeading,Canal,11,28,Local vs PRISM,81.2124475083333,81.2124475083333,81.2124475083333
HeadM401_DaysToHeading,Canal,11,29,Local vs PRISM,81.17090478888895,81.17090478888895,81.17090478888895
HeadM401_DaysToHeading,Canal,11,30,Local vs PRISM,79.38805404722211,79.38805404722211,79.38805404722211
HeadM401_DaysToHeading,Canal,11,31,Local vs PRISM,77.34147310555568,77.34147310555568,77.34147310555568
HeadM401_DaysToHeading,Canal,11,32,Local vs PRISM,74.79918026666655,74.79918026666655,74.79918026666655
HeadM401_DaysToHeading,Canal,11,33,Local vs PRISM,68.54420341111108,68.54420341111108,68.54420341111108
HeadM401_DaysToHeading,Canal,11,34,Local vs PRISM,62.74925605277781,62.74925605277781,62.74925605277781
HeadM401_DaysToHeading,Canal,11,35,Local vs PRISM,56.54742426111102,56.54742426111102,56.54742426111102
HeadM401_DaysToHeading,Canal,11,36,Local vs PRISM,49.59656858333324,49.59656858333324,49.59656858333324
HeadM401_DaysToHeading,Canal,11,37,Local vs PRISM,45.89132709166665,45.89132709166665,45.89132709166665
HeadM401_DaysToHeading,Canal,11,38,Local vs PRISM,40.7153904694444,40.7153904694444,40.7153904694444
HeadM401_DaysToHeading,Canal,11,39,Local vs PRISM,37.93669974722229,37.93669974722229,37.93669974722229
HeadM401_DaysToHeading,Canal,11,40,Local vs PRISM,35.82269694166666,35.82269694166666,35.82269694166666
HeadM401_DaysToHeading,Canal,12,25,Local vs PRISM,58.263707908333345,58.263707908333345,58.263707908333345
HeadM401_DaysToHeading,Canal,12,26,Local vs PRISM,59.75731901944437,59.75731901944437,59.75731901944437
HeadM401_DaysToHeading,Canal,12,27,Local vs PRISM,60.618302269444484,60.618302269444484,60.618302269444484
HeadM401_DaysToHeading,Canal,12,28,Local vs PRISM,60.33858031388877,60.33858031388877,60.33858031388877
HeadM401_DaysToHeading,Canal,12,29,Local vs PRISM,58.29703759444442,58.29703759444442,58.29703759444442
HeadM401_DaysToHeading,Canal,12,30,Local vs PRISM,54.86224240833326,54.86224240833326,54.86224240833326
HeadM401_DaysToHeading,Canal,12,31,Local vs PRISM,51.95455035555551,51.95455035555551,51.95455035555551
HeadM401_DaysToHeading,Canal,12,32,Local vs PRISM,48.912257516666614,48.912257516666614,48.912257516666614
HeadM401_DaysToHeading,Canal,12,33,Local vs PRISM,42.157280661111145,42.157280661111145,42.157280661111145
HeadM401_DaysToHeading,Canal,12,34,Local vs PRISM,35.86233330277787,35.86233330277787,35.86233330277787
HeadM401_DaysToHeading,Canal,12,35,Local vs PRISM,29.16050151111108,29.16050151111108,29.16050151111108
HeadM401_DaysToHeading,Canal,12,36,Local vs PRISM,22.02575694444431,22.02575694444431,22.02575694444431
HeadM401_DaysToHeading,Canal,12,37,Local vs PRISM,18.320515452777727,18.320515452777727,18.320515452777727
HeadM401_DaysToHeading,Canal,12,38,Local vs PRISM,13.144578830555474,13.144578830555474,13.144578830555474
HeadM401_DaysToHeading,Canal,12,39,Local vs PRISM,10.365888108333365,10.365888108333365,10.365888108333365
HeadM401_DaysToHeading,Canal,12,40,Local vs PRISM,8.251885302777737,8.251885302777737,8.251885302777737
HeadM401_DaysToHeading,Canal,13,25,Local vs PRISM,102.3165879222222,102.3165879222222,102.3165879222222
HeadM401_DaysToHeading,Canal,13,26,Local vs PRISM,105.3165879222222,105.3165879222222,105.3165879222222
HeadM401_DaysToHeading,Canal,13,27,Local vs PRISM,108.51312672777772,108.51312672777772,108.51312672777772
HeadM401_DaysToHeading,Canal,13,28,Local vs PRISM,110.733404772222,110.733404772222,110.733404772222
HeadM401_DaysToHeading,Canal,13,29,Local vs PRISM,110.90486139722202,110.90486139722202,110.90486139722202
HeadM401_DaysToHeading,Canal,13,30,Local vs PRISM,108.51546492222224,108.51546492222224,108.51546492222224
HeadM401_DaysToHeading,Canal,13,31,Local vs PRISM,105.41532234722217,105.41532234722217,105.41532234722217
HeadM401_DaysToHeading,Canal,13,32,Local vs PRISM,101.31257895555541,101.31257895555541,101.31257895555541
HeadM401_DaysToHeading,Canal,13,33,Local vs PRISM,93.38010210000016,93.38010210000016,93.38010210000016
HeadM401_DaysToHeading,Canal,13,34,Local vs PRISM,86.08515474166666,86.08515474166666,86.08515474166666
HeadM401_DaysToHeading,Canal,13,35,Local vs PRISM,78.38332295000009,78.38332295000009,78.38332295000009
HeadM401_DaysToHeading,Canal,13,36,Local vs PRISM,70.24857838333332,70.24857838333332,70.24857838333332
HeadM401_DaysToHeading,Canal,13,37,Local vs PRISM,65.60444800277787,65.60444800277787,65.60444800277787
HeadM401_DaysToHeading,Canal,13,38,Local vs PRISM,60.18851138055538,60.18851138055538,60.18851138055538
HeadM401_DaysToHeading,Canal,13,39,Local vs PRISM,57.409820658333274,57.409820658333274,57.409820658333274
HeadM401_DaysToHeading,Canal,13,40,Local vs PRISM,55.295817852777645,55.295817852777645,55.295817852777645
HeadM401_DaysToHeading,Canal,14,25,Local vs PRISM,149.47782960000006,149.47782960000006,149.47782960000006
HeadM401_DaysToHeading,Canal,14,26,Local vs PRISM,155.47782960000006,155.47782960000006,155.47782960000006
HeadM401_DaysToHeading,Canal,14,27,Local vs PRISM,161.67436840555558,161.67436840555558,161.67436840555558
HeadM401_DaysToHeading,Canal,14,28,Local vs PRISM,167.64770200555552,167.64770200555552,167.64770200555552
HeadM401_DaysToHeading,Canal,14,29,Local vs PRISM,171.71080787777782,171.71080787777782,171.71080787777782
HeadM401_DaysToHeading,Canal,14,30,Local vs PRISM,172.48675953333327,172.48675953333327,172.48675953333327
HeadM401_DaysToHeading,Canal,14,31,Local vs PRISM,171.85213820833337,171.85213820833337,171.85213820833337
HeadM401_DaysToHeading,Canal,14,32,Local vs PRISM,168.5618385277778,168.5618385277778,168.5618385277778
HeadM401_DaysToHeading,Canal,14,33,Local vs PRISM,161.07714895277786,161.07714895277786,161.07714895277786
HeadM401_DaysToHeading,Canal,14,34,Local vs PRISM,153.78220159444436,153.78220159444436,153.78220159444436
HeadM401_DaysToHeading,Canal,14,35,Local vs PRISM,146.0803698027778,146.0803698027778,146.0803698027778
HeadM401_DaysToHeading,Canal,14,36,Local vs PRISM,138.05521389444448,138.05521389444448,138.05521389444448
HeadM401_DaysToHeading,Canal,14,37,Local vs PRISM,133.4110835138888,133.4110835138888,133.4110835138888
HeadM401_DaysToHeading,Canal,14,38,Local vs PRISM,127.99514689166654,127.99514689166654,127.99514689166654
HeadM401_DaysToHeading,Canal,14,39,Local vs PRISM,125.21645616944443,125.21645616944443,125.21645616944443
HeadM401_DaysToHeading,Canal,14,40,Local vs PRISM,123.1024533638888,123.1024533638888,123.1024533638888
HeadM401_DaysToHeading,Canal,15,25,Local vs PRISM,92.94145524999999,92.94145524999999,92.94145524999999
HeadM401_DaysToHeading,Canal,15,26,Local vs PRISM,96.44145524999999,96.44145524999999,96.44145524999999
HeadM401_DaysToHeading,Canal,15,27,Local vs PRISM,100.13799405555562,100.13799405555562,100.13799405555562
HeadM401_DaysToHeading,Canal,15,28,Local vs PRISM,103.98299432222223,103.98299432222223,103.98299432222223
HeadM401_DaysToHeading,Canal,15,29,Local vs PRISM,107.84387797222223,107.84387797222223,107.84387797222223
HeadM401_DaysToHeading,Canal,15,30,Local vs PRISM,109.83787810277784,109.83787810277784,109.83787810277784
HeadM401_DaysToHeading,Canal,15,31,Local vs PRISM,109.12475603333326,109.12475603333326,109.12475603333326
HeadM401_DaysToHeading,Canal,15,32,Local vs PRISM,104.64386181388875,104.64386181388875,104.64386181388875
HeadM401_DaysToHeading,Canal,15,33,Local vs PRISM,96.3610667111111,96.3610667111111,96.3610667111111
HeadM401_DaysToHeading,Canal,15,34,Local vs PRISM,88.35750824166666,88.35750824166666,88.35750824166666
HeadM401_DaysToHeading,Canal,15,35,Local vs PRISM,80.68814221944444,80.68814221944444,80.68814221944444
HeadM401_DaysToHeading,Canal,15,36,Local vs PRISM,72.36898568611105,72.36898568611105,72.36898568611105
HeadM401_DaysToHeading,Canal,15,37,Local vs PRISM,67.2248553055556,67.2248553055556,67.2248553055556
HeadM401_DaysToHeading,Canal,15,38,Local vs PRISM,61.67836312777763,61.67836312777763,61.67836312777763
HeadM401_DaysToHeading,Canal,15,39,Local vs PRISM,58.89967240555552,58.89967240555552,58.89967240555552
HeadM401_DaysToHeading,Canal,15,40,Local vs PRISM,56.78566959999989,56.78566959999989,56.78566959999989
HeadM401_DaysToHeading,Canal,16,25,Local vs PRISM,113.25017430000003,113.25017430000003,113.25017430000003
HeadM401_DaysToHeading,Canal,16,26,Local vs PRISM,117.75017430000003,117.75017430000003,117.75017430000003
HeadM401_DaysToHeading,Canal,16,27,Local vs PRISM,122.5503242166667,122.5503242166667,122.5503242166667
HeadM401_DaysToHeading,Canal,16,28,Local vs PRISM,127.5503242166667,127.5503242166667,127.5503242166667
HeadM401_DaysToHeading,Canal,16,29,Local vs PRISM,132.59009675555546,132.59009675555546,132.59009675555546
HeadM401_DaysToHeading,Canal,16,30,Local vs PRISM,136.16259675555546,136.16259675555546,136.16259675555546
HeadM401_DaysToHeading,Canal,16,31,Local vs PRISM,137.3242634222222,137.3242634222222,137.3242634222222
HeadM401_DaysToHeading,Canal,16,32,Local vs PRISM,135.78750806944447,135.78750806944447,135.78750806944447
HeadM401_DaysToHeading,Canal,16,33,Local vs PRISM,130.74850942777778,130.74850942777778,130.74850942777778
HeadM401_DaysToHeading,Canal,16,34,Local vs PRISM,124.28260011388886,124.28260011388886,124.28260011388886
HeadM401_DaysToHeading,Canal,16,35,Local vs PRISM,117.01568989999998,117.01568989999998,117.01568989999998
HeadM401_DaysToHeading,Canal,16,36,Local vs PRISM,109.41693322222227,109.41693322222227,109.41693322222227
HeadM401_DaysToHeading,Canal,16,37,Local vs PRISM,104.2728028416667,104.2728028416667,104.2728028416667
HeadM401_DaysToHeading,Canal,16,38,Local vs PRISM,98.72631066388885,98.72631066388885,98.72631066388885
HeadM401_DaysToHeading,Canal,16,39,Local vs PRISM,95.94761994166663,95.94761994166663,95.94761994166663
HeadM401_DaysToHeading,Canal,16,40,Local vs PRISM,93.83361713611112,93.83361713611112,93.83361713611112
HeadM401_DaysToHeading,Canal,17,25,Local vs PRISM,80.39546066111109,80.39546066111109,80.39546066111109
HeadM401_DaysToHeading,Canal,17,26,Local vs PRISM,83.39546066111109,83.39546066111109,83.39546066111109
HeadM401_DaysToHeading,Canal,17,27,Local vs PRISM,86.39546066111109,86.39546066111109,86.39546066111109
HeadM401_DaysToHeading,Canal,17,28,Local vs PRISM,89.39546066111109,89.39546066111109,89.39546066111109
HeadM401_DaysToHeading,Canal,17,29,Local vs PRISM,92.56912208888889,92.56912208888889,92.56912208888889
HeadM401_DaysToHeading,Canal,17,30,Local vs PRISM,95.56912208888889,95.56912208888889,95.56912208888889
HeadM401_DaysToHeading,Canal,17,31,Local vs PRISM,97.6596776444444,97.6596776444444,97.6596776444444
HeadM401_DaysToHeading,Canal,17,32,Local vs PRISM,97.39967764444441,97.39967764444441,97.39967764444441
HeadM401_DaysToHeading,Canal,17,33,Local vs PRISM,94.74805631388892,94.74805631388892,94.74805631388892
HeadM401_DaysToHeading,Canal,17,34,Local vs PRISM,90.29068600555559,90.29068600555559,90.29068600555559
HeadM401_DaysToHeading,Canal,17,35,Local vs PRISM,84.85697624722218,84.85697624722218,84.85697624722218
HeadM401_DaysToHeading,Canal,17,36,Local vs PRISM,77.78536876944452,77.78536876944452,77.78536876944452
HeadM401_DaysToHeading,Canal,17,37,Local vs PRISM,72.78339846666665,72.78339846666665,72.78339846666665
HeadM401_DaysToHeading,Canal,17,38,Local vs PRISM,67.47180581111115,67.47180581111115,67.47180581111115
HeadM401_DaysToHeading,Canal,17,39,Local vs PRISM,64.69311508888893,64.69311508888893,64.69311508888893
HeadM401_DaysToHeading,Canal,17,40,Local vs PRISM,62.579112283333416,62.579112283333416,62.579112283333416
HeadM401_DaysToHeading,Canal,18,25,Local vs PRISM,69.22298222222224,69.22298222222224,69.22298222222224
HeadM401_DaysToHeading,Canal,18,26,Local vs PRISM,71.72298222222224,71.72298222222224,71.72298222222224
HeadM401_DaysToHeading,Canal,18,27,Local vs PRISM,74.22298222222224,74.22298222222224,74.22298222222224
HeadM401_DaysToHeading,Canal,18,28,Local vs PRISM,76.72298222222224,76.72298222222224,76.72298222222224
HeadM401_DaysToHeading,Canal,18,29,Local vs PRISM,79.39664364999999,79.39664364999999,79.39664364999999
HeadM401_DaysToHeading,Canal,18,30,Local vs PRISM,81.89664364999999,81.89664364999999,81.89664364999999
HeadM401_DaysToHeading,Canal,18,31,Local vs PRISM,84.20719920555553,84.20719920555553,84.20719920555553
HeadM401_DaysToHeading,Canal,18,32,Local vs PRISM,85.56414365,85.56414365,85.56414365
HeadM401_DaysToHeading,Canal,18,33,Local vs PRISM,84.91252231944452,84.91252231944452,84.91252231944452
HeadM401_DaysToHeading,Canal,18,34,Local vs PRISM,82.54294127499998,82.54294127499998,82.54294127499998
HeadM401_DaysToHeading,Canal,18,35,Local vs PRISM,78.6720918194444,78.6720918194444,78.6720918194444
HeadM401_DaysToHeading,Canal,18,36,Local vs PRISM,72.60048434166674,72.60048434166674,72.60048434166674
HeadM401_DaysToHeading,Canal,18,37,Local vs PRISM,68.12861390833336,68.12861390833336,68.12861390833336
HeadM401_DaysToHeading,Canal,18,38,Local vs PRISM,62.81702125277775,62.81702125277775,62.81702125277775
HeadM401_DaysToHeading,Canal,18,39,Local vs PRISM,60.03833053055553,60.03833053055553,60.03833053055553
HeadM401_DaysToHeading,Canal,18,40,Local vs PRISM,57.92432772500001,57.92432772500001,57.92432772500001
HeadM401_DaysToHeading,Canal,19,25,Local vs PRISM,116.91513472499997,116.91513472499997,116.91513472499997
HeadM401_DaysToHeading,Canal,19,26,Local vs PRISM,121.41513472499997,121.41513472499997,121.41513472499997
HeadM401_DaysToHeading,Canal,19,27,Local vs PRISM,125.91513472499997,125.91513472499997,125.91513472499997
HeadM401_DaysToHeading,Canal,19,28,Local vs PRISM,130.41513472499997,130.41513472499997,130.41513472499997
HeadM401_DaysToHeading,Canal,19,29,Local vs PRISM,134.91513472499997,134.91513472499997,134.91513472499997
HeadM401_DaysToHeading,Canal,19,30,Local vs PRISM,139.41513472499997,139.41513472499997,139.41513472499997
HeadM401_DaysToHeading,Canal,19,31,Local vs PRISM,143.91513472499997,143.91513472499997,143.91513472499997
HeadM401_DaysToHeading,Canal,19,32,Local vs PRISM,148.14457916944446,148.14457916944446,148.14457916944446
HeadM401_DaysToHeading,Canal,19,33,Local vs PRISM,150.36680139166668,150.36680139166668,150.36680139166668
HeadM401_DaysToHeading,Canal,19,34,Local vs PRISM,151.45547457222227,151.45547457222227,151.45547457222227
HeadM401_DaysToHeading,Canal,19,35,Local vs PRISM,150.6844686527778,150.6844686527778,150.6844686527778
HeadM401_DaysToHeading,Canal,19,36,Local vs PRISM,146.90225936666667,146.90225936666667,146.90225936666667
HeadM401_DaysToHeading,Canal,19,37,Local vs PRISM,143.23478842500003,143.23478842500003,143.23478842500003
HeadM401_DaysToHeading,Canal,19,38,Local vs PRISM,138.38879482499993,138.38879482499993,138.38879482499993
HeadM401_DaysToHeading,Canal,19,39,Local vs PRISM,135.62814215833333,135.62814215833333,135.62814215833333
HeadM401_DaysToHeading,Canal,19,40,Local vs PRISM,133.51413935277782,133.51413935277782,133.51413935277782
HeadM401_DaysToHeading,Canal,20,25,Local vs PRISM,80.22842721111112,80.22842721111112,80.22842721111112
HeadM401_DaysToHeading,Canal,20,26,Local vs PRISM,83.2284272111111,83.2284272111111,83.2284272111111
HeadM401_DaysToHeading,Canal,20,27,Local vs PRISM,86.2284272111111,86.2284272111111,86.2284272111111
HeadM401_DaysToHeading,Canal,20,28,Local vs PRISM,89.2284272111111,89.2284272111111,89.2284272111111
HeadM401_DaysToHeading,Canal,20,29,Local vs PRISM,92.2284272111111,92.2284272111111,92.2284272111111
HeadM401_DaysToHeading,Canal,20,30,Local vs PRISM,95.2284272111111,95.2284272111111,95.2284272111111
HeadM401_DaysToHeading,Canal,20,31,Local vs PRISM,98.2284272111111,98.2284272111111,98.2284272111111
HeadM401_DaysToHeading,Canal,20,32,Local vs PRISM,101.2284272111111,101.2284272111111,101.2284272111111
HeadM401_DaysToHeading,Canal,20,33,Local vs PRISM,103.6614827666667,103.6614827666667,103.6614827666667
HeadM401_DaysToHeading,Canal,20,34,Local vs PRISM,105.48759387777775,105.48759387777775,105.48759387777775
HeadM401_DaysToHeading,Canal,20,35,Local vs PRISM,106.17103240277777,106.17103240277777,106.17103240277777
HeadM401_DaysToHeading,Canal,20,36,Local vs PRISM,104.28853240277778,104.28853240277778,104.28853240277778
HeadM401_DaysToHeading,Canal,20,37,Local vs PRISM,102.0280225638889,102.0280225638889,102.0280225638889
HeadM401_DaysToHeading,Canal,20,38,Local vs PRISM,98.54872300833335,98.54872300833335,98.54872300833335
HeadM401_DaysToHeading,Canal,20,39,Local vs PRISM,96.3553692305556,96.3553692305556,96.3553692305556
HeadM401_DaysToHeading,Canal,20,40,Local vs PRISM,94.60646050833333,94.60646050833333,94.60646050833333
HeadM401_DaysToHeading,ErdmanGallagher,10,25,Local vs PRISM,97.28744253055561,97.28744253055561,97.28744253055561
HeadM401_DaysToHeading,ErdmanGallagher,10,26,Local vs PRISM,101.73833253333328,101.73833253333328,101.73833253333328
HeadM401_DaysToHeading,ErdmanGallagher,10,27,Local vs PRISM,106.44252285833318,106.44252285833318,106.44252285833318
HeadM401_DaysToHeading,ErdmanGallagher,10,28,Local vs PRISM,111.28363396944428,111.28363396944428,111.28363396944428
HeadM401_DaysToHeading,ErdmanGallagher,10,29,Local vs PRISM,113.56824575277778,113.56824575277778,113.56824575277778
HeadM401_DaysToHeading,ErdmanGallagher,10,30,Local vs PRISM,116.92390184166675,116.92390184166675,116.92390184166675
HeadM401_DaysToHeading,ErdmanGallagher,10,31,Local vs PRISM,123.53083853888893,123.53083853888893,123.53083853888893
HeadM401_DaysToHeading,ErdmanGallagher,10,32,Local vs PRISM,130.26546976666668,130.26546976666668,130.26546976666668
HeadM401_DaysToHeading,ErdmanGallagher,10,33,Local vs PRISM,136.52722862777773,136.52722862777773,136.52722862777773
HeadM401_DaysToHeading,ErdmanGallagher,10,34,Local vs PRISM,138.45733094166667,138.45733094166667,138.45733094166667
HeadM401_DaysToHeading,ErdmanGallagher,10,35,Local vs PRISM,139.78026267777773,139.78026267777773,139.78026267777773
HeadM401_DaysToHeading,ErdmanGallagher,10,36,Local vs PRISM,138.83131637222232,138.83131637222232,138.83131637222232
HeadM401_DaysToHeading,ErdmanGallagher,10,37,Local vs PRISM,137.46041739999987,137.46041739999987,137.46041739999987
HeadM401_DaysToHeading,ErdmanGallagher,10,38,Local vs PRISM,136.482367711111,136.482367711111,136.482367711111
HeadM401_DaysToHeading,ErdmanGallagher,10,39,Local vs PRISM,136.18145821111102,136.18145821111102,136.18145821111102
HeadM401_DaysToHeading,ErdmanGallagher,10,40,Local vs PRISM,136.42835321111102,136.42835321111102,136.42835321111102
HeadM401_DaysToHeading,ErdmanGallagher,11,25,Local vs PRISM,104.05557498333337,104.05557498333337,104.05557498333337
HeadM401_DaysToHeading,ErdmanGallagher,11,26,Local vs PRISM,108.22701456944446,108.22701456944446,108.22701456944446
HeadM401_DaysToHeading,ErdmanGallagher,11,27,Local vs PRISM,112.43120489444436,112.43120489444436,112.43120489444436
HeadM401_DaysToHeading,ErdmanGallagher,11,28,Local vs PRISM,116.77231600555547,116.77231600555547,116.77231600555547
HeadM401_DaysToHeading,ErdmanGallagher,11,29,Local vs PRISM,118.76053890000003,118.76053890000003,118.76053890000003
HeadM401_DaysToHeading,ErdmanGallagher,11,30,Local vs PRISM,121.827144886111,121.827144886111,121.827144886111
HeadM401_DaysToHeading,ErdmanGallagher,11,31,Local vs PRISM,127.93408158333341,127.93408158333341,127.93408158333341
HeadM401_DaysToHeading,ErdmanGallagher,11,32,Local vs PRISM,134.16871281111116,134.16871281111116,134.16871281111116
HeadM401_DaysToHeading,ErdmanGallagher,11,33,Local vs PRISM,139.9304716722222,139.9304716722222,139.9304716722222
HeadM401_DaysToHeading,ErdmanGallagher,11,34,Local vs PRISM,141.36057398611115,141.36057398611115,141.36057398611115
HeadM401_DaysToHeading,ErdmanGallagher,11,35,Local vs PRISM,142.1990612777779,142.1990612777779,142.1990612777779
HeadM401_DaysToHeading,ErdmanGallagher,11,36,Local vs PRISM,141.25011497222204,141.25011497222204,141.25011497222204
HeadM401_DaysToHeading,ErdmanGallagher,11,37,Local vs PRISM,139.87921600000004,139.87921600000004,139.87921600000004
HeadM401_DaysToHeading,ErdmanGallagher,11,38,Local vs PRISM,138.90116631111118,138.90116631111118,138.90116631111118
HeadM401_DaysToHeading,ErdmanGallagher,11,39,Local vs PRISM,138.6002568111112,138.6002568111112,138.6002568111112
HeadM401_DaysToHeading,ErdmanGallagher,11,40,Local vs PRISM,138.8471518111112,138.8471518111112,138.8471518111112
HeadM401_DaysToHeading,ErdmanGallagher,12,25,Local vs PRISM,112.57296265277785,112.57296265277785,112.57296265277785
HeadM401_DaysToHeading,ErdmanGallagher,12,26,Local vs PRISM,117.43301335000001,117.43301335000001,117.43301335000001
HeadM401_DaysToHeading,ErdmanGallagher,12,27,Local vs PRISM,122.52135322777781,122.52135322777781,122.52135322777781
HeadM401_DaysToHeading,ErdmanGallagher,12,28,Local vs PRISM,127.36246433888891,127.36246433888891,127.36246433888891
HeadM401_DaysToHeading,ErdmanGallagher,12,29,Local vs PRISM,129.45303651388895,129.45303651388895,129.45303651388895
HeadM401_DaysToHeading,ErdmanGallagher,12,30,Local vs PRISM,131.87209180277773,131.87209180277773,131.87209180277773
HeadM401_DaysToHeading,ErdmanGallagher,12,31,Local vs PRISM,137.3629777805554,137.3629777805554,137.3629777805554
HeadM401_DaysToHeading,ErdmanGallagher,12,32,Local vs PRISM,142.0976090083334,142.0976090083334,142.0976090083334
HeadM401_DaysToHeading,ErdmanGallagher,12,33,Local vs PRISM,146.7457567583333,146.7457567583333,146.7457567583333
HeadM401_DaysToHeading,ErdmanGallagher,12,34,Local vs PRISM,147.17585907222224,147.17585907222224,147.17585907222224
HeadM401_DaysToHeading,ErdmanGallagher,12,35,Local vs PRISM,147.014346363889,147.014346363889,147.014346363889
HeadM401_DaysToHeading,ErdmanGallagher,12,36,Local vs PRISM,145.06540005833313,145.06540005833313,145.06540005833313
HeadM401_DaysToHeading,ErdmanGallagher,12,37,Local vs PRISM,143.35950108611087,143.35950108611087,143.35950108611087
HeadM401_DaysToHeading,ErdmanGallagher,12,38,Local vs PRISM,142.38145139722224,142.38145139722224,142.38145139722224
HeadM401_DaysToHeading,ErdmanGallagher,12,39,Local vs PRISM,142.08054189722225,142.08054189722225,142.08054189722225
HeadM401_DaysToHeading,ErdmanGallagher,12,40,Local vs PRISM,142.32743689722224,142.32743689722224,142.32743689722224
HeadM401_DaysToHeading,ErdmanGallagher,13,25,Local vs PRISM,69.38687138611112,69.38687138611112,69.38687138611112
HeadM401_DaysToHeading,ErdmanGallagher,13,26,Local vs PRISM,71.9068713861111,71.9068713861111,71.9068713861111
HeadM401_DaysToHeading,ErdmanGallagher,13,27,Local vs PRISM,74.4952112638889,74.4952112638889,74.4952112638889
HeadM401_DaysToHeading,ErdmanGallagher,13,28,Local vs PRISM,76.98521126388891,76.98521126388891,76.98521126388891
HeadM401_DaysToHeading,ErdmanGallagher,13,29,Local vs PRISM,77.45437793055567,77.45437793055567,77.45437793055567
HeadM401_DaysToHeading,ErdmanGallagher,13,30,Local vs PRISM,78.21948103888894,78.21948103888894,78.21948103888894
HeadM401_DaysToHeading,ErdmanGallagher,13,31,Local vs PRISM,79.90006523333341,79.90006523333341,79.90006523333341
HeadM401_DaysToHeading,ErdmanGallagher,13,32,Local vs PRISM,80.13469646111116,80.13469646111116,80.13469646111116
HeadM401_DaysToHeading,ErdmanGallagher,13,33,Local vs PRISM,79.91660462777782,79.91660462777782,79.91660462777782
HeadM401_DaysToHeading,ErdmanGallagher,13,34,Local vs PRISM,76.17626174999987,76.17626174999987,76.17626174999987
HeadM401_DaysToHeading,ErdmanGallagher,13,35,Local vs PRISM,73.30544865833349,73.30544865833349,73.30544865833349
HeadM401_DaysToHeading,ErdmanGallagher,13,36,Local vs PRISM,69.88289124166658,69.88289124166658,69.88289124166658
HeadM401_DaysToHeading,ErdmanGallagher,13,37,Local vs PRISM,67.37393671388872,67.37393671388872,67.37393671388872
HeadM401_DaysToHeading,ErdmanGallagher,13,38,Local vs PRISM,66.26533146944462,66.26533146944462,66.26533146944462
HeadM401_DaysToHeading,ErdmanGallagher,13,39,Local vs PRISM,65.9644219694444,65.9644219694444,65.9644219694444
HeadM401_DaysToHeading,ErdmanGallagher,13,40,Local vs PRISM,66.2113169694444,66.2113169694444,66.2113169694444
HeadM401_DaysToHeading,ErdmanGallagher,14,25,Local vs PRISM,96.152239624999993,96.152239624999993,96.152239624999993
HeadM401_DaysToHeading,ErdmanGallagher,14,26,Local vs PRISM,99.652239624999993,99.652239624999993,99.652239624999993
HeadM401_DaysToHeading,ErdmanGallagher,14,27,Local vs PRISM,103.24057950277779,103.24057950277779,103.24057950277779
HeadM401_DaysToHeading,ErdmanGallagher,14,28,Local vs PRISM,106.96696839166668,106.96696839166668,106.96696839166668
HeadM401_DaysToHeading,ErdmanGallagher,14,29,Local vs PRISM,109.54057950277786,109.54057950277786,109.54057950277786
HeadM401_DaysToHeading,ErdmanGallagher,14,30,Local vs PRISM,112.96473065555551,112.96473065555551,112.96473065555551
HeadM401_DaysToHeading,ErdmanGallagher,14,31,Local vs PRISM,116.75067557222224,116.75067557222224,116.75067557222224
HeadM401_DaysToHeading,ErdmanGallagher,14,32,Local vs PRISM,118.07409942499999,118.07409942499999,118.07409942499999
HeadM401_DaysToHeading,ErdmanGallagher,14,33,Local vs PRISM,117.87776241388895,117.87776241388895,117.87776241388895
HeadM401_DaysToHeading,ErdmanGallagher,14,34,Local vs PRISM,114.82457497500002,114.82457497500002,114.82457497500002
HeadM401_DaysToHeading,ErdmanGallagher,14,35,Local vs PRISM,112.31844934166679,112.31844934166679,112.31844934166679
HeadM401_DaysToHeading,ErdmanGallagher,14,36,Local vs PRISM,108.74983990833346,108.74983990833346,108.74983990833346
HeadM401_DaysToHeading,ErdmanGallagher,14,37,Local vs PRISM,106.2408853805556,106.2408853805556,106.2408853805556
HeadM401_DaysToHeading,ErdmanGallagher,14,38,Local vs PRISM,104.6412790083333,104.6412790083333,104.6412790083333
HeadM401_DaysToHeading,ErdmanGallagher,14,39,Local vs PRISM,104.2689806194445,104.2689806194445,104.2689806194445
HeadM401_DaysToHeading,ErdmanGallagher,14,40,Local vs PRISM,104.5158756194445,104.5158756194445,104.5158756194445
HeadM401_DaysToHeading,ErdmanGallagher,15,25,Local vs PRISM,126.21254685000002,126.21254685000002,126.21254685000002
HeadM401_DaysToHeading,ErdmanGallagher,15,26,Local vs PRISM,131.71254685000008,131.71254685000008,131.71254685000008
HeadM401_DaysToHeading,ErdmanGallagher,15,27,Local vs PRISM,137.23244717222224,137.23244717222224,137.23244717222224
HeadM401_DaysToHeading,ErdmanGallagher,15,28,Local vs PRISM,143.0463360611111,143.0463360611111,143.0463360611111
HeadM401_DaysToHeading,ErdmanGallagher,15,29,Local vs PRISM,148.11994717222217,148.11994717222217,148.11994717222217
HeadM401_DaysToHeading,ErdmanGallagher,15,30,Local vs PRISM,153.49919743055557,153.49919743055557,153.49919743055557
HeadM401_DaysToHeading,ErdmanGallagher,15,31,Local vs PRISM,158.565403125,158.565403125,158.565403125
HeadM401_DaysToHeading,ErdmanGallagher,15,32,Local vs PRISM,162.46020438055552,162.46020438055552,162.46020438055552
HeadM401_DaysToHeading,ErdmanGallagher,15,33,Local vs PRISM,165.65806674166674,165.65806674166674,165.65806674166674
HeadM401_DaysToHeading,ErdmanGallagher,15,34,Local vs PRISM,164.9098281083334,164.9098281083334,164.9098281083334
HeadM401_DaysToHeading,ErdmanGallagher,15,35,Local vs PRISM,162.62130728611112,162.62130728611112,162.62130728611112
HeadM401_DaysToHeading,ErdmanGallagher,15,36,Local vs PRISM,159.02599688055557,159.02599688055557,159.02599688055557
HeadM401_DaysToHeading,ErdmanGallagher,15,37,Local vs PRISM,155.8898098638889,155.8898098638889,155.8898098638889
HeadM401_DaysToHeading,ErdmanGallagher,15,38,Local vs PRISM,154.2902034916666,154.2902034916666,154.2902034916666
HeadM401_DaysToHeading,ErdmanGallagher,15,39,Local vs PRISM,153.9179051027777,153.9179051027777,153.9179051027777
HeadM401_DaysToHeading,ErdmanGallagher,15,40,Local vs PRISM,154.1648001027778,154.1648001027778,154.1648001027778
HeadM401_DaysToHeading,ErdmanGallagher,16,25,Local vs PRISM,75.30732898888891,75.30732898888891,75.30732898888891
HeadM401_DaysToHeading,ErdmanGallagher,16,26,Local vs PRISM,78.30732898888891,78.30732898888891,78.30732898888891
HeadM401_DaysToHeading,ErdmanGallagher,16,27,Local vs PRISM,81.30732898888891,81.30732898888891,81.30732898888891
HeadM401_DaysToHeading,ErdmanGallagher,16,28,Local vs PRISM,84.30732898888891,84.30732898888891,84.30732898888891
HeadM401_DaysToHeading,ErdmanGallagher,16,29,Local vs PRISM,87.30732898888891,87.30732898888891,87.30732898888891
HeadM401_DaysToHeading,ErdmanGallagher,16,30,Local vs PRISM,90.77907924722223,90.77907924722223,90.77907924722223
HeadM401_DaysToHeading,ErdmanGallagher,16,31,Local vs PRISM,94.24157924722226,94.24157924722226,94.24157924722226
HeadM401_DaysToHeading,ErdmanGallagher,16,32,Local vs PRISM,96.83026939166666,96.83026939166666,96.83026939166666
HeadM401_DaysToHeading,ErdmanGallagher,16,33,Local vs PRISM,99.59582494722224,99.59582494722224,99.59582494722224
HeadM401_DaysToHeading,ErdmanGallagher,16,34,Local vs PRISM,98.78847540000004,98.78847540000004,98.78847540000004
HeadM401_DaysToHeading,ErdmanGallagher,16,35,Local vs PRISM,96.10275403055562,96.10275403055562,96.10275403055562
HeadM401_DaysToHeading,ErdmanGallagher,16,36,Local vs PRISM,91.74546016111105,91.74546016111105,91.74546016111105
HeadM401_DaysToHeading,ErdmanGallagher,16,37,Local vs PRISM,88.11652868055546,88.11652868055546,88.11652868055546
HeadM401_DaysToHeading,ErdmanGallagher,16,38,Local vs PRISM,86.10437195555562,86.10437195555562,86.10437195555562
HeadM401_DaysToHeading,ErdmanGallagher,16,39,Local vs PRISM,85.23207356666671,85.23207356666671,85.23207356666671
HeadM401_DaysToHeading,ErdmanGallagher,16,40,Local vs PRISM,85.37646856666674,85.37646856666674,85.37646856666674
HeadM401_DaysToHeading,ErdmanGallagher,17,25,Local vs PRISM,85.30691029999997,85.30691029999997,85.30691029999997
HeadM401_DaysToHeading,ErdmanGallagher,17,26,Local vs PRISM,88.80691029999997,88.80691029999997,88.80691029999997
HeadM401_DaysToHeading,ErdmanGallagher,17,27,Local vs PRISM,92.30691029999997,92.30691029999997,92.30691029999997
HeadM401_DaysToHeading,ErdmanGallagher,17,28,Local vs PRISM,95.80691029999997,95.80691029999997,95.80691029999997
HeadM401_DaysToHeading,ErdmanGallagher,17,29,Local vs PRISM,99.30691029999997,99.30691029999997,99.30691029999997
HeadM401_DaysToHeading,ErdmanGallagher,17,30,Local vs PRISM,102.80691029999997,102.80691029999997,102.80691029999997
HeadM401_DaysToHeading,ErdmanGallagher,17,31,Local vs PRISM,106.30691029999997,106.30691029999997,106.30691029999997
HeadM401_DaysToHeading,ErdmanGallagher,17,32,Local vs PRISM,109.82256104999999,109.82256104999999,109.82256104999999
HeadM401_DaysToHeading,ErdmanGallagher,17,33,Local vs PRISM,113.51311660555558,113.51311660555558,113.51311660555558
HeadM401_DaysToHeading,ErdmanGallagher,17,34,Local vs PRISM,115.13160039166667,115.13160039166667,115.13160039166667
HeadM401_DaysToHeading,ErdmanGallagher,17,35,Local vs PRISM,115.03841804444448,115.03841804444448,115.03841804444448
HeadM401_DaysToHeading,ErdmanGallagher,17,36,Local vs PRISM,112.78717466666671,112.78717466666671,112.78717466666671
HeadM401_DaysToHeading,ErdmanGallagher,17,37,Local vs PRISM,110.7939144305555,110.7939144305555,110.7939144305555
HeadM401_DaysToHeading,ErdmanGallagher,17,38,Local vs PRISM,109.09180676111117,109.09180676111117,109.09180676111117
HeadM401_DaysToHeading,ErdmanGallagher,17,39,Local vs PRISM,108.21950837222226,108.21950837222226,108.21950837222226
HeadM401_DaysToHeading,ErdmanGallagher,17,40,Local vs PRISM,108.36390337222218,108.36390337222218,108.36390337222218
HeadM401_DaysToHeading,ErdmanGallagher,18,25,Local vs PRISM,62.59110385277776,62.59110385277776,62.59110385277776
HeadM401_DaysToHeading,ErdmanGallagher,18,26,Local vs PRISM,65.09110385277774,65.09110385277774,65.09110385277774
HeadM401_DaysToHeading,ErdmanGallagher,18,27,Local vs PRISM,67.59110385277774,67.59110385277774,67.59110385277774
HeadM401_DaysToHeading,ErdmanGallagher,18,28,Local vs PRISM,70.09110385277774,70.09110385277774,70.09110385277774
HeadM401_DaysToHeading,ErdmanGallagher,18,29,Local vs PRISM,72.59110385277774,72.59110385277774,72.59110385277774
HeadM401_DaysToHeading,ErdmanGallagher,18,30,Local vs PRISM,75.09110385277774,75.09110385277774,75.09110385277774
HeadM401_DaysToHeading,ErdmanGallagher,18,31,Local vs PRISM,77.59110385277774,77.59110385277774,77.59110385277774
HeadM401_DaysToHeading,ErdmanGallagher,18,32,Local vs PRISM,80.10675460277776,80.10675460277776,80.10675460277776
HeadM401_DaysToHeading,ErdmanGallagher,18,33,Local vs PRISM,82.79731015833335,82.79731015833335,82.79731015833335
HeadM401_DaysToHeading,ErdmanGallagher,18,34,Local vs PRISM,83.88481015833332,83.88481015833332,83.88481015833332
HeadM401_DaysToHeading,ErdmanGallagher,18,35,Local vs PRISM,83.79162781111114,83.79162781111114,83.79162781111114
HeadM401_DaysToHeading,ErdmanGallagher,18,36,Local vs PRISM,82.15899554444445,82.15899554444445,82.15899554444445
HeadM401_DaysToHeading,ErdmanGallagher,18,37,Local vs PRISM,81.0506840388889,81.0506840388889,81.0506840388889
HeadM401_DaysToHeading,ErdmanGallagher,18,38,Local vs PRISM,79.40222436388888,79.40222436388888,79.40222436388888
HeadM401_DaysToHeading,ErdmanGallagher,18,39,Local vs PRISM,78.02992597499997,78.02992597499997,78.02992597499997
HeadM401_DaysToHeading,ErdmanGallagher,18,40,Local vs PRISM,77.674320975,77.674320975,77.674320975
HeadM401_DaysToHeading,ErdmanGallagher,19,25,Local vs PRISM,38.676269933333344,38.676269933333344,38.676269933333344
HeadM401_DaysToHeading,ErdmanGallagher,19,26,Local vs PRISM,40.176269933333344,40.176269933333344,40.176269933333344
HeadM401_DaysToHeading,ErdmanGallagher,19,27,Local vs PRISM,41.676269933333344,41.676269933333344,41.676269933333344
HeadM401_DaysToHeading,ErdmanGallagher,19,28,Local vs PRISM,43.176269933333344,43.176269933333344,43.176269933333344
HeadM401_DaysToHeading,ErdmanGallagher,19,29,Local vs PRISM,44.676269933333344,44.676269933333344,44.676269933333344
HeadM401_DaysToHeading,ErdmanGallagher,19,30,Local vs PRISM,46.176269933333344,46.176269933333344,46.176269933333344
HeadM401_DaysToHeading,ErdmanGallagher,19,31,Local vs PRISM,47.676269933333344,47.676269933333344,47.676269933333344
HeadM401_DaysToHeading,ErdmanGallagher,19,32,Local vs PRISM,49.176269933333344,49.176269933333344,49.176269933333344
HeadM401_DaysToHeading,ErdmanGallagher,19,33,Local vs PRISM,50.676269933333344,50.676269933333344,50.676269933333344
HeadM401_DaysToHeading,ErdmanGallagher,19,34,Local vs PRISM,51.737381044444476,51.737381044444476,51.737381044444476
HeadM401_DaysToHeading,ErdmanGallagher,19,35,Local vs PRISM,51.90408688333332,51.90408688333332,51.90408688333332
HeadM401_DaysToHeading,ErdmanGallagher,19,36,Local vs PRISM,51.26820449444446,51.26820449444446,51.26820449444446
HeadM401_DaysToHeading,ErdmanGallagher,19,37,Local vs PRISM,50.659892988888885,50.659892988888885,50.659892988888885
HeadM401_DaysToHeading,ErdmanGallagher,19,38,Local vs PRISM,49.44323225833335,49.44323225833335,49.44323225833335
HeadM401_DaysToHeading,ErdmanGallagher,19,39,Local vs PRISM,48.331123425000015,48.331123425000015,48.331123425000015
HeadM401_DaysToHeading,ErdmanGallagher,19,40,Local vs PRISM,47.97551842499999,47.97551842499999,47.97551842499999
HeadM401_DaysToHeading,ErdmanGallagher,20,25,Local vs PRISM,63.04882294444444,63.04882294444444,63.04882294444444
HeadM401_DaysToHeading,ErdmanGallagher,20,26,Local vs PRISM,65.54882294444444,65.54882294444444,65.54882294444444
HeadM401_DaysToHeading,ErdmanGallagher,20,27,Local vs PRISM,68.04882294444444,68.04882294444444,68.04882294444444
HeadM401_DaysToHeading,ErdmanGallagher,20,28,Local vs PRISM,70.54882294444445,70.54882294444445,70.54882294444445
HeadM401_DaysToHeading,ErdmanGallagher,20,29,Local vs PRISM,73.04882294444445,73.04882294444445,73.04882294444445
HeadM401_DaysToHeading,ErdmanGallagher,20,30,Local vs PRISM,75.54882294444445,75.54882294444445,75.54882294444445
HeadM401_DaysToHeading,ErdmanGallagher,20,31,Local vs PRISM,78.04882294444445,78.04882294444445,78.04882294444445
HeadM401_DaysToHeading,ErdmanGallagher,20,32,Local vs PRISM,80.54882294444445,80.54882294444445,80.54882294444445
HeadM401_DaysToHeading,ErdmanGallagher,20,33,Local vs PRISM,83.04882294444445,83.04882294444445,83.04882294444445
HeadM401_DaysToHeading,ErdmanGallagher,20,34,Local vs PRISM,85.54882294444445,85.54882294444445,85.54882294444445
HeadM401_DaysToHeading,ErdmanGallagher,20,35,Local vs PRISM,88.0068785,88.0068785,88.0068785
HeadM401_DaysToHeading,ErdmanGallagher,20,36,Local vs PRISM,89.21548961111111,89.21548961111111,89.21548961111111
HeadM401_DaysToHeading,ErdmanGallagher,20,37,Local vs PRISM,89.82937849999999,89.82937849999999,89.82937849999999
HeadM401_DaysToHeading,ErdmanGallagher,20,38,Local vs PRISM,89.3170672861111,89.3170672861111,89.3170672861111
HeadM401_DaysToHeading,ErdmanGallagher,20,39,Local vs PRISM,88.7783186472222,88.7783186472222,88.7783186472222
HeadM401_DaysToHeading,ErdmanGallagher,20,40,Local vs PRISM,88.9188247583333,88.9188247583333,88.9188247583333
HeadM401_DaysToHeading,LarrabeeSheppard,10,25,Local vs PRISM,36.57944177777779,36.57944177777779,36.57944177777779
HeadM401_DaysToHeading,LarrabeeSheppard,10,26,Local vs PRISM,36.47264169722223,36.47264169722223,36.47264169722223
HeadM401_DaysToHeading,LarrabeeSheppard,10,27,Local vs PRISM,36.13894764166662,36.13894764166662,36.13894764166662
HeadM401_DaysToHeading,LarrabeeSheppard,10,28,Local vs PRISM,35.96533653055553,35.96533653055553,35.96533653055553
HeadM401_DaysToHeading,LarrabeeSheppard,10,29,Local vs PRISM,34.43092064999996,34.43092064999996,34.43092064999996
HeadM401_DaysToHeading,LarrabeeSheppard,10,30,Local vs PRISM,30.055916511111036,30.055916511111036,30.055916511111036
HeadM401_DaysToHeading,LarrabeeSheppard,10,31,Local vs PRISM,24.999720755555472,24.999720755555472,24.999720755555472
HeadM401_DaysToHeading,LarrabeeSheppard,10,32,Local vs PRISM,19.0238604611111,19.0238604611111,19.0238604611111
HeadM401_DaysToHeading,LarrabeeSheppard,10,33,Local vs PRISM,9.27158918333339,9.27158918333339,9.27158918333339
HeadM401_DaysToHeading,LarrabeeSheppard,10,34,Local vs PRISM,0.516255069444469,-0.516255069444469,0.516255069444469
HeadM401_DaysToHeading,LarrabeeSheppard,10,35,Local vs PRISM,11.599032677777814,-11.599032677777814,11.599032677777814
HeadM401_DaysToHeading,LarrabeeSheppard,10,36,Local vs PRISM,20.76333077222216,-20.76333077222216,20.76333077222216
HeadM401_DaysToHeading,LarrabeeSheppard,10,37,Local vs PRISM,26.662635011111206,-26.662635011111206,26.662635011111206
HeadM401_DaysToHeading,LarrabeeSheppard,10,38,Local vs PRISM,31.632854299999963,-31.632854299999963,31.632854299999963
HeadM401_DaysToHeading,LarrabeeSheppard,10,39,Local vs PRISM,35.75265293888879,-35.75265293888879,35.75265293888879
HeadM401_DaysToHeading,LarrabeeSheppard,10,40,Local vs PRISM,38.607101327777855,-38.607101327777855,38.607101327777855
HeadM401_DaysToHeading,LarrabeeSheppard,11,25,Local vs PRISM,36.57944177777779,36.57944177777779,36.57944177777779
HeadM401_DaysToHeading,LarrabeeSheppard,11,26,Local vs PRISM,36.47264169722223,36.47264169722223,36.47264169722223
HeadM401_DaysToHeading,LarrabeeSheppard,11,27,Local vs PRISM,36.13894764166662,36.13894764166662,36.13894764166662
HeadM401_DaysToHeading,LarrabeeSheppard,11,28,Local vs PRISM,35.96533653055553,35.96533653055553,35.96533653055553
HeadM401_DaysToHeading,LarrabeeSheppard,11,29,Local vs PRISM,34.43092064999996,34.43092064999996,34.43092064999996
HeadM401_DaysToHeading,LarrabeeSheppard,11,30,Local vs PRISM,30.055916511111036,30.055916511111036,30.055916511111036
HeadM401_DaysToHeading,LarrabeeSheppard,11,31,Local vs PRISM,24.999720755555472,24.999720755555472,24.999720755555472
HeadM401_DaysToHeading,LarrabeeSheppard,11,32,Local vs PRISM,19.0238604611111,19.0238604611111,19.0238604611111
HeadM401_DaysToHeading,LarrabeeSheppard,11,33,Local vs PRISM,9.27158918333339,9.27158918333339,9.27158918333339
HeadM401_DaysToHeading,LarrabeeSheppard,11,34,Local vs PRISM,0.516255069444469,-0.516255069444469,0.516255069444469
HeadM401_DaysToHeading,LarrabeeSheppard,11,35,Local vs PRISM,11.599032677777814,-11.599032677777814,11.599032677777814
HeadM401_DaysToHeading,LarrabeeSheppard,11,36,Local vs PRISM,20.76333077222216,-20.76333077222216,20.76333077222216
HeadM401_DaysToHeading,LarrabeeSheppard,11,37,Local vs PRISM,26.662635011111206,-26.662635011111206,26.662635011111206
HeadM401_DaysToHeading,LarrabeeSheppard,11,38,Local vs PRISM,31.632854299999963,-31.632854299999963,31.632854299999963
HeadM401_DaysToHeading,LarrabeeSheppard,11,39,Local vs PRISM,35.75265293888879,-35.75265293888879,35.75265293888879
HeadM401_DaysToHeading,LarrabeeSheppard,11,40,Local vs PRISM,38.607101327777855,-38.607101327777855,38.607101327777855
HeadM401_DaysToHeading,LarrabeeSheppard,12,25,Local vs PRISM,60.04584144722219,60.04584144722219,60.04584144722219
HeadM401_DaysToHeading,LarrabeeSheppard,12,26,Local vs PRISM,60.93904136666663,60.93904136666663,60.93904136666663
HeadM401_DaysToHeading,LarrabeeSheppard,12,27,Local vs PRISM,61.19689718333336,61.19689718333336,61.19689718333336
HeadM401_DaysToHeading,LarrabeeSheppard,12,28,Local vs PRISM,61.52328607222216,61.52328607222216,61.52328607222216
HeadM401_DaysToHeading,LarrabeeSheppard,12,29,Local vs PRISM,60.30582003611107,60.30582003611107,60.30582003611107
HeadM401_DaysToHeading,LarrabeeSheppard,12,30,Local vs PRISM,55.930815897222146,55.930815897222146,55.930815897222146
HeadM401_DaysToHeading,LarrabeeSheppard,12,31,Local vs PRISM,50.87462014166658,50.87462014166658,50.87462014166658
HeadM401_DaysToHeading,LarrabeeSheppard,12,32,Local vs PRISM,44.89875984722221,44.89875984722221,44.89875984722221
HeadM401_DaysToHeading,LarrabeeSheppard,12,33,Local vs PRISM,35.1464885694445,35.1464885694445,35.1464885694445
HeadM401_DaysToHeading,LarrabeeSheppard,12,34,Local vs PRISM,25.35864431666664,25.35864431666664,25.35864431666664
HeadM401_DaysToHeading,LarrabeeSheppard,12,35,Local vs PRISM,14.275866708333297,14.275866708333297,14.275866708333297
HeadM401_DaysToHeading,LarrabeeSheppard,12,36,Local vs PRISM,5.111568613888949,5.111568613888949,5.111568613888949
HeadM401_DaysToHeading,LarrabeeSheppard,12,37,Local vs PRISM,0.7877356250000958,-0.7877356250000958,0.7877356250000958
HeadM401_DaysToHeading,LarrabeeSheppard,12,38,Local vs PRISM,5.757954913888852,-5.757954913888852,5.757954913888852
HeadM401_DaysToHeading,LarrabeeSheppard,12,39,Local vs PRISM,9.877753552777676,-9.877753552777676,9.877753552777676
HeadM401_DaysToHeading,LarrabeeSheppard,12,40,Local vs PRISM,12.732201941666744,-12.732201941666744,12.732201941666744
HeadM401_DaysToHeading,LarrabeeSheppard,13,25,Local vs PRISM,61.84366891111108,61.84366891111108,61.84366891111108
HeadM401_DaysToHeading,LarrabeeSheppard,13,26,Local vs PRISM,63.23686883055552,63.23686883055552,63.23686883055552
HeadM401_DaysToHeading,LarrabeeSheppard,13,27,Local vs PRISM,63.99472464722214,63.99472464722214,63.99472464722214
HeadM401_DaysToHeading,LarrabeeSheppard,13,28,Local vs PRISM,64.82111353611106,64.82111353611106,64.82111353611106
HeadM401_DaysToHeading,LarrabeeSheppard,13,29,Local vs PRISM,64.46864749999986,64.46864749999986,64.46864749999986
HeadM401_DaysToHeading,LarrabeeSheppard,13,30,Local vs PRISM,61.093643361110935,61.093643361110935,61.093643361110935
HeadM401_DaysToHeading,LarrabeeSheppard,13,31,Local vs PRISM,57.03744760555537,57.03744760555537,57.03744760555537
HeadM401_DaysToHeading,LarrabeeSheppard,13,32,Local vs PRISM,51.74283693055554,51.74283693055554,51.74283693055554
HeadM401_DaysToHeading,LarrabeeSheppard,13,33,Local vs PRISM,42.173915261111006,42.173915261111006,42.173915261111006
HeadM401_DaysToHeading,LarrabeeSheppard,13,34,Local vs PRISM,32.386071008333374,32.386071008333374,32.386071008333374
HeadM401_DaysToHeading,LarrabeeSheppard,13,35,Local vs PRISM,21.30329340000003,21.30329340000003,21.30329340000003
HeadM401_DaysToHeading,LarrabeeSheppard,13,36,Local vs PRISM,12.138995305555454,12.138995305555454,12.138995305555454
HeadM401_DaysToHeading,LarrabeeSheppard,13,37,Local vs PRISM,6.239691066666637,6.239691066666637,6.239691066666637
HeadM401_DaysToHeading,LarrabeeSheppard,13,38,Local vs PRISM,1.2694717777778806,1.2694717777778806,1.2694717777778806
HeadM401_DaysToHeading,LarrabeeSheppard,13,39,Local vs PRISM,2.8503268611111707,-2.8503268611111707,2.8503268611111707
HeadM401_DaysToHeading,LarrabeeSheppard,13,40,Local vs PRISM,5.7047752500000115,-5.7047752500000115,5.7047752500000115
HeadM401_DaysToHeading,LarrabeeSheppard,14,25,Local vs PRISM,107.82267251388896,107.82267251388896,107.82267251388896
HeadM401_DaysToHeading,LarrabeeSheppard,14,26,Local vs PRISM,111.82267251388896,111.82267251388896,111.82267251388896
HeadM401_DaysToHeading,LarrabeeSheppard,14,27,Local vs PRISM,115.08052833055547,115.08052833055547,115.08052833055547
HeadM401_DaysToHeading,LarrabeeSheppard,14,28,Local vs PRISM,118.4069172194445,118.4069172194445,118.4069172194445
HeadM401_DaysToHeading,LarrabeeSheppard,14,29,Local vs PRISM,120.85000673888885,120.85000673888885,120.85000673888885
HeadM401_DaysToHeading,LarrabeeSheppard,14,30,Local vs PRISM,120.62040264722214,120.62040264722214,120.62040264722214
HeadM401_DaysToHeading,LarrabeeSheppard,14,31,Local vs PRISM,118.45535641388881,118.45535641388881,118.45535641388881
HeadM401_DaysToHeading,LarrabeeSheppard,14,32,Local vs PRISM,114.17805668611118,114.17805668611118,114.17805668611118
HeadM401_DaysToHeading,LarrabeeSheppard,14,33,Local vs PRISM,105.4444354611112,105.4444354611112,105.4444354611112
HeadM401_DaysToHeading,LarrabeeSheppard,14,34,Local vs PRISM,96.15659120833334,96.15659120833334,96.15659120833334
HeadM401_DaysToHeading,LarrabeeSheppard,14,35,Local vs PRISM,85.5738136,85.5738136,85.5738136
HeadM401_DaysToHeading,LarrabeeSheppard,14,36,Local vs PRISM,76.90951550555542,76.90951550555542,76.90951550555542
HeadM401_DaysToHeading,LarrabeeSheppard,14,37,Local vs PRISM,71.0933106305556,71.0933106305556,71.0933106305556
HeadM401_DaysToHeading,LarrabeeSheppard,14,38,Local vs PRISM,66.12309134166685,66.12309134166685,66.12309134166685
HeadM401_DaysToHeading,LarrabeeSheppard,14,39,Local vs PRISM,62.0032927027778,62.0032927027778,62.0032927027778
HeadM401_DaysToHeading,LarrabeeSheppard,14,40,Local vs PRISM,59.14884431388896,59.14884431388896,59.14884431388896
HeadM401_DaysToHeading,LarrabeeSheppard,15,25,Local vs PRISM,116.96542069722216,116.96542069722216,116.96542069722216
HeadM401_DaysToHeading,LarrabeeSheppard,15,26,Local vs PRISM,121.46542069722216,121.46542069722216,121.46542069722216
HeadM401_DaysToHeading,LarrabeeSheppard,15,27,Local vs PRISM,125.58097625277776,125.58097625277776,125.58097625277776
HeadM401_DaysToHeading,LarrabeeSheppard,15,28,Local vs PRISM,129.58097625277776,129.58097625277776,129.58097625277776
HeadM401_DaysToHeading,LarrabeeSheppard,15,29,Local vs PRISM,133.26517688333342,133.26517688333342,133.26517688333342
HeadM401_DaysToHeading,LarrabeeSheppard,15,30,Local vs PRISM,134.06917214722216,134.06917214722216,134.06917214722216
HeadM401_DaysToHeading,LarrabeeSheppard,15,31,Local vs PRISM,131.87892411666678,131.87892411666678,131.87892411666678
HeadM401_DaysToHeading,LarrabeeSheppard,15,32,Local vs PRISM,127.07716879999987,127.07716879999987,127.07716879999987
HeadM401_DaysToHeading,LarrabeeSheppard,15,33,Local vs PRISM,118.69160313055556,118.69160313055556,118.69160313055556
HeadM401_DaysToHeading,LarrabeeSheppard,15,34,Local vs PRISM,109.9037588777777,109.9037588777777,109.9037588777777
HeadM401_DaysToHeading,LarrabeeSheppard,15,35,Local vs PRISM,99.82098126944447,99.82098126944447,99.82098126944447
HeadM401_DaysToHeading,LarrabeeSheppard,15,36,Local vs PRISM,91.65668317500013,91.65668317500013,91.65668317500013
HeadM401_DaysToHeading,LarrabeeSheppard,15,37,Local vs PRISM,85.896577238889,85.896577238889,85.896577238889
HeadM401_DaysToHeading,LarrabeeSheppard,15,38,Local vs PRISM,80.92635795000001,80.92635795000001,80.92635795000001
HeadM401_DaysToHeading,LarrabeeSheppard,15,39,Local vs PRISM,76.80655931111119,76.80655931111119,76.80655931111119
HeadM401_DaysToHeading,LarrabeeSheppard,15,40,Local vs PRISM,73.95211092222212,73.95211092222212,73.95211092222212
HeadM401_DaysToHeading,LarrabeeSheppard,16,25,Local vs PRISM,127.50156796944441,127.50156796944441,127.50156796944441
HeadM401_DaysToHeading,LarrabeeSheppard,16,26,Local vs PRISM,132.5015679694444,132.5015679694444,132.5015679694444
HeadM401_DaysToHeading,LarrabeeSheppard,16,27,Local vs PRISM,137.5015679694444,137.5015679694444,137.5015679694444
HeadM401_DaysToHeading,LarrabeeSheppard,16,28,Local vs PRISM,142.5015679694444,142.5015679694444,142.5015679694444
HeadM401_DaysToHeading,LarrabeeSheppard,16,29,Local vs PRISM,147.53132415555558,147.53132415555558,147.53132415555558
HeadM401_DaysToHeading,LarrabeeSheppard,16,30,Local vs PRISM,151.29281941944453,151.29281941944453,151.29281941944453
HeadM401_DaysToHeading,LarrabeeSheppard,16,31,Local vs PRISM,153.54155942222224,153.54155942222224,153.54155942222224
HeadM401_DaysToHeading,LarrabeeSheppard,16,32,Local vs PRISM,152.73980410555555,152.73980410555555,152.73980410555555
HeadM401_DaysToHeading,LarrabeeSheppard,16,33,Local vs PRISM,148.00433830555562,148.00433830555562,148.00433830555562
HeadM401_DaysToHeading,LarrabeeSheppard,16,34,Local vs PRISM,141.28504416111105,141.28504416111105,141.28504416111105
HeadM401_DaysToHeading,LarrabeeSheppard,16,35,Local vs PRISM,132.65101418611107,132.65101418611107,132.65101418611107
HeadM401_DaysToHeading,LarrabeeSheppard,16,36,Local vs PRISM,124.48671609166661,124.48671609166661,124.48671609166661
HeadM401_DaysToHeading,LarrabeeSheppard,16,37,Local vs PRISM,118.72661015555559,118.72661015555559,118.72661015555559
HeadM401_DaysToHeading,LarrabeeSheppard,16,38,Local vs PRISM,113.7563908666666,113.7563908666666,113.7563908666666
HeadM401_DaysToHeading,LarrabeeSheppard,16,39,Local vs PRISM,109.63659222777778,109.63659222777778,109.63659222777778
HeadM401_DaysToHeading,LarrabeeSheppard,16,40,Local vs PRISM,106.78214383888894,106.78214383888894,106.78214383888894
HeadM401_DaysToHeading,LarrabeeSheppard,17,25,Local vs PRISM,159.47603800000002,159.47603800000002,159.47603800000002
HeadM401_DaysToHeading,LarrabeeSheppard,17,26,Local vs PRISM,165.97603800000002,165.97603800000002,165.97603800000002
HeadM401_DaysToHeading,LarrabeeSheppard,17,27,Local vs PRISM,172.47603800000002,172.47603800000002,172.47603800000002
HeadM401_DaysToHeading,LarrabeeSheppard,17,28,Local vs PRISM,178.97603800000002,178.97603800000002,178.97603800000002
HeadM401_DaysToHeading,LarrabeeSheppard,17,29,Local vs PRISM,185.50579418611107,185.50579418611107,185.50579418611107
HeadM401_DaysToHeading,LarrabeeSheppard,17,30,Local vs PRISM,191.04579418611115,191.04579418611115,191.04579418611115
HeadM401_DaysToHeading,LarrabeeSheppard,17,31,Local vs PRISM,195.31357196388888,195.31357196388888,195.31357196388888
HeadM401_DaysToHeading,LarrabeeSheppard,17,32,Local vs PRISM,197.2856775444444,197.2856775444444,197.2856775444444
HeadM401_DaysToHeading,LarrabeeSheppard,17,33,Local vs PRISM,195.81151087777778,195.81151087777778,195.81151087777778
HeadM401_DaysToHeading,LarrabeeSheppard,17,34,Local vs PRISM,191.77596688611106,191.77596688611106,191.77596688611106
HeadM401_DaysToHeading,LarrabeeSheppard,17,35,Local vs PRISM,184.9971367249999,184.9971367249999,184.9971367249999
HeadM401_DaysToHeading,LarrabeeSheppard,17,36,Local vs PRISM,177.9383874888889,177.9383874888889,177.9383874888889
HeadM401_DaysToHeading,LarrabeeSheppard,17,37,Local vs PRISM,173.17828155277778,173.17828155277778,173.17828155277778
HeadM401_DaysToHeading,LarrabeeSheppard,17,38,Local vs PRISM,168.77891264999994,168.77891264999994,168.77891264999994
HeadM401_DaysToHeading,LarrabeeSheppard,17,39,Local vs PRISM,164.65911401111111,164.65911401111111,164.65911401111111
HeadM401_DaysToHeading,LarrabeeSheppard,17,40,Local vs PRISM,161.80466562222227,161.80466562222227,161.80466562222227
HeadM401_DaysToHeading,LarrabeeSheppard,18,25,Local vs PRISM,136.87172536666662,136.87172536666662,136.87172536666662
HeadM401_DaysToHeading,LarrabeeSheppard,18,26,Local vs PRISM,142.37172536666662,142.37172536666662,142.37172536666662
HeadM401_DaysToHeading,LarrabeeSheppard,18,27,Local vs PRISM,147.87172536666662,147.87172536666662,147.87172536666662
HeadM401_DaysToHeading,LarrabeeSheppard,18,28,Local vs PRISM,153.37172536666662,153.37172536666662,153.37172536666662
HeadM401_DaysToHeading,LarrabeeSheppard,18,29,Local vs PRISM,158.93092599722218,158.93092599722218,158.93092599722218
HeadM401_DaysToHeading,LarrabeeSheppard,18,30,Local vs PRISM,164.43092599722218,164.43092599722218,164.43092599722218
HeadM401_DaysToHeading,LarrabeeSheppard,18,31,Local vs PRISM,169.93092599722218,169.93092599722218,169.93092599722218
HeadM401_DaysToHeading,LarrabeeSheppard,18,32,Local vs PRISM,174.43870377500002,174.43870377500002,174.43870377500002
HeadM401_DaysToHeading,LarrabeeSheppard,18,33,Local vs PRISM,175.9539815527778,175.9539815527778,175.9539815527778
HeadM401_DaysToHeading,LarrabeeSheppard,18,34,Local vs PRISM,175.02703710833327,175.02703710833327,175.02703710833327
HeadM401_DaysToHeading,LarrabeeSheppard,18,35,Local vs PRISM,170.72160515833332,170.72160515833332,170.72160515833332
HeadM401_DaysToHeading,LarrabeeSheppard,18,36,Local vs PRISM,165.32265549722217,165.32265549722217,165.32265549722217
HeadM401_DaysToHeading,LarrabeeSheppard,18,37,Local vs PRISM,162.04799839722227,162.04799839722227,162.04799839722227
HeadM401_DaysToHeading,LarrabeeSheppard,18,38,Local vs PRISM,158.3770783611111,158.3770783611111,158.3770783611111
HeadM401_DaysToHeading,LarrabeeSheppard,18,39,Local vs PRISM,154.75727972222228,154.75727972222228,154.75727972222228
HeadM401_DaysToHeading,LarrabeeSheppard,18,40,Local vs PRISM,152.01698041666668,152.01698041666668,152.01698041666668
HeadM401_DaysToHeading,LarrabeeSheppard,19,25,Local vs PRISM,55.192379494444424,55.192379494444424,55.192379494444424
HeadM401_DaysToHeading,LarrabeeSheppard,19,26,Local vs PRISM,57.192379494444424,57.192379494444424,57.192379494444424
HeadM401_DaysToHeading,LarrabeeSheppard,19,27,Local vs PRISM,59.192379494444424,59.192379494444424,59.192379494444424
HeadM401_DaysToHeading,LarrabeeSheppard,19,28,Local vs PRISM,61.192379494444424,61.192379494444424,61.192379494444424
HeadM401_DaysToHeading,LarrabeeSheppard,19,29,Local vs PRISM,62.86487949444444,62.86487949444444,62.86487949444444
HeadM401_DaysToHeading,LarrabeeSheppard,19,30,Local vs PRISM,64.36487949444444,64.36487949444444,64.36487949444444
HeadM401_DaysToHeading,LarrabeeSheppard,19,31,Local vs PRISM,65.86487949444444,65.86487949444444,65.86487949444444
HeadM401_DaysToHeading,LarrabeeSheppard,19,32,Local vs PRISM,67.3112683833333,67.3112683833333,67.3112683833333
HeadM401_DaysToHeading,LarrabeeSheppard,19,33,Local vs PRISM,67.98876838333331,67.98876838333331,67.98876838333331
HeadM401_DaysToHeading,LarrabeeSheppard,19,34,Local vs PRISM,66.81432393888883,66.81432393888883,66.81432393888883
HeadM401_DaysToHeading,LarrabeeSheppard,19,35,Local vs PRISM,63.72467504444444,63.72467504444444,63.72467504444444
HeadM401_DaysToHeading,LarrabeeSheppard,19,36,Local vs PRISM,59.28467542499999,59.28467542499999,59.28467542499999
HeadM401_DaysToHeading,LarrabeeSheppard,19,37,Local vs PRISM,55.877266402777764,55.877266402777764,55.877266402777764
HeadM401_DaysToHeading,LarrabeeSheppard,19,38,Local vs PRISM,52.29495747777776,52.29495747777776,52.29495747777776
HeadM401_DaysToHeading,LarrabeeSheppard,19,39,Local vs PRISM,49.17515883888893,49.17515883888893,49.17515883888893
HeadM401_DaysToHeading,LarrabeeSheppard,19,40,Local vs PRISM,46.93485953333334,46.93485953333334,46.93485953333334
HeadM401_DaysToHeading,LarrabeeSheppard,20,25,Local vs PRISM,54.91068680833331,54.91068680833331,54.91068680833331
HeadM401_DaysToHeading,LarrabeeSheppard,20,26,Local vs PRISM,56.91068680833331,56.91068680833331,56.91068680833331
HeadM401_DaysToHeading,LarrabeeSheppard,20,27,Local vs PRISM,58.91068680833331,58.91068680833331,58.91068680833331
HeadM401_DaysToHeading,LarrabeeSheppard,20,28,Local vs PRISM,60.91068680833331,60.91068680833331,60.91068680833331
HeadM401_DaysToHeading,LarrabeeSheppard,20,29,Local vs PRISM,62.91068680833331,62.91068680833331,62.91068680833331
HeadM401_DaysToHeading,LarrabeeSheppard,20,30,Local vs PRISM,64.91068680833331,64.91068680833331,64.91068680833331
HeadM401_DaysToHeading,LarrabeeSheppard,20,31,Local vs PRISM,66.91068680833331,66.91068680833331,66.91068680833331
HeadM401_DaysToHeading,LarrabeeSheppard,20,32,Local vs PRISM,68.85707569722223,68.85707569722223,68.85707569722223
HeadM401_DaysToHeading,LarrabeeSheppard,20,33,Local vs PRISM,70.35707569722223,70.35707569722223,70.35707569722223
HeadM401_DaysToHeading,LarrabeeSheppard,20,34,Local vs PRISM,70.77818680833332,70.77818680833332,70.77818680833332
HeadM401_DaysToHeading,LarrabeeSheppard,20,35,Local vs PRISM,69.36374236388889,69.36374236388889,69.36374236388889
HeadM401_DaysToHeading,LarrabeeSheppard,20,36,Local vs PRISM,66.98679791944443,66.98679791944443,66.98679791944443
HeadM401_DaysToHeading,LarrabeeSheppard,20,37,Local vs PRISM,64.49253777499996,64.49253777499996,64.49253777499996
HeadM401_DaysToHeading,LarrabeeSheppard,20,38,Local vs PRISM,61.197927594444394,61.197927594444394,61.197927594444394
HeadM401_DaysToHeading,LarrabeeSheppard,20,39,Local vs PRISM,58.12347806666662,58.12347806666662,58.12347806666662
HeadM401_DaysToHeading,LarrabeeSheppard,20,40,Local vs PRISM,56.02567876111107,56.02567876111107,56.02567876111107
HeadM401_DaysToHeading,Lauppe,10,25,Local vs PRISM,159.4371330749998,159.4371330749998,159.4371330749998
HeadM401_DaysToHeading,Lauppe,10,26,Local vs PRISM,167.35768863055546,167.35768863055546,167.35768863055546
HeadM401_DaysToHeading,Lauppe,10,27,Local vs PRISM,174.39463307499977,174.39463307499977,174.39463307499977
HeadM401_DaysToHeading,Lauppe,10,28,Local vs PRISM,180.04354011111104,180.04354011111104,180.04354011111104
HeadM401_DaysToHeading,Lauppe,10,29,Local vs PRISM,182.81695263055553,182.81695263055553,182.81695263055553
HeadM401_DaysToHeading,Lauppe,10,30,Local vs PRISM,185.18109826944442,185.18109826944442,185.18109826944442
HeadM401_DaysToHeading,Lauppe,10,31,Local vs PRISM,188.46898623888887,188.46898623888887,188.46898623888887
HeadM401_DaysToHeading,Lauppe,10,32,Local vs PRISM,191.18705043888872,191.18705043888872,191.18705043888872
HeadM401_DaysToHeading,Lauppe,10,33,Local vs PRISM,192.01151313888886,192.01151313888886,192.01151313888886
HeadM401_DaysToHeading,Lauppe,10,34,Local vs PRISM,188.1753863583333,188.1753863583333,188.1753863583333
HeadM401_DaysToHeading,Lauppe,10,35,Local vs PRISM,182.75535115000002,182.75535115000002,182.75535115000002
HeadM401_DaysToHeading,Lauppe,10,36,Local vs PRISM,175.64217793888906,175.64217793888906,175.64217793888906
HeadM401_DaysToHeading,Lauppe,10,37,Local vs PRISM,167.99001034166668,167.99001034166668,167.99001034166668
HeadM401_DaysToHeading,Lauppe,10,38,Local vs PRISM,161.90740783888873,161.90740783888873,161.90740783888873
HeadM401_DaysToHeading,Lauppe,10,39,Local vs PRISM,158.36920469999995,158.36920469999995,158.36920469999995
HeadM401_DaysToHeading,Lauppe,10,40,Local vs PRISM,155.1618960055555,155.1618960055555,155.1618960055555
HeadM401_DaysToHeading,Lauppe,11,25,Local vs PRISM,158.21302763888866,158.21302763888866,158.21302763888866
HeadM401_DaysToHeading,Lauppe,11,26,Local vs PRISM,165.63358319444433,165.63358319444433,165.63358319444433
HeadM401_DaysToHeading,Lauppe,11,27,Local vs PRISM,172.17052763888864,172.17052763888864,172.17052763888864
HeadM401_DaysToHeading,Lauppe,11,28,Local vs PRISM,177.31943467500014,177.31943467500014,177.31943467500014
HeadM401_DaysToHeading,Lauppe,11,29,Local vs PRISM,179.5928471944444,179.5928471944444,179.5928471944444
HeadM401_DaysToHeading,Lauppe,11,30,Local vs PRISM,181.4569928333333,181.4569928333333,181.4569928333333
HeadM401_DaysToHeading,Lauppe,11,31,Local vs PRISM,184.24488080277797,184.24488080277797,184.24488080277797
HeadM401_DaysToHeading,Lauppe,11,32,Local vs PRISM,186.79738944722203,186.79738944722203,186.79738944722203
HeadM401_DaysToHeading,Lauppe,11,33,Local vs PRISM,187.62185214722217,187.62185214722217,187.62185214722217
HeadM401_DaysToHeading,Lauppe,11,34,Local vs PRISM,183.7857253666666,183.7857253666666,183.7857253666666
HeadM401_DaysToHeading,Lauppe,11,35,Local vs PRISM,178.36569015833334,178.36569015833334,178.36569015833334
HeadM401_DaysToHeading,Lauppe,11,36,Local vs PRISM,171.25251694722238,171.25251694722238,171.25251694722238
HeadM401_DaysToHeading,Lauppe,11,37,Local vs PRISM,163.60034935,163.60034935,163.60034935
HeadM401_DaysToHeading,Lauppe,11,38,Local vs PRISM,157.51774684722204,157.51774684722204,157.51774684722204
HeadM401_DaysToHeading,Lauppe,11,39,Local vs PRISM,153.97954370833327,153.97954370833327,153.97954370833327
HeadM401_DaysToHeading,Lauppe,11,40,Local vs PRISM,150.7722350138888,150.7722350138888,150.7722350138888
HeadM401_DaysToHeading,Lauppe,12,25,Local vs PRISM,174.30109325277772,174.30109325277772,174.30109325277772
HeadM401_DaysToHeading,Lauppe,12,26,Local vs PRISM,182.22164880833338,182.22164880833338,182.22164880833338
HeadM401_DaysToHeading,Lauppe,12,27,Local vs PRISM,189.2585932527777,189.2585932527777,189.2585932527777
HeadM401_DaysToHeading,Lauppe,12,28,Local vs PRISM,194.90750028888874,194.90750028888874,194.90750028888874
HeadM401_DaysToHeading,Lauppe,12,29,Local vs PRISM,198.15702391944433,198.15702391944433,198.15702391944433
HeadM401_DaysToHeading,Lauppe,12,30,Local vs PRISM,200.78891934444437,200.78891934444437,200.78891934444437
HeadM401_DaysToHeading,Lauppe,12,31,Local vs PRISM,203.69030695555557,203.69030695555557,203.69030695555557
HeadM401_DaysToHeading,Lauppe,12,32,Local vs PRISM,205.59866486388887,205.59866486388887,205.59866486388887
HeadM401_DaysToHeading,Lauppe,12,33,Local vs PRISM,205.9125720083332,205.9125720083332,205.9125720083332
HeadM401_DaysToHeading,Lauppe,12,34,Local vs PRISM,201.57644522777787,201.57644522777787,201.57644522777787
HeadM401_DaysToHeading,Lauppe,12,35,Local vs PRISM,195.68529890833315,195.68529890833315,195.68529890833315
HeadM401_DaysToHeading,Lauppe,12,36,Local vs PRISM,188.5721256972222,188.5721256972222,188.5721256972222
HeadM401_DaysToHeading,Lauppe,12,37,Local vs PRISM,180.91995810000003,180.91995810000003,180.91995810000003
HeadM401_DaysToHeading,Lauppe,12,38,Local vs PRISM,174.8373555972223,174.8373555972223,174.8373555972223
HeadM401_DaysToHeading,Lauppe,12,39,Local vs PRISM,171.2991524583333,171.2991524583333,171.2991524583333
HeadM401_DaysToHeading,Lauppe,12,40,Local vs PRISM,168.09184376388885,168.09184376388885,168.09184376388885
HeadM401_DaysToHeading,Lauppe,13,25,Local vs PRISM,157.86328076666655,157.86328076666655,157.86328076666655
HeadM401_DaysToHeading,Lauppe,13,26,Local vs PRISM,165.28383632222221,165.28383632222221,165.28383632222221
HeadM401_DaysToHeading,Lauppe,13,27,Local vs PRISM,172.28383632222221,172.28383632222221,172.28383632222221
HeadM401_DaysToHeading,Lauppe,13,28,Local vs PRISM,178.82774335833324,178.82774335833324,178.82774335833324
HeadM401_DaysToHeading,Lauppe,13,29,Local vs PRISM,183.8436558777778,183.8436558777778,183.8436558777778
HeadM401_DaysToHeading,Lauppe,13,30,Local vs PRISM,188.15270107499987,188.15270107499987,188.15270107499987
HeadM401_DaysToHeading,Lauppe,13,31,Local vs PRISM,190.92718705555558,190.92718705555558,190.92718705555558
HeadM401_DaysToHeading,Lauppe,13,32,Local vs PRISM,191.304800013889,191.304800013889,191.304800013889
HeadM401_DaysToHeading,Lauppe,13,33,Local vs PRISM,190.11870715833334,190.11870715833334,190.11870715833334
HeadM401_DaysToHeading,Lauppe,13,34,Local vs PRISM,184.8781359333334,184.8781359333334,184.8781359333334
HeadM401_DaysToHeading,Lauppe,13,35,Local vs PRISM,178.02424013333325,178.02424013333325,178.02424013333325
HeadM401_DaysToHeading,Lauppe,13,36,Local vs PRISM,170.58245581111123,170.58245581111123,170.58245581111123
HeadM401_DaysToHeading,Lauppe,13,37,Local vs PRISM,162.93028821388884,162.93028821388884,162.93028821388884
HeadM401_DaysToHeading,Lauppe,13,38,Local vs PRISM,156.84768571111113,156.84768571111113,156.84768571111113
HeadM401_DaysToHeading,Lauppe,13,39,Local vs PRISM,153.30948257222212,153.30948257222212,153.30948257222212
HeadM401_DaysToHeading,Lauppe,13,40,Local vs PRISM,150.10217387777766,150.10217387777766,150.10217387777766
HeadM401_DaysToHeading,Lauppe,14,25,Local vs PRISM,148.81165572500004,148.81165572500004,148.81165572500004
HeadM401_DaysToHeading,Lauppe,14,26,Local vs PRISM,154.7322112805556,154.7322112805556,154.7322112805556
HeadM401_DaysToHeading,Lauppe,14,27,Local vs PRISM,160.2322112805556,160.2322112805556,160.2322112805556
HeadM401_DaysToHeading,Lauppe,14,28,Local vs PRISM,165.30047863333334,165.30047863333334,165.30047863333334
HeadM401_DaysToHeading,Lauppe,14,29,Local vs PRISM,170.0312016416666,170.0312016416666,170.0312016416666
HeadM401_DaysToHeading,Lauppe,14,30,Local vs PRISM,174.032746838889,174.032746838889,174.032746838889
HeadM401_DaysToHeading,Lauppe,14,31,Local vs PRISM,175.80963678888895,175.80963678888895,175.80963678888895
HeadM401_DaysToHeading,Lauppe,14,32,Local vs PRISM,174.61052667777778,174.61052667777778,174.61052667777778
HeadM401_DaysToHeading,Lauppe,14,33,Local vs PRISM,173.15407313888886,173.15407313888886,173.15407313888886
HeadM401_DaysToHeading,Lauppe,14,34,Local vs PRISM,167.57090181666672,167.57090181666672,167.57090181666672
HeadM401_DaysToHeading,Lauppe,14,35,Local vs PRISM,160.43226660277764,160.43226660277764,160.43226660277764
HeadM401_DaysToHeading,Lauppe,14,36,Local vs PRISM,153.0918711694444,153.0918711694444,153.0918711694444
HeadM401_DaysToHeading,Lauppe,14,37,Local vs PRISM,145.93970357222202,145.93970357222202,145.93970357222202
HeadM401_DaysToHeading,Lauppe,14,38,Local vs PRISM,139.89545022222228,139.89545022222228,139.89545022222228
HeadM401_DaysToHeading,Lauppe,14,39,Local vs PRISM,136.35724708333328,136.35724708333328,136.35724708333328
HeadM401_DaysToHeading,Lauppe,14,40,Local vs PRISM,133.1499383888888,133.1499383888888,133.1499383888888
HeadM401_DaysToHeading,Lauppe,15,25,Local vs PRISM,167.54170675,167.54170675,167.54170675
HeadM401_DaysToHeading,Lauppe,15,26,Local vs PRISM,174.54170675,174.54170675,174.54170675
HeadM401_DaysToHeading,Lauppe,15,27,Local vs PRISM,181.54170675,181.54170675,181.54170675
HeadM401_DaysToHeading,Lauppe,15,28,Local vs PRISM,187.98587341666666,187.98587341666666,187.98587341666666
HeadM401_DaysToHeading,Lauppe,15,29,Local vs PRISM,193.71659642500003,193.71659642500003,193.71659642500003
HeadM401_DaysToHeading,Lauppe,15,30,Local vs PRISM,199.07869717777783,199.07869717777783,199.07869717777783
HeadM401_DaysToHeading,Lauppe,15,31,Local vs PRISM,202.80869717777784,202.80869717777784,202.80869717777784
HeadM401_DaysToHeading,Lauppe,15,32,Local vs PRISM,204.48175273333334,204.48175273333334,204.48175273333334
HeadM401_DaysToHeading,Lauppe,15,33,Local vs PRISM,204.48655816666655,204.48655816666655,204.48655816666655
HeadM401_DaysToHeading,Lauppe,15,34,Local vs PRISM,201.1908036333333,201.1908036333333,201.1908036333333
HeadM401_DaysToHeading,Lauppe,15,35,Local vs PRISM,196.80651717500007,196.80651717500007,196.80651717500007
HeadM401_DaysToHeading,Lauppe,15,36,Local vs PRISM,190.9690312555556,190.9690312555556,190.9690312555556
HeadM401_DaysToHeading,Lauppe,15,37,Local vs PRISM,183.8405068638889,183.8405068638889,183.8405068638889
HeadM401_DaysToHeading,Lauppe,15,38,Local vs PRISM,177.974653013889,177.974653013889,177.974653013889
HeadM401_DaysToHeading,Lauppe,15,39,Local vs PRISM,174.436449875,174.436449875,174.436449875
HeadM401_DaysToHeading,Lauppe,15,40,Local vs PRISM,171.22914118055553,171.22914118055553,171.22914118055553
HeadM401_DaysToHeading,Lauppe,16,25,Local vs PRISM,129.79107691111108,129.79107691111108,129.79107691111108
HeadM401_DaysToHeading,Lauppe,16,26,Local vs PRISM,135.29107691111108,135.29107691111108,135.29107691111108
HeadM401_DaysToHeading,Lauppe,16,27,Local vs PRISM,140.79107691111108,140.79107691111108,140.79107691111108
HeadM401_DaysToHeading,Lauppe,16,28,Local vs PRISM,146.29107691111108,146.29107691111108,146.29107691111108
HeadM401_DaysToHeading,Lauppe,16,29,Local vs PRISM,151.79107691111108,151.79107691111108,151.79107691111108
HeadM401_DaysToHeading,Lauppe,16,30,Local vs PRISM,156.91857691111113,156.91857691111113,156.91857691111113
HeadM401_DaysToHeading,Lauppe,16,31,Local vs PRISM,160.64857691111115,160.64857691111115,160.64857691111115
HeadM401_DaysToHeading,Lauppe,16,32,Local vs PRISM,162.74524357777773,162.74524357777773,162.74524357777773
HeadM401_DaysToHeading,Lauppe,16,33,Local vs PRISM,163.17829913333333,163.17829913333333,163.17829913333333
HeadM401_DaysToHeading,Lauppe,16,34,Local vs PRISM,161.08465401944443,161.08465401944443,161.08465401944443
HeadM401_DaysToHeading,Lauppe,16,35,Local vs PRISM,158.52036756111113,158.52036756111113,158.52036756111113
HeadM401_DaysToHeading,Lauppe,16,36,Local vs PRISM,154.0217191083334,154.0217191083334,154.0217191083334
HeadM401_DaysToHeading,Lauppe,16,37,Local vs PRISM,148.6633496527778,148.6633496527778,148.6633496527778
HeadM401_DaysToHeading,Lauppe,16,38,Local vs PRISM,144.15474411111109,144.15474411111109,144.15474411111109
HeadM401_DaysToHeading,Lauppe,16,39,Local vs PRISM,140.8976292777778,140.8976292777778,140.8976292777778
HeadM401_DaysToHeading,Lauppe,16,40,Local vs PRISM,137.69032058333335,137.69032058333335,137.69032058333335
HeadM401_DaysToHeading,Lauppe,17,25,Local vs PRISM,130.32814536666666,130.32814536666666,130.32814536666666
HeadM401_DaysToHeading,Lauppe,17,26,Local vs PRISM,135.82814536666666,135.82814536666666,135.82814536666666
HeadM401_DaysToHeading,Lauppe,17,27,Local vs PRISM,141.32814536666666,141.32814536666666,141.32814536666666
HeadM401_DaysToHeading,Lauppe,17,28,Local vs PRISM,146.82814536666666,146.82814536666666,146.82814536666666
HeadM401_DaysToHeading,Lauppe,17,29,Local vs PRISM,152.32814536666666,152.32814536666666,152.32814536666666
HeadM401_DaysToHeading,Lauppe,17,30,Local vs PRISM,157.82814536666666,157.82814536666666,157.82814536666666
HeadM401_DaysToHeading,Lauppe,17,31,Local vs PRISM,162.84870092222224,162.84870092222224,162.84870092222224
HeadM401_DaysToHeading,Lauppe,17,32,Local vs PRISM,167.0375898111111,167.0375898111111,167.0375898111111
HeadM401_DaysToHeading,Lauppe,17,33,Local vs PRISM,169.9706453666667,169.9706453666667,169.9706453666667
HeadM401_DaysToHeading,Lauppe,17,34,Local vs PRISM,170.37508981111108,170.37508981111108,170.37508981111108
HeadM401_DaysToHeading,Lauppe,17,35,Local vs PRISM,169.83425229722218,169.83425229722218,169.83425229722218
HeadM401_DaysToHeading,Lauppe,17,36,Local vs PRISM,166.68036340833328,166.68036340833328,166.68036340833328
HeadM401_DaysToHeading,Lauppe,17,37,Local vs PRISM,162.9189211305556,162.9189211305556,162.9189211305556
HeadM401_DaysToHeading,Lauppe,17,38,Local vs PRISM,160.01220861111113,160.01220861111113,160.01220861111113
HeadM401_DaysToHeading,Lauppe,17,39,Local vs PRISM,157.32639238888896,157.32639238888896,157.32639238888896
HeadM401_DaysToHeading,Lauppe,17,40,Local vs PRISM,154.61908369444438,154.61908369444438,154.61908369444438
HeadM401_DaysToHeading,Lauppe,18,25,Local vs PRISM,97.74404863333334,97.74404863333334,97.74404863333334
HeadM401_DaysToHeading,Lauppe,18,26,Local vs PRISM,101.74404863333334,101.74404863333334,101.74404863333334
HeadM401_DaysToHeading,Lauppe,18,27,Local vs PRISM,105.74404863333334,105.74404863333334,105.74404863333334
HeadM401_DaysToHeading,Lauppe,18,28,Local vs PRISM,109.74404863333334,109.74404863333334,109.74404863333334
HeadM401_DaysToHeading,Lauppe,18,29,Local vs PRISM,113.74404863333334,113.74404863333334,113.74404863333334
HeadM401_DaysToHeading,Lauppe,18,30,Local vs PRISM,117.74404863333334,117.74404863333334,117.74404863333334
HeadM401_DaysToHeading,Lauppe,18,31,Local vs PRISM,121.26460418888894,121.26460418888894,121.26460418888894
HeadM401_DaysToHeading,Lauppe,18,32,Local vs PRISM,124.64710418888893,124.64710418888893,124.64710418888893
HeadM401_DaysToHeading,Lauppe,18,33,Local vs PRISM,127.38960418888894,127.38960418888894,127.38960418888894
HeadM401_DaysToHeading,Lauppe,18,34,Local vs PRISM,128.92904863333337,128.92904863333337,128.92904863333337
HeadM401_DaysToHeading,Lauppe,18,35,Local vs PRISM,129.89265974444447,129.89265974444447,129.89265974444447
HeadM401_DaysToHeading,Lauppe,18,36,Local vs PRISM,128.66127085555559,128.66127085555559,128.66127085555559
HeadM401_DaysToHeading,Lauppe,18,37,Local vs PRISM,126.41352715555553,126.41352715555553,126.41352715555553
HeadM401_DaysToHeading,Lauppe,18,38,Local vs PRISM,124.61762460833336,124.61762460833336,124.61762460833336
HeadM401_DaysToHeading,Lauppe,18,39,Local vs PRISM,122.91035833055554,122.91035833055554,122.91035833055554
HeadM401_DaysToHeading,Lauppe,18,40,Local vs PRISM,120.88445988611113,120.88445988611113,120.88445988611113
HeadM401_DaysToHeading,Lauppe,19,25,Local vs PRISM,38.69844778055554,38.69844778055554,38.69844778055554
HeadM401_DaysToHeading,Lauppe,19,26,Local vs PRISM,40.19844778055554,40.19844778055554,40.19844778055554
HeadM401_DaysToHeading,Lauppe,19,27,Local vs PRISM,41.69844778055554,41.69844778055554,41.69844778055554
HeadM401_DaysToHeading,Lauppe,19,28,Local vs PRISM,43.19844778055554,43.19844778055554,43.19844778055554
HeadM401_DaysToHeading,Lauppe,19,29,Local vs PRISM,44.69844778055554,44.69844778055554,44.69844778055554
HeadM401_DaysToHeading,Lauppe,19,30,Local vs PRISM,46.19844778055554,46.19844778055554,46.19844778055554
HeadM401_DaysToHeading,Lauppe,19,31,Local vs PRISM,47.69844778055554,47.69844778055554,47.69844778055554
HeadM401_DaysToHeading,Lauppe,19,32,Local vs PRISM,49.19844778055557,49.19844778055557,49.19844778055557
HeadM401_DaysToHeading,Lauppe,19,33,Local vs PRISM,50.44094778055552,50.44094778055552,50.44094778055552
HeadM401_DaysToHeading,Lauppe,19,34,Local vs PRISM,50.94094778055552,50.94094778055552,50.94094778055552
HeadM401_DaysToHeading,Lauppe,19,35,Local vs PRISM,50.90455889166668,50.90455889166668,50.90455889166668
HeadM401_DaysToHeading,Lauppe,19,36,Local vs PRISM,49.10455889166667,49.10455889166667,49.10455889166667
HeadM401_DaysToHeading,Lauppe,19,37,Local vs PRISM,46.66465944722225,46.66465944722225,46.66465944722225
HeadM401_DaysToHeading,Lauppe,19,38,Local vs PRISM,44.74115010555556,44.74115010555556,44.74115010555556
HeadM401_DaysToHeading,Lauppe,19,39,Local vs PRISM,43.0999949388889,43.0999949388889,43.0999949388889
HeadM401_DaysToHeading,Lauppe,19,40,Local vs PRISM,41.85799627222224,41.85799627222224,41.85799627222224
HeadM401_DaysToHeading,Lauppe,20,25,Local vs PRISM,50.74901743333332,50.74901743333332,50.74901743333332
HeadM401_DaysToHeading,Lauppe,20,26,Local vs PRISM,52.74901743333332,52.74901743333332,52.74901743333332
HeadM401_DaysToHeading,Lauppe,20,27,Local vs PRISM,54.74901743333332,54.74901743333332,54.74901743333332
HeadM401_DaysToHeading,Lauppe,20,28,Local vs PRISM,56.749017433333336,56.749017433333336,56.749017433333336
HeadM401_DaysToHeading,Lauppe,20,29,Local vs PRISM,58.749017433333336,58.749017433333336,58.749017433333336
HeadM401_DaysToHeading,Lauppe,20,30,Local vs PRISM,60.749017433333336,60.749017433333336,60.749017433333336
HeadM401_DaysToHeading,Lauppe,20,31,Local vs PRISM,62.749017433333336,62.749017433333336,62.749017433333336
HeadM401_DaysToHeading,Lauppe,20,32,Local vs PRISM,64.74901743333334,64.74901743333334,64.74901743333334
HeadM401_DaysToHeading,Lauppe,20,33,Local vs PRISM,66.64596187777778,66.64596187777778,66.64596187777778
HeadM401_DaysToHeading,Lauppe,20,34,Local vs PRISM,68.14596187777778,68.14596187777778,68.14596187777778
HeadM401_DaysToHeading,Lauppe,20,35,Local vs PRISM,69.33957298888888,69.33957298888888,69.33957298888888
HeadM401_DaysToHeading,Lauppe,20,36,Local vs PRISM,69.61457298888888,69.61457298888888,69.61457298888888
HeadM401_DaysToHeading,Lauppe,20,37,Local vs PRISM,69.61457298888888,69.61457298888888,69.61457298888888
HeadM401_DaysToHeading,Lauppe,20,38,Local vs PRISM,69.61457298888888,69.61457298888888,69.61457298888888
HeadM401_DaysToHeading,Lauppe,20,39,Local vs PRISM,68.70701846111112,68.70701846111112,68.70701846111112
HeadM401_DaysToHeading,Lauppe,20,40,Local vs PRISM,67.96501979444444,67.96501979444444,67.96501979444444
HeadM401_DaysToHeading,Schohr,10,25,Local vs PRISM,51.32621836470973,24.686472613888935,34.156732015740694
HeadM401_DaysToHeading,Schohr,10,26,Local vs PRISM,53.89861579268039,25.923067351851916,35.88177111296295
HeadM401_DaysToHeading,Schohr,10,27,Local vs PRISM,56.901479675243756,27.108234498148175,38.100900851851826
HeadM401_DaysToHeading,Schohr,10,28,Local vs PRISM,60.261263553911846,27.570656699074032,41.32658273425917
HeadM401_DaysToHeading,Schohr,10,29,Local vs PRISM,63.52575512131467,26.796677436111093,45.36697352870374
HeadM401_DaysToHeading,Schohr,10,30,Local vs PRISM,67.68659268985314,23.994432806481427,51.58735891388877
HeadM401_DaysToHeading,Schohr,10,31,Local vs PRISM,72.69699778644056,20.601582330555477,58.54891548611113
HeadM401_DaysToHeading,Schohr,10,32,Local vs PRISM,77.5399607154833,15.006568614814796,66.29656789259245
HeadM401_DaysToHeading,Schohr,10,33,Local vs PRISM,83.1117641479556,6.526227525925985,75.64045179259249
HeadM401_DaysToHeading,Schohr,10,34,Local vs PRISM,89.73768148345648,-3.165674521296296,85.47673419907399
HeadM401_DaysToHeading,Schohr,10,35,Local vs PRISM,96.16511856019228,-14.127869477777798,94.36894377037031
HeadM401_DaysToHeading,Schohr,10,36,Local vs PRISM,102.51125657202844,-23.034802607407453,101.85515685555545
HeadM401_DaysToHeading,Schohr,10,37,Local vs PRISM,108.44568718739568,-30.18500920925923,108.22432188518512
HeadM401_DaysToHeading,Schohr,10,38,Local vs PRISM,112.92246985070759,-35.65826649722218,112.74009890277769
HeadM401_DaysToHeading,Schohr,10,39,Local vs PRISM,114.69292800634231,-39.69860161759258,114.35843187499995
HeadM401_DaysToHeading,Schohr,10,40,Local vs PRISM,116.26898893220577,-43.291857043518576,115.62262198611113
HeadM401_DaysToHeading,Schohr,11,25,Local vs PRISM,51.42535212168233,28.153654124074063,34.49221002777767
HeadM401_DaysToHeading,Schohr,11,26,Local vs PRISM,53.95488825429534,29.390248862037044,35.7817677287037
HeadM401_DaysToHeading,Schohr,11,27,Local vs PRISM,56.91796668025786,30.575416008333303,37.552823530555465
HeadM401_DaysToHeading,Schohr,11,28,Local vs PRISM,60.07658841748974,31.03783820925931,38.390579109259306
HeadM401_DaysToHeading,Schohr,11,29,Local vs PRISM,63.089014836272334,30.273673761111088,41.99059949074066
HeadM401_DaysToHeading,Schohr,11,30,Local vs PRISM,66.84141622144833,27.515262228703705,48.254817973148114
HeadM401_DaysToHeading,Schohr,11,31,Local vs PRISM,71.34652445311961,24.122411752777754,55.21637454537032
HeadM401_DaysToHeading,Schohr,11,32,Local vs PRISM,75.74736217118412,18.527398037037074,62.96402695185179
HeadM401_DaysToHeading,Schohr,11,33,Local vs PRISM,80.930912408482655,10.04705694814811,72.30791085185183
HeadM401_DaysToHeading,Schohr,11,34,Local vs PRISM,87.25702751587815,0.35515490092598156,82.14419325833335
HeadM401_DaysToHeading,Schohr,11,35,Local vs PRISM,93.43616233819529,-10.60704005555552,91.03640282962965
HeadM401_DaysToHeading,Schohr,11,36,Local vs PRISM,99.61611159625895,-19.513973185185097,98.52261591481472
HeadM401_DaysToHeading,Schohr,11,37,Local vs PRISM,105.505577322508,-26.664179787037103,104.89178094444446
HeadM401_DaysToHeading,Schohr,11,38,Local vs PRISM,109.98541767384593,-32.13743707500006,109.40755796203705
HeadM401_DaysToHeading,Schohr,11,39,Local vs PRISM,111.76342192358145,-36.1777721953703,111.0258909342593
HeadM401_DaysToHeading,Schohr,11,40,Local vs PRISM,113.36219847585559,-39.7710276212963,112.29008104537047
HeadM401_DaysToHeading,Schohr,12,25,Local vs PRISM,37.94290254360457,28.397431591666646,28.397431591666646
HeadM401_DaysToHeading,Schohr,12,26,Local vs PRISM,38.98475654471315,29.18842969999999,29.18842969999999
HeadM401_DaysToHeading,Schohr,12,27,Local vs PRISM,40.09552581505431,29.706930179629655,29.706930179629655
HeadM401_DaysToHeading,Schohr,12,28,Local vs PRISM,40.81814225004771,29.42131885740749,29.42131885740749
HeadM401_DaysToHeading,Schohr,12,29,Local vs PRISM,41.23732597472736,27.98826552037038,28.498561707407287
HeadM401_DaysToHeading,Schohr,12,30,Local vs PRISM,42.25998628731259,24.827403833333317,27.32703326111103
HeadM401_DaysToHeading,Schohr,12,31,Local vs PRISM,44.17969314296569,20.860034739814864,29.764034474999864
HeadM401_DaysToHeading,Schohr,12,32,Local vs PRISM,46.815570921474276,14.922983987037014,36.836316511111136
HeadM401_DaysToHeading,Schohr,12,33,Local vs PRISM,50.82772722917975,6.121994749999885,45.52621892962967
HeadM401_DaysToHeading,Schohr,12,34,Local vs PRISM,57.22003685128176,-3.578703593518488,55.020371706481455
HeadM401_DaysToHeading,Schohr,12,35,Local vs PRISM,64.09535109388392,-14.540898549999989,63.57924794444443
HeadM401_DaysToHeading,Schohr,12,36,Local vs PRISM,71.04215990168166,-23.51233185277776,70.79662786944452
HeadM401_DaysToHeading,Schohr,12,37,Local vs PRISM,77.71432781545691,-30.82920512129628,76.99912623240728
HeadM401_DaysToHeading,Schohr,12,38,Local vs PRISM,82.88000021390448,-36.41459203888886,81.40277362037038
HeadM401_DaysToHeading,Schohr,12,39,Local vs PRISM,85.37535240298422,-40.454927159259114,83.02110659259249
HeadM401_DaysToHeading,Schohr,12,40,Local vs PRISM,87.66086616531531,-44.04818258518511,84.28529670370351
HeadM401_DaysToHeading,Schohr,13,25,Local vs PRISM,34.75594543050287,30.24721399074076,30.24721399074076
HeadM401_DaysToHeading,Schohr,13,26,Local vs PRISM,36.009218058462324,31.371545432407476,31.371545432407476
HeadM401_DaysToHeading,Schohr,13,27,Local vs PRISM,37.1711250046369,32.17771255092604,32.17771255092604
HeadM401_DaysToHeading,Schohr,13,28,Local vs PRISM,38.080303693402456,32.22311974722228,32.22311974722228
HeadM401_DaysToHeading,Schohr,13,29,Local vs PRISM,38.42068179507431,31.005214680555582,31.005214680555582
HeadM401_DaysToHeading,Schohr,13,30,Local vs PRISM,39.06628498568892,28.0065172675927,28.0065172675927
HeadM401_DaysToHeading,Schohr,13,31,Local vs PRISM,40.110768629205566,23.898566224074177,30.39182530370378
HeadM401_DaysToHeading,Schohr,13,32,Local vs PRISM,41.6159596881782,18.083331775925824,32.14133118333333
HeadM401_DaysToHeading,Schohr,13,33,Local vs PRISM,43.308192277339614,8.754525766666651,35.81023182037044
HeadM401_DaysToHeading,Schohr,13,34,Local vs PRISM,47.49216428583278,-1.6693207249998825,44.58123644907406
HeadM401_DaysToHeading,Schohr,13,35,Local vs PRISM,53.02144910624268,-13.261978644444374,52.50964972407405
HeadM401_DaysToHeading,Schohr,13,36,Local vs PRISM,59.468859571979735,-22.703874910185124,59.25656668611115
HeadM401_DaysToHeading,Schohr,13,37,Local vs PRISM,65.77355882366601,-30.354081512037055,65.12573171574066
HeadM401_DaysToHeading,Schohr,13,38,Local vs PRISM,70.80589340863563,-36.03076472592594,69.43808280740745
HeadM401_DaysToHeading,Schohr,13,39,Local vs PRISM,73.30553002954146,-40.07109984629627,71.05641577962949
HeadM401_DaysToHeading,Schohr,13,40,Local vs PRISM,75.59245891054123,-43.66435527222219,72.32060589074058
HeadM401_DaysToHeading,Schohr,14,25,Local vs PRISM,21.357746018098343,19.896268630555557,19.896268630555557
HeadM401_DaysToHeading,Schohr,14,26,Local vs PRISM,22.028500650277937,20.655620418518613,20.655620418518613
HeadM401_DaysToHeading,Schohr,14,27,Local vs PRISM,22.60942885507597,21.154805860185167,21.154805860185167
HeadM401_DaysToHeading,Schohr,14,28,Local vs PRISM,22.566078371492207,21.0451761287037,21.0451761287037
HeadM401_DaysToHeading,Schohr,14,29,Local vs PRISM,21.781793233466484,19.85597476574071,19.85597476574071
HeadM401_DaysToHeading,Schohr,14,30,Local vs PRISM,20.787171937239467,17.217277403703672,17.217277403703672
HeadM401_DaysToHeading,Schohr,14,31,Local vs PRISM,20.7296591623411,13.707474215740755,13.707474215740755
HeadM401_DaysToHeading,Schohr,14,32,Local vs PRISM,21.692893893278274,7.9883560500000685,16.347837383333324
HeadM401_DaysToHeading,Schohr,14,33,Local vs PRISM,25.357912689223447,-1.2018054314814133,24.270641509259196
HeadM401_DaysToHeading,Schohr,14,34,Local vs PRISM,33.06556360512042,-11.410494500925855,32.92347022685188
HeadM401_DaysToHeading,Schohr,14,35,Local vs PRISM,42.448790943448294,-22.848856169444314,40.90184651018512
HeadM401_DaysToHeading,Schohr,14,36,Local vs PRISM,51.40299709728893,-32.07223391666662,47.86728199074067
HeadM401_DaysToHeading,Schohr,14,37,Local vs PRISM,59.48945084360599,-39.70520559444443,53.7536819444443
HeadM401_DaysToHeading,Schohr,14,38,Local vs PRISM,65.76691213227787,-45.381888808333315,58.066033036111094
HeadM401_DaysToHeading,Schohr,14,39,Local vs PRISM,69.35691919624644,-49.42222392870364,59.68436600833328
HeadM401_DaysToHeading,Schohr,14,40,Local vs PRISM,72.63217807368744,-53.015479354629555,60.94855611944437
HeadM401_DaysToHeading,Schohr,15,25,Local vs PRISM,31.037938886969304,27.34600299814815,27.34600299814815
HeadM401_DaysToHeading,Schohr,15,26,Local vs PRISM,32.5519808689707,28.84600299814819,28.84600299814819
HeadM401_DaysToHeading,Schohr,15,27,Local vs PRISM,34.03783159753603,30.30563262777783,30.30563262777783
HeadM401_DaysToHeading,Schohr,15,28,Local vs PRISM,34.98313068760447,31.130169664814844,31.130169664814844
HeadM401_DaysToHeading,Schohr,15,29,Local vs PRISM,35.27994130989983,31.052449529629673,31.052449529629673
HeadM401_DaysToHeading,Schohr,15,30,Local vs PRISM,35.26663914856134,29.87235191944444,29.87235191944444
HeadM401_DaysToHeading,Schohr,15,31,Local vs PRISM,34.93612191995951,27.257131517592597,27.257131517592597
HeadM401_DaysToHeading,Schohr,15,32,Local vs PRISM,34.08491170225659,21.963648049074056,21.963648049074056
HeadM401_DaysToHeading,Schohr,15,33,Local vs PRISM,34.30273163838451,13.227369853703749,25.354001749999952
HeadM401_DaysToHeading,Schohr,15,34,Local vs PRISM,37.575272001737055,3.1404805324073473,33.99396321388898
HeadM401_DaysToHeading,Schohr,15,35,Local vs PRISM,42.79933656454202,-8.265085688888954,41.76776460370373
HeadM401_DaysToHeading,Schohr,15,36,Local vs PRISM,49.26193988794854,-17.42154564074072,48.44578509629624
HeadM401_DaysToHeading,Schohr,15,37,Local vs PRISM,55.74053043524449,-25.075767724999952,53.977601310185115
HeadM401_DaysToHeading,Schohr,15,38,Local vs PRISM,61.029607523323946,-30.91108060925929,57.94598947962959
HeadM401_DaysToHeading,Schohr,15,39,Local vs PRISM,63.992622396922314,-35.01687869259255,59.49885948888883
HeadM401_DaysToHeading,Schohr,15,40,Local vs PRISM,66.79519373925936,-38.610134118518545,60.76304960000001
HeadM401_DaysToHeading,Schohr,16,25,Local vs PRISM,50.270269199833784,-13.736305587962951,38.912249413888844
HeadM401_DaysToHeading,Schohr,16,26,Local vs PRISM,52.47198379506437,-14.236305587962951,40.74558274722218
HeadM401_DaysToHeading,Schohr,16,27,Local vs PRISM,54.69068742792169,-14.74630558796298,42.58891608055554
HeadM401_DaysToHeading,Schohr,16,28,Local vs PRISM,57.3839207542399,-15.55695373611104,44.73289756203709
HeadM401_DaysToHeading,Schohr,16,29,Local vs PRISM,60.486095906532505,-16.81754424166657,46.85971446388896
HeadM401_DaysToHeading,Schohr,16,30,Local vs PRISM,64.07276577736846,-18.670225597222156,48.90433001759254
HeadM401_DaysToHeading,Schohr,16,31,Local vs PRISM,68.71733352594782,-21.659003424074058,52.95403377037038
HeadM401_DaysToHeading,Schohr,16,32,Local vs PRISM,73.9252916733192,-26.675231278703716,57.99869518240738
HeadM401_DaysToHeading,Schohr,16,33,Local vs PRISM,79.94483418047378,-34.77743702129624,65.15849062870363
HeadM401_DaysToHeading,Schohr,16,34,Local vs PRISM,86.8177299056939,-44.581543317592605,72.8002715638889
HeadM401_DaysToHeading,Schohr,16,35,Local vs PRISM,94.94778500605065,-55.96744355370375,80.34973945740744
HeadM401_DaysToHeading,Schohr,16,36,Local vs PRISM,102.29032014213077,-65.23314415462964,86.44959349722221
HeadM401_DaysToHeading,Schohr,16,37,Local vs PRISM,108.15189187933879,-73.1218662342593,91.37424303981481
HeadM401_DaysToHeading,Schohr,16,38,Local vs PRISM,112.45236754321425,-79.04634578518512,94.92013120925917
HeadM401_DaysToHeading,Schohr,16,39,Local vs PRISM,114.78848140037279,-83.19929184999997,96.417186237037
HeadM401_DaysToHeading,Schohr,16,40,Local vs PRISM,116.81661959069758,-86.79254727592588,97.68137634814809
HeadM401_DaysToHeading,Schohr,17,25,Local vs PRISM,72.31115926017435,-46.06848826111108,62.66703044999997
HeadM401_DaysToHeading,Schohr,17,26,Local vs PRISM,75.46852544460924,-48.06848826111108,65.33369711666664
HeadM401_DaysToHeading,Schohr,17,27,Local vs PRISM,78.62628639340005,-50.06848826111108,68.0003637833333
HeadM401_DaysToHeading,Schohr,17,28,Local vs PRISM,81.7843963800571,-52.06848826111108,70.66703044999997
HeadM401_DaysToHeading,Schohr,17,29,Local vs PRISM,85.13462959763785,-54.087504692592574,73.57801401851846
HeadM401_DaysToHeading,Schohr,17,30,Local vs PRISM,88.83275344433281,-56.3631528407407,76.8536621666666
HeadM401_DaysToHeading,Schohr,17,31,Local vs PRISM,92.98599256929762,-59.05648628888889,80.37866228148141
HeadM401_DaysToHeading,Schohr,17,32,Local vs PRISM,97.97625348501869,-62.8258382425926,84.36597719814813
HeadM401_DaysToHeading,Schohr,17,33,Local vs PRISM,104.29374899372105,-68.7547402907407,89.50440933703698
HeadM401_DaysToHeading,Schohr,17,34,Local vs PRISM,111.43515620635193,-76.3168437046296,95.01512005833331
HeadM401_DaysToHeading,Schohr,17,35,Local vs PRISM,120.54798902876409,-86.50985939907407,101.58880692499997
HeadM401_DaysToHeading,Schohr,17,36,Local vs PRISM,128.66258965649988,-95.38287448425922,107.29597544907399
HeadM401_DaysToHeading,Schohr,17,37,Local vs PRISM,135.20662449950555,-102.70856326944447,112.08132470833334
HeadM401_DaysToHeading,Schohr,17,38,Local vs PRISM,139.8727922686846,-108.15697640925923,115.43661262222217
HeadM401_DaysToHeading,Schohr,17,39,Local vs PRISM,142.38698144920664,-111.92160600185184,116.65531745555548
HeadM401_DaysToHeading,Schohr,17,40,Local vs PRISM,144.6808044486978,-115.36152776111108,117.76617389999997
HeadM401_DaysToHeading,Schohr,18,25,Local vs PRISM,25.203330730139214,-8.686971350000022,24.703694594444414
HeadM401_DaysToHeading,Schohr,18,26,Local vs PRISM,26.264810460960632,-9.020304683333356,25.703694594444414
HeadM401_DaysToHeading,Schohr,18,27,Local vs PRISM,27.327751289502906,-9.353638016666688,26.703694594444414
HeadM401_DaysToHeading,Schohr,18,28,Local vs PRISM,28.39198911427309,-9.686971350000022,27.703694594444414
HeadM401_DaysToHeading,Schohr,18,29,Local vs PRISM,29.565005827016176,-9.90765444814817,28.8163448296296
HeadM401_DaysToHeading,Schohr,18,30,Local vs PRISM,30.837869449891386,-10.11080259629633,30.01949297777776
HeadM401_DaysToHeading,Schohr,18,31,Local vs PRISM,32.48803317697986,-10.61080259629633,31.51949297777776
HeadM401_DaysToHeading,Schohr,18,32,Local vs PRISM,34.41391871375918,-11.850802596296319,33.32078927407404
HeadM401_DaysToHeading,Schohr,18,33,Local vs PRISM,36.6943996193492,-14.455432505555583,35.47004881296298
HeadM401_DaysToHeading,Schohr,18,34,Local vs PRISM,39.41108500754717,-18.358043682407413,37.807845174999954
HeadM401_DaysToHeading,Schohr,18,35,Local vs PRISM,43.80463304221564,-24.892610433333328,41.16531586666664
HeadM401_DaysToHeading,Schohr,18,36,Local vs PRISM,49.08589382143021,-31.780527678703738,44.97095258055555
HeadM401_DaysToHeading,Schohr,18,37,Local vs PRISM,54.6848760422518,-38.408696562037015,49.05782213796292
HeadM401_DaysToHeading,Schohr,18,38,Local vs PRISM,59.257459732747996,-43.50922640092595,52.28299362685184
HeadM401_DaysToHeading,Schohr,18,39,Local vs PRISM,61.981501186304904,-47.14767053981482,53.6242167101851
HeadM401_DaysToHeading,Schohr,18,40,Local vs PRISM,64.61132154593649,-50.50450882685184,54.81815662685182
HeadM401_DaysToHeading,Schohr,19,25,Local vs PRISM,27.580038479054004,2.955435153703718,26.53052753148152
HeadM401_DaysToHeading,Schohr,19,26,Local vs PRISM,28.7562826252737,3.1221018203703843,27.697194198148186
HeadM401_DaysToHeading,Schohr,19,27,Local vs PRISM,29.933633118558628,3.2887684870370513,28.863860864814853
HeadM401_DaysToHeading,Schohr,19,28,Local vs PRISM,31.111964358774507,3.455435153703718,30.03052753148152
HeadM401_DaysToHeading,Schohr,19,29,Local vs PRISM,32.29116898132017,3.6221018203703843,31.197194198148186
HeadM401_DaysToHeading,Schohr,19,30,Local vs PRISM,33.47115467730424,3.7887684870370513,32.36386086481485
HeadM401_DaysToHeading,Schohr,19,31,Local vs PRISM,34.65184165404793,3.955435153703718,33.53052753148152
HeadM401_DaysToHeading,Schohr,19,32,Local vs PRISM,35.92084011990364,3.632194412962965,34.645990494444476
HeadM401_DaysToHeading,Schohr,19,33,Local vs PRISM,37.29169022854033,2.644324042592596,35.65812012407411
HeadM401_DaysToHeading,Schohr,19,34,Local vs PRISM,38.505352756835094,1.3213610796296393,36.39015716111114
HeadM401_DaysToHeading,Schohr,19,35,Local vs PRISM,39.48101692751948,-1.772240599074081,36.169684765740776
HeadM401_DaysToHeading,Schohr,19,36,Local vs PRISM,40.59429621005995,-5.579184992592616,35.49181414074078
HeadM401_DaysToHeading,Schohr,19,37,Local vs PRISM,41.03234949004328,-9.65078684907409,33.60971208981482
HeadM401_DaysToHeading,Schohr,19,38,Local vs PRISM,41.81244816535267,-13.322984041666691,31.81287324722224
HeadM401_DaysToHeading,Schohr,19,39,Local vs PRISM,43.43173418875268,-16.359131893518537,32.96535538611112
HeadM401_DaysToHeading,Schohr,19,40,Local vs PRISM,45.07108175312928,-19.25680333796298,35.52969349722223
HeadM401_DaysToHeading,Schohr,20,25,Local vs PRISM,42.21143979155167,15.131836184259258,36.807243343518515
HeadM401_DaysToHeading,Schohr,20,26,Local vs PRISM,43.78662831148145,15.798502850925928,38.14057667685185
HeadM401_DaysToHeading,Schohr,20,27,Local vs PRISM,45.362230858941075,16.465169517592596,39.473910010185186
HeadM401_DaysToHeading,Schohr,20,28,Local vs PRISM,46.938205740227254,17.13183618425926,40.807243343518515
HeadM401_DaysToHeading,Schohr,20,29,Local vs PRISM,48.514516670002394,17.798502850925928,42.14057667685185
HeadM401_DaysToHeading,Schohr,20,30,Local vs PRISM,50.09113192308572,18.465169517592596,43.473910010185186
HeadM401_DaysToHeading,Schohr,20,31,Local vs PRISM,51.668023640816905,19.13183618425926,44.807243343518515
HeadM401_DaysToHeading,Schohr,20,32,Local vs PRISM,53.22556227956226,19.621558406481473,46.16103963981481
HeadM401_DaysToHeading,Schohr,20,33,Local vs PRISM,54.61940842197306,19.78822507314814,47.327706306481474
HeadM401_DaysToHeading,Schohr,20,34,Local vs PRISM,55.81356908478863,19.717391739814815,48.36687297314814
HeadM401_DaysToHeading,Schohr,20,35,Local vs PRISM,56.58761627990446,18.376188036111103,48.940669269444435
HeadM401_DaysToHeading,Schohr,20,36,Local vs PRISM,57.1279465524457,16.471076731481475,49.13929909259257
HeadM401_DaysToHeading,Schohr,20,37,Local vs PRISM,57.57947841115458,14.380274156481448,49.3982004861111
HeadM401_DaysToHeading,Schohr,20,38,Local vs PRISM,58.45349794291212,12.560845129629607,49.96840093518515
HeadM401_DaysToHeading,Schohr,20,39,Local vs PRISM,59.388298029195745,10.878515138888872,50.407368166666664
HeadM401_DaysToHeading,Schohr,20,40,Local vs PRISM,60.49018319916447,9.17970988888888,51.007674101851826
HeadM401_DaysToHeading,Wylie,10,25,Local vs PRISM,60.43127972057278,60.42680538472223,60.42680538472223
HeadM401_DaysToHeading,Wylie,10,26,Local vs PRISM,59.69302115851231,59.69255552638879,59.69255552638879
HeadM401_DaysToHeading,Wylie,10,27,Local vs PRISM,58.31996512099314,58.31130565972228,58.31130565972228
HeadM401_DaysToHeading,Wylie,10,28,Local vs PRISM,54.821910041608675,54.69636145138884,54.69636145138884
HeadM401_DaysToHeading,Wylie,10,29,Local vs PRISM,50.0008805419285,49.46794469583335,49.46794469583335
HeadM401_DaysToHeading,Wylie,10,30,Local vs PRISM,42.37529923403581,40.64205530277775,40.64205530277775
HeadM401_DaysToHeading,Wylie,10,31,Local vs PRISM,31.168908804371597,27.018333293055548,27.018333293055548
HeadM401_DaysToHeading,Wylie,10,32,Local vs PRISM,17.81723009759103,7.857416483333282,15.99108171944431
HeadM401_DaysToHeading,Wylie,10,33,Local vs PRISM,19.767070046607166,-14.887807484722316,14.887807484722316
HeadM401_DaysToHeading,Wylie,10,34,Local vs PRISM,38.067364707635704,-36.82819844861115,36.82819844861115
HeadM401_DaysToHeading,Wylie,10,35,Local vs PRISM,59.18911072875861,-58.75469575416662,58.75469575416662
HeadM401_DaysToHeading,Wylie,10,36,Local vs PRISM,77.79527272130537,-77.51353003194458,77.51353003194458
HeadM401_DaysToHeading,Wylie,10,37,Local vs PRISM,93.22894307764422,-93.00230943750012,93.00230943750012
HeadM401_DaysToHeading,Wylie,10,38,Local vs PRISM,104.55026070317858,-104.36650481944446,104.36650481944446
HeadM401_DaysToHeading,Wylie,10,39,Local vs PRISM,111.78052782531084,-111.68378145833333,111.68378145833333
HeadM401_DaysToHeading,Wylie,10,40,Local vs PRISM,117.13110744905694,-117.09503061111116,117.09503061111116
HeadM401_DaysToHeading,Wylie,11,25,Local vs PRISM,64.70284391294697,63.63966627777779,63.63966627777779
HeadM401_DaysToHeading,Wylie,11,26,Local vs PRISM,64.2517812555603,62.97891657638888,62.97891657638888
HeadM401_DaysToHeading,Wylie,11,27,Local vs PRISM,63.306906678371156,61.80600004305552,61.80600004305552
HeadM401_DaysToHeading,Wylie,11,28,Local vs PRISM,60.76837924293593,58.44105583472219,58.44105583472219
HeadM401_DaysToHeading,Wylie,11,29,Local vs PRISM,57.25079355619357,53.462639079166706,53.462639079166706
HeadM401_DaysToHeading,Wylie,11,30,Local vs PRISM,51.58874595539709,44.88099950694436,44.88099950694436
HeadM401_DaysToHeading,Wylie,11,31,Local vs PRISM,42.626842147995085,31.257277497222162,31.257277497222162
HeadM401_DaysToHeading,Wylie,11,32,Local vs PRISM,31.82243652002798,12.09636068750001,29.43374804861105
HeadM401_DaysToHeading,Wylie,11,33,Local vs PRISM,28.509585148979184,-10.648863280555588,26.446136886111162
HeadM401_DaysToHeading,Wylie,11,34,Local vs PRISM,39.932166052227785,-32.58925424444453,32.58925424444453
HeadM401_DaysToHeading,Wylie,11,35,Local vs PRISM,58.27824161015389,-54.51575155000012,54.51575155000012
HeadM401_DaysToHeading,Wylie,11,36,Local vs PRISM,75.97020176072677,-73.27458582777797,73.27458582777797
HeadM401_DaysToHeading,Wylie,11,37,Local vs PRISM,90.97533042585667,-88.76336523333339,88.76336523333339
HeadM401_DaysToHeading,Wylie,11,38,Local vs PRISM,102.03530414810032,-100.12756061527784,100.12756061527784
HeadM401_DaysToHeading,Wylie,11,39,Local vs PRISM,108.95744770327276,-107.44483725416671,107.44483725416671
HeadM401_DaysToHeading,Wylie,11,40,Local vs PRISM,114.03422712737306,-112.85608640694454,112.85608640694454
HeadM401_DaysToHeading,Wylie,12,25,Local vs PRISM,83.77254097503301,83.7718330902776,83.7718330902776
HeadM401_DaysToHeading,Wylie,12,26,Local vs PRISM,84.36350362390144,84.3610833888888,84.3610833888888
HeadM401_DaysToHeading,Wylie,12,27,Local vs PRISM,84.31150294006362,84.30616688611121,84.30616688611121
HeadM401_DaysToHeading,Wylie,12,28,Local vs PRISM,81.75199600852653,81.69122267777766,81.69122267777766
HeadM401_DaysToHeading,Wylie,12,29,Local vs PRISM,77.71248058627089,77.46280592222229,77.46280592222229
HeadM401_DaysToHeading,Wylie,12,30,Local vs PRISM,70.33811076907946,69.54741657916668,69.54741657916668
HeadM401_DaysToHeading,Wylie,12,31,Local vs PRISM,57.846872200593225,56.17369456944448,56.17369456944448
HeadM401_DaysToHeading,Wylie,12,32,Local vs PRISM,39.779814500229655,37.21027798888883,37.21027798888883
HeadM401_DaysToHeading,Wylie,12,33,Local vs PRISM,18.219494415473097,14.46505402083335,14.46505402083335
HeadM401_DaysToHeading,Wylie,12,34,Local vs PRISM,10.737340535642588,-7.475336943055595,7.707776551388974
HeadM401_DaysToHeading,Wylie,12,35,Local vs PRISM,29.86372798939469,-29.40183424861118,29.40183424861118
HeadM401_DaysToHeading,Wylie,12,36,Local vs PRISM,48.38839434410728,-48.16066852638892,48.16066852638892
HeadM401_DaysToHeading,Wylie,12,37,Local vs PRISM,63.81335035647578,-63.649447931944565,63.649447931944565
HeadM401_DaysToHeading,Wylie,12,38,Local vs PRISM,75.13507693939918,-75.01364331388902,75.01364331388902
HeadM401_DaysToHeading,Wylie,12,39,Local vs PRISM,82.37596231977861,-82.33091995277789,82.33091995277789
HeadM401_DaysToHeading,Wylie,12,40,Local vs PRISM,87.74765290621077,-87.7421691055556,87.7421691055556
HeadM401_DaysToHeading,Wylie,13,25,Local vs PRISM,117.64591685099585,114.7419443972222,114.7419443972222
HeadM401_DaysToHeading,Wylie,13,26,Local vs PRISM,120.64784629558547,117.69169455416665,117.69169455416665
HeadM401_DaysToHeading,Wylie,13,27,Local vs PRISM,123.0137431778918,119.99358360694441,119.99358360694441
HeadM401_DaysToHeading,Wylie,13,28,Local vs PRISM,122.64203866098255,119.8786393986112,119.8786393986112
HeadM401_DaysToHeading,Wylie,13,29,Local vs PRISM,119.95859469690784,117.5687509249999,117.5687509249999
HeadM401_DaysToHeading,Wylie,13,30,Local vs PRISM,113.07430518255487,111.26536179999994,111.26536179999994
HeadM401_DaysToHeading,Wylie,13,31,Local vs PRISM,101.10727004088794,99.5753899430556,99.5753899430556
HeadM401_DaysToHeading,Wylie,13,32,Local vs PRISM,83.89881800638882,82.01422365277779,82.01422365277779
HeadM401_DaysToHeading,Wylie,13,33,Local vs PRISM,63.65788417925092,60.17674981388893,60.17674981388893
HeadM401_DaysToHeading,Wylie,13,34,Local vs PRISM,45.62298364457616,38.584609240277814,38.584609240277814
HeadM401_DaysToHeading,Wylie,13,35,Local vs PRISM,31.91730587031213,16.90811193472223,27.070836056944472
HeadM401_DaysToHeading,Wylie,13,36,Local vs PRISM,27.76165529965852,-1.7587223361110773,27.7058910833332
HeadM401_DaysToHeading,Wylie,13,37,Local vs PRISM,32.736232107040415,-17.247501741666724,27.824172516666636
HeadM401_DaysToHeading,Wylie,13,38,Local vs PRISM,40.12028577114015,-28.611697123611293,28.611697123611293
HeadM401_DaysToHeading,Wylie,13,39,Local vs PRISM,46.596866976594576,-35.92897376250016,35.92897376250016
HeadM401_DaysToHeading,Wylie,13,40,Local vs PRISM,51.9215451670207,-41.34022291527799,41.34022291527799
HeadM401_DaysToHeading,Wylie,14,25,Local vs PRISM,125.56934184308976,121.51161128749999,121.51161128749999
HeadM401_DaysToHeading,Wylie,14,26,Local vs PRISM,129.95193266789676,125.70036128749996,125.70036128749996
HeadM401_DaysToHeading,Wylie,14,27,Local vs PRISM,133.52243272498205,129.12725034027773,129.12725034027773
HeadM401_DaysToHeading,Wylie,14,28,Local vs PRISM,135.06291465504168,130.82133390972223,130.82133390972223
HeadM401_DaysToHeading,Wylie,14,29,Local vs PRISM,134.42430467203252,130.44736192361108,130.44736192361108
HeadM401_DaysToHeading,Wylie,14,30,Local vs PRISM,130.05810961980873,126.51672287083329,126.51672287083329
HeadM401_DaysToHeading,Wylie,14,31,Local vs PRISM,119.90276624387697,116.5194729041666,116.5194729041666
HeadM401_DaysToHeading,Wylie,14,32,Local vs PRISM,104.20686243628579,100.11675103472226,100.11675103472226
HeadM401_DaysToHeading,Wylie,14,33,Local vs PRISM,85.06092935443351,78.764222625,78.764222625
HeadM401_DaysToHeading,Wylie,14,34,Local vs PRISM,67.60385843458774,57.31783209722221,57.31783209722221
HeadM401_DaysToHeading,Wylie,14,35,Local vs PRISM,52.51757329263549,35.64133479166651,38.57189078611111
HeadM401_DaysToHeading,Wylie,14,36,Local vs PRISM,42.72374360792934,16.974500520833203,39.20694581250007
HeadM401_DaysToHeading,Wylie,14,37,Local vs PRISM,39.35328277499617,1.4857211152777836,39.325227245833275
HeadM401_DaysToHeading,Wylie,14,38,Local vs PRISM,40.83868130228433,-9.878474266666785,39.62592127222217
HeadM401_DaysToHeading,Wylie,14,39,Local vs PRISM,44.61887375008936,-17.195750905555656,41.17219991111108
HeadM401_DaysToHeading,Wylie,14,40,Local vs PRISM,48.505354271541286,-22.60700005833337,42.9149500916667
HeadM401_DaysToHeading,Wylie,15,25,Local vs PRISM,178.09759561176418,175.95630584166673,175.95630584166673
HeadM401_DaysToHeading,Wylie,15,26,Local vs PRISM,185.6913497155077,183.39825028611114,183.39825028611114
HeadM401_DaysToHeading,Wylie,15,27,Local vs PRISM,192.73930862635268,190.2703336194444,190.2703336194444
HeadM401_DaysToHeading,Wylie,15,28,Local vs PRISM,198.50405172619332,195.94477806388892,195.94477806388892
HeadM401_DaysToHeading,Wylie,15,29,Local vs PRISM,202.80406436687892,200.21241695277774,200.21241695277774
HeadM401_DaysToHeading,Wylie,15,30,Local vs PRISM,204.0172624459319,201.5822780638889,201.5822780638889
HeadM401_DaysToHeading,Wylie,15,31,Local vs PRISM,199.2585989605629,196.77677814722222,196.77677814722222
HeadM401_DaysToHeading,Wylie,15,32,Local vs PRISM,187.58600424799394,184.58630608888882,184.58630608888882
HeadM401_DaysToHeading,Wylie,15,33,Local vs PRISM,170.46874656646767,166.17752710694447,166.17752710694447
HeadM401_DaysToHeading,Wylie,15,34,Local vs PRISM,153.0364346454685,146.89913680000012,146.89913680000012
HeadM401_DaysToHeading,Wylie,15,35,Local vs PRISM,134.6318415789046,126.52713816666676,126.52713816666676
HeadM401_DaysToHeading,Wylie,15,36,Local vs PRISM,117.987622451538,108.36055471249995,108.36055471249995
HeadM401_DaysToHeading,Wylie,15,37,Local vs PRISM,103.99659968775156,92.8717753069443,92.8717753069443
HeadM401_DaysToHeading,Wylie,15,38,Local vs PRISM,94.13738008415505,81.50757992500002,81.50757992500002
HeadM401_DaysToHeading,Wylie,15,39,Local vs PRISM,88.71646213586028,74.19030328611098,74.19030328611098
HeadM401_DaysToHeading,Wylie,15,40,Local vs PRISM,85.26171366510103,68.7790541333332,68.7790541333332
HeadM401_DaysToHeading,Wylie,16,25,Local vs PRISM,94.16509844257398,94.11419535694438,94.11419535694438
HeadM401_DaysToHeading,Wylie,16,26,Local vs PRISM,97.92137218933011,97.86419535694438,97.86419535694438
HeadM401_DaysToHeading,Wylie,16,27,Local vs PRISM,101.3353583031501,101.2694731347222,101.2694731347222
HeadM401_DaysToHeading,Wylie,16,28,Local vs PRISM,104.10054568115432,104.02155646805551,104.02155646805551
HeadM401_DaysToHeading,Wylie,16,29,Local vs PRISM,106.14786564146908,106.06336202361109,106.06336202361109
HeadM401_DaysToHeading,Wylie,16,30,Local vs PRISM,106.53474332466882,106.40794535694437,106.40794535694437
HeadM401_DaysToHeading,Wylie,16,31,Local vs PRISM,102.90684002120098,102.7817509958333,102.7817509958333
HeadM401_DaysToHeading,Wylie,16,32,Local vs PRISM,93.43367667242308,93.41308449305552,93.41308449305552
HeadM401_DaysToHeading,Wylie,16,33,Local vs PRISM,77.85297350548234,77.7883059069444,77.7883059069444
HeadM401_DaysToHeading,Wylie,16,34,Local vs PRISM,61.201457613898924,60.62788840277773,60.62788840277773
HeadM401_DaysToHeading,Wylie,16,35,Local vs PRISM,42.9835978001179,41.538332908333246,41.538332908333246
HeadM401_DaysToHeading,Wylie,16,36,Local vs PRISM,26.71461927310395,23.723249965277773,23.723249965277773
HeadM401_DaysToHeading,Wylie,16,37,Local vs PRISM,15.24504093534818,8.441276115277674,12.694728459722342
HeadM401_DaysToHeading,Wylie,16,38,Local vs PRISM,13.411010472896203,-2.803668969444516,13.11467278333339
HeadM401_DaysToHeading,Wylie,16,39,Local vs PRISM,17.815078911180965,-10.120945608333386,14.660951422222297
HeadM401_DaysToHeading,Wylie,16,40,Local vs PRISM,22.590495797349508,-15.532194761111157,16.403701602777858
HeadM401_DaysToHeading,Wylie,17,25,Local vs PRISM,92.8946121612622,92.83988865416666,92.83988865416666
HeadM401_DaysToHeading,Wylie,17,26,Local vs PRISM,96.65105890952769,96.58988865416666,96.58988865416666
HeadM401_DaysToHeading,Wylie,17,27,Local vs PRISM,100.28139792212978,100.20863865416666,100.20863865416666
HeadM401_DaysToHeading,Wylie,17,28,Local vs PRISM,103.79854815683373,103.70863865416666,103.70863865416666
HeadM401_DaysToHeading,Wylie,17,29,Local vs PRISM,107.29093803487777,107.18141643194443,107.18141643194443
HeadM401_DaysToHeading,Wylie,17,30,Local vs PRISM,110.09078093193962,109.9316942097222,109.9316942097222
HeadM401_DaysToHeading,Wylie,17,31,Local vs PRISM,110.59566254975975,110.38461087638888,110.38461087638888
HeadM401_DaysToHeading,Wylie,17,32,Local vs PRISM,107.38039343354892,107.23316659583332,107.23316659583332
HeadM401_DaysToHeading,Wylie,17,33,Local vs PRISM,99.02191170072707,98.9985832625,98.9985832625
HeadM401_DaysToHeading,Wylie,17,34,Local vs PRISM,88.54813134025616,88.53366670416662,88.53366670416662
HeadM401_DaysToHeading,Wylie,17,35,Local vs PRISM,75.45284334402224,75.3470826,75.3470826
HeadM401_DaysToHeading,Wylie,17,36,Local vs PRISM,62.41485697675767,62.120249816666586,62.120249816666586
HeadM401_DaysToHeading,Wylie,17,37,Local vs PRISM,50.31940104277203,49.76077657777773,49.76077657777773
HeadM401_DaysToHeading,Wylie,17,38,Local vs PRISM,41.044176590551146,40.08133175277777,40.08133175277777
HeadM401_DaysToHeading,Wylie,17,39,Local vs PRISM,34.96932088946241,33.25130450277777,33.25130450277777
HeadM401_DaysToHeading,Wylie,17,40,Local vs PRISM,30.876751569232777,28.09005535,28.09005535
HeadM401_DaysToHeading,Wylie,18,25,Local vs PRISM,128.05222115123144,126.40161110972218,126.40161110972218
HeadM401_DaysToHeading,Wylie,18,26,Local vs PRISM,133.35461843877542,131.65161110972218,131.65161110972218
HeadM401_DaysToHeading,Wylie,18,27,Local vs PRISM,138.65708483932178,136.90161110972218,136.90161110972218
HeadM401_DaysToHeading,Wylie,18,28,Local vs PRISM,143.95961271595024,142.15161110972218,142.15161110972218
HeadM401_DaysToHeading,Wylie,18,29,Local vs PRISM,149.2310295347062,147.37438888749998,147.37438888749998
HeadM401_DaysToHeading,Wylie,18,30,Local vs PRISM,154.0537582300119,152.20466666527776,152.20466666527776
HeadM401_DaysToHeading,Wylie,18,31,Local vs PRISM,157.23915855549575,155.38772222083333,155.38772222083333
HeadM401_DaysToHeading,Wylie,18,32,Local vs PRISM,158.78941811918637,156.76633333194445,156.76633333194445
HeadM401_DaysToHeading,Wylie,18,33,Local vs PRISM,158.32174165924084,155.92077777638883,155.92077777638883
HeadM401_DaysToHeading,Wylie,18,34,Local vs PRISM,156.35501209828735,153.50175015138885,153.50175015138885
HeadM401_DaysToHeading,Wylie,18,35,Local vs PRISM,151.47197026967217,148.19238861388885,148.19238861388885
HeadM401_DaysToHeading,Wylie,18,36,Local vs PRISM,145.95235050078517,141.9963332194444,141.9963332194444
HeadM401_DaysToHeading,Wylie,18,37,Local vs PRISM,140.01470834080456,135.3041106152777,135.3041106152777
HeadM401_DaysToHeading,Wylie,18,38,Local vs PRISM,134.5946600390463,128.94566493472217,128.94566493472217
HeadM401_DaysToHeading,Wylie,18,39,Local vs PRISM,130.53753188735485,123.92038758749993,123.92038758749993
HeadM401_DaysToHeading,Wylie,18,40,Local vs PRISM,126.92344365593561,119.39688810138887,119.39688810138887
HeadM401_DaysToHeading,Wylie,19,25,Local vs PRISM,72.16645945064707,61.59241618055553,61.59241618055553
HeadM401_DaysToHeading,Wylie,19,26,Local vs PRISM,75.08185112480912,64.09241618055555,64.09241618055555
HeadM401_DaysToHeading,Wylie,19,27,Local vs PRISM,77.99724909901701,66.59241618055555,66.59241618055555
HeadM401_DaysToHeading,Wylie,19,28,Local vs PRISM,80.91265269227193,69.09241618055555,69.09241618055555
HeadM401_DaysToHeading,Wylie,19,29,Local vs PRISM,83.82806131830995,71.59241618055555,71.59241618055555
HeadM401_DaysToHeading,Wylie,19,30,Local vs PRISM,86.61675064745317,74.00019395833333,74.00019395833333
HeadM401_DaysToHeading,Wylie,19,31,Local vs PRISM,88.61587871261796,75.60866618055555,75.60866618055555
HeadM401_DaysToHeading,Wylie,19,32,Local vs PRISM,90.184796498446,76.54241618055555,76.54241618055555
HeadM401_DaysToHeading,Wylie,19,33,Local vs PRISM,91.01944164693784,76.58505506944444,76.58505506944444
HeadM401_DaysToHeading,Wylie,19,34,Local vs PRISM,91.15597588759917,75.98508248888888,75.98508248888888
HeadM401_DaysToHeading,Wylie,19,35,Local vs PRISM,89.65944576665743,73.30938804444445,73.30938804444445
HeadM401_DaysToHeading,Wylie,19,36,Local vs PRISM,87.80963560134859,69.59577693333333,69.59577693333333
HeadM401_DaysToHeading,Wylie,19,37,Local vs PRISM,85.9112099605722,65.2235546347222,65.2235546347222
HeadM401_DaysToHeading,Wylie,19,38,Local vs PRISM,84.25276006112298,60.401859747222204,60.401859747222204
HeadM401_DaysToHeading,Wylie,19,39,Local vs PRISM,82.90613257603114,56.06358171944444,61.07619522777779
HeadM401_DaysToHeading,Wylie,19,40,Local vs PRISM,81.7908407576183,52.04008223333332,63.09969471388891
HeadM401_DaysToHeading,Wylie,20,25,Local vs PRISM,32.051988273631245,-5.778750799999999,31.52675041111111
HeadM401_DaysToHeading,Wylie,20,26,Local vs PRISM,33.326584039183686,-6.028750799999999,32.77675041111111
HeadM401_DaysToHeading,Wylie,20,27,Local vs PRISM,34.601191527873006,-6.278750799999999,34.02675041111111
HeadM401_DaysToHeading,Wylie,20,28,Local vs PRISM,35.87580949018891,-6.528750799999999,35.27675041111111
HeadM401_DaysToHeading,Wylie,20,29,Local vs PRISM,37.15043684809246,-6.778750799999999,36.52675041111111
HeadM401_DaysToHeading,Wylie,20,30,Local vs PRISM,38.42507266657909,-7.028750799999999,37.77675041111111
HeadM401_DaysToHeading,Wylie,20,31,Local vs PRISM,39.847101250159554,-7.405000799999998,39.15300041111111
HeadM401_DaysToHeading,Wylie,20,32,Local vs PRISM,41.41443564837991,-7.905000799999996,40.65300041111111
HeadM401_DaysToHeading,Wylie,20,33,Local vs PRISM,42.98278122815151,-8.405000799999996,42.15300041111111
HeadM401_DaysToHeading,Wylie,20,34,Local vs PRISM,44.39679173782934,-9.409167466666673,43.388278188888904
HeadM401_DaysToHeading,Wylie,20,35,Local vs PRISM,46.154217374630534,-11.276389688888884,44.755500411111115
HeadM401_DaysToHeading,Wylie,20,36,Local vs PRISM,48.437331200266236,-13.53013968888888,46.50925041111111
HeadM401_DaysToHeading,Wylie,20,37,Local vs PRISM,51.102246702475384,-16.040417543055568,48.5195282652778
HeadM401_DaysToHeading,Wylie,20,38,Local vs PRISM,54.22738475174205,-18.862112430555555,50.841223152777786
HeadM401_DaysToHeading,Wylie,20,39,Local vs PRISM,57.40534107654271,-21.67639029166665,53.15550101388888
HeadM401_DaysToHeading,Wylie,20,40,Local vs PRISM,60.25244195412824,-24.19988977777777,55.1790005
