Variety,Location,Year,DaysToHeading,T_l,T_opt,Local_Cumulative_GDD,PRISM_Cumulative_GDD,Stat_Cumulative_GDD
HeadM401_DaysToHeading,Canal,2024,112,10,25,1219.523888888889,1136.8183255083334,1190.25
HeadM401_DaysToHeading,ErdmanGallagher,2024,115,10,25,1160.5572222222222,1063.2697796916666,1136.2222222222222
HeadM401_DaysToHeading,LarrabeeSheppard,2024,85,10,25,976.8322222222222,940.2527804444444,872.5277777777778
HeadM401_DaysToHeading,Lauppe,2024,114,10,25,1190.493611111111,1031.0564780361112,1021.6354831055555
HeadM401_DaysToHeading,Schohr,2016,110,10,25,1147.2969444444445,1151.9944996916668,1150.5
HeadM401_DaysToHeading,Schohr,2017,108,10,25,1200.657166563889,1210.1650004194444,1262.7512225055555
HeadM401_DaysToHeading,Schohr,2024,121,10,25,1251.496232713889,1163.2314257694445,1233.3055555555557
HeadM401_DaysToHeading,Wylie,2016,112,10,25,1154.3761668472223,1093.213997836111,1158.4444444444443
HeadM401_DaysToHeading,Wylie,2017,112,10,25,1186.8844444444444,1127.1930026861112,1119.5078338
HeadM401_DaysToHeading,Canal,2024,112,10,26,1274.0175,1188.3183255083334,1245.2777777777778
HeadM401_DaysToHeading,ErdmanGallagher,2024,115,10,26,1215.888611111111,1114.1502785777777,1191.888888888889
HeadM401_DaysToHeading,LarrabeeSheppard,2024,85,10,26,1018.8322222222222,982.359580525,913.0277777777778
HeadM401_DaysToHeading,Lauppe,2024,114,10,26,1246.4141666666667,1079.0564780361112,1072.7188164388888
HeadM401_DaysToHeading,Schohr,2016,110,10,26,1196.8297222222222,1202.1804995638888,1202.3055555555557
HeadM401_DaysToHeading,Schohr,2017,108,10,26,1252.0777221194444,1261.6650004194444,1314.5290002833333
HeadM401_DaysToHeading,Schohr,2024,121,10,26,1309.673732713889,1216.9664750166667,1292.2777777777778
HeadM401_DaysToHeading,Wylie,2016,112,10,26,1202.8697779583333,1143.412997238889,1209.25
HeadM401_DaysToHeading,Wylie,2017,112,10,26,1236.7683333333332,1176.840003,1168.9522782444444
HeadM401_DaysToHeading,Canal,2024,112,10,27,1327.5783333333334,1239.3772749805555,1299.638888888889
HeadM401_DaysToHeading,ErdmanGallagher,2024,115,10,27,1270.7975,1164.3549771416667,1246.888888888889
HeadM401_DaysToHeading,LarrabeeSheppard,2024,85,10,27,1060.0877777777778,1023.9488301361112,952.9722222222222
HeadM401_DaysToHeading,Lauppe,2024,114,10,27,1301.451111111111,1127.0564780361112,1123.6077053277777
HeadM401_DaysToHeading,Schohr,2016,110,10,27,1245.111111111111,1251.1339993583333,1252.388888888889
HeadM401_DaysToHeading,Schohr,2017,108,10,27,1302.5293887861112,1312.9955000694445,1366.0290002833333
HeadM401_DaysToHeading,Schohr,2024,121,10,27,1367.5456771583333,1269.7319741333333,1349.9722222222222
HeadM401_DaysToHeading,Wylie,2016,112,10,27,1249.505333513889,1192.1989974916667,1258.3333333333333
HeadM401_DaysToHeading,Wylie,2017,112,10,27,1285.4002777777778,1226.0840024805555,1217.5911671333333
HeadM401_DaysToHeading,Canal,2024,112,10,28,1379.453611111111,1289.032274713889,1353.1666666666667
HeadM401_DaysToHeading,ErdmanGallagher,2024,115,10,28,1324.638611111111,1213.3549771416667,1301.6666666666667
HeadM401_DaysToHeading,LarrabeeSheppard,2024,85,10,28,1100.9141666666667,1064.9488301361112,992.4722222222222
HeadM401_DaysToHeading,Lauppe,2024,114,10,28,1354.6891666666666,1174.6456265555555,1173.3021497722223
HeadM401_DaysToHeading,Schohr,2016,110,10,28,1289.9622222222222,1299.566999925,1301.8333333333333
HeadM401_DaysToHeading,Schohr,2017,108,10,28,1352.231888786111,1363.261000136111,1417.1123336166665
HeadM401_DaysToHeading,Schohr,2024,121,10,28,1424.8337327138888,1321.487873563889,1406.5
HeadM401_DaysToHeading,Wylie,2016,112,10,28,1291.6872779583332,1240.6989974916667,1306.7777777777778
HeadM401_DaysToHeading,Wylie,2017,112,10,28,1332.5969444444445,1274.1925020083333,1265.3689449111112
HeadM401_DaysToHeading,Canal,2024,112,10,29,1428.7141666666666,1337.8343729888888,1405.75
HeadM401_DaysToHeading,ErdmanGallagher,2024,115,10,29,1375.5147222222222,1261.9464764694444,1355.2777777777778
HeadM401_DaysToHeading,LarrabeeSheppard,2024,85,10,29,1139.81,1105.37907935,1031.5555555555557
HeadM401_DaysToHeading,Lauppe,2024,114,10,29,1404.4102777777778,1221.5933251472222,1221.9132608833334
HeadM401_DaysToHeading,Schohr,2016,110,10,29,1330.8138888888889,1345.6129994555556,1349.388888888889
HeadM401_DaysToHeading,Schohr,2017,108,10,29,1399.7046665638888,1412.761000136111,1467.0012225055555
HeadM401_DaysToHeading,Schohr,2024,121,10,29,1480.5028993805556,1372.2574229333334,1462.5277777777778
HeadM401_DaysToHeading,Wylie,2016,112,10,29,1329.6981112916667,1287.5109977666666,1353.1666666666667
HeadM401_DaysToHeading,Wylie,2017,112,10,29,1378.1827777777778,1321.4340019111112,1312.5078338
HeadM401_DaysToHeading,Canal,2024,112,10,30,1472.923611111111,1383.469168175,1456.6666666666667
HeadM401_DaysToHeading,ErdmanGallagher,2024,115,10,30,1423.7672222222222,1306.8433203805555,1407.9166666666667
HeadM401_DaysToHeading,LarrabeeSheppard,2024,85,10,30,1174.1969444444444,1144.1410279333334,1069.2777777777778
HeadM401_DaysToHeading,Lauppe,2024,114,10,30,1451.7672222222222,1266.5861239527778,1267.8854831055555
HeadM401_DaysToHeading,Schohr,2016,110,10,30,1363.9744444444443,1388.823500172222,1394.25
HeadM401_DaysToHeading,Schohr,2017,108,10,30,1445.064666563889,1461.6049999972222,1516.5012225055555
HeadM401_DaysToHeading,Schohr,2024,121,10,30,1533.565954936111,1420.1932673555557,1516.6666666666667
HeadM401_DaysToHeading,Wylie,2016,112,10,30,1360.6011668472222,1331.954499238889,1396.111111111111
HeadM401_DaysToHeading,Wylie,2017,112,10,30,1420.6469444444444,1368.0095014472222,1357.5633893555555
HeadM401_DaysToHeading,Canal,2024,112,10,31,1510.3952777777777,1422.9874157833333,1502.75
HeadM401_DaysToHeading,ErdmanGallagher,2024,115,10,31,1469.2080555555556,1345.6772170166666,1456.5555555555557
HeadM401_DaysToHeading,LarrabeeSheppard,2024,85,10,31,1203.6144444444444,1178.614723688889,1102.611111111111
HeadM401_DaysToHeading,Lauppe,2024,114,10,31,1496.0555555555557,1307.5865693166668,1307.82992755
HeadM401_DaysToHeading,Schohr,2016,110,10,31,1390.663611111111,1427.4534993333334,1434.6666666666667
HeadM401_DaysToHeading,Schohr,2017,108,10,31,1488.561888786111,1508.6930002972222,1565.1678891722222
HeadM401_DaysToHeading,Schohr,2024,121,10,31,1581.2415104916665,1462.5157637666666,1566.9444444444446
HeadM401_DaysToHeading,Wylie,2016,112,10,31,1384.6817224027777,1373.2039985611111,1434.7222222222222
HeadM401_DaysToHeading,Wylie,2017,112,10,31,1455.9169444444444,1413.3580017,1400.8411671333333
HeadM401_DaysToHeading,Canal,2024,112,10,32,1541.5333333333333,1456.6677641777778,1542.6666666666667
HeadM401_DaysToHeading,ErdmanGallagher,2024,115,10,32,1510.7333333333333,1380.4678635666667,1500.4166666666667
HeadM401_DaysToHeading,LarrabeeSheppard,2024,85,10,32,1227.6383333333333,1208.6144728722222,1133.2222222222222
HeadM401_DaysToHeading,Lauppe,2024,114,10,32,1534.9191666666666,1343.7321162277779,1344.3577053277777
HeadM401_DaysToHeading,Schohr,2016,110,10,32,1412.1475,1460.7364983777777,1469.888888888889
HeadM401_DaysToHeading,Schohr,2017,108,10,32,1525.7059999666667,1554.0520005055555,1613.1678891722222
HeadM401_DaysToHeading,Schohr,2024,121,10,32,1622.1712656083332,1500.2165608472224,1611.9444444444443
HeadM401_DaysToHeading,Wylie,2016,112,10,32,1402.807833513889,1410.94149875,1468.4444444444443
HeadM401_DaysToHeading,Wylie,2017,112,10,32,1481.215,1457.3665017972223,1440.146722688889
HeadM401_DaysToHeading,Canal,2024,112,10,33,1565.7325,1487.1219077,1578.9722222222222
HeadM401_DaysToHeading,ErdmanGallagher,2024,115,10,33,1547.066388888889,1410.5391602611112,1540.361111111111
HeadM401_DaysToHeading,LarrabeeSheppard,2024,85,10,33,1245.5711111111111,1236.2995219277777,1161.3333333333333
HeadM401_DaysToHeading,Lauppe,2024,114,10,33,1567.7027777777778,1375.691264638889,1378.6077053277777
HeadM401_DaysToHeading,Schohr,2016,110,10,33,1427.2344444444445,1487.9655003777777,1499.1944444444443
HeadM401_DaysToHeading,Schohr,2017,108,10,33,1554.118222188889,1597.0585026555555,1659.1401113944444
HeadM401_DaysToHeading,Schohr,2024,121,10,33,1656.4999755972221,1533.2499566194444,1653.8055555555557
HeadM401_DaysToHeading,Wylie,2016,112,10,33,1415.8492224027777,1443.7405004444445,1496.3055555555557
HeadM401_DaysToHeading,Wylie,2017,112,10,33,1496.5066666666667,1498.3910035944446,1474.0078338
HeadM401_DaysToHeading,Canal,2024,112,10,34,1585.6375,1512.8218550583333,1608.5
HeadM401_DaysToHeading,ErdmanGallagher,2024,115,10,34,1575.963888888889,1437.5065579472223,1576.3333333333333
HeadM401_DaysToHeading,LarrabeeSheppard,2024,85,10,34,1260.3266666666666,1260.842921736111,1185.6666666666667
HeadM401_DaysToHeading,Lauppe,2024,114,10,34,1593.3775,1405.2021136416668,1408.9965942166666
HeadM401_DaysToHeading,Schohr,2016,110,10,34,1437.8052777777777,1510.4065003638889,1523.2222222222222
HeadM401_DaysToHeading,Schohr,2017,108,10,34,1576.3196110777778,1636.6820015722221,1702.834555838889
HeadM401_DaysToHeading,Schohr,2024,121,10,34,1684.479142263889,1561.0125527472223,1689.138888888889
HeadM401_DaysToHeading,Wylie,2016,112,10,34,1424.3981112916667,1470.8600034666667,1519.861111111111
HeadM401_DaysToHeading,Wylie,2017,112,10,34,1507.9375,1535.1320047222223,1498.0911671333333
HeadM401_DaysToHeading,Canal,2024,112,10,35,1600.2266666666667,1533.6128535166667,1631
HeadM401_DaysToHeading,ErdmanGallagher,2024,115,10,35,1598.8516666666667,1459.071403988889,1608.6944444444446
HeadM401_DaysToHeading,LarrabeeSheppard,2024,85,10,35,1271.0258333333334,1282.6248660111112,1206.3333333333333
HeadM401_DaysToHeading,Lauppe,2024,114,10,35,1613.5211111111112,1430.7657599611111,1434.6354831055555
HeadM401_DaysToHeading,Schohr,2016,110,10,35,1444.246111111111,1528.1945004722222,1545
HeadM401_DaysToHeading,Schohr,2017,108,10,35,1590.9626666333334,1669.7594971444444,1744.196610875
HeadM401_DaysToHeading,Schohr,2024,121,10,35,1705.8608089305555,1585.4991974916668,1720.5277777777778
HeadM401_DaysToHeading,Wylie,2016,112,10,35,1427.320333513889,1493.2330007472221,1541.638888888889
HeadM401_DaysToHeading,Wylie,2017,112,10,35,1515.1477777777777,1566.7445020527778,1515.9245004666666
HeadM401_DaysToHeading,Canal,2024,112,10,36,1608.8030555555556,1549.1400980833334,1646.5555555555554
HeadM401_DaysToHeading,ErdmanGallagher,2024,115,10,36,1614.5316666666668,1475.7003502944444,1634.5833333333333
HeadM401_DaysToHeading,LarrabeeSheppard,2024,85,10,36,1279.1733333333334,1299.9366641055556,1223.111111111111
HeadM401_DaysToHeading,Lauppe,2024,114,10,36,1627.7058333333334,1452.0636553944444,1454.7743719944444
HeadM401_DaysToHeading,Schohr,2016,110,10,36,1447.6494444444445,1541.4284978166668,1561.1666666666667
HeadM401_DaysToHeading,Schohr,2017,108,10,36,1600.572111077778,1694.1279969,1784.446610875
HeadM401_DaysToHeading,Schohr,2024,121,10,36,1723.1349755972221,1604.9044442250001,1747.0833333333333
HeadM401_DaysToHeading,Wylie,2016,112,10,36,1428.202555736111,1512.3310022277778,1557.8055555555557
HeadM401_DaysToHeading,Wylie,2017,112,10,36,1520.3138888888889,1591.2125024611112,1529.7300560222222
HeadM401_DaysToHeading,Canal,2024,112,10,37,1615.901111111111,1559.9433951305555,1659.25
HeadM401_DaysToHeading,ErdmanGallagher,2024,115,10,37,1624.7091666666665,1487.2487492666667,1656.75
HeadM401_DaysToHeading,LarrabeeSheppard,2024,85,10,37,1285.9747222222222,1312.6373572333334,1236.25
HeadM401_DaysToHeading,Lauppe,2024,114,10,37,1636.8961111111112,1468.9061007694445,1469.7188164388888
HeadM401_DaysToHeading,Schohr,2016,110,10,37,1448.7425,1548.887997175,1572
HeadM401_DaysToHeading,Schohr,2017,108,10,37,1605.5159999666666,1712.9844994333332,1822.3077219861111
HeadM401_DaysToHeading,Schohr,2024,121,10,37,1735.882753375,1618.8237843611112,1768.5555555555557
HeadM401_DaysToHeading,Wylie,2016,112,10,37,1428.235055736111,1527.7340002,1568.638888888889
HeadM401_DaysToHeading,Wylie,2017,112,10,37,1523.3708333333334,1609.8765077444446,1540.0078338
HeadM401_DaysToHeading,Canal,2024,112,10,38,1619.4022222222222,1568.620442863889,1667.888888888889
HeadM401_DaysToHeading,ErdmanGallagher,2024,115,10,38,1630.641111111111,1494.1587434,1672.7222222222222
HeadM401_DaysToHeading,LarrabeeSheppard,2024,85,10,38,1290.43,1322.0628543,1244.888888888889
HeadM401_DaysToHeading,Lauppe,2024,114,10,38,1643.4125,1481.5050921611112,1479.7188164388888
HeadM401_DaysToHeading,Schohr,2016,110,10,38,1449.2425,1553.0914960083333,1578.9444444444443
HeadM401_DaysToHeading,Schohr,2017,108,10,38,1608.5329444111112,1727.2814965027778,1856.585499763889
HeadM401_DaysToHeading,Schohr,2024,121,10,38,1743.6755311527777,1628.0527825444444,1785
HeadM401_DaysToHeading,Wylie,2016,112,10,38,1428.235055736111,1538.7975015555555,1575.5833333333333
HeadM401_DaysToHeading,Wylie,2017,112,10,38,1524.8994444444445,1623.070008263889,1546.2578338
HeadM401_DaysToHeading,Canal,2024,112,10,39,1621.8802777777778,1573.8771891416666,1673.5
HeadM401_DaysToHeading,ErdmanGallagher,2024,115,10,39,1634.28,1498.098541788889,1682.2777777777778
HeadM401_DaysToHeading,LarrabeeSheppard,2024,85,10,39,1292.6175,1328.3701529388889,1251
HeadM401_DaysToHeading,Lauppe,2024,114,10,39,1647.4669444444444,1489.0977397444444,1485.2743719944444
HeadM401_DaysToHeading,Schohr,2016,110,10,39,1449.3969444444444,1554.4174962305556,1583.5277777777778
HeadM401_DaysToHeading,Schohr,2017,108,10,39,1610.4109999666666,1736.4759984194443,1885.8910553194444
HeadM401_DaysToHeading,Schohr,2024,121,10,39,1747.1099755972223,1635.1202302111112,1796.6666666666667
HeadM401_DaysToHeading,Wylie,2016,112,10,39,1428.235055736111,1544.5684995555555,1580.1666666666667
HeadM401_DaysToHeading,Wylie,2017,112,10,39,1525.348888888889,1632.3830079861111,1551.1745004666666
HeadM401_DaysToHeading,Canal,2024,112,10,40,1622.9872222222223,1577.0981363916667,1677.4166666666667
HeadM401_DaysToHeading,ErdmanGallagher,2024,115,10,40,1635.6869444444444,1499.2585912333334,1688.8055555555557
HeadM401_DaysToHeading,LarrabeeSheppard,2024,85,10,40,1293.975,1332.5821013277778,1255.6666666666667
HeadM401_DaysToHeading,Lauppe,2024,114,10,40,1649.8133333333333,1494.6514373277778,1488.2465942166666
HeadM401_DaysToHeading,Schohr,2016,110,10,40,1449.3969444444444,1554.9174962305556,1585.8055555555557
HeadM401_DaysToHeading,Schohr,2017,108,10,40,1610.7468333,1743.5980000583334,1910.5021664305555
HeadM401_DaysToHeading,Schohr,2024,121,10,40,1748.2124755972222,1639.7163281833334,1805.25
HeadM401_DaysToHeading,Wylie,2016,112,10,40,1428.235055736111,1548.2369985277778,1582.4444444444446
HeadM401_DaysToHeading,Wylie,2017,112,10,40,1525.348888888889,1639.5370073194445,1555.1189449111112
HeadM401_DaysToHeading,Canal,2024,112,11,25,1211.815,1136.8183255083334,1174.5555555555557
HeadM401_DaysToHeading,ErdmanGallagher,2024,115,11,25,1145.3105555555555,1041.2549805722222,1089.388888888889
HeadM401_DaysToHeading,LarrabeeSheppard,2024,85,11,25,976.8322222222222,940.2527804444444,866
HeadM401_DaysToHeading,Lauppe,2024,114,11,25,1182.5155555555555,1024.3025279166668,952.1632608833334
HeadM401_DaysToHeading,Schohr,2016,110,11,25,1142.34,1136.7574997027777,1137.888888888889
HeadM401_DaysToHeading,Schohr,2017,108,11,25,1200.657166563889,1210.1650004194444,1242.69566695
HeadM401_DaysToHeading,Schohr,2024,121,11,25,1243.6401216027778,1155.2538256722223,1194.1944444444446
HeadM401_DaysToHeading,Wylie,2016,112,11,25,1138.1014446249999,1086.1429977388889,1145.8333333333333
HeadM401_DaysToHeading,Wylie,2017,112,11,25,1179.078888888889,1103.7580032194444,1106.5633893555555
HeadM401_DaysToHeading,Canal,2024,112,11,26,1265.808611111111,1188.3183255083334,1229.0833333333333
HeadM401_DaysToHeading,ErdmanGallagher,2024,115,11,26,1199.6419444444446,1091.414929875,1142.0555555555557
HeadM401_DaysToHeading,LarrabeeSheppard,2024,85,11,26,1018.8322222222222,982.359580525,906.5
HeadM401_DaysToHeading,Lauppe,2024,114,11,26,1237.9361111111111,1072.3025279166668,999.7465942166666
HeadM401_DaysToHeading,Schohr,2016,110,11,26,1191.8727777777779,1186.943499575,1189.6944444444443
HeadM401_DaysToHeading,Schohr,2017,108,11,26,1252.0777221194444,1261.6650004194444,1294.4734447277779
HeadM401_DaysToHeading,Schohr,2024,121,11,26,1301.3176216027778,1208.4888749194445,1251.1666666666667
HeadM401_DaysToHeading,Wylie,2016,112,11,26,1186.5950557361111,1136.3419971416668,1196.638888888889
HeadM401_DaysToHeading,Wylie,2017,112,11,26,1228.4627777777778,1152.7580032194444,1156.0078338
HeadM401_DaysToHeading,Canal,2024,112,11,27,1318.8694444444445,1239.3772749805555,1282.9444444444443
HeadM401_DaysToHeading,ErdmanGallagher,2024,115,11,27,1253.5508333333332,1141.1196284388889,1194.0555555555557
HeadM401_DaysToHeading,LarrabeeSheppard,2024,85,11,27,1060.0877777777778,1023.9488301361112,946.4444444444445
HeadM401_DaysToHeading,Lauppe,2024,114,11,27,1292.4730555555554,1120.3025279166668,1047.1354831055555
HeadM401_DaysToHeading,Schohr,2016,110,11,27,1240.1541666666667,1235.8969993694445,1239.7777777777778
HeadM401_DaysToHeading,Schohr,2017,108,11,27,1302.5293887861112,1312.9955000694445,1345.9734447277779
HeadM401_DaysToHeading,Schohr,2024,121,11,27,1358.6895660472221,1260.7543740361111,1306.861111111111
HeadM401_DaysToHeading,Wylie,2016,112,11,27,1233.2306112916667,1185.1279973944445,1245.7222222222222
HeadM401_DaysToHeading,Wylie,2017,112,11,27,1277.0113888888889,1201.5020027,1204.646722688889
HeadM401_DaysToHeading,Canal,2024,112,11,28,1370.2447222222222,1289.032274713889,1335.9722222222222
HeadM401_DaysToHeading,ErdmanGallagher,2024,115,11,28,1306.3919444444443,1189.6196284388889,1246.0555555555557
HeadM401_DaysToHeading,LarrabeeSheppard,2024,85,11,28,1100.9141666666667,1064.9488301361112,985.9444444444445
HeadM401_DaysToHeading,Lauppe,2024,114,11,28,1345.2111111111112,1167.891676436111,1093.32992755
HeadM401_DaysToHeading,Schohr,2016,110,11,28,1285.0052777777778,1284.329999936111,1289.2222222222222
HeadM401_DaysToHeading,Schohr,2017,108,11,28,1352.231888786111,1363.261000136111,1397.0567780611111
HeadM401_DaysToHeading,Schohr,2024,121,11,28,1415.4776216027778,1312.0102734666666,1361.388888888889
HeadM401_DaysToHeading,Wylie,2016,112,11,28,1275.412555736111,1233.6279973944445,1294.1666666666667
HeadM401_DaysToHeading,Wylie,2017,112,11,28,1324.2080555555556,1249.1105022277777,1252.4245004666666
HeadM401_DaysToHeading,Canal,2024,112,11,29,1419.0052777777778,1337.8343729888888,1388.0555555555554
HeadM401_DaysToHeading,ErdmanGallagher,2024,115,11,29,1356.4716666666666,1237.7111277666666,1297.5833333333333
HeadM401_DaysToHeading,LarrabeeSheppard,2024,85,11,29,1139.81,1105.37907935,1025.0277777777778
HeadM401_DaysToHeading,Lauppe,2024,114,11,29,1394.4322222222222,1214.8393750277778,1138.4410386611112
HeadM401_DaysToHeading,Schohr,2016,110,11,29,1325.8569444444445,1330.3759994666666,1336.7777777777778
HeadM401_DaysToHeading,Schohr,2017,108,11,29,1399.7046665638888,1412.761000136111,1446.94566695
HeadM401_DaysToHeading,Schohr,2024,121,11,29,1470.6762327138888,1362.2798228361112,1415.4166666666667
HeadM401_DaysToHeading,Wylie,2016,112,11,29,1313.4233890694445,1280.4399976694444,1340.5555555555557
HeadM401_DaysToHeading,Wylie,2017,112,11,29,1369.793888888889,1295.8520021305555,1299.5633893555555
HeadM401_DaysToHeading,Canal,2024,112,11,30,1462.8572222222222,1383.469168175,1438.4722222222222
HeadM401_DaysToHeading,ErdmanGallagher,2024,115,11,30,1404.2241666666666,1282.3970217805556,1348.2222222222222
HeadM401_DaysToHeading,LarrabeeSheppard,2024,85,11,30,1174.1969444444444,1144.1410279333334,1062.75
HeadM401_DaysToHeading,Lauppe,2024,114,11,30,1441.2891666666667,1259.8321738333334,1181.0521497722223
HeadM401_DaysToHeading,Schohr,2016,110,11,30,1359.0175,1373.5865001833333,1381.638888888889
HeadM401_DaysToHeading,Schohr,2017,108,11,30,1445.064666563889,1461.6049999972222,1496.44566695
HeadM401_DaysToHeading,Schohr,2024,121,11,30,1523.7392882694444,1410.0841679666667,1467.5555555555557
HeadM401_DaysToHeading,Wylie,2016,112,11,30,1344.326444625,1324.8834991416668,1383.5
HeadM401_DaysToHeading,Wylie,2017,112,11,30,1412.2580555555555,1341.939002025,1344.6189449111112
HeadM401_DaysToHeading,Canal,2024,112,11,31,1500.328888888889,1422.9874157833333,1484.0555555555554
HeadM401_DaysToHeading,ErdmanGallagher,2024,115,11,31,1449.165,1321.2309184166666,1395.388888888889
HeadM401_DaysToHeading,LarrabeeSheppard,2024,85,11,31,1203.6144444444444,1178.614723688889,1096.0833333333333
HeadM401_DaysToHeading,Lauppe,2024,114,11,31,1485.0775,1300.8326191972221,1218.7743719944444
HeadM401_DaysToHeading,Schohr,2016,110,11,31,1385.7066666666667,1412.2164993444444,1422.0555555555557
HeadM401_DaysToHeading,Schohr,2017,108,11,31,1488.561888786111,1508.6930002972222,1545.1123336166665
HeadM401_DaysToHeading,Schohr,2024,121,11,31,1571.414843825,1452.4066643777778,1516.5555555555557
HeadM401_DaysToHeading,Wylie,2016,112,11,31,1368.4070001805555,1366.132998463889,1422.111111111111
HeadM401_DaysToHeading,Wylie,2017,112,11,31,1447.5280555555555,1387.2875022777778,1387.896722688889
HeadM401_DaysToHeading,Canal,2024,112,11,32,1531.4669444444444,1456.6677641777778,1523.4722222222222
HeadM401_DaysToHeading,ErdmanGallagher,2024,115,11,32,1490.1902777777777,1356.0215649666666,1438.611111111111
HeadM401_DaysToHeading,LarrabeeSheppard,2024,85,11,32,1227.6383333333333,1208.6144728722222,1126.6944444444443
HeadM401_DaysToHeading,Lauppe,2024,114,11,32,1523.7755555555555,1336.9781661083334,1253.7188164388888
HeadM401_DaysToHeading,Schohr,2016,110,11,32,1407.1905555555556,1445.499498388889,1457.2777777777778
HeadM401_DaysToHeading,Schohr,2017,108,11,32,1525.7059999666667,1554.0520005055555,1593.1123336166665
HeadM401_DaysToHeading,Schohr,2024,121,11,32,1612.3445989416666,1490.1074614583333,1560.861111111111
HeadM401_DaysToHeading,Wylie,2016,112,11,32,1386.5331112916667,1403.8704986527778,1455.8333333333333
HeadM401_DaysToHeading,Wylie,2017,112,11,32,1472.826111111111,1431.296002375,1427.2022782444444
HeadM401_DaysToHeading,Canal,2024,112,11,33,1555.6661111111111,1487.1219077,1559.5277777777778
HeadM401_DaysToHeading,ErdmanGallagher,2024,115,11,33,1526.0233333333333,1386.092861661111,1478.5555555555557
HeadM401_DaysToHeading,LarrabeeSheppard,2024,85,11,33,1245.5711111111111,1236.2995219277777,1154.8055555555557
HeadM401_DaysToHeading,Lauppe,2024,114,11,33,1556.5591666666667,1368.9373145194445,1286.4688164388888
HeadM401_DaysToHeading,Schohr,2016,110,11,33,1422.2775,1472.728500388889,1486.5833333333333
HeadM401_DaysToHeading,Schohr,2017,108,11,33,1554.118222188889,1597.0585026555555,1639.084555838889
HeadM401_DaysToHeading,Schohr,2024,121,11,33,1646.6733089305555,1523.1408572305556,1602.3055555555557
HeadM401_DaysToHeading,Wylie,2016,112,11,33,1399.5745001805556,1436.6695003472223,1483.6944444444443
HeadM401_DaysToHeading,Wylie,2017,112,11,33,1488.1177777777777,1472.3205041722222,1461.0633893555555
HeadM401_DaysToHeading,Canal,2024,112,11,34,1575.5711111111111,1512.8218550583333,1589.0555555555554
HeadM401_DaysToHeading,ErdmanGallagher,2024,115,11,34,1554.4208333333333,1413.0602593472222,1514.5277777777778
HeadM401_DaysToHeading,LarrabeeSheppard,2024,85,11,34,1260.3266666666666,1260.842921736111,1179.138888888889
HeadM401_DaysToHeading,Lauppe,2024,114,11,34,1582.233888888889,1398.4481635222223,1315.7465942166666
HeadM401_DaysToHeading,Schohr,2016,110,11,34,1432.8483333333334,1495.169500375,1510.611111111111
HeadM401_DaysToHeading,Schohr,2017,108,11,34,1576.3196110777778,1636.6820015722221,1682.7790002833333
HeadM401_DaysToHeading,Schohr,2024,121,11,34,1674.6524755972223,1550.9034533583333,1637.638888888889
HeadM401_DaysToHeading,Wylie,2016,112,11,34,1408.1233890694443,1463.7890033694446,1507.25
HeadM401_DaysToHeading,Wylie,2017,112,11,34,1499.548611111111,1509.0615053,1485.146722688889
HeadM401_DaysToHeading,Canal,2024,112,11,35,1590.1602777777778,1533.6128535166667,1611.5555555555554
HeadM401_DaysToHeading,ErdmanGallagher,2024,115,11,35,1576.8241666666668,1434.6251053888889,1546.888888888889
HeadM401_DaysToHeading,LarrabeeSheppard,2024,85,11,35,1271.0258333333334,1282.6248660111112,1199.8055555555557
HeadM401_DaysToHeading,Lauppe,2024,114,11,35,1602.3775,1424.0118098416667,1340.8854831055555
HeadM401_DaysToHeading,Schohr,2016,110,11,35,1439.2891666666667,1512.9575004833334,1532.388888888889
HeadM401_DaysToHeading,Schohr,2017,108,11,35,1590.9626666333334,1669.7594971444444,1724.1410553194444
HeadM401_DaysToHeading,Schohr,2024,121,11,35,1696.034142263889,1575.3900981027778,1669.0277777777778
HeadM401_DaysToHeading,Wylie,2016,112,11,35,1411.0456112916665,1486.16200065,1529.0277777777778
HeadM401_DaysToHeading,Wylie,2017,112,11,35,1506.7588888888888,1540.6740026305556,1502.9800560222222
HeadM401_DaysToHeading,Canal,2024,112,11,36,1598.7366666666667,1549.1400980833334,1627.111111111111
HeadM401_DaysToHeading,ErdmanGallagher,2024,115,11,36,1592.5041666666666,1451.2540516944446,1572.7777777777778
HeadM401_DaysToHeading,LarrabeeSheppard,2024,85,11,36,1279.1733333333334,1299.9366641055556,1216.5833333333333
HeadM401_DaysToHeading,Lauppe,2024,114,11,36,1616.5622222222223,1445.309705275,1360.5243719944444
HeadM401_DaysToHeading,Schohr,2016,110,11,36,1442.6925,1526.1914978277778,1548.5555555555557
HeadM401_DaysToHeading,Schohr,2017,108,11,36,1600.572111077778,1694.1279969,1764.3910553194444
HeadM401_DaysToHeading,Schohr,2024,121,11,36,1713.3083089305555,1594.795344836111,1695.5833333333333
HeadM401_DaysToHeading,Wylie,2016,112,11,36,1411.9278335138888,1505.2600021305557,1545.1944444444443
HeadM401_DaysToHeading,Wylie,2017,112,11,36,1511.925,1565.142003038889,1516.7856115777777
HeadM401_DaysToHeading,Canal,2024,112,11,37,1605.8347222222221,1559.9433951305555,1639.8055555555554
HeadM401_DaysToHeading,ErdmanGallagher,2024,115,11,37,1602.6816666666666,1462.8024506666666,1594.9444444444446
HeadM401_DaysToHeading,LarrabeeSheppard,2024,85,11,37,1285.9747222222222,1312.6373572333334,1229.7222222222222
HeadM401_DaysToHeading,Lauppe,2024,114,11,37,1625.7525,1462.15215065,1374.9688164388888
HeadM401_DaysToHeading,Schohr,2016,110,11,37,1443.7855555555554,1533.6509971861112,1559.388888888889
HeadM401_DaysToHeading,Schohr,2017,108,11,37,1605.5159999666666,1712.9844994333332,1802.2521664305555
HeadM401_DaysToHeading,Schohr,2024,121,11,37,1726.0560867083334,1608.7146849722224,1717.0555555555557
HeadM401_DaysToHeading,Wylie,2016,112,11,37,1411.9603335138888,1520.663000102778,1556.0277777777778
HeadM401_DaysToHeading,Wylie,2017,112,11,37,1514.9819444444445,1583.8060083222222,1527.0633893555555
HeadM401_DaysToHeading,Canal,2024,112,11,38,1609.3358333333333,1568.620442863889,1648.4444444444443
HeadM401_DaysToHeading,ErdmanGallagher,2024,115,11,38,1608.6136111111111,1469.7124448,1610.9166666666667
HeadM401_DaysToHeading,LarrabeeSheppard,2024,85,11,38,1290.43,1322.0628543,1238.361111111111
HeadM401_DaysToHeading,Lauppe,2024,114,11,38,1632.2688888888888,1474.7511420416668,1384.9688164388888
HeadM401_DaysToHeading,Schohr,2016,110,11,38,1444.2855555555554,1537.8544960194445,1566.3333333333333
HeadM401_DaysToHeading,Schohr,2017,108,11,38,1608.5329444111112,1727.2814965027778,1836.5299442083333
HeadM401_DaysToHeading,Schohr,2024,121,11,38,1733.848864486111,1617.9436831555556,1733.5
HeadM401_DaysToHeading,Wylie,2016,112,11,38,1411.9603335138888,1531.7265014583334,1562.9722222222222
HeadM401_DaysToHeading,Wylie,2017,112,11,38,1516.5105555555556,1596.9995088416667,1533.3133893555555
HeadM401_DaysToHeading,Canal,2024,112,11,39,1611.8138888888889,1573.8771891416666,1654.0555555555554
HeadM401_DaysToHeading,ErdmanGallagher,2024,115,11,39,1612.2525,1473.6522431888889,1620.4722222222222
HeadM401_DaysToHeading,LarrabeeSheppard,2024,85,11,39,1292.6175,1328.3701529388889,1244.4722222222222
HeadM401_DaysToHeading,Lauppe,2024,114,11,39,1636.3233333333333,1482.343789625,1390.5243719944444
HeadM401_DaysToHeading,Schohr,2016,110,11,39,1444.44,1539.1804962416668,1570.9166666666667
HeadM401_DaysToHeading,Schohr,2017,108,11,39,1610.4109999666666,1736.4759984194443,1865.835499763889
HeadM401_DaysToHeading,Schohr,2024,121,11,39,1737.2833089305557,1625.0111308222222,1745.1666666666667
HeadM401_DaysToHeading,Wylie,2016,112,11,39,1411.9603335138888,1537.4974994583333,1567.5555555555557
HeadM401_DaysToHeading,Wylie,2017,112,11,39,1516.96,1606.312508563889,1538.2300560222222
HeadM401_DaysToHeading,Canal,2024,112,11,40,1612.9208333333333,1577.0981363916667,1657.9722222222222
HeadM401_DaysToHeading,ErdmanGallagher,2024,115,11,40,1613.6594444444445,1474.8122926333333,1627
HeadM401_DaysToHeading,LarrabeeSheppard,2024,85,11,40,1293.975,1332.5821013277778,1249.138888888889
HeadM401_DaysToHeading,Lauppe,2024,114,11,40,1638.6697222222222,1487.8974872083334,1393.4965942166666
HeadM401_DaysToHeading,Schohr,2016,110,11,40,1444.44,1539.6804962416668,1573.1944444444446
HeadM401_DaysToHeading,Schohr,2017,108,11,40,1610.7468333,1743.5980000583334,1890.446610875
HeadM401_DaysToHeading,Schohr,2024,121,11,40,1738.3858089305556,1629.6072287944444,1753.75
HeadM401_DaysToHeading,Wylie,2016,112,11,40,1411.9603335138888,1541.1659984305556,1569.8333333333333
HeadM401_DaysToHeading,Wylie,2017,112,11,40,1516.96,1613.4665078972223,1542.1745004666666
HeadM401_DaysToHeading,Canal,2024,112,12,25,1171.5858333333333,1113.322125425,1133.25
HeadM401_DaysToHeading,ErdmanGallagher,2024,115,12,25,1103.8144444444445,991.2414817916666,1048.5
HeadM401_DaysToHeading,LarrabeeSheppard,2024,85,12,25,976.8322222222222,916.786380775,824.8611111111111
HeadM401_DaysToHeading,Lauppe,2024,114,12,25,1157.3772222222221,983.0761289694444,827.8577053277778
HeadM401_DaysToHeading,Schohr,2016,110,12,25,1121.6369444444445,1098.8734994,1101.1944444444443
HeadM401_DaysToHeading,Schohr,2017,108,12,25,1167.0180555555555,1166.2350001194445,1218.334555838889
HeadM401_DaysToHeading,Schohr,2024,121,12,25,1176.7751216027777,1115.1293273083334,1128.2222222222222
HeadM401_DaysToHeading,Wylie,2016,112,12,25,1124.0489446249999,1040.6214981027779,1101.9166666666667
HeadM401_DaysToHeading,Wylie,2017,112,12,25,1166.2747222222222,1082.158502563889,1100.6745004666666
HeadM401_DaysToHeading,Canal,2024,112,12,26,1223.5794444444443,1163.822125425,1185.7777777777778
HeadM401_DaysToHeading,ErdmanGallagher,2024,115,12,26,1155.8344444444444,1038.4014310944444,1098.6666666666667
HeadM401_DaysToHeading,LarrabeeSheppard,2024,85,12,26,1018.8322222222222,957.8931808555556,862.8611111111111
HeadM401_DaysToHeading,Lauppe,2024,114,12,26,1211.2977777777778,1029.0761289694444,867.9410386611111
HeadM401_DaysToHeading,Schohr,2016,110,12,26,1171.0408333333332,1148.2169995388888,1151.861111111111
HeadM401_DaysToHeading,Schohr,2017,108,12,26,1217.9386111111112,1216.7350001194445,1268.94566695
HeadM401_DaysToHeading,Schohr,2024,121,12,26,1230.4526216027778,1166.914777288889,1181.1944444444446
HeadM401_DaysToHeading,Wylie,2016,112,12,26,1172.5425557361111,1088.8204975055555,1151.5833333333333
HeadM401_DaysToHeading,Wylie,2017,112,12,26,1215.658611111111,1130.658502563889,1150.1189449111112
HeadM401_DaysToHeading,Canal,2024,112,12,27,1274.6402777777778,1214.0219755083333,1237.638888888889
HeadM401_DaysToHeading,ErdmanGallagher,2024,115,12,27,1207.7433333333333,1085.2219801055555,1148.1666666666667
HeadM401_DaysToHeading,LarrabeeSheppard,2024,85,12,27,1060.0877777777778,998.8908805944444,900.7777777777778
HeadM401_DaysToHeading,Lauppe,2024,114,12,27,1264.3347222222221,1075.0761289694444,907.82992755
HeadM401_DaysToHeading,Schohr,2016,110,12,27,1219.3222222222223,1196.6704993333333,1201.3055555555557
HeadM401_DaysToHeading,Schohr,2017,108,12,27,1267.8902777777778,1267.0654997694444,1319.44566695
HeadM401_DaysToHeading,Schohr,2024,121,12,27,1283.824566047222,1218.1802764055556,1232.888888888889
HeadM401_DaysToHeading,Wylie,2016,112,12,27,1219.1781112916667,1135.8204975055555,1200.0277777777778
HeadM401_DaysToHeading,Wylie,2017,112,12,27,1264.2072222222223,1178.952502236111,1198.7578338
HeadM401_DaysToHeading,Canal,2024,112,12,28,1324.0155555555555,1263.6769752416667,1288.6666666666667
HeadM401_DaysToHeading,ErdmanGallagher,2024,115,12,28,1258.5844444444444,1131.2219801055555,1197.6666666666667
HeadM401_DaysToHeading,LarrabeeSheppard,2024,85,12,28,1100.9141666666667,1039.3908805944445,938.2777777777778
HeadM401_DaysToHeading,Lauppe,2024,114,12,28,1315.5727777777777,1120.665277488889,946.9688164388889
HeadM401_DaysToHeading,Schohr,2016,110,12,28,1264.1733333333334,1244.6034999,1250.25
HeadM401_DaysToHeading,Schohr,2017,108,12,28,1317.0927777777779,1316.330999836111,1369.5290002833333
HeadM401_DaysToHeading,Schohr,2024,121,12,28,1336.6126216027778,1268.6802764055556,1283.4166666666667
HeadM401_DaysToHeading,Wylie,2016,112,12,28,1261.360055736111,1182.8204975055555,1247.9722222222222
HeadM401_DaysToHeading,Wylie,2017,112,12,28,1311.4038888888888,1226.561001763889,1246.5356115777777
HeadM401_DaysToHeading,Canal,2024,112,12,29,1370.776111111111,1312.4790735166666,1339.1666666666667
HeadM401_DaysToHeading,ErdmanGallagher,2024,115,12,29,1306.6641666666667,1177.2111301527777,1246.6944444444443
HeadM401_DaysToHeading,LarrabeeSheppard,2024,85,12,29,1139.81,1079.5041799638889,975.3611111111111
HeadM401_DaysToHeading,Lauppe,2024,114,12,29,1363.77,1165.6129760805557,985.3577053277778
HeadM401_DaysToHeading,Schohr,2016,110,12,29,1305.025,1290.1494994305556,1297.3055555555557
HeadM401_DaysToHeading,Schohr,2017,108,12,29,1364.0655555555556,1364.830999836111,1418.4178891722222
HeadM401_DaysToHeading,Schohr,2024,121,12,29,1388.3045660472221,1318.4498257750001,1333.4722222222222
HeadM401_DaysToHeading,Wylie,2016,112,12,29,1299.3708890694445,1228.1324977805555,1294.0277777777778
HeadM401_DaysToHeading,Wylie,2017,112,12,29,1356.989722222222,1273.3025016666666,1293.6745004666666
HeadM401_DaysToHeading,Canal,2024,112,12,30,1412.976111111111,1358.1138687027778,1388.5833333333333
HeadM401_DaysToHeading,ErdmanGallagher,2024,115,12,30,1352.7341666666666,1220.862074863889,1295.25
HeadM401_DaysToHeading,LarrabeeSheppard,2024,85,12,30,1174.1969444444444,1118.2661285472223,1011.0833333333334
HeadM401_DaysToHeading,Lauppe,2024,114,12,30,1409.6269444444445,1208.8380251,1021.6354831055555
HeadM401_DaysToHeading,Schohr,2016,110,12,30,1338.1855555555555,1332.8600001472223,1341.6666666666667
HeadM401_DaysToHeading,Schohr,2017,108,12,30,1408.9255555555555,1412.6749996972221,1466.9178891722222
HeadM401_DaysToHeading,Schohr,2024,121,12,30,1438.7726216027777,1365.8665213694444,1382.111111111111
HeadM401_DaysToHeading,Wylie,2016,112,12,30,1330.273944625,1271.2434987944446,1336.9722222222222
HeadM401_DaysToHeading,Wylie,2017,112,12,30,1399.453888888889,1319.389501561111,1338.7300560222222
HeadM401_DaysToHeading,Canal,2024,112,12,31,1449.5866666666666,1397.632116311111,1433.4444444444443
HeadM401_DaysToHeading,ErdmanGallagher,2024,115,12,31,1396.175,1258.8120222194445,1340.6666666666667
HeadM401_DaysToHeading,LarrabeeSheppard,2024,85,12,31,1203.6144444444444,1152.7398243027778,1043.138888888889
HeadM401_DaysToHeading,Lauppe,2024,114,12,31,1452.4152777777779,1248.7249708222223,1054.82992755
HeadM401_DaysToHeading,Schohr,2016,110,12,31,1364.8747222222223,1371.3904996055555,1381.5833333333333
HeadM401_DaysToHeading,Schohr,2017,108,12,31,1451.9227777777778,1458.762999997222,1515.0290002833333
HeadM401_DaysToHeading,Schohr,2024,121,12,31,1484.1251216027777,1408.1890177805556,1427.888888888889
HeadM401_DaysToHeading,Wylie,2016,112,12,31,1354.3545001805555,1311.9929981166667,1375.5833333333333
HeadM401_DaysToHeading,Wylie,2017,112,12,31,1434.723888888889,1364.7380018138888,1382.0078338
HeadM401_DaysToHeading,Canal,2024,112,12,32,1480.2247222222222,1431.3124647055556,1472.361111111111
HeadM401_DaysToHeading,ErdmanGallagher,2024,115,12,32,1435.7002777777777,1293.6026687694443,1382.861111111111
HeadM401_DaysToHeading,LarrabeeSheppard,2024,85,12,32,1227.6383333333333,1182.739573486111,1073.138888888889
HeadM401_DaysToHeading,Lauppe,2024,114,12,32,1490.1133333333332,1284.5146684694444,1085.7743719944444
HeadM401_DaysToHeading,Schohr,2016,110,12,32,1386.358611111111,1404.67349865,1416.3055555555557
HeadM401_DaysToHeading,Schohr,2017,108,12,32,1488.9263888888888,1503.481500136111,1562.5290002833333
HeadM401_DaysToHeading,Schohr,2024,121,12,32,1523.5287656083333,1445.889814861111,1469.6944444444446
HeadM401_DaysToHeading,Wylie,2016,112,12,32,1372.4806112916667,1349.3354978472223,1409.3055555555557
HeadM401_DaysToHeading,Wylie,2017,112,12,32,1460.0219444444444,1408.7465019111112,1421.3133893555555
HeadM401_DaysToHeading,Canal,2024,112,12,33,1503.923888888889,1461.7666082277779,1507.9166666666667
HeadM401_DaysToHeading,ErdmanGallagher,2024,115,12,33,1470.4197222222222,1323.6739654638889,1421.8055555555557
HeadM401_DaysToHeading,LarrabeeSheppard,2024,85,12,33,1245.5711111111111,1210.4246225416666,1100.8055555555557
HeadM401_DaysToHeading,Lauppe,2024,114,12,33,1522.3863888888889,1316.4738168805557,1114.6354831055555
HeadM401_DaysToHeading,Schohr,2016,110,12,33,1401.4455555555555,1431.90250065,1445.1666666666667
HeadM401_DaysToHeading,Schohr,2017,108,12,33,1517.338611111111,1545.9880022861112,1608.0012225055555
HeadM401_DaysToHeading,Schohr,2024,121,12,33,1556.3955311527777,1478.9232106333334,1509.5
HeadM401_DaysToHeading,Wylie,2016,112,12,33,1385.5220001805556,1382.1344995416666,1437.1666666666667
HeadM401_DaysToHeading,Wylie,2017,112,12,33,1475.3136111111112,1449.7710037083334,1455.1745004666666
HeadM401_DaysToHeading,Canal,2024,112,12,34,1523.328888888889,1487.466555586111,1537
HeadM401_DaysToHeading,ErdmanGallagher,2024,115,12,34,1497.8172222222222,1350.64136315,1457.7222222222222
HeadM401_DaysToHeading,LarrabeeSheppard,2024,85,12,34,1260.3266666666666,1234.96802235,1125.138888888889
HeadM401_DaysToHeading,Lauppe,2024,114,12,34,1547.5611111111111,1345.9846658833333,1142.1354831055555
HeadM401_DaysToHeading,Schohr,2016,110,12,34,1412.016388888889,1454.343500636111,1469.1944444444443
HeadM401_DaysToHeading,Schohr,2017,108,12,34,1539.54,1585.1115012027778,1651.19566695
HeadM401_DaysToHeading,Schohr,2024,121,12,34,1583.8483089305555,1506.685806761111,1543.9722222222222
HeadM401_DaysToHeading,Wylie,2016,112,12,34,1394.0708890694443,1409.254002563889,1460.7222222222222
HeadM401_DaysToHeading,Wylie,2017,112,12,34,1486.7444444444445,1486.5120048361111,1479.2578338
HeadM401_DaysToHeading,Canal,2024,112,12,35,1537.4180555555556,1508.2575540444445,1559.5
HeadM401_DaysToHeading,ErdmanGallagher,2024,115,12,35,1519.2205555555556,1372.2062091916666,1490.0833333333333
HeadM401_DaysToHeading,LarrabeeSheppard,2024,85,12,35,1271.0258333333334,1256.749966625,1145.8055555555557
HeadM401_DaysToHeading,Lauppe,2024,114,12,35,1567.233611111111,1371.5483122027779,1165.9965942166666
HeadM401_DaysToHeading,Schohr,2016,110,12,35,1418.4572222222223,1472.1315007444443,1490.9722222222222
HeadM401_DaysToHeading,Schohr,2017,108,12,35,1554.1830555555555,1617.688996775,1692.0577219861111
HeadM401_DaysToHeading,Schohr,2024,121,12,35,1604.7299755972222,1531.1724515055555,1575.361111111111
HeadM401_DaysToHeading,Wylie,2016,112,12,35,1396.9931112916665,1431.6269998444445,1482.5
HeadM401_DaysToHeading,Wylie,2017,112,12,35,1493.9547222222222,1518.1245021666666,1497.0911671333333
HeadM401_DaysToHeading,Canal,2024,112,12,36,1545.8105555555555,1523.7847986111112,1575.0555555555554
HeadM401_DaysToHeading,ErdmanGallagher,2024,115,12,36,1533.9005555555555,1388.8351554972223,1515.9722222222222
HeadM401_DaysToHeading,LarrabeeSheppard,2024,85,12,36,1279.1733333333334,1274.0617647194445,1162.5833333333333
HeadM401_DaysToHeading,Lauppe,2024,114,12,36,1581.4183333333333,1392.846207636111,1185.2465942166666
HeadM401_DaysToHeading,Schohr,2016,110,12,36,1421.8605555555555,1485.365498088889,1507.138888888889
HeadM401_DaysToHeading,Schohr,2017,108,12,36,1563.7925,1641.75099705,1731.8077219861111
HeadM401_DaysToHeading,Schohr,2024,121,12,36,1621.504142263889,1550.5776982388888,1601.9166666666667
HeadM401_DaysToHeading,Wylie,2016,112,12,36,1397.8753335138888,1450.725001325,1498.6666666666667
HeadM401_DaysToHeading,Wylie,2017,112,12,36,1499.1208333333334,1542.592502575,1510.896722688889
HeadM401_DaysToHeading,Canal,2024,112,12,37,1552.908611111111,1534.5880956583333,1587.75
HeadM401_DaysToHeading,ErdmanGallagher,2024,115,12,37,1543.7430555555554,1400.3835544694446,1538.138888888889
HeadM401_DaysToHeading,LarrabeeSheppard,2024,85,12,37,1285.9747222222222,1286.7624578472223,1175.7222222222222
HeadM401_DaysToHeading,Lauppe,2024,114,12,37,1590.608611111111,1409.688653011111,1199.6910386611112
HeadM401_DaysToHeading,Schohr,2016,110,12,37,1422.953611111111,1492.8249974472221,1517.9722222222222
HeadM401_DaysToHeading,Schohr,2017,108,12,37,1568.736388888889,1660.6074995833333,1769.1688330972222
HeadM401_DaysToHeading,Schohr,2024,121,12,37,1633.7519200416666,1564.497038375,1623.388888888889
HeadM401_DaysToHeading,Wylie,2016,112,12,37,1397.9078335138888,1466.1279992972222,1509.5
HeadM401_DaysToHeading,Wylie,2017,112,12,37,1502.1777777777777,1561.2565078583334,1521.1745004666666
HeadM401_DaysToHeading,Canal,2024,112,12,38,1556.4097222222222,1543.2651433916667,1596.388888888889
HeadM401_DaysToHeading,ErdmanGallagher,2024,115,12,38,1549.675,1407.2935486027777,1554.111111111111
HeadM401_DaysToHeading,LarrabeeSheppard,2024,85,12,38,1290.43,1296.187954913889,1184.361111111111
HeadM401_DaysToHeading,Lauppe,2024,114,12,38,1597.125,1422.2876444027777,1209.6910386611112
HeadM401_DaysToHeading,Schohr,2016,110,12,38,1423.453611111111,1497.0284962805556,1524.9166666666667
HeadM401_DaysToHeading,Schohr,2017,108,12,38,1571.7533333333333,1674.9044966527777,1802.946610875
HeadM401_DaysToHeading,Schohr,2024,121,12,38,1641.2083089305556,1573.7260365583334,1639.8333333333335
HeadM401_DaysToHeading,Wylie,2016,112,12,38,1397.9078335138888,1477.191500652778,1516.4444444444443
HeadM401_DaysToHeading,Wylie,2017,112,12,38,1503.7063888888888,1574.4500083777777,1527.4245004666666
HeadM401_DaysToHeading,Canal,2024,112,12,39,1558.8877777777777,1548.5218896694444,1602
HeadM401_DaysToHeading,ErdmanGallagher,2024,115,12,39,1553.3138888888889,1411.2333469916666,1563.6666666666667
HeadM401_DaysToHeading,LarrabeeSheppard,2024,85,12,39,1292.6175,1302.4952535527777,1190.4722222222222
HeadM401_DaysToHeading,Lauppe,2024,114,12,39,1601.1794444444445,1429.8802919861112,1215.2465942166666
HeadM401_DaysToHeading,Schohr,2016,110,12,39,1423.6080555555557,1498.3544965027777,1529.5
HeadM401_DaysToHeading,Schohr,2017,108,12,39,1573.631388888889,1684.0989985694443,1832.0577219861111
HeadM401_DaysToHeading,Schohr,2024,121,12,39,1644.642753375,1580.793484225,1651.5
HeadM401_DaysToHeading,Wylie,2016,112,12,39,1397.9078335138888,1482.9624986527779,1521.0277777777778
HeadM401_DaysToHeading,Wylie,2017,112,12,39,1504.1558333333332,1583.7630081,1532.3411671333333
HeadM401_DaysToHeading,Canal,2024,112,12,40,1559.9947222222222,1551.7428369194445,1605.9166666666667
HeadM401_DaysToHeading,ErdmanGallagher,2024,115,12,40,1554.7208333333333,1412.393396436111,1570.1944444444446
HeadM401_DaysToHeading,LarrabeeSheppard,2024,85,12,40,1293.975,1306.7072019416667,1195.138888888889
HeadM401_DaysToHeading,Lauppe,2024,114,12,40,1603.5258333333334,1435.4339895694445,1218.218816438889
HeadM401_DaysToHeading,Schohr,2016,110,12,40,1423.6080555555557,1498.8544965027777,1531.7777777777778
HeadM401_DaysToHeading,Schohr,2017,108,12,40,1573.9672222222223,1691.2210002083332,1856.6688330972222
HeadM401_DaysToHeading,Schohr,2024,121,12,40,1645.745253375,1585.3895821972224,1660.0833333333335
HeadM401_DaysToHeading,Wylie,2016,112,12,40,1397.9078335138888,1486.630997625,1523.3055555555557
HeadM401_DaysToHeading,Wylie,2017,112,12,40,1504.1558333333332,1590.9170074333333,1536.2856115777777
HeadM401_DaysToHeading,Canal,2024,112,13,25,1120.1116666666667,1017.7950787444445,1045.3055555555557
HeadM401_DaysToHeading,ErdmanGallagher,2024,115,13,25,929.1455555555556,859.7586841694445,917.0833333333334
HeadM401_DaysToHeading,LarrabeeSheppard,2024,85,13,25,960.855,899.0113310888889,798.5
HeadM401_DaysToHeading,Lauppe,2024,114,13,25,1062.233611111111,904.3703303444445,697.32992755
HeadM401_DaysToHeading,Schohr,2016,110,13,25,1090.4583333333333,1072.5574998916666,1050.4166666666667
HeadM401_DaysToHeading,Schohr,2017,108,13,25,1141.848888888889,1123.464499936111,1192.5290002833333
HeadM401_DaysToHeading,Schohr,2024,121,13,25,1073.0278993805555,1018.5714798027778,1005.3055555555555
HeadM401_DaysToHeading,Wylie,2016,112,13,25,1079.5477777777778,938.8279976805555,1042.5277777777778
HeadM401_DaysToHeading,Wylie,2017,112,13,25,1136.003611111111,1047.2395024138889,1057.396722688889
HeadM401_DaysToHeading,Canal,2024,112,13,26,1169.6116666666667,1064.2950787444445,1093.2777777777778
HeadM401_DaysToHeading,ErdmanGallagher,2024,115,13,26,971.6655555555556,899.7586841694445,959.75
HeadM401_DaysToHeading,LarrabeeSheppard,2024,85,13,26,1002.355,939.1181311694445,835
HeadM401_DaysToHeading,Lauppe,2024,114,13,26,1111.1541666666667,945.8703303444445,730.82992755
HeadM401_DaysToHeading,Schohr,2016,110,13,26,1138.8622222222223,1120.9010000305555,1098.5833333333333
HeadM401_DaysToHeading,Schohr,2017,108,13,26,1192.2694444444444,1172.464499936111,1242.5290002833333
HeadM401_DaysToHeading,Schohr,2024,121,13,26,1121.2053993805555,1064.8569297833333,1051.3055555555557
HeadM401_DaysToHeading,Wylie,2016,112,13,26,1126.5413888888888,982.3059973666667,1089.1944444444443
HeadM401_DaysToHeading,Wylie,2017,112,13,26,1184.8875,1093.7395024138889,1105.2022782444444
HeadM401_DaysToHeading,Canal,2024,112,13,27,1219.0080555555555,1110.4949288277778,1140.638888888889
HeadM401_DaysToHeading,ErdmanGallagher,2024,115,13,27,1014.0744444444445,939.5792331805555,1001.75
HeadM401_DaysToHeading,LarrabeeSheppard,2024,85,13,27,1043.1105555555555,979.1158309083334,871.4166666666666
HeadM401_DaysToHeading,Lauppe,2024,114,13,27,1159.6541666666667,987.3703303444445,764.2188164388889
HeadM401_DaysToHeading,Schohr,2016,110,13,27,1186.143611111111,1168.354499825,1146
HeadM401_DaysToHeading,Schohr,2017,108,13,27,1241.7211111111112,1221.4319996694444,1292.5290002833333
HeadM401_DaysToHeading,Schohr,2024,121,13,27,1169.077343825,1110.6224289,1096.8055555555557
HeadM401_DaysToHeading,Wylie,2016,112,13,27,1171.8905555555555,1024.8059973666666,1135.111111111111
HeadM401_DaysToHeading,Wylie,2017,112,13,27,1232.9361111111111,1140.0335020861112,1152.3411671333333
HeadM401_DaysToHeading,Canal,2024,112,13,28,1266.8833333333332,1156.1499285611112,1187.5555555555554
HeadM401_DaysToHeading,ErdmanGallagher,2024,115,13,28,1055.5644444444445,978.5792331805555,1043.75
HeadM401_DaysToHeading,LarrabeeSheppard,2024,85,13,28,1083.4369444444444,1018.6158309083334,907.4166666666666
HeadM401_DaysToHeading,Lauppe,2024,114,13,28,1207.2872222222222,1028.459478863889,797.2188164388889
HeadM401_DaysToHeading,Schohr,2016,110,13,28,1230.4877777777779,1215.2875003916668,1193
HeadM401_DaysToHeading,Schohr,2017,108,13,28,1290.423611111111,1269.697499736111,1342.1123336166665
HeadM401_DaysToHeading,Schohr,2024,121,13,28,1216.3653993805556,1155.6224289,1141.3333333333333
HeadM401_DaysToHeading,Wylie,2016,112,13,28,1213.0725,1067.3059973666666,1180.611111111111
HeadM401_DaysToHeading,Wylie,2017,112,13,28,1279.6327777777778,1185.6420016138889,1198.8411671333333
HeadM401_DaysToHeading,Canal,2024,112,13,29,1312.1438888888888,1201.2390274916668,1234.0555555555554
HeadM401_DaysToHeading,ErdmanGallagher,2024,115,13,29,1095.0336111111112,1017.5792331805555,1085.2777777777778
HeadM401_DaysToHeading,LarrabeeSheppard,2024,85,13,29,1122.1977777777777,1057.7291302777778,943
HeadM401_DaysToHeading,Lauppe,2024,114,13,29,1252.7508333333333,1068.9071774555555,830.1077053277778
HeadM401_DaysToHeading,Schohr,2016,110,13,29,1270.943888888889,1260.2924995555554,1238.5555555555557
HeadM401_DaysToHeading,Schohr,2017,108,13,29,1336.8963888888889,1317.197499736111,1390.5012225055555
HeadM401_DaysToHeading,Schohr,2024,121,13,29,1262.5573438249999,1199.8919782694445,1185.388888888889
HeadM401_DaysToHeading,Wylie,2016,112,13,29,1250.5472222222222,1109.1529965361112,1224.6666666666667
HeadM401_DaysToHeading,Wylie,2017,112,13,29,1324.8852777777777,1231.1420016138889,1244.9800560222222
HeadM401_DaysToHeading,Canal,2024,112,13,30,1352.8438888888888,1244.3284239666666,1279.6666666666667
HeadM401_DaysToHeading,ErdmanGallagher,2024,115,13,30,1133.3561111111112,1055.1366300722223,1126.3333333333333
HeadM401_DaysToHeading,LarrabeeSheppard,2024,85,13,30,1156.5847222222221,1095.4910788611112,977.2222222222222
HeadM401_DaysToHeading,Lauppe,2024,114,13,30,1296.1077777777778,1107.955076702778,861.5521497722223
HeadM401_DaysToHeading,Schohr,2016,110,13,30,1304.1044444444444,1302.5030002722222,1281.4166666666667
HeadM401_DaysToHeading,Schohr,2017,108,13,30,1381.256388888889,1364.3329996888888,1438.5012225055555
HeadM401_DaysToHeading,Schohr,2024,121,13,30,1307.952343825,1242.4576253944444,1228.0277777777778
HeadM401_DaysToHeading,Wylie,2016,112,13,30,1281.0552777777777,1149.6449971138888,1265.888888888889
HeadM401_DaysToHeading,Wylie,2017,112,13,30,1367.3494444444443,1276.2290015083333,1289.5356115777777
HeadM401_DaysToHeading,Canal,2024,112,13,31,1387.9544444444443,1282.5391220972222,1321.2777777777778
HeadM401_DaysToHeading,ErdmanGallagher,2024,115,13,31,1169.7969444444445,1089.8968792111111,1164.4166666666667
HeadM401_DaysToHeading,LarrabeeSheppard,2024,85,13,31,1186.0022222222221,1128.9647746166668,1007.7777777777778
HeadM401_DaysToHeading,Lauppe,2024,114,13,31,1336.3961111111112,1145.4689240555556,891.2743719944444
HeadM401_DaysToHeading,Schohr,2016,110,13,31,1330.7936111111112,1340.5334997305556,1320.388888888889
HeadM401_DaysToHeading,Schohr,2017,108,13,31,1424.0316666666668,1409.9209999888888,1486.1123336166665
HeadM401_DaysToHeading,Schohr,2024,121,13,31,1349.532343825,1282.207423211111,1267.9166666666667
HeadM401_DaysToHeading,Wylie,2016,112,13,31,1305.1358333333333,1188.0269961305555,1303.5555555555557
HeadM401_DaysToHeading,Wylie,2017,112,13,31,1402.6194444444445,1320.577501761111,1332.3133893555555
HeadM401_DaysToHeading,Canal,2024,112,13,32,1417.0925,1315.7799210444446,1357.361111111111
HeadM401_DaysToHeading,ErdmanGallagher,2024,115,13,32,1202.3222222222223,1122.1875257611111,1200.388888888889
HeadM401_DaysToHeading,LarrabeeSheppard,2024,85,13,32,1210.026111111111,1158.2832741805555,1036.5
HeadM401_DaysToHeading,Lauppe,2024,114,13,32,1371.6347222222223,1180.3299222083333,919.2188164388889
HeadM401_DaysToHeading,Schohr,2016,110,13,32,1352.2775,1373.3644991111112,1354.638888888889
HeadM401_DaysToHeading,Schohr,2017,108,13,32,1461.0352777777778,1454.295500263889,1533.1123336166665
HeadM401_DaysToHeading,Schohr,2024,121,13,32,1386.3334878305554,1317.7362709055556,1305
HeadM401_DaysToHeading,Wylie,2016,112,13,32,1323.2619444444445,1223.5649952805556,1336.8055555555557
HeadM401_DaysToHeading,Wylie,2017,112,13,32,1427.9175,1363.5860018583332,1371.1189449111112
HeadM401_DaysToHeading,Canal,2024,112,13,33,1439.6141666666667,1346.2340645666666,1390.5
HeadM401_DaysToHeading,ErdmanGallagher,2024,115,13,33,1230.6727777777778,1150.75617315,1234.5
HeadM401_DaysToHeading,LarrabeeSheppard,2024,85,13,33,1227.9588888888889,1185.7849736277778,1063.1666666666667
HeadM401_DaysToHeading,Lauppe,2024,114,13,33,1401.9077777777777,1211.7890706194444,945.07992755
HeadM401_DaysToHeading,Schohr,2016,110,13,33,1367.3644444444444,1400.5935011111112,1383.5
HeadM401_DaysToHeading,Schohr,2017,108,13,33,1489.4475,1496.8020024138889,1578.084555838889
HeadM401_DaysToHeading,Schohr,2024,121,13,33,1416.700253375,1349.8531169944445,1340.75
HeadM401_DaysToHeading,Wylie,2016,112,13,33,1336.3033333333333,1255.363996975,1364.6666666666667
HeadM401_DaysToHeading,Wylie,2017,112,13,33,1443.2091666666668,1403.7950033972222,1404.4800560222222
HeadM401_DaysToHeading,Canal,2024,112,13,34,1458.0191666666667,1371.934011925,1417.5833333333333
HeadM401_DaysToHeading,ErdmanGallagher,2024,115,13,34,1253.3533333333332,1177.1770715833334,1265.9166666666667
HeadM401_DaysToHeading,LarrabeeSheppard,2024,85,13,34,1242.7144444444446,1210.3283734361112,1086.888888888889
HeadM401_DaysToHeading,Lauppe,2024,114,13,34,1425.6780555555556,1240.7999196222222,969.57992755
HeadM401_DaysToHeading,Schohr,2016,110,13,34,1377.9352777777779,1423.0345010972221,1407.5277777777778
HeadM401_DaysToHeading,Schohr,2017,108,13,34,1511.648888888889,1535.9255013305556,1620.7790002833333
HeadM401_DaysToHeading,Schohr,2024,121,13,34,1441.9835867083334,1377.6157131222221,1372.7222222222222
HeadM401_DaysToHeading,Wylie,2016,112,13,34,1344.8522222222223,1281.9224991722222,1388.2222222222222
HeadM401_DaysToHeading,Wylie,2017,112,13,34,1454.6399999999999,1440.4005045694444,1428.0633893555555
HeadM401_DaysToHeading,Canal,2024,112,13,35,1471.1083333333333,1392.7250103833333,1438.361111111111
HeadM401_DaysToHeading,ErdmanGallagher,2024,115,13,35,1271.8341666666668,1198.5287180083333,1294.9444444444446
HeadM401_DaysToHeading,LarrabeeSheppard,2024,85,13,35,1253.413611111111,1232.110317711111,1107.5555555555557
HeadM401_DaysToHeading,Lauppe,2024,114,13,35,1444.3505555555555,1266.3263154222223,990.7188164388889
HeadM401_DaysToHeading,Schohr,2016,110,13,35,1384.3761111111112,1440.8225012055555,1429.3055555555557
HeadM401_DaysToHeading,Schohr,2017,108,13,35,1526.2919444444444,1568.5029969027778,1661.1410553194444
HeadM401_DaysToHeading,Schohr,2024,121,13,35,1460.973864486111,1402.1023578666666,1401.8333333333333
HeadM401_DaysToHeading,Wylie,2016,112,13,35,1347.7744444444445,1303.7954964527778,1410
HeadM401_DaysToHeading,Wylie,2017,112,13,35,1461.8502777777778,1472.0130019,1445.396722688889
HeadM401_DaysToHeading,Canal,2024,112,13,36,1478.5008333333333,1408.25225495,1452.7777777777778
HeadM401_DaysToHeading,ErdmanGallagher,2024,115,13,36,1285.0405555555556,1215.157664313889,1318.888888888889
HeadM401_DaysToHeading,LarrabeeSheppard,2024,85,13,36,1261.5611111111111,1249.4221158055557,1124.3333333333333
HeadM401_DaysToHeading,Lauppe,2024,114,13,36,1458.2066666666667,1287.6242108555555,1008.0243719944444
HeadM401_DaysToHeading,Schohr,2016,110,13,36,1387.7794444444444,1454.05649855,1445.4722222222222
HeadM401_DaysToHeading,Schohr,2017,108,13,36,1535.901388888889,1592.5649971777777,1700.3910553194444
HeadM401_DaysToHeading,Schohr,2024,121,13,36,1476.336642263889,1421.5076046,1426.388888888889
HeadM401_DaysToHeading,Wylie,2016,112,13,36,1348.6566666666665,1322.7094979194444,1426.1666666666667
HeadM401_DaysToHeading,Wylie,2017,112,13,36,1467.016388888889,1496.4810023083332,1459.2022782444444
HeadM401_DaysToHeading,Canal,2024,112,13,37,1484.66,1419.0555519972222,1464.4722222222222
HeadM401_DaysToHeading,ErdmanGallagher,2024,115,13,37,1294.08,1226.7060632861112,1339.5555555555557
HeadM401_DaysToHeading,LarrabeeSheppard,2024,85,13,37,1268.3625,1262.1228089333333,1137.4722222222222
HeadM401_DaysToHeading,Lauppe,2024,114,13,37,1467.3969444444444,1304.4666562305556,1021.3021497722223
HeadM401_DaysToHeading,Schohr,2016,110,13,37,1388.8725,1461.5159979083332,1456.3055555555557
HeadM401_DaysToHeading,Schohr,2017,108,13,37,1540.8452777777777,1611.421499711111,1737.4188330972222
HeadM401_DaysToHeading,Schohr,2024,121,13,37,1487.5844200416666,1435.4269447361112,1445.861111111111
HeadM401_DaysToHeading,Wylie,2016,112,13,37,1348.6891666666666,1338.1124958916666,1437
HeadM401_DaysToHeading,Wylie,2017,112,13,37,1470.0733333333333,1515.1450075916666,1469.4800560222222
HeadM401_DaysToHeading,Canal,2024,112,13,38,1487.921111111111,1427.7325997305556,1472.138888888889
HeadM401_DaysToHeading,ErdmanGallagher,2024,115,13,38,1299.881388888889,1233.6160574194444,1354.75
HeadM401_DaysToHeading,LarrabeeSheppard,2024,85,13,38,1272.8177777777778,1271.548306,1146.111111111111
HeadM401_DaysToHeading,Lauppe,2024,114,13,38,1473.9133333333334,1317.0656476222223,1030.8021497722223
HeadM401_DaysToHeading,Schohr,2016,110,13,38,1389.3725,1465.7194967416667,1463.25
HeadM401_DaysToHeading,Schohr,2017,108,13,38,1543.8622222222223,1625.7184967805556,1771.196610875
HeadM401_DaysToHeading,Schohr,2024,121,13,38,1494.7669200416667,1444.6559429194444,1460.5555555555557
HeadM401_DaysToHeading,Wylie,2016,112,13,38,1348.6891666666666,1349.1759972472223,1443.9444444444443
HeadM401_DaysToHeading,Wylie,2017,112,13,38,1471.6019444444444,1528.3385081111112,1475.7300560222222
HeadM401_DaysToHeading,Canal,2024,112,13,39,1490.3991666666666,1432.9893460083333,1477.6944444444443
HeadM401_DaysToHeading,ErdmanGallagher,2024,115,13,39,1303.5202777777777,1237.5558558083333,1364.3055555555557
HeadM401_DaysToHeading,LarrabeeSheppard,2024,85,13,39,1275.0052777777778,1277.855604638889,1152.2222222222222
HeadM401_DaysToHeading,Lauppe,2024,114,13,39,1477.9677777777777,1324.6582952055555,1036.3577053277777
HeadM401_DaysToHeading,Schohr,2016,110,13,39,1389.5269444444446,1467.0454969638888,1467.8333333333333
HeadM401_DaysToHeading,Schohr,2017,108,13,39,1545.7402777777777,1634.912998697222,1800.3077219861111
HeadM401_DaysToHeading,Schohr,2024,121,13,39,1498.201364486111,1451.7233905861112,1471.111111111111
HeadM401_DaysToHeading,Wylie,2016,112,13,39,1348.6891666666666,1354.9469952472223,1448.5277777777778
HeadM401_DaysToHeading,Wylie,2017,112,13,39,1472.0513888888888,1537.6515078333334,1480.646722688889
HeadM401_DaysToHeading,Canal,2024,112,13,40,1491.506111111111,1436.2102932583334,1481.611111111111
HeadM401_DaysToHeading,ErdmanGallagher,2024,115,13,40,1304.927222222222,1238.7159052527777,1370.8333333333333
HeadM401_DaysToHeading,LarrabeeSheppard,2024,85,13,40,1276.3627777777779,1282.0675530277779,1156.888888888889
HeadM401_DaysToHeading,Lauppe,2024,114,13,40,1480.3141666666666,1330.211992788889,1039.32992755
HeadM401_DaysToHeading,Schohr,2016,110,13,40,1389.5269444444446,1467.5454969638888,1470.111111111111
HeadM401_DaysToHeading,Schohr,2017,108,13,40,1546.0761111111112,1642.0350003361111,1824.9188330972222
HeadM401_DaysToHeading,Schohr,2024,121,13,40,1499.303864486111,1456.3194885583334,1478.9444444444446
HeadM401_DaysToHeading,Wylie,2016,112,13,40,1348.6891666666666,1358.6154942194446,1450.8055555555557
HeadM401_DaysToHeading,Wylie,2017,112,13,40,1472.0513888888888,1544.8055071666668,1484.5911671333333
HeadM401_DaysToHeading,Canal,2024,112,14,25,1036.9986111111111,887.5207815111111,878.75
HeadM401_DaysToHeading,ErdmanGallagher,2024,115,14,25,762.9352777777777,666.7830381527777,770.4166666666666
HeadM401_DaysToHeading,LarrabeeSheppard,2024,85,14,25,923.7455555555556,815.9228830416666,669.1666666666666
HeadM401_DaysToHeading,Lauppe,2024,114,14,25,914.8613888888889,766.0497331638888,522.6354831055555
HeadM401_DaysToHeading,Schohr,2016,110,14,25,992.7497222222222,970.2274999638889,966.1388888888889
HeadM401_DaysToHeading,Schohr,2017,108,14,25,1123.5558333333333,1114.2065000388889,1164.7512225055555
HeadM401_DaysToHeading,Schohr,2024,121,14,25,918.1457329694445,890.3284826305555,858.8333333333334
HeadM401_DaysToHeading,Wylie,2016,112,14,25,963.4627777777778,810.2874975111112,970.1388888888889
HeadM401_DaysToHeading,Wylie,2017,112,14,25,1099.6044444444444,1009.7565021361111,1010.7022782444444
HeadM401_DaysToHeading,Canal,2024,112,14,26,1082.4986111111111,927.0207815111111,917.75
HeadM401_DaysToHeading,ErdmanGallagher,2024,115,14,26,796.9352777777777,697.2830381527777,805.6111111111111
HeadM401_DaysToHeading,LarrabeeSheppard,2024,85,14,26,963.7455555555556,851.9228830416666,699.1666666666666
HeadM401_DaysToHeading,Lauppe,2024,114,14,26,956.2819444444444,801.5497331638888,547.1354831055555
HeadM401_DaysToHeading,Schohr,2016,110,14,26,1036.8547222222223,1013.6525001555556,1009.8055555555555
HeadM401_DaysToHeading,Schohr,2017,108,14,26,1172.976388888889,1162.7065000388889,1213.2512225055555
HeadM401_DaysToHeading,Schohr,2024,121,14,26,958.8232329694445,930.3284826305555,897.3333333333334
HeadM401_DaysToHeading,Wylie,2016,112,14,26,1005.9563888888889,847.2874975111112,1013.3055555555555
HeadM401_DaysToHeading,Wylie,2017,112,14,26,1146.9883333333332,1054.256502136111,1056.0078338
HeadM401_DaysToHeading,Canal,2024,112,14,27,1127.895,966.2206315944444,956.6111111111111
HeadM401_DaysToHeading,ErdmanGallagher,2024,115,14,27,830.8441666666666,727.6035871638888,840.6111111111111
HeadM401_DaysToHeading,LarrabeeSheppard,2024,85,14,27,1003.0011111111111,887.9205827805556,729.1666666666666
HeadM401_DaysToHeading,Lauppe,2024,114,14,27,997.2819444444444,837.0497331638888,571.5243719944444
HeadM401_DaysToHeading,Schohr,2016,110,14,27,1080.733611111111,1056.6525001555556,1052.9722222222222
HeadM401_DaysToHeading,Schohr,2017,108,14,27,1221.4280555555556,1211.1739997722223,1261.7512225055555
HeadM401_DaysToHeading,Schohr,2024,121,14,27,999.3232329694445,970.1939821277778,935.8055555555555
HeadM401_DaysToHeading,Wylie,2016,112,14,27,1047.391111111111,884.2874975111112,1055.9722222222222
HeadM401_DaysToHeading,Wylie,2017,112,14,27,1193.701388888889,1098.5505018083334,1100.9800560222222
HeadM401_DaysToHeading,Canal,2024,112,14,28,1172.5233333333333,1004.8756313277778,995.0277777777777
HeadM401_DaysToHeading,ErdmanGallagher,2024,115,14,28,864.0705555555555,757.1035871638888,875.6111111111111
HeadM401_DaysToHeading,LarrabeeSheppard,2024,85,14,28,1041.8275,923.4205827805556,759.1666666666666
HeadM401_DaysToHeading,Lauppe,2024,114,14,28,1037.726111111111,872.4256324777778,595.5243719944444
HeadM401_DaysToHeading,Schohr,2016,110,14,28,1122.6091666666666,1099.6395006222222,1095.9722222222222
HeadM401_DaysToHeading,Schohr,2017,108,14,28,1269.3655555555556,1259.1169996111112,1309.834555838889
HeadM401_DaysToHeading,Schohr,2024,121,14,28,1039.611288525,1009.6939821277778,973.3333333333334
HeadM401_DaysToHeading,Wylie,2016,112,14,28,1085.691111111111,921.2874975111112,1098.4722222222222
HeadM401_DaysToHeading,Wylie,2017,112,14,28,1239.3980555555556,1142.159001336111,1145.4800560222222
HeadM401_DaysToHeading,Canal,2024,112,14,29,1214.783888888889,1043.073081011111,1033.0277777777778
HeadM401_DaysToHeading,ErdmanGallagher,2024,115,14,29,896.1441666666667,786.6035871638888,910.1388888888889
HeadM401_DaysToHeading,LarrabeeSheppard,2024,85,14,29,1079.3838888888888,958.53388215,788.75
HeadM401_DaysToHeading,Lauppe,2024,114,14,29,1077.4183333333333,907.3871316916667,619.4132608833334
HeadM401_DaysToHeading,Schohr,2016,110,14,29,1161.3433333333332,1141.144499786111,1137.8055555555557
HeadM401_DaysToHeading,Schohr,2017,108,14,29,1315.3383333333334,1306.6169996111112,1357.1678891722222
HeadM401_DaysToHeading,Schohr,2024,121,14,29,1079.111288525,1048.4635314972222,1010.3888888888889
HeadM401_DaysToHeading,Wylie,2016,112,14,29,1120.9241666666667,958.0209970388889,1139.8055555555557
HeadM401_DaysToHeading,Wylie,2017,112,14,29,1283.6505555555555,1185.659001336111,1189.6745004666666
HeadM401_DaysToHeading,Canal,2024,112,14,30,1252.8763888888889,1080.3896293555556,1070.5833333333333
HeadM401_DaysToHeading,ErdmanGallagher,2024,115,14,30,928.0516666666666,815.0869360111111,944.1944444444445
HeadM401_DaysToHeading,LarrabeeSheppard,2024,85,14,30,1113.2708333333333,992.6504306861111,817.7777777777778
HeadM401_DaysToHeading,Lauppe,2024,114,14,30,1115.4677777777779,941.4350309388889,642.5243719944444
HeadM401_DaysToHeading,Schohr,2016,110,14,30,1193.638888888889,1180.51500035,1177.4166666666667
HeadM401_DaysToHeading,Schohr,2017,108,14,30,1359.1983333333333,1353.752499563889,1404.1678891722222
HeadM401_DaysToHeading,Schohr,2024,121,14,30,1118.611288525,1085.5291786222222,1046.25
HeadM401_DaysToHeading,Wylie,2016,112,14,30,1150.3872222222221,993.7269973666666,1178.7777777777778
HeadM401_DaysToHeading,Wylie,2017,112,14,30,1325.5322222222221,1229.159001336111,1232.7300560222222
HeadM401_DaysToHeading,Canal,2024,112,14,31,1285.9791666666667,1114.1270284583334,1106.0555555555554
HeadM401_DaysToHeading,ErdmanGallagher,2024,115,14,31,958.8836111111111,842.1329355388889,976.6111111111111
HeadM401_DaysToHeading,LarrabeeSheppard,2024,85,14,31,1142.1883333333333,1023.7329769194445,845.2222222222222
HeadM401_DaysToHeading,Lauppe,2024,114,14,31,1150.8316666666667,975.0220298777778,664.7743719944444
HeadM401_DaysToHeading,Schohr,2016,110,14,31,1220.2066666666667,1216.9064998694444,1214.361111111111
HeadM401_DaysToHeading,Schohr,2017,108,14,31,1401.473611111111,1399.340499863889,1450.7790002833333
HeadM401_DaysToHeading,Schohr,2024,121,14,31,1155.6246218583333,1119.9354772555555,1079.888888888889
HeadM401_DaysToHeading,Wylie,2016,112,14,31,1173.6697222222222,1028.8679971611111,1215.1944444444443
HeadM401_DaysToHeading,Wylie,2017,112,14,31,1360.302222222222,1272.065001475,1274.3411671333333
HeadM401_DaysToHeading,Canal,2024,112,14,32,1313.8241666666668,1145.262328138889,1138.388888888889
HeadM401_DaysToHeading,ErdmanGallagher,2024,115,14,32,986.6433333333333,868.5692339083333,1008.5833333333334
HeadM401_DaysToHeading,LarrabeeSheppard,2024,85,14,32,1166.1608333333334,1051.9827766472222,871.9444444444445
HeadM401_DaysToHeading,Lauppe,2024,114,14,32,1182.2055555555555,1007.5950288777777,685.9688164388889
HeadM401_DaysToHeading,Schohr,2016,110,14,32,1241.6905555555556,1248.491999638889,1247.4444444444443
HeadM401_DaysToHeading,Schohr,2017,108,14,32,1437.9772222222223,1443.7150001388889,1496.7790002833333
HeadM401_DaysToHeading,Schohr,2024,121,14,32,1188.5990663027778,1152.0947761527777,1112
HeadM401_DaysToHeading,Wylie,2016,112,14,32,1191.2958333333333,1062.2704963583333,1247.7777777777778
HeadM401_DaysToHeading,Wylie,2017,112,14,32,1385.2816666666668,1314.0735015722223,1312.5911671333333
HeadM401_DaysToHeading,Canal,2024,112,14,33,1335.4872222222223,1174.4100732694444,1168.111111111111
HeadM401_DaysToHeading,ErdmanGallagher,2024,115,14,33,1011.0969444444445,893.2191820305555,1039.388888888889
HeadM401_DaysToHeading,LarrabeeSheppard,2024,85,14,33,1184.0936111111112,1078.64917565,897.2777777777778
HeadM401_DaysToHeading,Lauppe,2024,114,14,33,1210.275,1037.1209268611112,706.1354831055555
HeadM401_DaysToHeading,Schohr,2016,110,14,33,1256.7775,1274.9505014555555,1275.3055555555557
HeadM401_DaysToHeading,Schohr,2017,108,14,33,1466.1858333333334,1486.2215022888888,1540.7512225055555
HeadM401_DaysToHeading,Schohr,2024,121,14,33,1216.4552762916667,1181.852022175,1143.25
HeadM401_DaysToHeading,Wylie,2016,112,14,33,1204.1336111111111,1093.2514972583333,1275.138888888889
HeadM401_DaysToHeading,Wylie,2017,112,14,33,1400.5733333333333,1353.927001936111,1345.4522782444444
HeadM401_DaysToHeading,Canal,2024,112,14,34,1353.3922222222222,1199.6100206277779,1193
HeadM401_DaysToHeading,ErdmanGallagher,2024,115,14,34,1031.2505555555556,916.4259805805556,1068.5833333333333
HeadM401_DaysToHeading,LarrabeeSheppard,2024,85,14,34,1198.8491666666666,1102.6925754583333,920
HeadM401_DaysToHeading,Lauppe,2024,114,14,34,1232.4927777777777,1064.921875961111,725.1354831055555
HeadM401_DaysToHeading,Schohr,2016,110,14,34,1267.3483333333334,1296.8915014416666,1298.8333333333333
HeadM401_DaysToHeading,Schohr,2017,108,14,34,1488.3872222222221,1525.3450012055555,1582.44566695
HeadM401_DaysToHeading,Schohr,2024,121,14,34,1239.9258318472223,1207.6563682583333,1170.7222222222222
HeadM401_DaysToHeading,Wylie,2016,112,14,34,1212.6825,1119.5184993638888,1298.1944444444443
HeadM401_DaysToHeading,Wylie,2017,112,14,34,1412.0041666666666,1390.5325031083332,1368.8133893555555
HeadM401_DaysToHeading,Canal,2024,112,14,35,1365.981388888889,1219.901019086111,1212.4444444444443
HeadM401_DaysToHeading,ErdmanGallagher,2024,115,14,35,1047.8302777777778,935.511828436111,1095.6666666666667
HeadM401_DaysToHeading,LarrabeeSheppard,2024,85,14,35,1209.5483333333334,1123.9745197333334,940.1666666666666
HeadM401_DaysToHeading,Lauppe,2024,114,14,35,1250.0413888888888,1089.6091222861112,741.1354831055555
HeadM401_DaysToHeading,Schohr,2016,110,14,35,1273.7891666666667,1314.523001686111,1320.111111111111
HeadM401_DaysToHeading,Schohr,2017,108,14,35,1503.0302777777779,1557.9224967777777,1622.3077219861111
HeadM401_DaysToHeading,Schohr,2024,121,14,35,1257.722498513889,1230.6430130027777,1195.4444444444443
HeadM401_DaysToHeading,Wylie,2016,112,14,35,1215.604722222222,1141.3914966444445,1319.4722222222222
HeadM401_DaysToHeading,Wylie,2017,112,14,35,1419.2144444444443,1422.145000438889,1386.146722688889
HeadM401_DaysToHeading,Canal,2024,112,14,36,1373.2427777777777,1235.1875638833333,1226.7777777777778
HeadM401_DaysToHeading,ErdmanGallagher,2024,115,14,36,1059.8341666666668,951.0843267583333,1118.5277777777778
HeadM401_DaysToHeading,LarrabeeSheppard,2024,85,14,36,1217.6958333333332,1140.7863178277778,956.4444444444445
HeadM401_DaysToHeading,Lauppe,2024,114,14,36,1263.4988888888888,1110.4070177194444,754.6077053277778
HeadM401_DaysToHeading,Schohr,2016,110,14,36,1277.1925,1327.7569990305556,1335.9444444444443
HeadM401_DaysToHeading,Schohr,2017,108,14,36,1512.6397222222222,1581.9844970527777,1661.0577219861111
HeadM401_DaysToHeading,Schohr,2024,121,14,36,1272.2408318472221,1248.548259736111,1216.9166666666667
HeadM401_DaysToHeading,Wylie,2016,112,14,36,1216.4869444444444,1160.305498111111,1335.3055555555557
HeadM401_DaysToHeading,Wylie,2017,112,14,36,1424.3805555555555,1446.6130008472223,1399.9522782444444
HeadM401_DaysToHeading,Canal,2024,112,14,37,1379.4019444444443,1245.9908609305555,1238.4722222222222
HeadM401_DaysToHeading,ErdmanGallagher,2024,115,14,37,1068.3736111111111,962.1327257305555,1138.9166666666667
HeadM401_DaysToHeading,LarrabeeSheppard,2024,85,14,37,1224.4972222222223,1153.4039115916667,969.2222222222222
HeadM401_DaysToHeading,Lauppe,2024,114,14,37,1272.6891666666666,1126.7494630944445,764.8854831055555
HeadM401_DaysToHeading,Schohr,2016,110,14,37,1278.2855555555557,1335.2164983888888,1346.7777777777778
HeadM401_DaysToHeading,Schohr,2017,108,14,37,1517.5836111111112,1600.8409995861111,1697.585499763889
HeadM401_DaysToHeading,Schohr,2024,121,14,37,1283.2666651805555,1262.1939506555557,1234.638888888889
HeadM401_DaysToHeading,Wylie,2016,112,14,37,1216.5194444444444,1175.7084960833333,1346.138888888889
HeadM401_DaysToHeading,Wylie,2017,112,14,37,1427.4375,1465.2770061305555,1410.2300560222222
HeadM401_DaysToHeading,Canal,2024,112,14,38,1382.6630555555555,1254.667908663889,1246.138888888889
HeadM401_DaysToHeading,ErdmanGallagher,2024,115,14,38,1073.675,969.0337209916667,1154.111111111111
HeadM401_DaysToHeading,LarrabeeSheppard,2024,85,14,38,1228.9525,1162.8294086583333,977.8611111111111
HeadM401_DaysToHeading,Lauppe,2024,114,14,38,1279.2055555555555,1139.3101053333332,772.3854831055555
HeadM401_DaysToHeading,Schohr,2016,110,14,38,1278.7855555555557,1339.4199972222223,1353.7222222222222
HeadM401_DaysToHeading,Schohr,2017,108,14,38,1520.6005555555555,1615.1379966555555,1730.8632775416665
HeadM401_DaysToHeading,Schohr,2024,121,14,38,1290.4491651805556,1271.422948838889,1248.3333333333333
HeadM401_DaysToHeading,Wylie,2016,112,14,38,1216.5194444444444,1186.771997438889,1353.0833333333333
HeadM401_DaysToHeading,Wylie,2017,112,14,38,1428.966111111111,1478.47050665,1416.4800560222222
HeadM401_DaysToHeading,Canal,2024,112,14,39,1385.141111111111,1259.9246549416666,1251.6944444444443
HeadM401_DaysToHeading,ErdmanGallagher,2024,115,14,39,1077.2425,972.9735193805556,1163.6666666666667
HeadM401_DaysToHeading,LarrabeeSheppard,2024,85,14,39,1231.14,1169.1367072972223,983.9722222222222
HeadM401_DaysToHeading,Lauppe,2024,114,14,39,1283.26,1146.9027529166667,776.9965942166666
HeadM401_DaysToHeading,Schohr,2016,110,14,39,1278.94,1340.7459974444444,1358.3055555555557
HeadM401_DaysToHeading,Schohr,2017,108,14,39,1522.4786111111111,1624.3324985722222,1759.4743886527779
HeadM401_DaysToHeading,Schohr,2024,121,14,39,1293.883609625,1278.4903965055555,1258.388888888889
HeadM401_DaysToHeading,Wylie,2016,112,14,39,1216.5194444444444,1192.542995438889,1357.6666666666667
HeadM401_DaysToHeading,Wylie,2017,112,14,39,1429.4155555555556,1487.7835063722223,1421.396722688889
HeadM401_DaysToHeading,Canal,2024,112,14,40,1386.2480555555555,1263.1456021916667,1255.611111111111
HeadM401_DaysToHeading,ErdmanGallagher,2024,115,14,40,1078.6494444444445,974.133568825,1170.1944444444446
HeadM401_DaysToHeading,LarrabeeSheppard,2024,85,14,40,1232.4975,1173.348655686111,988.6388888888889
HeadM401_DaysToHeading,Lauppe,2024,114,14,40,1285.606388888889,1152.4564505,779.57992755
HeadM401_DaysToHeading,Schohr,2016,110,14,40,1278.94,1341.2459974444444,1360.5833333333333
HeadM401_DaysToHeading,Schohr,2017,108,14,40,1522.8144444444445,1631.454500211111,1783.7521664305555
HeadM401_DaysToHeading,Schohr,2024,121,14,40,1294.986109625,1283.0864944777777,1266.2222222222222
HeadM401_DaysToHeading,Wylie,2016,112,14,40,1216.5194444444444,1196.211494411111,1359.9444444444443
HeadM401_DaysToHeading,Wylie,2017,112,14,40,1429.4155555555556,1494.9375057055556,1425.3411671333333
HeadM401_DaysToHeading,Canal,2024,112,15,25,843.5838888888889,750.6424336388889,741.2777777777778
HeadM401_DaysToHeading,ErdmanGallagher,2024,115,15,25,627.9313888888889,501.7188420388889,653.8888888888889
HeadM401_DaysToHeading,LarrabeeSheppard,2024,85,15,25,845.3780555555555,728.4126348583334,610.1388888888889
HeadM401_DaysToHeading,Lauppe,2024,114,15,25,709.9269444444444,542.3852376944444,416.74659421666667
HeadM401_DaysToHeading,Schohr,2016,110,15,25,790.6086111111111,766.6889991777778,781.0277777777778
HeadM401_DaysToHeading,Schohr,2017,108,15,25,1017.2,1005.8755001916667,1096.3623336166665
HeadM401_DaysToHeading,Schohr,2024,121,15,25,761.8532329694444,715.0593357166667,693.9444444444445
HeadM401_DaysToHeading,Wylie,2016,112,15,25,824.36,620.8694972888889,769.9166666666666
HeadM401_DaysToHeading,Wylie,2017,112,15,25,1060.6786111111112,912.2565021388889,883.8967226888889
HeadM401_DaysToHeading,Canal,2024,112,15,26,879.5838888888889,783.1424336388889,773.2777777777778
HeadM401_DaysToHeading,ErdmanGallagher,2024,115,15,26,655.4313888888889,523.7188420388889,683.3888888888889
HeadM401_DaysToHeading,LarrabeeSheppard,2024,85,15,26,881.3780555555555,759.9126348583334,637.1388888888889
HeadM401_DaysToHeading,Lauppe,2024,114,15,26,740.9269444444444,566.3852376944444,435.74659421666667
HeadM401_DaysToHeading,Schohr,2016,110,15,26,826.1086111111111,800.6889991777778,816.0277777777778
HeadM401_DaysToHeading,Schohr,2017,108,15,26,1061.2,1048.8755001916666,1141.3623336166665
HeadM401_DaysToHeading,Schohr,2024,121,15,26,794.8532329694444,746.0593357166667,723.9444444444445
HeadM401_DaysToHeading,Wylie,2016,112,15,26,861.36,648.8694972888889,804.4166666666666
HeadM401_DaysToHeading,Wylie,2017,112,15,26,1106.0625,951.7565021388889,922.8967226888889
HeadM401_DaysToHeading,Canal,2024,112,15,27,915.4802777777778,815.3422837222222,805.1388888888889
HeadM401_DaysToHeading,ErdmanGallagher,2024,115,15,27,682.9313888888889,545.6989417166667,712.8888888888889
HeadM401_DaysToHeading,LarrabeeSheppard,2024,85,15,27,916.9936111111111,791.4126348583334,664.1388888888889
HeadM401_DaysToHeading,Lauppe,2024,114,15,27,771.9269444444444,590.3852376944444,454.74659421666667
HeadM401_DaysToHeading,Schohr,2016,110,15,27,861.4875000000001,834.6889991777778,851.0277777777778
HeadM401_DaysToHeading,Schohr,2017,108,15,27,1105.2,1091.8755001916666,1186.3623336166665
HeadM401_DaysToHeading,Schohr,2024,121,15,27,827.8532329694444,777.0593357166667,753.9166666666666
HeadM401_DaysToHeading,Wylie,2016,112,15,27,897.8911111111111,676.8694972888889,838.9166666666666
HeadM401_DaysToHeading,Wylie,2017,112,15,27,1150.7755555555555,991.2565021388889,961.8967226888889
HeadM401_DaysToHeading,Canal,2024,112,15,28,950.9802777777778,846.9972834555556,836.6388888888889
HeadM401_DaysToHeading,ErdmanGallagher,2024,115,15,28,710.2452777777778,567.1989417166667,742.3888888888889
HeadM401_DaysToHeading,LarrabeeSheppard,2024,85,15,28,952.4936111111111,822.9126348583334,691.1388888888889
HeadM401_DaysToHeading,Lauppe,2024,114,15,28,802.3711111111111,614.3852376944444,473.74659421666667
HeadM401_DaysToHeading,Schohr,2016,110,15,28,895.1730555555556,868.6889991777778,886.0277777777778
HeadM401_DaysToHeading,Schohr,2017,108,15,28,1149.2,1134.8755001916666,1231.3623336166665
HeadM401_DaysToHeading,Schohr,2024,121,15,28,860.6412885249999,808.0593357166667,783.4166666666666
HeadM401_DaysToHeading,Wylie,2016,112,15,28,932.5869444444444,704.8694972888889,873.4166666666666
HeadM401_DaysToHeading,Wylie,2017,112,15,28,1194.9286111111112,1030.756502138889,1000.8967226888889
HeadM401_DaysToHeading,Canal,2024,112,15,29,986.0386111111111,878.1947331388889,868.1388888888889
HeadM401_DaysToHeading,ErdmanGallagher,2024,115,15,29,736.8188888888889,588.6989417166667,771.4166666666666
HeadM401_DaysToHeading,LarrabeeSheppard,2024,85,15,29,987.2911111111111,854.0259342277777,717.7222222222222
HeadM401_DaysToHeading,Lauppe,2024,114,15,29,832.0633333333334,638.3467369083334,492.6354831055555
HeadM401_DaysToHeading,Schohr,2016,110,15,29,927.6405555555556,902.6889991777778,920.2222222222222
HeadM401_DaysToHeading,Schohr,2017,108,15,29,1192.161388888889,1177.8755001916666,1276.19566695
HeadM401_DaysToHeading,Schohr,2024,121,15,29,892.6412885249999,838.7213850111111,812.7222222222222
HeadM401_DaysToHeading,Wylie,2016,112,15,29,965.4002777777778,732.8694972888889,907.1111111111111
HeadM401_DaysToHeading,Wylie,2017,112,15,29,1238.1505555555555,1070.256502138889,1039.646722688889
HeadM401_DaysToHeading,Canal,2024,112,15,30,1018.9061111111112,909.0682330083333,899.1944444444445
HeadM401_DaysToHeading,ErdmanGallagher,2024,115,15,30,763.2263888888889,609.7271914583333,800.1944444444445
HeadM401_DaysToHeading,LarrabeeSheppard,2024,85,15,30,1018.8455555555555,884.7763834083333,743.75
HeadM401_DaysToHeading,Lauppe,2024,114,15,30,860.4733333333334,661.3946361555555,510.85770532777775
HeadM401_DaysToHeading,Schohr,2016,110,15,30,957.3286111111112,936.0779991166667,953.25
HeadM401_DaysToHeading,Schohr,2017,108,15,30,1233.0213888888889,1220.5479998472222,1320.69566695
HeadM401_DaysToHeading,Schohr,2024,121,15,30,924.6412885249999,868.7482338027778,841.3333333333334
HeadM401_DaysToHeading,Wylie,2016,112,15,30,993.8783333333333,760.8694972888889,939.5
HeadM401_DaysToHeading,Wylie,2017,112,15,30,1279.9122222222222,1109.756502138889,1077.7300560222222
HeadM401_DaysToHeading,Canal,2024,112,15,31,1048.0088888888888,938.8841328555555,929.1111111111111
HeadM401_DaysToHeading,ErdmanGallagher,2024,115,15,31,789.0119444444445,630.4465413194445,828.0833333333334
HeadM401_DaysToHeading,LarrabeeSheppard,2024,85,15,31,1045.7630555555556,913.8841314388889,768.2777777777778
HeadM401_DaysToHeading,Lauppe,2024,114,15,31,887.2033333333334,684.3946361555555,528.8577053277778
HeadM401_DaysToHeading,Schohr,2016,110,15,31,982.8758333333334,968.8539991388889,984.8333333333334
HeadM401_DaysToHeading,Schohr,2017,108,15,31,1272.2966666666666,1262.6084999944444,1365.0012225055555
HeadM401_DaysToHeading,Schohr,2024,121,15,31,955.7326774138888,897.6712837277778,869.3333333333334
HeadM401_DaysToHeading,Wylie,2016,112,15,31,1016.6608333333334,788.5329971222222,970.5555555555555
HeadM401_DaysToHeading,Wylie,2017,112,15,31,1314.6822222222222,1149.256502138889,1114.8411671333333
HeadM401_DaysToHeading,Canal,2024,112,15,32,1072.2669444444443,967.6230826305556,957.1666666666666
HeadM401_DaysToHeading,ErdmanGallagher,2024,115,15,32,813.3819444444445,650.9217400638889,855.5555555555555
HeadM401_DaysToHeading,LarrabeeSheppard,2024,85,15,32,1068.61,941.5328312,792.5
HeadM401_DaysToHeading,Lauppe,2024,114,15,32,911.8763888888889,707.3946361555555,546.8577053277778
HeadM401_DaysToHeading,Schohr,2016,110,15,32,1003.6047222222222,998.9314994861111,1014.0555555555555
HeadM401_DaysToHeading,Schohr,2017,108,15,32,1306.1727777777778,1303.7570004361112,1409.0012225055555
HeadM401_DaysToHeading,Schohr,2024,121,15,32,984.4676774138889,925.6657333444444,896.8333333333334
HeadM401_DaysToHeading,Wylie,2016,112,15,32,1034.0319444444444,816.0329971222222,999.2777777777778
HeadM401_DaysToHeading,Wylie,2017,112,15,32,1339.6616666666666,1188.4880018111112,1149.5078338
HeadM401_DaysToHeading,Canal,2024,112,15,33,1091.4194444444445,995.0583777333334,982.9722222222222
HeadM401_DaysToHeading,ErdmanGallagher,2024,115,15,33,835.8355555555556,670.1774888138889,881.8611111111111
HeadM401_DaysToHeading,LarrabeeSheppard,2024,85,15,33,1086.3908333333334,967.6992302027778,816
HeadM401_DaysToHeading,Lauppe,2024,114,15,33,934.3844444444444,729.8978862777778,564.4688164388889
HeadM401_DaysToHeading,Schohr,2016,110,15,33,1018.5397222222223,1024.8580017138888,1040.361111111111
HeadM401_DaysToHeading,Schohr,2017,108,15,33,1332.0358333333334,1343.9075016861111,1451.084555838889
HeadM401_DaysToHeading,Schohr,2024,121,15,33,1009.4938874027778,951.6218299972222,923.5833333333334
HeadM401_DaysToHeading,Wylie,2016,112,15,33,1046.8697222222222,842.6839980972222,1025.0833333333333
HeadM401_DaysToHeading,Wylie,2017,112,15,33,1354.9533333333334,1226.7840032444444,1179.9800560222222
HeadM401_DaysToHeading,Canal,2024,112,15,34,1107.1158333333333,1018.7583250916666,1005.3055555555555
HeadM401_DaysToHeading,ErdmanGallagher,2024,115,15,34,853.9891666666667,689.0793385583333,906.6944444444445
HeadM401_DaysToHeading,LarrabeeSheppard,2024,85,15,34,1101.1463888888889,991.2426300111111,837.7222222222222
HeadM401_DaysToHeading,Lauppe,2024,114,15,34,952.8238888888889,751.6330852555556,581.3854831055555
HeadM401_DaysToHeading,Schohr,2016,110,15,34,1029.1105555555555,1046.6785011361112,1062.888888888889
HeadM401_DaysToHeading,Schohr,2017,108,15,34,1352.5547222222222,1381.267000663889,1491.2790002833333
HeadM401_DaysToHeading,Schohr,2024,121,15,34,1030.4644429583334,974.7627773388889,946.9444444444445
HeadM401_DaysToHeading,Wylie,2016,112,15,34,1055.4186111111112,865.6149997611111,1047.138888888889
HeadM401_DaysToHeading,Wylie,2017,112,15,34,1366.3841666666667,1262.3895044166666,1201.3411671333333
HeadM401_DaysToHeading,Canal,2024,112,15,35,1118.5316666666668,1037.8435244472223,1023.25
HeadM401_DaysToHeading,ErdmanGallagher,2024,115,15,35,868.5844444444444,705.9631371583333,930.2777777777778
HeadM401_DaysToHeading,LarrabeeSheppard,2024,85,15,35,1111.8455555555556,1012.0245742861111,856.8888888888889
HeadM401_DaysToHeading,Lauppe,2024,114,15,35,967.8725000000001,771.065982825,595.82992755
HeadM401_DaysToHeading,Schohr,2016,110,15,35,1035.5513888888888,1064.3100013805556,1083.3055555555557
HeadM401_DaysToHeading,Schohr,2017,108,15,35,1366.2308333333333,1412.5214962805555,1530.2234447277779
HeadM401_DaysToHeading,Schohr,2024,121,15,35,1046.2419429583333,995.9879245861111,968.5
HeadM401_DaysToHeading,Wylie,2016,112,15,35,1058.3408333333334,885.8069991944444,1067.5555555555557
HeadM401_DaysToHeading,Wylie,2017,112,15,35,1373.5944444444444,1293.07400225,1217.1745004666666
HeadM401_DaysToHeading,Canal,2024,112,15,36,1125.2930555555556,1052.9240698694446,1036.5833333333333
HeadM401_DaysToHeading,ErdmanGallagher,2024,115,15,36,879.0883333333334,720.0623364527778,950.3333333333334
HeadM401_DaysToHeading,LarrabeeSheppard,2024,85,15,36,1119.9930555555557,1028.3363723805555,872.1666666666666
HeadM401_DaysToHeading,Lauppe,2024,114,15,36,979.5286111111111,788.5595798555555,608.2188164388889
HeadM401_DaysToHeading,Schohr,2016,110,15,36,1038.9547222222222,1077.543998725,1099.138888888889
HeadM401_DaysToHeading,Schohr,2017,108,15,36,1375.6827777777778,1435.8944973805555,1568.4734447277779
HeadM401_DaysToHeading,Schohr,2024,121,15,36,1059.4958318472222,1012.959472663889,988.3055555555555
HeadM401_DaysToHeading,Wylie,2016,112,15,36,1059.2230555555554,904.1819991944444,1083.388888888889
HeadM401_DaysToHeading,Wylie,2017,112,15,36,1378.7605555555556,1317.0805024916667,1229.9800560222222
HeadM401_DaysToHeading,Canal,2024,112,15,37,1130.9522222222222,1063.7273669166666,1047.75
HeadM401_DaysToHeading,ErdmanGallagher,2024,115,15,37,886.5694444444445,730.6796345805556,968.7222222222222
HeadM401_DaysToHeading,LarrabeeSheppard,2024,85,15,37,1126.7944444444445,1040.8978672055555,883.9444444444445
HeadM401_DaysToHeading,Lauppe,2024,114,15,37,987.6458333333334,803.8053264694445,617.57992755
HeadM401_DaysToHeading,Schohr,2016,110,15,37,1040.0477777777778,1085.0034980833334,1109.9722222222222
HeadM401_DaysToHeading,Schohr,2017,108,15,37,1380.6266666666668,1454.2509999138888,1604.5012225055555
HeadM401_DaysToHeading,Schohr,2024,121,15,37,1069.5216651805556,1026.1689148027779,1004.7222222222223
HeadM401_DaysToHeading,Wylie,2016,112,15,37,1059.2555555555555,919.5849971666667,1094.2222222222222
HeadM401_DaysToHeading,Wylie,2017,112,15,37,1381.8174999999999,1335.744507775,1239.2578338
HeadM401_DaysToHeading,Canal,2024,112,15,38,1134.0827777777777,1072.40441465,1055.4166666666667
HeadM401_DaysToHeading,ErdmanGallagher,2024,115,15,38,891.8708333333333,737.5806298416667,982.4166666666666
HeadM401_DaysToHeading,LarrabeeSheppard,2024,85,15,38,1131.2497222222223,1050.3233642722223,891.9722222222222
HeadM401_DaysToHeading,Lauppe,2024,114,15,38,993.9147222222223,815.9400692083333,624.57992755
HeadM401_DaysToHeading,Schohr,2016,110,15,38,1040.5477777777778,1089.2069969166666,1116.9166666666667
HeadM401_DaysToHeading,Schohr,2017,108,15,38,1383.643611111111,1468.2699971055556,1637.2790002833333
HeadM401_DaysToHeading,Schohr,2024,121,15,38,1075.9502762916666,1035.3979129861111,1018.0833333333334
HeadM401_DaysToHeading,Wylie,2016,112,15,38,1059.2555555555555,930.6484985222222,1101.1666666666667
HeadM401_DaysToHeading,Wylie,2017,112,15,38,1383.3461111111112,1348.9380082944444,1244.6189449111112
HeadM401_DaysToHeading,Canal,2024,112,15,39,1136.5608333333332,1077.6611609277777,1060.9722222222222
HeadM401_DaysToHeading,ErdmanGallagher,2024,115,15,39,895.4383333333333,741.5204282305556,991.4722222222223
HeadM401_DaysToHeading,LarrabeeSheppard,2024,85,15,39,1133.4372222222223,1056.6306629111111,898.0833333333334
HeadM401_DaysToHeading,Lauppe,2024,114,15,39,997.9691666666666,823.5327167916666,628.82992755
HeadM401_DaysToHeading,Schohr,2016,110,15,39,1040.7022222222222,1090.532997138889,1121.5
HeadM401_DaysToHeading,Schohr,2017,108,15,39,1385.5216666666668,1477.464499022222,1665.3901113944444
HeadM401_DaysToHeading,Schohr,2024,121,15,39,1079.1883318472221,1042.4653606527777,1028.138888888889
HeadM401_DaysToHeading,Wylie,2016,112,15,39,1059.2555555555555,936.4194965222223,1105.75
HeadM401_DaysToHeading,Wylie,2017,112,15,39,1383.7955555555554,1358.2510080166667,1249.0356115777777
HeadM401_DaysToHeading,Canal,2024,112,15,40,1137.6677777777777,1080.8821081777778,1064.888888888889
HeadM401_DaysToHeading,ErdmanGallagher,2024,115,15,40,896.8452777777778,742.680477675,997.7222222222223
HeadM401_DaysToHeading,LarrabeeSheppard,2024,85,15,40,1134.7947222222222,1060.8426113,902.75
HeadM401_DaysToHeading,Lauppe,2024,114,15,40,1000.3155555555555,829.086414375,631.4132608833334
HeadM401_DaysToHeading,Schohr,2016,110,15,40,1040.7022222222222,1091.032997138889,1123.7777777777778
HeadM401_DaysToHeading,Schohr,2017,108,15,40,1385.8575,1484.5865006611111,1689.1678891722222
HeadM401_DaysToHeading,Schohr,2024,121,15,40,1080.2908318472223,1047.0614586250001,1035.9722222222222
HeadM401_DaysToHeading,Wylie,2016,112,15,40,1059.2555555555555,940.0879954944445,1108.0277777777778
HeadM401_DaysToHeading,Wylie,2017,112,15,40,1383.7955555555554,1365.40500735,1252.5911671333333
HeadM401_DaysToHeading,Canal,2024,112,16,25,709.8686111111111,596.6184368111111,628.3333333333334
HeadM401_DaysToHeading,ErdmanGallagher,2024,115,16,25,484.39222222222224,409.08489323333333,460.19444444444446
HeadM401_DaysToHeading,LarrabeeSheppard,2024,85,16,25,733.1630555555555,605.6614875861111,477.27777777777777
HeadM401_DaysToHeading,Lauppe,2024,114,16,25,548.5166666666667,418.7255897555556,232.6910386611111
HeadM401_DaysToHeading,Schohr,2016,110,16,25,585.3741666666667,664.3469991694444,647.6666666666666
HeadM401_DaysToHeading,Schohr,2017,108,16,25,924.8261111111111,923.7140006916667,993.7512225055556
HeadM401_DaysToHeading,Schohr,2024,121,16,25,597.7719444444444,561.120139125,591.9166666666666
HeadM401_DaysToHeading,Wylie,2016,112,16,25,608.9063888888888,517.8879966611112,636.4444444444445
HeadM401_DaysToHeading,Wylie,2017,112,16,25,937.235,840.0250015138889,689.5078338000001
HeadM401_DaysToHeading,Canal,2024,112,16,26,739.3686111111111,621.6184368111111,654.8333333333334
HeadM401_DaysToHeading,ErdmanGallagher,2024,115,16,26,504.89222222222224,426.58489323333333,480.19444444444446
HeadM401_DaysToHeading,LarrabeeSheppard,2024,85,16,26,763.6630555555555,631.1614875861111,497.77777777777777
HeadM401_DaysToHeading,Lauppe,2024,114,16,26,572.0166666666667,436.7255897555556,242.6910386611111
HeadM401_DaysToHeading,Schohr,2016,110,16,26,610.8741666666667,693.3469991694444,676.1666666666666
HeadM401_DaysToHeading,Schohr,2017,108,16,26,964.3261111111111,962.7140006916667,1033.7512225055555
HeadM401_DaysToHeading,Schohr,2024,121,16,26,622.7719444444444,584.620139125,616.9166666666666
HeadM401_DaysToHeading,Wylie,2016,112,16,26,635.4063888888888,540.8879966611112,664.4444444444445
HeadM401_DaysToHeading,Wylie,2017,112,16,26,977.235,876.0250015138889,719.0078338000001
HeadM401_DaysToHeading,Canal,2024,112,16,27,768.8686111111111,646.3182868944444,681.1944444444445
HeadM401_DaysToHeading,ErdmanGallagher,2024,115,16,27,525.3922222222222,444.08489323333333,500.19444444444446
HeadM401_DaysToHeading,LarrabeeSheppard,2024,85,16,27,794.1630555555555,656.6614875861111,518.2777777777778
HeadM401_DaysToHeading,Lauppe,2024,114,16,27,595.5166666666667,454.7255897555556,252.6910386611111
HeadM401_DaysToHeading,Schohr,2016,110,16,27,636.3441666666666,722.3469991694444,704.6666666666666
HeadM401_DaysToHeading,Schohr,2017,108,16,27,1003.8261111111111,1001.7140006916667,1073.7512225055555
HeadM401_DaysToHeading,Schohr,2024,121,16,27,647.7719444444444,608.120139125,641.9166666666666
HeadM401_DaysToHeading,Wylie,2016,112,16,27,661.5038888888889,563.8879966611112,692.4444444444445
HeadM401_DaysToHeading,Wylie,2017,112,16,27,1016.9480555555556,912.0250015138889,748.5078338000001
HeadM401_DaysToHeading,Canal,2024,112,16,28,798.3686111111111,670.8182868944444,707.1944444444445
HeadM401_DaysToHeading,ErdmanGallagher,2024,115,16,28,545.8922222222222,461.58489323333333,520.1944444444445
HeadM401_DaysToHeading,LarrabeeSheppard,2024,85,16,28,824.6630555555555,682.1614875861111,538.7777777777778
HeadM401_DaysToHeading,Lauppe,2024,114,16,28,619.0166666666667,472.7255897555556,262.6910386611111
HeadM401_DaysToHeading,Schohr,2016,110,16,28,660.9122222222222,751.3469991694444,733.1666666666666
HeadM401_DaysToHeading,Schohr,2017,108,16,28,1043.3261111111112,1040.7140006916666,1113.7512225055555
HeadM401_DaysToHeading,Schohr,2024,121,16,28,672.7719444444444,631.620139125,666.9166666666666
HeadM401_DaysToHeading,Wylie,2016,112,16,28,686.855,586.8879966611112,720.4444444444445
HeadM401_DaysToHeading,Wylie,2017,112,16,28,1056.101111111111,948.0250015138889,778.0078338000001
HeadM401_DaysToHeading,Canal,2024,112,16,29,827.6058333333333,695.0157365777778,733.1944444444445
HeadM401_DaysToHeading,ErdmanGallagher,2024,115,16,29,566.3922222222222,479.08489323333333,540.1944444444445
HeadM401_DaysToHeading,LarrabeeSheppard,2024,85,16,29,854.8061111111111,707.2747869555556,558.8611111111111
HeadM401_DaysToHeading,Lauppe,2024,114,16,29,642.5166666666667,490.7255897555556,272.6910386611111
HeadM401_DaysToHeading,Schohr,2016,110,16,29,684.8311111111111,780.3469991694444,761.6666666666666
HeadM401_DaysToHeading,Schohr,2017,108,16,29,1081.7875000000001,1079.7140006916666,1153.7512225055555
HeadM401_DaysToHeading,Schohr,2024,121,16,29,697.7719444444444,654.7821884194444,691.7222222222222
HeadM401_DaysToHeading,Wylie,2016,112,16,29,711.7166666666667,609.8879966611112,748.4444444444445
HeadM401_DaysToHeading,Wylie,2017,112,16,29,1094.3230555555556,984.0250015138889,807.5078338000001
HeadM401_DaysToHeading,Canal,2024,112,16,30,855.1783333333333,719.0157365777778,758.8611111111111
HeadM401_DaysToHeading,ErdmanGallagher,2024,115,16,30,586.8922222222222,496.113142975,560.1944444444445
HeadM401_DaysToHeading,LarrabeeSheppard,2024,85,16,30,883.3180555555556,732.0252361361111,578.4444444444445
HeadM401_DaysToHeading,Lauppe,2024,114,16,30,665.6441666666667,508.7255897555556,282.6910386611111
HeadM401_DaysToHeading,Schohr,2016,110,16,30,707.6941666666667,808.9819993972222,789.9166666666666
HeadM401_DaysToHeading,Schohr,2017,108,16,30,1118.64,1118.7140006916666,1193.7512225055555
HeadM401_DaysToHeading,Schohr,2024,121,16,30,722.7719444444444,677.4207878138889,715.8333333333334
HeadM401_DaysToHeading,Wylie,2016,112,16,30,734.0997222222222,632.8879966611112,776.1944444444445
HeadM401_DaysToHeading,Wylie,2017,112,16,30,1131.6291666666666,1020.0250015138889,836.9245004666667
HeadM401_DaysToHeading,Canal,2024,112,16,31,880.34,743.0157365777778,784.0277777777777
HeadM401_DaysToHeading,ErdmanGallagher,2024,115,16,31,607.3547222222222,513.113142975,579.6944444444445
HeadM401_DaysToHeading,LarrabeeSheppard,2024,85,16,31,909.4469444444444,755.9053850222222,597.4444444444445
HeadM401_DaysToHeading,Lauppe,2024,114,16,31,687.3741666666667,526.7255897555556,292.6910386611111
HeadM401_DaysToHeading,Schohr,2016,110,16,31,728.1386111111111,837.4819993972222,817.25
HeadM401_DaysToHeading,Schohr,2017,108,16,31,1154.6983333333333,1157.2745008388888,1233.5567780611111
HeadM401_DaysToHeading,Schohr,2024,121,16,31,746.8633333333333,699.9207878138889,739.5277777777778
HeadM401_DaysToHeading,Wylie,2016,112,16,31,753.2608333333333,655.55149649444445,803.5
HeadM401_DaysToHeading,Wylie,2017,112,16,31,1163.8791666666666,1056.0250015138888,865.7300560222222
HeadM401_DaysToHeading,Canal,2024,112,16,32,902.5369444444444,766.749436375,808.5277777777777
HeadM401_DaysToHeading,ErdmanGallagher,2024,115,16,32,626.9186111111111,530.0883417194444,599.1666666666666
HeadM401_DaysToHeading,LarrabeeSheppard,2024,85,16,32,931.7938888888889,779.0540847833333,616.4444444444445
HeadM401_DaysToHeading,Lauppe,2024,114,16,32,707.4708333333333,544.7255897555556,302.6910386611111
HeadM401_DaysToHeading,Schohr,2016,110,16,32,745.4216666666666,864.2504997277778,842.4722222222222
HeadM401_DaysToHeading,Schohr,2017,108,16,32,1186.8194444444446,1195.001501075,1273.0567780611111
HeadM401_DaysToHeading,Schohr,2024,121,16,32,768.9833333333333,721.9981374777778,763.0277777777778
HeadM401_DaysToHeading,Wylie,2016,112,16,32,769.5030555555555,678.05149649444445,828.7222222222222
HeadM401_DaysToHeading,Wylie,2017,112,16,32,1187.131111111111,1091.756501186111,894.0633893555556
HeadM401_DaysToHeading,Canal,2024,112,16,33,920.4344444444445,789.6859350166667,832.1388888888889
HeadM401_DaysToHeading,ErdmanGallagher,2024,115,16,33,645.6841666666667,546.0883417194444,618.0833333333334
HeadM401_DaysToHeading,LarrabeeSheppard,2024,85,16,33,949.3197222222223,801.3153839166666,635.1944444444445
HeadM401_DaysToHeading,Lauppe,2024,114,16,33,725.9038888888889,562.7255897555556,312.6910386611111
HeadM401_DaysToHeading,Schohr,2016,110,16,33,758.6966666666667,887.7835006722222,865.25
HeadM401_DaysToHeading,Schohr,2017,108,16,33,1211.4919444444445,1232.3090019138888,1311.334555838889
HeadM401_DaysToHeading,Schohr,2024,121,16,33,788.1941666666667,742.6225862555556,786.1666666666666
HeadM401_DaysToHeading,Wylie,2016,112,16,33,781.3408333333333,700.3799972416667,851.5
HeadM401_DaysToHeading,Wylie,2017,112,16,33,1201.4227777777778,1126.8070020555556,919.8967226888889
HeadM401_DaysToHeading,Canal,2024,112,16,34,935.1308333333333,810.8482332194444,853.5833333333334
HeadM401_DaysToHeading,ErdmanGallagher,2024,115,16,34,660.8241666666667,562.0356912666666,636.5833333333334
HeadM401_DaysToHeading,LarrabeeSheppard,2024,85,16,34,964.0752777777777,822.7902336166667,653.3055555555555
HeadM401_DaysToHeading,Lauppe,2024,114,16,34,741.4694444444444,580.384790425,322.49659421666667
HeadM401_DaysToHeading,Schohr,2016,110,16,34,768.7669444444444,908.3759994527778,885.3055555555555
HeadM401_DaysToHeading,Schohr,2017,108,16,34,1231.0108333333333,1267.4745006472222,1348.0290002833333
HeadM401_DaysToHeading,Schohr,2024,121,16,34,804.8952777777778,762.5671854083333,807.0277777777778
HeadM401_DaysToHeading,Wylie,2016,112,16,34,789.1291666666666,720.1419982777778,871.5555555555555
HeadM401_DaysToHeading,Wylie,2017,112,16,34,1212.0536111111112,1159.7850026944445,939.1745004666667
HeadM401_DaysToHeading,Canal,2024,112,16,35,945.8822222222223,828.8665323222223,871.5277777777777
HeadM401_DaysToHeading,ErdmanGallagher,2024,115,16,35,672.8969444444444,576.7941904138888,654.7222222222222
HeadM401_DaysToHeading,LarrabeeSheppard,2024,85,16,35,974.7744444444444,842.1234302583333,669.6944444444445
HeadM401_DaysToHeading,Lauppe,2024,114,16,35,754.8380555555556,596.3176879944444,331.6354831055555
HeadM401_DaysToHeading,Schohr,2016,110,16,35,774.7077777777778,925.9479999555556,903.7222222222222
HeadM401_DaysToHeading,Schohr,2017,108,16,35,1243.6869444444444,1296.9224967833334,1383.7512225055555
HeadM401_DaysToHeading,Schohr,2024,121,16,35,818.0127777777777,781.4393339222222,826.8611111111111
HeadM401_DaysToHeading,Wylie,2016,112,16,35,791.5802777777777,738.9894981250001,889.9722222222222
HeadM401_DaysToHeading,Wylie,2017,112,16,35,1218.763888888889,1188.278002725,954.5078338
HeadM401_DaysToHeading,Canal,2024,112,16,36,952.6436111111111,843.2266778888888,884.8611111111111
HeadM401_DaysToHeading,ErdmanGallagher,2024,115,16,36,681.4525,589.7070398388889,670.5555555555555
HeadM401_DaysToHeading,LarrabeeSheppard,2024,85,16,36,982.9219444444444,858.4352283527778,683.7777777777777
HeadM401_DaysToHeading,Lauppe,2024,114,16,36,765.1630555555556,611.1413364472222,339.32992755
HeadM401_DaysToHeading,Schohr,2016,110,16,36,778.02,939.1819973,918.4166666666666
HeadM401_DaysToHeading,Schohr,2017,108,16,36,1252.703888888889,1319.0659980666667,1419.0012225055555
HeadM401_DaysToHeading,Schohr,2024,121,16,36,829.7155555555555,797.8908815416667,845.1666666666666
HeadM401_DaysToHeading,Wylie,2016,112,16,36,792.4625,756.4559974527778,904.6666666666666
HeadM401_DaysToHeading,Wylie,2017,112,16,36,1223.43,1211.9900026166667,967.1467226888889
HeadM401_DaysToHeading,Canal,2024,112,16,37,958.3027777777778,854.0299749361111,896.0277777777777
HeadM401_DaysToHeading,ErdmanGallagher,2024,115,16,37,687.8741666666666,599.7576379861111,685.1111111111111
HeadM401_DaysToHeading,LarrabeeSheppard,2024,85,16,37,989.7233333333334,870.9967231777778,695.0555555555555
HeadM401_DaysToHeading,Lauppe,2024,114,16,37,772.7208333333333,624.0574836805555,345.3854831055555
HeadM401_DaysToHeading,Schohr,2016,110,16,37,779.1130555555555,946.6414966583334,929.0833333333334
HeadM401_DaysToHeading,Schohr,2017,108,16,37,1257.6477777777777,1336.863500586111,1452.3623336166665
HeadM401_DaysToHeading,Schohr,2024,121,16,37,838.4788888888888,811.1003236805556,860.5277777777778
HeadM401_DaysToHeading,Wylie,2016,112,16,37,792.495,771.358995425,915.3333333333334
HeadM401_DaysToHeading,Wylie,2017,112,16,37,1226.4005555555555,1230.6540079000001,976.4245004666667
HeadM401_DaysToHeading,Canal,2024,112,16,38,961.4333333333333,862.7070226694444,903.6944444444445
HeadM401_DaysToHeading,ErdmanGallagher,2024,115,16,38,692.4630555555556,606.3586836,696.6944444444445
HeadM401_DaysToHeading,LarrabeeSheppard,2024,85,16,38,994.1786111111111,880.4222202444445,703.0833333333334
HeadM401_DaysToHeading,Lauppe,2024,114,16,38,778.4897222222222,634.3349781111111,349.8854831055556
HeadM401_DaysToHeading,Schohr,2016,110,16,38,779.6130555555555,950.8449954916666,936.0277777777778
HeadM401_DaysToHeading,Schohr,2017,108,16,38,1260.6647222222223,1350.3824977777776,1482.6401113944444
HeadM401_DaysToHeading,Schohr,2024,121,16,38,844.14,820.3293218638889,873.3888888888889
HeadM401_DaysToHeading,Wylie,2016,112,16,38,792.495,782.1839961861111,922.2777777777778
HeadM401_DaysToHeading,Wylie,2017,112,16,38,1227.9291666666666,1243.8475084194445,981.7856115777778
HeadM401_DaysToHeading,Canal,2024,112,16,39,963.9113888888888,867.9637689472222,909.25
HeadM401_DaysToHeading,ErdmanGallagher,2024,115,16,39,695.5305555555556,610.2984819888889,704.8055555555555
HeadM401_DaysToHeading,LarrabeeSheppard,2024,85,16,39,996.3661111111111,886.7295188833333,709.1944444444445
HeadM401_DaysToHeading,Lauppe,2024,114,16,39,782.5005555555556,641.6029262777778,351.6910386611111
HeadM401_DaysToHeading,Schohr,2016,110,16,39,779.7675,952.1709957138889,940.6111111111111
HeadM401_DaysToHeading,Schohr,2017,108,16,39,1262.542777777778,1359.5639991944445,1508.2512225055555
HeadM401_DaysToHeading,Schohr,2024,121,16,39,847.2236111111112,827.3967695305556,882.9444444444445
HeadM401_DaysToHeading,Wylie,2016,112,16,39,792.495,787.9549941861111,926.8611111111111
HeadM401_DaysToHeading,Wylie,2017,112,16,39,1228.378611111111,1253.1605081416667,986.2022782444444
HeadM401_DaysToHeading,Canal,2024,112,16,40,965.0183333333333,871.1847161972222,913.1666666666666
HeadM401_DaysToHeading,ErdmanGallagher,2024,115,16,40,696.835,611.4585314333333,710.7777777777778
HeadM401_DaysToHeading,LarrabeeSheppard,2024,85,16,40,997.7236111111112,890.9414672722222,713.8611111111111
HeadM401_DaysToHeading,Lauppe,2024,114,16,40,784.8469444444445,647.1566238611111,352.77437199444444
HeadM401_DaysToHeading,Schohr,2016,110,16,40,779.7675,952.6709957138889,942.8888888888889
HeadM401_DaysToHeading,Schohr,2017,108,16,40,1262.8786111111112,1366.6860008333333,1530.084555838889
HeadM401_DaysToHeading,Schohr,2024,121,16,40,848.3261111111111,831.9928675027778,890.4444444444445
HeadM401_DaysToHeading,Wylie,2016,112,16,40,792.495,791.6234931583333,929.1388888888889
HeadM401_DaysToHeading,Wylie,2017,112,16,40,1228.378611111111,1260.314507475,989.7578338
HeadM401_DaysToHeading,Canal,2024,112,17,25,570.1225,489.72703933888886,542.5555555555555
HeadM401_DaysToHeading,ErdmanGallagher,2024,115,17,25,376.55305555555555,291.2461452555556,320.27777777777777
HeadM401_DaysToHeading,LarrabeeSheppard,2024,85,17,25,646.8227777777778,487.34673977777777,348.75
HeadM401_DaysToHeading,Lauppe,2024,114,17,25,420.25138888888887,289.9232435222222,211.38548310555555
HeadM401_DaysToHeading,Schohr,2016,110,17,25,380.75,492.01249981111107,464.8888888888889
HeadM401_DaysToHeading,Schohr,2017,108,17,25,688.4847222222222,740.3255004777777,842.94566695
HeadM401_DaysToHeading,Schohr,2024,121,17,25,489.67055555555555,464.7727422722222,474.5
HeadM401_DaysToHeading,Wylie,2016,112,17,25,436.3327777777778,346.68099879444446,453.6666666666667
HeadM401_DaysToHeading,Wylie,2017,112,17,25,721.485,625.457001675,496.81338935555556
HeadM401_DaysToHeading,Canal,2024,112,17,26,593.1225,509.72703933888886,565.0555555555555
HeadM401_DaysToHeading,ErdmanGallagher,2024,115,17,26,392.05305555555555,303.2461452555556,333.77777777777777
HeadM401_DaysToHeading,LarrabeeSheppard,2024,85,17,26,673.3227777777778,507.34673977777777,363.25
HeadM401_DaysToHeading,Lauppe,2024,114,17,26,437.75138888888887,301.9232435222222,220.38548310555555
HeadM401_DaysToHeading,Schohr,2016,110,17,26,396.75,513.0124998111111,484.8888888888889
HeadM401_DaysToHeading,Schohr,2017,108,17,26,716.9847222222222,770.8255004777777,875.94566695
HeadM401_DaysToHeading,Schohr,2024,121,17,26,509.67055555555555,483.7727422722222,494
HeadM401_DaysToHeading,Wylie,2016,112,17,26,454.8327777777778,361.68099879444446,473.1666666666667
HeadM401_DaysToHeading,Wylie,2017,112,17,26,751.485,651.457001675,517.3133893555556
HeadM401_DaysToHeading,Canal,2024,112,17,27,616.1225,529.7270393388889,587.4166666666666
HeadM401_DaysToHeading,ErdmanGallagher,2024,115,17,27,407.55305555555555,315.2461452555556,347.27777777777777
HeadM401_DaysToHeading,LarrabeeSheppard,2024,85,17,27,699.8227777777778,527.3467397777778,377.75
HeadM401_DaysToHeading,Lauppe,2024,114,17,27,455.25138888888887,313.9232435222222,229.38548310555555
HeadM401_DaysToHeading,Schohr,2016,110,17,27,412.75,534.0124998111111,504.8888888888889
HeadM401_DaysToHeading,Schohr,2017,108,17,27,745.4847222222222,801.3255004777777,908.94566695
HeadM401_DaysToHeading,Schohr,2024,121,17,27,529.6705555555556,502.7727422722222,513.5
HeadM401_DaysToHeading,Wylie,2016,112,17,27,473.0702777777778,376.68099879444446,492.6666666666667
HeadM401_DaysToHeading,Wylie,2017,112,17,27,781.485,677.457001675,537.8133893555556
HeadM401_DaysToHeading,Canal,2024,112,17,28,639.1225,549.7270393388889,609.4166666666666
HeadM401_DaysToHeading,ErdmanGallagher,2024,115,17,28,423.05305555555555,327.2461452555556,360.77777777777777
HeadM401_DaysToHeading,LarrabeeSheppard,2024,85,17,28,726.3227777777778,547.3467397777778,392.25
HeadM401_DaysToHeading,Lauppe,2024,114,17,28,472.75138888888887,325.9232435222222,238.38548310555555
HeadM401_DaysToHeading,Schohr,2016,110,17,28,428.75,555.0124998111111,524.8888888888889
HeadM401_DaysToHeading,Schohr,2017,108,17,28,773.9847222222222,831.8255004777777,941.94566695
HeadM401_DaysToHeading,Schohr,2024,121,17,28,549.6705555555556,521.7727422722222,533
HeadM401_DaysToHeading,Wylie,2016,112,17,28,491.0702777777778,391.68099879444446,512.1666666666666
HeadM401_DaysToHeading,Wylie,2017,112,17,28,811.485,703.457001675,558.3133893555556
HeadM401_DaysToHeading,Canal,2024,112,17,29,661.9936111111111,569.4244890222222,631.4166666666666
HeadM401_DaysToHeading,ErdmanGallagher,2024,115,17,29,438.55305555555555,339.2461452555556,374.27777777777777
HeadM401_DaysToHeading,LarrabeeSheppard,2024,85,17,29,752.4658333333333,566.9600391472222,406.3333333333333
HeadM401_DaysToHeading,Lauppe,2024,114,17,29,490.25138888888887,337.9232435222222,247.38548310555555
HeadM401_DaysToHeading,Schohr,2016,110,17,29,444.5338888888889,576.0124998111111,544.8888888888889
HeadM401_DaysToHeading,Schohr,2017,108,17,29,802.3058333333333,862.3255004777777,974.94566695
HeadM401_DaysToHeading,Schohr,2024,121,17,29,569.6705555555556,540.4347915666667,552.3055555555555
HeadM401_DaysToHeading,Wylie,2016,112,17,29,509.0158333333333,406.68099879444446,531.6666666666666
HeadM401_DaysToHeading,Wylie,2017,112,17,29,841.485,729.457001675,578.8133893555556
HeadM401_DaysToHeading,Canal,2024,112,17,30,684.4936111111111,588.9244890222222,653.0833333333334
HeadM401_DaysToHeading,ErdmanGallagher,2024,115,17,30,454.05305555555555,351.2461452555556,387.77777777777777
HeadM401_DaysToHeading,LarrabeeSheppard,2024,85,17,30,777.5058333333334,586.4600391472222,420.3333333333333
HeadM401_DaysToHeading,Lauppe,2024,114,17,30,507.75138888888887,349.9232435222222,256.3854831055555
HeadM401_DaysToHeading,Schohr,2016,110,17,30,459.9244444444445,597.0124998111111,564.8888888888889
HeadM401_DaysToHeading,Schohr,2017,108,17,30,830.0883333333334,892.8255004777777,1007.94566695
HeadM401_DaysToHeading,Schohr,2024,121,17,30,589.6705555555556,558.9347915666667,571.3055555555555
HeadM401_DaysToHeading,Wylie,2016,112,17,30,525.6963888888889,421.68099879444446,551.1666666666666
HeadM401_DaysToHeading,Wylie,2017,112,17,30,871.305,755.457001675,599.3133893555556
HeadM401_DaysToHeading,Canal,2024,112,17,31,706.0841666666666,608.4244890222222,674.5833333333334
HeadM401_DaysToHeading,ErdmanGallagher,2024,115,17,31,469.55305555555555,363.2461452555556,400.77777777777777
HeadM401_DaysToHeading,LarrabeeSheppard,2024,85,17,31,801.2736111111111,605.9600391472222,434.3333333333333
HeadM401_DaysToHeading,Lauppe,2024,114,17,31,524.7719444444444,361.9232435222222,265.3854831055555
HeadM401_DaysToHeading,Schohr,2016,110,17,31,474.4244444444445,618.0124998111111,584.4166666666666
HeadM401_DaysToHeading,Schohr,2017,108,17,31,857.5883333333334,923.1530008222222,1040.7512225055555
HeadM401_DaysToHeading,Schohr,2024,121,17,31,609.4180555555555,577.4347915666667,590
HeadM401_DaysToHeading,Wylie,2016,112,17,31,540.2363888888889,436.68099879444446,570.6666666666666
HeadM401_DaysToHeading,Wylie,2017,112,17,31,898.6708333333333,781.457001675,619.6189449111112
HeadM401_DaysToHeading,Canal,2024,112,17,32,725.3241666666667,627.9244890222222,695.5833333333334
HeadM401_DaysToHeading,ErdmanGallagher,2024,115,17,32,485.05305555555555,375.23049450555555,413.77777777777777
HeadM401_DaysToHeading,LarrabeeSheppard,2024,85,17,32,822.6891666666667,625.4034891222223,448.3333333333333
HeadM401_DaysToHeading,Lauppe,2024,114,17,32,540.9608333333333,373.9232435222222,274.3854831055555
HeadM401_DaysToHeading,Schohr,2016,110,17,32,487.12361111111113,638.6300001166667,603.2222222222222
HeadM401_DaysToHeading,Schohr,2017,108,17,32,883.8716666666667,953.1530008222222,1073.2512225055555
HeadM401_DaysToHeading,Schohr,2024,121,17,32,628.245,595.9347915666667,608.5
HeadM401_DaysToHeading,Wylie,2016,112,17,32,553.2930555555555,451.68099879444446,589.4722222222222
HeadM401_DaysToHeading,Wylie,2017,112,17,32,920.0427777777778,807.1885013472222,639.5356115777778
HeadM401_DaysToHeading,Canal,2024,112,17,33,741.8144444444445,647.0663881305555,715.6944444444445
HeadM401_DaysToHeading,ErdmanGallagher,2024,115,17,33,500.24361111111114,386.73049450555555,426.69444444444446
HeadM401_DaysToHeading,LarrabeeSheppard,2024,85,17,33,840.215,644.4034891222223,462.3333333333333
HeadM401_DaysToHeading,Lauppe,2024,114,17,33,555.8938888888889,385.9232435222222,283.3854831055555
HeadM401_DaysToHeading,Schohr,2016,110,17,33,498.0841666666667,658.5285005583333,620.5277777777778
HeadM401_DaysToHeading,Schohr,2017,108,17,33,906.0161111111112,982.960501661111,1105.1123336166665
HeadM401_DaysToHeading,Schohr,2024,121,17,33,645.0619444444444,613.937440875,627
HeadM401_DaysToHeading,Wylie,2016,112,17,33,563.5302777777778,466.68099879444446,606.7777777777778
HeadM401_DaysToHeading,Wylie,2017,112,17,33,933.8363888888889,832.6885013472222,658.0633893555556
HeadM401_DaysToHeading,Canal,2024,112,17,34,755.5147222222222,665.2240362166666,734.5555555555555
HeadM401_DaysToHeading,ErdmanGallagher,2024,115,17,34,513.3094444444445,398.1778440527778,439.19444444444446
HeadM401_DaysToHeading,LarrabeeSheppard,2024,85,17,34,854.9705555555555,663.1945886694444,476.3333333333333
HeadM401_DaysToHeading,Lauppe,2024,114,17,34,568.2983333333333,397.9232435222222,292.3854831055555
HeadM401_DaysToHeading,Schohr,2016,110,17,34,506.5155555555556,676.5040006666667,636.8055555555555
HeadM401_DaysToHeading,Schohr,2017,108,17,34,924.46,1011.4695005333333,1135.8067780611111
HeadM401_DaysToHeading,Schohr,2024,121,17,34,659.7630555555555,631.715641025,645.2777777777778
HeadM401_DaysToHeading,Wylie,2016,112,17,34,570.5186111111111,480.3844995416667,623.0555555555555
HeadM401_DaysToHeading,Wylie,2017,112,17,34,944.4672222222222,857.5340003833334,673.2578338000001
HeadM401_DaysToHeading,Canal,2024,112,17,35,765.7661111111111,680.9091348638889,750.5833333333334
HeadM401_DaysToHeading,ErdmanGallagher,2024,115,17,35,523.9111111111112,408.87269306666667,451.5
HeadM401_DaysToHeading,LarrabeeSheppard,2024,85,17,35,865.6697222222222,680.6725854972223,489.3333333333333
HeadM401_DaysToHeading,Lauppe,2024,114,17,35,579.6669444444444,409.83269214722225,301.02437199444444
HeadM401_DaysToHeading,Schohr,2016,110,17,35,511.4563888888889,693.0280008333333,652.1666666666666
HeadM401_DaysToHeading,Schohr,2017,108,17,35,936.6361111111112,1037.2124986527779,1165.8067780611111
HeadM401_DaysToHeading,Schohr,2024,121,17,35,671.2661111111111,648.6476898222222,663.0833333333334
HeadM401_DaysToHeading,Wylie,2016,112,17,35,572.6441666666667,493.30350016666665,638.4166666666666
HeadM401_DaysToHeading,Wylie,2017,112,17,35,951.1775,879.8240013000001,686.4522782444444
HeadM401_DaysToHeading,Canal,2024,112,17,36,772.0275,694.2421312305555,763.25
HeadM401_DaysToHeading,ErdmanGallagher,2024,115,17,36,531.4666666666667,418.679492,463.30555555555554
HeadM401_DaysToHeading,LarrabeeSheppard,2024,85,17,36,873.8172222222222,695.8788347333333,500.80555555555554
HeadM401_DaysToHeading,Lauppe,2024,114,17,36,588.0130555555555,421.33269214722225,308.6910386611111
HeadM401_DaysToHeading,Schohr,2016,110,17,36,513.9241666666667,705.4889974611111,664.3611111111111
HeadM401_DaysToHeading,Schohr,2017,108,17,36,945.1530555555556,1057.606499661111,1195.5567780611111
HeadM401_DaysToHeading,Schohr,2024,121,17,36,681.4688888888888,663.5992374416667,679.3888888888889
HeadM401_DaysToHeading,Wylie,2016,112,17,36,573.5263888888888,505.34899996666667,650.6111111111111
HeadM401_DaysToHeading,Wylie,2017,112,17,36,955.843611111111,899.7805004,697.5911671333333
HeadM401_DaysToHeading,Canal,2024,112,17,37,777.2477777777777,704.4643793111111,773.9166666666666
HeadM401_DaysToHeading,ErdmanGallagher,2024,115,17,37,537.5805555555555,426.786641125,474.36111111111114
HeadM401_DaysToHeading,LarrabeeSheppard,2024,85,17,37,880.6186111111111,707.4403295583334,510.75
HeadM401_DaysToHeading,Lauppe,2024,114,17,37,594.7486111111111,431.82968998055554,314.74659421666667
HeadM401_DaysToHeading,Schohr,2016,110,17,37,514.7952777777778,712.9234972,673.1944444444445
HeadM401_DaysToHeading,Schohr,2017,108,17,37,949.9563888888889,1074.0130014333333,1223.7790002833333
HeadM401_DaysToHeading,Schohr,2024,121,17,37,689.3822222222223,675.3230800638889,693.1388888888889
HeadM401_DaysToHeading,Wylie,2016,112,17,37,573.5588888888889,516.3209981833334,659.4444444444445
HeadM401_DaysToHeading,Wylie,2017,112,17,37,958.8141666666667,916.5305042166667,706.4245004666667
HeadM401_DaysToHeading,Canal,2024,112,17,38,780.3783333333333,712.9065275222222,781.25
HeadM401_DaysToHeading,ErdmanGallagher,2024,115,17,38,542.1694444444445,433.0776376833333,483.4166666666667
HeadM401_DaysToHeading,LarrabeeSheppard,2024,85,17,38,885.0738888888889,716.2949762388889,517.7777777777777
HeadM401_DaysToHeading,Lauppe,2024,114,17,38,600.3869444444445,440.3747358333333,319.24659421666667
HeadM401_DaysToHeading,Schohr,2016,110,17,38,515.2952777777778,717.1269960333333,679.4166666666666
HeadM401_DaysToHeading,Schohr,2017,108,17,38,952.9733333333334,1086.531998625,1249.69566695
HeadM401_DaysToHeading,Schohr,2024,121,17,38,694.8583333333333,683.9388790138889,704.5833333333334
HeadM401_DaysToHeading,Wylie,2016,112,17,38,573.5588888888889,524.6394987,665.6666666666666
HeadM401_DaysToHeading,Wylie,2017,112,17,38,960.3427777777778,929.0995044611111,711.7856115777778
HeadM401_DaysToHeading,Canal,2024,112,17,39,782.8563888888889,718.1632738,786.8055555555555
HeadM401_DaysToHeading,ErdmanGallagher,2024,115,17,39,545.2369444444445,437.0174360722222,490.44444444444446
HeadM401_DaysToHeading,LarrabeeSheppard,2024,85,17,39,887.2613888888889,722.6022748777777,522.8888888888889
HeadM401_DaysToHeading,Lauppe,2024,114,17,39,604.3977777777778,447.07138538888887,321.0521497722222
HeadM401_DaysToHeading,Schohr,2016,110,17,39,515.4497222222222,718.4529962555556,683.5
HeadM401_DaysToHeading,Schohr,2017,108,17,39,954.8513888888889,1094.7135000416665,1271.3067780611111
HeadM401_DaysToHeading,Schohr,2024,121,17,39,697.9419444444444,690.841377263889,713.1388888888889
HeadM401_DaysToHeading,Wylie,2016,112,17,39,573.5588888888889,529.4814977277778,669.75
HeadM401_DaysToHeading,Wylie,2017,112,17,39,960.7922222222222,938.3670043777778,716.2022782444444
HeadM401_DaysToHeading,Canal,2024,112,17,40,783.9633333333334,721.38422105,790.7222222222222
HeadM401_DaysToHeading,ErdmanGallagher,2024,115,17,40,546.5413888888888,438.17748551666665,495.4166666666667
HeadM401_DaysToHeading,LarrabeeSheppard,2024,85,17,40,888.6188888888889,726.8142232666667,526.5555555555555
HeadM401_DaysToHeading,Lauppe,2024,114,17,40,606.7441666666666,452.12508297222223,322.1354831055556
HeadM401_DaysToHeading,Schohr,2016,110,17,40,515.4497222222222,718.9529962555556,685.2777777777778
HeadM401_DaysToHeading,Schohr,2017,108,17,40,955.1872222222222,1101.3755006805554,1289.5567780611111
HeadM401_DaysToHeading,Schohr,2024,121,17,40,699.0444444444445,695.4374752361111,719.6388888888889
HeadM401_DaysToHeading,Wylie,2016,112,17,40,573.5588888888889,532.6499967,671.5277777777778
HeadM401_DaysToHeading,Wylie,2017,112,17,40,960.7922222222222,945.5210037111111,719.7578338
HeadM401_DaysToHeading,Canal,2024,112,18,25,491.70472222222224,422.48174,351.1111111111111
HeadM401_DaysToHeading,ErdmanGallagher,2024,115,18,25,309.07,246.47889614722223,185.5
HeadM401_DaysToHeading,LarrabeeSheppard,2024,85,18,25,534.5566666666666,397.6849413,258.8611111111111
HeadM401_DaysToHeading,Lauppe,2024,114,18,25,308.82944444444445,211.0853958111111,110.21881643888888
HeadM401_DaysToHeading,Schohr,2016,110,18,25,268.365,299.4954986611111,273.1388888888889
HeadM401_DaysToHeading,Schohr,2017,108,18,25,451.985,470.94050025555555,731.0567780611111
HeadM401_DaysToHeading,Schohr,2024,121,18,25,410.68277777777774,386.65769291111116,395.6666666666667
HeadM401_DaysToHeading,Wylie,2016,112,18,25,301.9136111111111,155.01799964444444,273.1388888888889
HeadM401_DaysToHeading,Wylie,2017,112,18,25,463.01111111111106,357.10350035833335,317.8689449111111
HeadM401_DaysToHeading,Canal,2024,112,18,26,511.20472222222224,439.48174,365.1111111111111
HeadM401_DaysToHeading,ErdmanGallagher,2024,115,18,26,321.57,256.47889614722226,193
HeadM401_DaysToHeading,LarrabeeSheppard,2024,85,18,26,556.0566666666666,413.6849413,269.3611111111111
HeadM401_DaysToHeading,Lauppe,2024,114,18,26,321.32944444444445,219.5853958111111,114.71881643888888
HeadM401_DaysToHeading,Schohr,2016,110,18,26,279.365,311.9954986611111,284.6388888888889
HeadM401_DaysToHeading,Schohr,2017,108,18,26,469.985,489.44050025555555,759.0567780611111
HeadM401_DaysToHeading,Schohr,2024,121,18,26,427.18277777777774,402.15769291111116,411.6666666666667
HeadM401_DaysToHeading,Wylie,2016,112,18,26,314.4136111111111,161.51799964444444,284.6388888888889
HeadM401_DaysToHeading,Wylie,2017,112,18,26,481.51111111111106,371.10350035833335,330.3689449111111
HeadM401_DaysToHeading,Canal,2024,112,18,27,530.7047222222222,456.48174,379.1111111111111
HeadM401_DaysToHeading,ErdmanGallagher,2024,115,18,27,334.07,266.47889614722226,200.5
HeadM401_DaysToHeading,LarrabeeSheppard,2024,85,18,27,577.5566666666666,429.6849413,279.8611111111111
HeadM401_DaysToHeading,Lauppe,2024,114,18,27,333.82944444444445,228.0853958111111,119.21881643888888
HeadM401_DaysToHeading,Schohr,2016,110,18,27,290.365,324.4954986611111,296.1388888888889
HeadM401_DaysToHeading,Schohr,2017,108,18,27,487.985,507.94050025555555,787.0567780611111
HeadM401_DaysToHeading,Schohr,2024,121,18,27,443.68277777777774,417.65769291111116,427.6666666666667
HeadM401_DaysToHeading,Wylie,2016,112,18,27,326.9136111111111,168.01799964444444,296.1388888888889
HeadM401_DaysToHeading,Wylie,2017,112,18,27,500.01111111111106,385.10350035833335,342.8689449111111
HeadM401_DaysToHeading,Canal,2024,112,18,28,550.2047222222222,473.48174,393.1111111111111
HeadM401_DaysToHeading,ErdmanGallagher,2024,115,18,28,346.57,276.47889614722226,208
HeadM401_DaysToHeading,LarrabeeSheppard,2024,85,18,28,599.0566666666666,445.6849413,290.3611111111111
HeadM401_DaysToHeading,Lauppe,2024,114,18,28,346.32944444444445,236.5853958111111,123.71881643888888
HeadM401_DaysToHeading,Schohr,2016,110,18,28,301.365,336.9954986611111,307.6388888888889
HeadM401_DaysToHeading,Schohr,2017,108,18,28,505.985,526.4405002555555,815.0567780611111
HeadM401_DaysToHeading,Schohr,2024,121,18,28,460.18277777777774,433.15769291111116,443.6666666666667
HeadM401_DaysToHeading,Wylie,2016,112,18,28,339.4136111111111,174.51799964444444,307.6388888888889
HeadM401_DaysToHeading,Wylie,2017,112,18,28,518.5111111111111,399.10350035833335,355.3689449111111
HeadM401_DaysToHeading,Canal,2024,112,18,29,569.5758333333333,490.17918968333333,407.1111111111111
HeadM401_DaysToHeading,ErdmanGallagher,2024,115,18,29,359.07,286.47889614722226,215.5
HeadM401_DaysToHeading,LarrabeeSheppard,2024,85,18,29,620.2291666666666,461.29824066944445,300.8611111111111
HeadM401_DaysToHeading,Lauppe,2024,114,18,29,358.82944444444445,245.0853958111111,128.2188164388889
HeadM401_DaysToHeading,Schohr,2016,110,18,29,312.365,349.4954986611111,319.1388888888889
HeadM401_DaysToHeading,Schohr,2017,108,18,29,523.985,544.9405002555555,843.0567780611111
HeadM401_DaysToHeading,Schohr,2024,121,18,29,476.68277777777774,448.3197422055556,459.47222222222223
HeadM401_DaysToHeading,Wylie,2016,112,18,29,351.8591666666667,181.01799964444444,319.1388888888889
HeadM401_DaysToHeading,Wylie,2017,112,18,29,537.0111111111111,413.10350035833335,367.8689449111111
HeadM401_DaysToHeading,Canal,2024,112,18,30,588.5758333333333,506.67918968333333,420.77777777777777
HeadM401_DaysToHeading,ErdmanGallagher,2024,115,18,30,371.57,296.47889614722226,223
HeadM401_DaysToHeading,LarrabeeSheppard,2024,85,18,30,641.2291666666666,476.79824066944445,311.3611111111111
HeadM401_DaysToHeading,Lauppe,2024,114,18,30,371.32944444444445,253.5853958111111,132.7188164388889
HeadM401_DaysToHeading,Schohr,2016,110,18,30,323.25555555555553,361.9954986611111,330.6388888888889
HeadM401_DaysToHeading,Schohr,2017,108,18,30,541.985,563.4405002555555,871.0567780611111
HeadM401_DaysToHeading,Schohr,2024,121,18,30,493.18277777777774,463.3197422055556,474.97222222222223
HeadM401_DaysToHeading,Wylie,2016,112,18,30,363.51972222222224,187.51799964444444,330.6388888888889
HeadM401_DaysToHeading,Wylie,2017,112,18,30,555.5111111111111,427.10350035833335,380.3689449111111
HeadM401_DaysToHeading,Canal,2024,112,18,31,607.3863888888889,523.1791896833333,434.27777777777777
HeadM401_DaysToHeading,ErdmanGallagher,2024,115,18,31,384.07,306.47889614722226,230.5
HeadM401_DaysToHeading,LarrabeeSheppard,2024,85,18,31,662.2291666666666,492.29824066944445,321.8611111111111
HeadM401_DaysToHeading,Lauppe,2024,114,18,31,383.35,262.0853958111111,137.2188164388889
HeadM401_DaysToHeading,Schohr,2016,110,18,31,333.25555555555553,374.4954986611111,342.1388888888889
HeadM401_DaysToHeading,Schohr,2017,108,18,31,559.985,581.9405002555555,899.0567780611111
HeadM401_DaysToHeading,Schohr,2024,121,18,31,509.68277777777774,478.3197422055556,490.47222222222223
HeadM401_DaysToHeading,Wylie,2016,112,18,31,373.46416666666664,194.01799964444444,342.1388888888889
HeadM401_DaysToHeading,Wylie,2017,112,18,31,572.4327777777778,441.10350035833335,392.6745004666667
HeadM401_DaysToHeading,Canal,2024,112,18,32,625.2433333333333,539.6791896833333,447.27777777777777
HeadM401_DaysToHeading,ErdmanGallagher,2024,115,18,32,396.57,316.46324539722224,238
HeadM401_DaysToHeading,LarrabeeSheppard,2024,85,18,32,682.2369444444445,507.79824066944445,332.3611111111111
HeadM401_DaysToHeading,Lauppe,2024,114,18,32,395.2325,270.5853958111111,141.7188164388889
HeadM401_DaysToHeading,Schohr,2016,110,18,32,342.6225,386.9954986611111,353.6388888888889
HeadM401_DaysToHeading,Schohr,2017,108,18,32,577.0561111111111,600.4405002555555,927.0567780611111
HeadM401_DaysToHeading,Schohr,2024,121,18,32,525.5247222222222,493.3197422055556,505.97222222222223
HeadM401_DaysToHeading,Wylie,2016,112,18,32,382.55083333333334,200.51799964444444,353.6388888888889
HeadM401_DaysToHeading,Wylie,2017,112,18,32,586.6033333333334,455.10350035833335,404.59116713333333
HeadM401_DaysToHeading,Canal,2024,112,18,33,640.7336111111111,555.8210887916666,459.8888888888889
HeadM401_DaysToHeading,ErdmanGallagher,2024,115,18,33,408.7605555555556,325.96324539722224,245.5
HeadM401_DaysToHeading,LarrabeeSheppard,2024,85,18,33,699.2522222222223,523.2982406694445,342.8611111111111
HeadM401_DaysToHeading,Lauppe,2024,114,18,33,406.475,279.0853958111111,146.2188164388889
HeadM401_DaysToHeading,Schohr,2016,110,18,33,351.05861111111113,399.4954986611111,364.8333333333333
HeadM401_DaysToHeading,Schohr,2017,108,18,33,592.2966666666666,618.7480010944445,954.4178891722222
HeadM401_DaysToHeading,Schohr,2024,121,18,33,539.8416666666667,508.3197422055556,521.4722222222222
HeadM401_DaysToHeading,Wylie,2016,112,18,33,390.40666666666664,207.01799964444444,364.8333333333333
HeadM401_DaysToHeading,Wylie,2017,112,18,33,597.5563888888888,469.10350035833335,415.45227824444447
HeadM401_DaysToHeading,Canal,2024,112,18,34,653.9202777777778,571.3773365027778,471.9166666666667
HeadM401_DaysToHeading,ErdmanGallagher,2024,115,18,34,419.34805555555556,335.46324539722224,253
HeadM401_DaysToHeading,LarrabeeSheppard,2024,85,18,34,713.8252777777777,538.7982406694445,353.3611111111111
HeadM401_DaysToHeading,Lauppe,2024,114,18,34,416.51444444444445,287.5853958111111,150.7188164388889
HeadM401_DaysToHeading,Schohr,2016,110,18,34,358.05,411.5674991638889,375.58333333333337
HeadM401_DaysToHeading,Schohr,2017,108,18,34,605.6491666666667,636.3805007888889,981.0290002833333
HeadM401_DaysToHeading,Schohr,2024,121,18,34,552.4944444444444,523.3197422055556,536.75
HeadM401_DaysToHeading,Wylie,2016,112,18,34,396.0036111111111,212.76799964444444,375.58333333333337
HeadM401_DaysToHeading,Wylie,2017,112,18,34,606.6913888888888,482.9235000527778,425.20227824444447
HeadM401_DaysToHeading,Canal,2024,112,18,35,664.0177777777777,585.3456859583333,482.9166666666667
HeadM401_DaysToHeading,ErdmanGallagher,2024,115,18,35,428.44972222222225,344.6580944111111,260.5
HeadM401_DaysToHeading,LarrabeeSheppard,2024,85,18,35,724.5244444444444,553.8028392861111,362.8611111111111
HeadM401_DaysToHeading,Lauppe,2024,114,18,35,425.97805555555556,296.0853958111111,155.2188164388889
HeadM401_DaysToHeading,Schohr,2016,110,18,35,362.49083333333334,423.25099945277776,385.55555555555554
HeadM401_DaysToHeading,Schohr,2017,108,18,35,614.6052777777778,652.9320011083333,1007.0290002833333
HeadM401_DaysToHeading,Schohr,2024,121,18,35,562.4975,538.08844185,551.5555555555555
HeadM401_DaysToHeading,Wylie,2016,112,18,35,397.7286111111111,218.18700026944447,385.55555555555554
HeadM401_DaysToHeading,Wylie,2017,112,18,35,612.4016666666666,495.55850028055556,434.23005602222224
HeadM401_DaysToHeading,Canal,2024,112,18,36,670.2791666666667,597.678682325,492.94444444444446
HeadM401_DaysToHeading,ErdmanGallagher,2024,115,18,36,435.1238888888889,352.9648933444445,267.80555555555554
HeadM401_DaysToHeading,LarrabeeSheppard,2024,85,18,36,732.6719444444444,567.3492889472222,370.94444444444446
HeadM401_DaysToHeading,Lauppe,2024,114,18,36,433.24666666666667,304.5853958111111,158.9688164388889
HeadM401_DaysToHeading,Schohr,2016,110,18,36,364.8811111111111,432.6834964777778,393.77777777777777
HeadM401_DaysToHeading,Schohr,2017,108,18,36,621.4116666666666,668.7365016888889,1032.7790002833333
HeadM401_DaysToHeading,Schohr,2024,121,18,36,571.2002777777777,551.414640425,565.2222222222222
HeadM401_DaysToHeading,Wylie,2016,112,18,36,398.61083333333335,222.8635005888889,393.77777777777777
HeadM401_DaysToHeading,Wylie,2017,112,18,36,616.2633333333333,508.0179996388889,442.6189449111111
HeadM401_DaysToHeading,Canal,2024,112,18,37,675.4994444444444,607.370830536111,502.25
HeadM401_DaysToHeading,ErdmanGallagher,2024,115,18,37,440.7377777777778,359.6870937388889,274.61111111111114
HeadM401_DaysToHeading,LarrabeeSheppard,2024,85,18,37,739.4733333333334,577.4253349361111,378.27777777777777
HeadM401_DaysToHeading,Lauppe,2024,114,18,37,438.9822222222222,312.5686950666667,161.9688164388889
HeadM401_DaysToHeading,Schohr,2016,110,18,37,365.75222222222226,438.7499961861111,399.6666666666667
HeadM401_DaysToHeading,Schohr,2017,108,18,37,625.5475,683.7495040861111,1057.0012225055555
HeadM401_DaysToHeading,Schohr,2024,121,18,37,577.7697222222222,561.7960338583333,577.5
HeadM401_DaysToHeading,Wylie,2016,112,18,37,398.6433333333333,227.32649993333334,399.6666666666667
HeadM401_DaysToHeading,Wylie,2017,112,18,37,618.7338888888888,519.4425010583334,448.95227824444447
HeadM401_DaysToHeading,Canal,2024,112,18,38,678.63,615.8129787472222,508.5833333333333
HeadM401_DaysToHeading,ErdmanGallagher,2024,115,18,38,444.82666666666665,365.4244423027778,280.4166666666667
HeadM401_DaysToHeading,LarrabeeSheppard,2024,85,18,38,743.9286111111111,585.55153275,383.52777777777777
HeadM401_DaysToHeading,Lauppe,2024,114,18,38,443.7841666666667,319.16654205833333,164.32992755
HeadM401_DaysToHeading,Schohr,2016,110,18,38,366.25222222222226,442.45349501944446,404.61111111111114
HeadM401_DaysToHeading,Schohr,2017,108,18,38,628.1869444444444,695.6740016888889,1078.9178891722222
HeadM401_DaysToHeading,Schohr,2024,121,18,38,582.7383333333333,569.5776824944445,587.9444444444445
HeadM401_DaysToHeading,Wylie,2016,112,18,38,398.6433333333333,231.1135005888889,404.61111111111114
HeadM401_DaysToHeading,Wylie,2017,112,18,38,619.7624999999999,529.401002875,452.23005602222224
HeadM401_DaysToHeading,Canal,2024,112,18,39,681.1080555555556,621.069725025,513.25
HeadM401_DaysToHeading,ErdmanGallagher,2024,115,18,39,447.39416666666665,369.3642406916667,285.05555555555554
HeadM401_DaysToHeading,LarrabeeSheppard,2024,85,18,39,746.1161111111111,591.3588313888888,387.63888888888886
HeadM401_DaysToHeading,Lauppe,2024,114,18,39,447.295,324.3846416694445,164.9688164388889
HeadM401_DaysToHeading,Schohr,2016,110,18,39,366.4066666666667,443.77399443611114,408.36111111111114
HeadM401_DaysToHeading,Schohr,2017,108,18,39,630.065,703.8555031055555,1097.1401113944444
HeadM401_DaysToHeading,Schohr,2024,121,18,39,585.6949999999999,575.9801807444445,595.7777777777778
HeadM401_DaysToHeading,Wylie,2016,112,18,39,398.6433333333333,233.68899917222222,408.36111111111114
HeadM401_DaysToHeading,Wylie,2017,112,18,39,620.1544444444444,537.2680034305556,454.6467226888889
HeadM401_DaysToHeading,Canal,2024,112,18,40,682.215,624.290672275,516.9722222222222
HeadM401_DaysToHeading,ErdmanGallagher,2024,115,18,40,448.1986111111111,370.5242901361111,288.52777777777777
HeadM401_DaysToHeading,LarrabeeSheppard,2024,85,18,40,747.4736111111112,595.4566306944445,390.30555555555554
HeadM401_DaysToHeading,Lauppe,2024,114,18,40,449.44,328.55554011388887,165.0521497722222
HeadM401_DaysToHeading,Schohr,2016,110,18,40,366.4066666666667,444.27399443611114,410.1388888888889
HeadM401_DaysToHeading,Schohr,2017,108,18,40,630.4008333333334,710.5175037444444,1113.69566695
HeadM401_DaysToHeading,Schohr,2024,121,18,40,586.7975,580.3270283,601.7777777777778
HeadM401_DaysToHeading,Wylie,2016,112,18,40,398.6433333333333,236.18899917222222,410.1388888888889
HeadM401_DaysToHeading,Wylie,2017,112,18,40,620.1544444444444,543.8150024027777,456.31338935555556
HeadM401_DaysToHeading,Canal,2024,112,19,25,398.22777777777776,281.3126430527778,268.5
HeadM401_DaysToHeading,ErdmanGallagher,2024,115,19,25,202.86416666666668,164.18789673333333,126.11111111111111
HeadM401_DaysToHeading,LarrabeeSheppard,2024,85,19,25,359.2372222222222,304.0448427277778,176.19444444444443
HeadM401_DaysToHeading,Lauppe,2024,114,19,25,203.18194444444444,164.4834966638889,39.746594216666665
HeadM401_DaysToHeading,Schohr,2016,110,19,25,138.74472222222224,111.46500015555554,74.80555555555556
HeadM401_DaysToHeading,Schohr,2017,108,19,25,299.63972222222225,282.6905002611111,638.1123336166667
HeadM401_DaysToHeading,Schohr,2024,121,19,25,269.48555555555555,304.84819412222225,243.44444444444446
HeadM401_DaysToHeading,Wylie,2016,112,19,25,160.70555555555555,61.50500011388889,74.80555555555556
HeadM401_DaysToHeading,Wylie,2017,112,19,25,275.38027777777774,251.39600085833334,259.3689449111111
HeadM401_DaysToHeading,Canal,2024,112,19,26,413.72777777777776,292.3126430527778,279
HeadM401_DaysToHeading,ErdmanGallagher,2024,115,19,26,210.86416666666668,170.68789673333333,131.11111111111111
HeadM401_DaysToHeading,LarrabeeSheppard,2024,85,19,26,373.2372222222222,316.0448427277778,183.19444444444443
HeadM401_DaysToHeading,Lauppe,2024,114,19,26,211.18194444444444,170.9834966638889,41.246594216666665
HeadM401_DaysToHeading,Schohr,2016,110,19,26,144.24472222222224,115.96500015555554,77.80555555555556
HeadM401_DaysToHeading,Schohr,2017,108,19,26,311.13972222222225,293.1905002611111,662.1123336166667
HeadM401_DaysToHeading,Schohr,2024,121,19,26,279.98555555555555,316.84819412222225,252.94444444444446
HeadM401_DaysToHeading,Wylie,2016,112,19,26,167.20555555555555,64.00500011388888,77.80555555555556
HeadM401_DaysToHeading,Wylie,2017,112,19,26,285.88027777777774,260.8960008583333,269.3689449111111
HeadM401_DaysToHeading,Canal,2024,112,19,27,429.22777777777776,303.3126430527778,289.5
HeadM401_DaysToHeading,ErdmanGallagher,2024,115,19,27,218.86416666666668,177.18789673333333,136.11111111111111
HeadM401_DaysToHeading,LarrabeeSheppard,2024,85,19,27,387.2372222222222,328.0448427277778,190.19444444444443
HeadM401_DaysToHeading,Lauppe,2024,114,19,27,219.18194444444444,177.4834966638889,42.746594216666665
HeadM401_DaysToHeading,Schohr,2016,110,19,27,149.74472222222224,120.46500015555554,80.80555555555556
HeadM401_DaysToHeading,Schohr,2017,108,19,27,322.63972222222225,303.6905002611111,686.1123336166667
HeadM401_DaysToHeading,Schohr,2024,121,19,27,290.48555555555555,328.84819412222225,262.44444444444446
HeadM401_DaysToHeading,Wylie,2016,112,19,27,173.70555555555555,66.50500011388888,80.80555555555556
HeadM401_DaysToHeading,Wylie,2017,112,19,27,296.38027777777774,270.3960008583333,279.3689449111111
HeadM401_DaysToHeading,Canal,2024,112,19,28,444.72777777777776,314.3126430527778,300
HeadM401_DaysToHeading,ErdmanGallagher,2024,115,19,28,226.86416666666668,183.68789673333333,141.11111111111111
HeadM401_DaysToHeading,LarrabeeSheppard,2024,85,19,28,401.2372222222222,340.0448427277778,197.19444444444443
HeadM401_DaysToHeading,Lauppe,2024,114,19,28,227.18194444444444,183.9834966638889,44.246594216666665
HeadM401_DaysToHeading,Schohr,2016,110,19,28,155.24472222222224,124.96500015555554,83.80555555555556
HeadM401_DaysToHeading,Schohr,2017,108,19,28,334.13972222222225,314.1905002611111,710.1123336166667
HeadM401_DaysToHeading,Schohr,2024,121,19,28,300.98555555555555,340.84819412222225,271.94444444444446
HeadM401_DaysToHeading,Wylie,2016,112,19,28,180.20555555555555,69.00500011388888,83.80555555555556
HeadM401_DaysToHeading,Wylie,2017,112,19,28,306.88027777777774,279.8960008583333,289.3689449111111
HeadM401_DaysToHeading,Canal,2024,112,19,29,460.22777777777776,325.3126430527778,310.5
HeadM401_DaysToHeading,ErdmanGallagher,2024,115,19,29,234.86416666666668,190.18789673333333,146.11111111111111
HeadM401_DaysToHeading,LarrabeeSheppard,2024,85,19,29,414.90972222222223,352.0448427277778,204.19444444444443
HeadM401_DaysToHeading,Lauppe,2024,114,19,29,235.18194444444444,190.4834966638889,45.746594216666665
HeadM401_DaysToHeading,Schohr,2016,110,19,29,160.74472222222224,129.46500015555554,86.80555555555556
HeadM401_DaysToHeading,Schohr,2017,108,19,29,345.63972222222225,324.6905002611111,734.1123336166667
HeadM401_DaysToHeading,Schohr,2024,121,19,29,311.48555555555555,352.84819412222225,281.44444444444446
HeadM401_DaysToHeading,Wylie,2016,112,19,29,186.70555555555555,71.50500011388888,86.80555555555556
HeadM401_DaysToHeading,Wylie,2017,112,19,29,317.38027777777774,289.3960008583333,299.3689449111111
HeadM401_DaysToHeading,Canal,2024,112,19,30,475.72777777777776,336.3126430527778,320.6666666666667
HeadM401_DaysToHeading,ErdmanGallagher,2024,115,19,30,242.86416666666668,196.68789673333333,151.11111111111111
HeadM401_DaysToHeading,LarrabeeSheppard,2024,85,19,30,428.40972222222223,364.0448427277778,211.19444444444443
HeadM401_DaysToHeading,Lauppe,2024,114,19,30,243.18194444444444,196.9834966638889,47.246594216666665
HeadM401_DaysToHeading,Schohr,2016,110,19,30,166.24472222222224,133.96500015555554,89.80555555555556
HeadM401_DaysToHeading,Schohr,2017,108,19,30,357.13972222222225,335.1905002611111,758.1123336166667
HeadM401_DaysToHeading,Schohr,2024,121,19,30,321.98555555555555,364.84819412222225,290.94444444444446
HeadM401_DaysToHeading,Wylie,2016,112,19,30,193.0211111111111,74.00500011388888,89.80555555555556
HeadM401_DaysToHeading,Wylie,2017,112,19,30,327.88027777777774,298.8960008583333,309.3689449111111
HeadM401_DaysToHeading,Canal,2024,112,19,31,491.22777777777776,347.3126430527778,330.6666666666667
HeadM401_DaysToHeading,ErdmanGallagher,2024,115,19,31,250.86416666666668,203.18789673333333,156.11111111111111
HeadM401_DaysToHeading,LarrabeeSheppard,2024,85,19,31,441.90972222222223,376.0448427277778,218.19444444444443
HeadM401_DaysToHeading,Lauppe,2024,114,19,31,251.18194444444444,203.4834966638889,48.746594216666665
HeadM401_DaysToHeading,Schohr,2016,110,19,31,171.74472222222224,138.46500015555554,92.80555555555556
HeadM401_DaysToHeading,Schohr,2017,108,19,31,368.63972222222225,345.6905002611111,782.1123336166667
HeadM401_DaysToHeading,Schohr,2024,121,19,31,332.48555555555555,376.84819412222225,300.44444444444446
HeadM401_DaysToHeading,Wylie,2016,112,19,31,198.33166666666665,76.50500011388888,92.80555555555556
HeadM401_DaysToHeading,Wylie,2017,112,19,31,337.78666666666663,308.3960008583333,319.3689449111111
HeadM401_DaysToHeading,Canal,2024,112,19,32,506.45722222222224,358.3126430527778,340.6666666666667
HeadM401_DaysToHeading,ErdmanGallagher,2024,115,19,32,258.8641666666667,209.68789673333333,161.11111111111111
HeadM401_DaysToHeading,LarrabeeSheppard,2024,85,19,32,455.3561111111111,388.0448427277778,225.19444444444443
HeadM401_DaysToHeading,Lauppe,2024,114,19,32,259.18194444444447,209.9834966638889,50.246594216666665
HeadM401_DaysToHeading,Schohr,2016,110,19,32,177.07611111111112,142.96500015555554,95.80555555555556
HeadM401_DaysToHeading,Schohr,2017,108,19,32,379.49666666666667,356.1905002611111,806.1123336166667
HeadM401_DaysToHeading,Schohr,2024,121,19,32,342.3275,388.84819412222225,309.94444444444446
HeadM401_DaysToHeading,Wylie,2016,112,19,32,203.2397222222222,79.00500011388888,95.80555555555556
HeadM401_DaysToHeading,Wylie,2017,112,19,32,346.7461111111111,317.8960008583333,329.2856115777778
HeadM401_DaysToHeading,Canal,2024,112,19,33,519.6794444444445,369.3126430527778,350.27777777777777
HeadM401_DaysToHeading,ErdmanGallagher,2024,115,19,33,266.8641666666667,216.18789673333333,166.11111111111111
HeadM401_DaysToHeading,LarrabeeSheppard,2024,85,19,33,468.0336111111111,400.0448427277778,232.19444444444443
HeadM401_DaysToHeading,Lauppe,2024,114,19,33,266.9244444444444,216.4834966638889,51.746594216666665
HeadM401_DaysToHeading,Schohr,2016,110,19,33,182.07611111111112,147.46500015555554,98.80555555555556
HeadM401_DaysToHeading,Schohr,2017,108,19,33,389.53305555555556,366.6905002611111,829.8067780611111
HeadM401_DaysToHeading,Schohr,2024,121,19,33,351.3275,400.84819412222225,319.44444444444446
HeadM401_DaysToHeading,Wylie,2016,112,19,33,207.2761111111111,81.50500011388888,98.80555555555556
HeadM401_DaysToHeading,Wylie,2017,112,19,33,354.79499999999996,327.3960008583333,338.1467226888889
HeadM401_DaysToHeading,Canal,2024,112,19,34,531.3316666666667,379.87619209444443,359.3333333333333
HeadM401_DaysToHeading,ErdmanGallagher,2024,115,19,34,274.4252777777778,222.68789673333333,171.11111111111111
HeadM401_DaysToHeading,LarrabeeSheppard,2024,85,19,34,478.8591666666666,412.0448427277778,239.19444444444443
HeadM401_DaysToHeading,Lauppe,2024,114,19,34,273.9244444444444,222.9834966638889,53.246594216666665
HeadM401_DaysToHeading,Schohr,2016,110,19,34,186.61111111111111,151.96500015555554,101.80555555555556
HeadM401_DaysToHeading,Schohr,2017,108,19,34,399.1116666666667,377.1905002611111,852.9178891722222
HeadM401_DaysToHeading,Schohr,2024,121,19,34,360.245,412.84819412222225,328.72222222222223
HeadM401_DaysToHeading,Wylie,2016,112,19,34,209.8686111111111,83.52800083055556,101.80555555555556
HeadM401_DaysToHeading,Wylie,2017,112,19,34,362.5255555555555,336.8960008583333,345.8967226888889
HeadM401_DaysToHeading,Canal,2024,112,19,35,540.6961111111111,390.0116424583333,367.8333333333333
HeadM401_DaysToHeading,ErdmanGallagher,2024,115,19,35,281.06333333333333,229.15924645,176.11111111111111
HeadM401_DaysToHeading,LarrabeeSheppard,2024,85,19,35,487.4291666666667,423.70449162222224,245.6111111111111
HeadM401_DaysToHeading,Lauppe,2024,114,19,35,280.3880555555556,229.4834966638889,54.746594216666665
HeadM401_DaysToHeading,Schohr,2016,110,19,35,189.54638888888888,156.46500015555554,104.77777777777779
HeadM401_DaysToHeading,Schohr,2017,108,19,35,406.2052777777778,387.6905002611111,875.4178891722222
HeadM401_DaysToHeading,Schohr,2024,121,19,35,367.7730555555555,424.6859436027778,337.72222222222223
HeadM401_DaysToHeading,Wylie,2016,112,19,35,210.45666666666665,85.52800083055556,104.77777777777779
HeadM401_DaysToHeading,Wylie,2017,112,19,35,368.0861111111111,346.3960008583333,353.09116713333333
HeadM401_DaysToHeading,Canal,2024,112,19,36,546.4575,399.5552406333333,375.44444444444446
HeadM401_DaysToHeading,ErdmanGallagher,2024,115,19,36,286.2375,234.96929550555555,181.11111111111111
HeadM401_DaysToHeading,LarrabeeSheppard,2024,85,19,36,494.07666666666665,434.79199124166666,251.1111111111111
HeadM401_DaysToHeading,Lauppe,2024,114,19,36,285.08805555555557,235.9834966638889,56.246594216666665
HeadM401_DaysToHeading,Schohr,2016,110,19,36,191.75527777777776,160.90299988055554,107.27777777777779
HeadM401_DaysToHeading,Schohr,2017,108,19,36,412.01166666666666,397.99500084166664,897.9178891722222
HeadM401_DaysToHeading,Schohr,2024,121,19,36,374.4969444444444,436.1034431444445,346.72222222222223
HeadM401_DaysToHeading,Wylie,2016,112,19,36,210.6677777777778,87.52800083055556,107.27777777777779
HeadM401_DaysToHeading,Wylie,2017,112,19,36,371.94777777777773,355.8960008583333,359.98005602222224
HeadM401_DaysToHeading,Canal,2024,112,19,37,551.1777777777778,407.9429893527778,382.77777777777777
HeadM401_DaysToHeading,ErdmanGallagher,2024,115,19,37,290.3513888888889,239.6914959,186.11111111111111
HeadM401_DaysToHeading,LarrabeeSheppard,2024,85,19,37,499.3980555555555,443.52078915277775,256.41666666666663
HeadM401_DaysToHeading,Lauppe,2024,114,19,37,289.08805555555557,242.42339610833332,57.746594216666665
HeadM401_DaysToHeading,Schohr,2016,110,19,37,192.6263888888889,164.7989997888889,109.30555555555556
HeadM401_DaysToHeading,Schohr,2017,108,19,37,416.015,407.9040012388889,919.3901113944445
HeadM401_DaysToHeading,Schohr,2024,121,19,37,380.3663888888889,445.25713729722224,354.61111111111114
HeadM401_DaysToHeading,Wylie,2016,112,19,37,210.6677777777778,89.52800083055556,109.30555555555556
HeadM401_DaysToHeading,Wylie,2017,112,19,37,374.4183333333333,365.1110010111111,365.45227824444447
HeadM401_DaysToHeading,Canal,2024,112,19,38,553.8083333333333,415.41953850833335,387.97222222222223
HeadM401_DaysToHeading,ErdmanGallagher,2024,115,19,38,292.9402777777778,243.49704551944444,190.66666666666666
HeadM401_DaysToHeading,LarrabeeSheppard,2024,85,19,38,503.4419444444444,451.14698696666665,260.5833333333333
HeadM401_DaysToHeading,Lauppe,2024,114,19,38,292.75944444444445,248.0182943388889,58.913260883333336
HeadM401_DaysToHeading,Schohr,2016,110,19,38,193.1263888888889,167.50249862222222,110.86111111111111
HeadM401_DaysToHeading,Schohr,2017,108,19,38,418.65444444444444,416.5435009027778,938.9734447277777
HeadM401_DaysToHeading,Schohr,2024,121,19,38,384.835,452.5387859333334,361.3888888888889
HeadM401_DaysToHeading,Wylie,2016,112,19,38,210.6677777777778,91.52800083055556,110.86111111111111
HeadM401_DaysToHeading,Wylie,2017,112,19,38,375.4469444444444,373.7830018972222,368.67450046666664
HeadM401_DaysToHeading,Canal,2024,112,19,39,556.2702777777778,420.64213561944445,391.63888888888886
HeadM401_DaysToHeading,ErdmanGallagher,2024,115,19,39,294.5441666666667,246.21304324166667,194.30555555555554
HeadM401_DaysToHeading,LarrabeeSheppard,2024,85,19,39,505.62944444444446,456.4542856055555,263.75
HeadM401_DaysToHeading,Lauppe,2024,114,19,39,295.3363888888889,252.23639395,59.413260883333336
HeadM401_DaysToHeading,Schohr,2016,110,19,39,193.28083333333333,168.37149809444446,111.6388888888889
HeadM401_DaysToHeading,Schohr,2017,108,19,39,420.5325,423.60350229166664,955.19566695
HeadM401_DaysToHeading,Schohr,2024,121,19,39,387.5255555555555,458.4412841833334,366.75
HeadM401_DaysToHeading,Wylie,2016,112,19,39,210.6677777777778,93.52800083055556,111.6388888888889
HeadM401_DaysToHeading,Wylie,2017,112,19,39,375.83888888888885,380.8515023972222,371.09116713333333
HeadM401_DaysToHeading,Canal,2024,112,19,40,557.3772222222223,423.86308286944444,394.55555555555554
HeadM401_DaysToHeading,ErdmanGallagher,2024,115,19,40,294.8486111111111,246.8730926861111,196.86111111111111
HeadM401_DaysToHeading,LarrabeeSheppard,2024,85,19,40,506.9869444444444,460.0520849111111,265.91666666666663
HeadM401_DaysToHeading,Lauppe,2024,114,19,40,297.3363888888889,255.47839261666667,59.496594216666665
HeadM401_DaysToHeading,Schohr,2016,110,19,40,193.28083333333333,168.87149809444446,111.72222222222223
HeadM401_DaysToHeading,Schohr,2017,108,19,40,420.86833333333334,429.3880024027778,969.7512225055556
HeadM401_DaysToHeading,Schohr,2024,121,19,40,388.62805555555553,462.2881317388889,370.75
HeadM401_DaysToHeading,Wylie,2016,112,19,40,210.6677777777778,95.52800083055556,111.72222222222223
HeadM401_DaysToHeading,Wylie,2017,112,19,40,375.83888888888885,386.89850136944443,372.7578338
HeadM401_DaysToHeading,Canal,2024,112,20,25,250.87222222222223,170.6437950111111,145.58333333333334
HeadM401_DaysToHeading,ErdmanGallagher,2024,115,20,25,117.27722222222222,54.22839927777778,77.58333333333334
HeadM401_DaysToHeading,LarrabeeSheppard,2024,85,20,25,224.64583333333331,169.735146525,103.1111111111111
HeadM401_DaysToHeading,Lauppe,2024,114,20,25,116.89416666666666,66.14514923333334,39.746594216666665
HeadM401_DaysToHeading,Schohr,2016,110,20,25,102.00666666666667,38.01799965,38.13888888888889
HeadM401_DaysToHeading,Schohr,2017,108,20,25,176.7913888888889,209.30449962777777,478.6317778694444
HeadM401_DaysToHeading,Schohr,2024,121,20,25,184.005,170.085047725,170.44444444444446
HeadM401_DaysToHeading,Wylie,2016,112,20,25,38.44,12.69200038888889,38.13888888888889
HeadM401_DaysToHeading,Wylie,2017,112,20,25,152.9475,190.2530012111111,173.84116713333333
HeadM401_DaysToHeading,Canal,2024,112,20,26,260.3722222222222,177.1437950111111,151.08333333333334
HeadM401_DaysToHeading,ErdmanGallagher,2024,115,20,26,121.77722222222222,56.22839927777778,80.58333333333334
HeadM401_DaysToHeading,LarrabeeSheppard,2024,85,20,26,233.14583333333331,176.235146525,107.1111111111111
HeadM401_DaysToHeading,Lauppe,2024,114,20,26,121.39416666666666,68.64514923333334,41.246594216666665
HeadM401_DaysToHeading,Schohr,2016,110,20,26,106.00666666666667,39.51799965,39.63888888888889
HeadM401_DaysToHeading,Schohr,2017,108,20,26,183.2913888888889,216.80449962777777,496.1317778694444
HeadM401_DaysToHeading,Schohr,2024,121,20,26,191.005,176.585047725,176.94444444444446
HeadM401_DaysToHeading,Wylie,2016,112,20,26,39.94,13.19200038888889,39.63888888888889
HeadM401_DaysToHeading,Wylie,2017,112,20,26,158.4475,197.2530012111111,180.34116713333333
HeadM401_DaysToHeading,Canal,2024,112,20,27,269.8722222222222,183.6437950111111,156.58333333333334
HeadM401_DaysToHeading,ErdmanGallagher,2024,115,20,27,126.27722222222222,58.22839927777778,83.58333333333334
HeadM401_DaysToHeading,LarrabeeSheppard,2024,85,20,27,241.64583333333331,182.735146525,111.1111111111111
HeadM401_DaysToHeading,Lauppe,2024,114,20,27,125.89416666666666,71.14514923333334,42.746594216666665
HeadM401_DaysToHeading,Schohr,2016,110,20,27,110.00666666666667,41.01799965,41.13888888888889
HeadM401_DaysToHeading,Schohr,2017,108,20,27,189.7913888888889,224.30449962777777,513.6317778694445
HeadM401_DaysToHeading,Schohr,2024,121,20,27,198.005,183.085047725,183.44444444444446
HeadM401_DaysToHeading,Wylie,2016,112,20,27,41.44,13.69200038888889,41.13888888888889
HeadM401_DaysToHeading,Wylie,2017,112,20,27,163.9475,204.2530012111111,186.84116713333333
HeadM401_DaysToHeading,Canal,2024,112,20,28,279.3722222222222,190.1437950111111,162.08333333333334
HeadM401_DaysToHeading,ErdmanGallagher,2024,115,20,28,130.77722222222224,60.22839927777778,86.58333333333334
HeadM401_DaysToHeading,LarrabeeSheppard,2024,85,20,28,250.14583333333331,189.235146525,115.1111111111111
HeadM401_DaysToHeading,Lauppe,2024,114,20,28,130.39416666666668,73.64514923333334,44.246594216666665
HeadM401_DaysToHeading,Schohr,2016,110,20,28,114.00666666666667,42.51799965,42.63888888888889
HeadM401_DaysToHeading,Schohr,2017,108,20,28,196.2913888888889,231.80449962777777,531.1317778694445
HeadM401_DaysToHeading,Schohr,2024,121,20,28,205.005,189.585047725,189.94444444444446
HeadM401_DaysToHeading,Wylie,2016,112,20,28,42.94,14.19200038888889,42.63888888888889
HeadM401_DaysToHeading,Wylie,2017,112,20,28,169.4475,211.2530012111111,193.34116713333333
HeadM401_DaysToHeading,Canal,2024,112,20,29,288.8722222222222,196.6437950111111,167.58333333333334
HeadM401_DaysToHeading,ErdmanGallagher,2024,115,20,29,135.27722222222224,62.22839927777778,89.58333333333334
HeadM401_DaysToHeading,LarrabeeSheppard,2024,85,20,29,258.6458333333333,195.735146525,119.1111111111111
HeadM401_DaysToHeading,Lauppe,2024,114,20,29,134.89416666666668,76.14514923333334,45.746594216666665
HeadM401_DaysToHeading,Schohr,2016,110,20,29,118.00666666666667,44.01799965,44.13888888888889
HeadM401_DaysToHeading,Schohr,2017,108,20,29,202.7913888888889,239.30449962777777,548.6317778694445
HeadM401_DaysToHeading,Schohr,2024,121,20,29,212.005,196.085047725,196.44444444444446
HeadM401_DaysToHeading,Wylie,2016,112,20,29,44.44,14.69200038888889,44.13888888888889
HeadM401_DaysToHeading,Wylie,2017,112,20,29,174.9475,218.2530012111111,199.84116713333333
HeadM401_DaysToHeading,Canal,2024,112,20,30,298.3722222222222,203.1437950111111,173.08333333333334
HeadM401_DaysToHeading,ErdmanGallagher,2024,115,20,30,139.77722222222224,64.22839927777778,92.58333333333334
HeadM401_DaysToHeading,LarrabeeSheppard,2024,85,20,30,267.1458333333333,202.235146525,123.1111111111111
HeadM401_DaysToHeading,Lauppe,2024,114,20,30,139.39416666666668,78.64514923333334,47.246594216666665
HeadM401_DaysToHeading,Schohr,2016,110,20,30,122.00666666666667,45.51799965,45.63888888888889
HeadM401_DaysToHeading,Schohr,2017,108,20,30,209.2913888888889,246.80449962777777,566.1317778694445
HeadM401_DaysToHeading,Schohr,2024,121,20,30,219.005,202.585047725,202.94444444444446
HeadM401_DaysToHeading,Wylie,2016,112,20,30,45.94,15.19200038888889,45.63888888888889
HeadM401_DaysToHeading,Wylie,2017,112,20,30,180.4475,225.2530012111111,206.34116713333333
HeadM401_DaysToHeading,Canal,2024,112,20,31,307.8722222222222,209.6437950111111,178.58333333333334
HeadM401_DaysToHeading,ErdmanGallagher,2024,115,20,31,144.27722222222224,66.22839927777778,95.58333333333334
HeadM401_DaysToHeading,LarrabeeSheppard,2024,85,20,31,275.6458333333333,208.735146525,127.1111111111111
HeadM401_DaysToHeading,Lauppe,2024,114,20,31,143.89416666666668,81.14514923333334,48.746594216666665
HeadM401_DaysToHeading,Schohr,2016,110,20,31,126.00666666666667,47.01799965,47.13888888888889
HeadM401_DaysToHeading,Schohr,2017,108,20,31,215.7913888888889,254.30449962777777,583.6317778694445
HeadM401_DaysToHeading,Schohr,2024,121,20,31,226.005,209.085047725,209.44444444444446
HeadM401_DaysToHeading,Wylie,2016,112,20,31,47.44,15.69200038888889,47.13888888888889
HeadM401_DaysToHeading,Wylie,2017,112,20,31,185.695,232.2530012111111,212.84116713333333
HeadM401_DaysToHeading,Canal,2024,112,20,32,317.3722222222222,216.1437950111111,184.08333333333334
HeadM401_DaysToHeading,ErdmanGallagher,2024,115,20,32,148.77722222222224,68.22839927777778,98.58333333333334
HeadM401_DaysToHeading,LarrabeeSheppard,2024,85,20,32,284.09222222222223,215.235146525,131.11111111111111
HeadM401_DaysToHeading,Lauppe,2024,114,20,32,148.39416666666668,83.64514923333334,50.246594216666665
HeadM401_DaysToHeading,Schohr,2016,110,20,32,129.83805555555557,48.51799965,48.63888888888889
HeadM401_DaysToHeading,Schohr,2017,108,20,32,221.99527777777777,261.8044996277778,601.1317778694445
HeadM401_DaysToHeading,Schohr,2024,121,20,32,232.93888888888887,215.585047725,215.94444444444446
HeadM401_DaysToHeading,Wylie,2016,112,20,32,48.94,16.19200038888889,48.63888888888889
HeadM401_DaysToHeading,Wylie,2017,112,20,32,190.695,239.2530012111111,219.25783380000001
HeadM401_DaysToHeading,Canal,2024,112,20,33,326.3052777777778,222.6437950111111,189.19444444444446
HeadM401_DaysToHeading,ErdmanGallagher,2024,115,20,33,153.27722222222224,70.22839927777778,101.58333333333334
HeadM401_DaysToHeading,LarrabeeSheppard,2024,85,20,33,292.09222222222223,221.735146525,135.11111111111111
HeadM401_DaysToHeading,Lauppe,2024,114,20,33,152.79111111111112,86.14514923333334,51.746594216666665
HeadM401_DaysToHeading,Schohr,2016,110,20,33,133.33805555555557,50.01799965,50.13888888888889
HeadM401_DaysToHeading,Schohr,2017,108,20,33,227.99527777777777,269.3044996277778,618.6317778694445
HeadM401_DaysToHeading,Schohr,2024,121,20,33,239.43888888888887,222.085047725,222.44444444444446
HeadM401_DaysToHeading,Wylie,2016,112,20,33,50.44,16.69200038888889,50.13888888888889
HeadM401_DaysToHeading,Wylie,2017,112,20,33,195.695,246.2530012111111,225.25783380000001
HeadM401_DaysToHeading,Canal,2024,112,20,34,334.63138888888886,229.1437950111111,193.75
HeadM401_DaysToHeading,ErdmanGallagher,2024,115,20,34,157.77722222222224,72.22839927777778,104.58333333333334
HeadM401_DaysToHeading,LarrabeeSheppard,2024,85,20,34,299.0133333333333,228.235146525,139.11111111111111
HeadM401_DaysToHeading,Lauppe,2024,114,20,34,156.79111111111112,88.64514923333334,53.246594216666665
HeadM401_DaysToHeading,Schohr,2016,110,20,34,136.37305555555557,51.51799965,51.63888888888889
HeadM401_DaysToHeading,Schohr,2017,108,20,34,233.83027777777778,276.8044996277778,636.1317778694445
HeadM401_DaysToHeading,Schohr,2024,121,20,34,245.8563888888889,228.585047725,228.94444444444446
HeadM401_DaysToHeading,Wylie,2016,112,20,34,51.17111111111112,17.19200038888889,51.63888888888889
HeadM401_DaysToHeading,Wylie,2017,112,20,34,200.45555555555552,253.2530012111111,230.84116713333333
HeadM401_DaysToHeading,Canal,2024,112,20,35,341.4502777777778,235.27924537500002,198.25
HeadM401_DaysToHeading,ErdmanGallagher,2024,115,20,35,162.23527777777778,74.22839927777778,107.58333333333334
HeadM401_DaysToHeading,LarrabeeSheppard,2024,85,20,35,304.0988888888889,234.735146525,142.66666666666666
HeadM401_DaysToHeading,Lauppe,2024,114,20,35,160.48472222222222,91.14514923333334,54.746594216666665
HeadM401_DaysToHeading,Schohr,2016,110,20,35,138.1938888888889,53.01799965,53.13888888888889
HeadM401_DaysToHeading,Schohr,2017,108,20,35,238.45777777777778,284.3044996277778,653.6317778694445
HeadM401_DaysToHeading,Schohr,2024,121,20,35,250.88444444444443,235.085047725,235.44444444444446
HeadM401_DaysToHeading,Wylie,2016,112,20,35,51.17111111111112,17.69200038888889,53.13888888888889
HeadM401_DaysToHeading,Wylie,2017,112,20,35,204.2211111111111,260.2530012111111,236.0356115777778
HeadM401_DaysToHeading,Canal,2024,112,20,36,345.5677777777778,241.27924537500002,202.25
HeadM401_DaysToHeading,ErdmanGallagher,2024,115,20,36,165.4438888888889,76.22839927777778,110.58333333333334
HeadM401_DaysToHeading,LarrabeeSheppard,2024,85,20,36,308.22194444444443,241.235146525,145.66666666666666
HeadM401_DaysToHeading,Lauppe,2024,114,20,36,163.25972222222222,93.64514923333334,56.246594216666665
HeadM401_DaysToHeading,Schohr,2016,110,20,36,139.41027777777776,54.51799965,54.63888888888889
HeadM401_DaysToHeading,Schohr,2017,108,20,36,242.60666666666668,291.6090002083333,671.1317778694445
HeadM401_DaysToHeading,Schohr,2024,121,20,36,255.10833333333332,241.585047725,241.94444444444446
HeadM401_DaysToHeading,Wylie,2016,112,20,36,51.17111111111112,18.19200038888889,54.63888888888889
HeadM401_DaysToHeading,Wylie,2017,112,20,36,207.2136111111111,267.2530012111111,241.0356115777778
HeadM401_DaysToHeading,Canal,2024,112,20,37,348.8491666666667,246.8211441027778,206.25
HeadM401_DaysToHeading,ErdmanGallagher,2024,115,20,37,168.05777777777777,78.22839927777778,113.58333333333334
HeadM401_DaysToHeading,LarrabeeSheppard,2024,85,20,37,311.0433333333333,246.55079555833333,148.47222222222223
HeadM401_DaysToHeading,Lauppe,2024,114,20,37,165.75972222222222,96.14514923333334,57.746594216666665
HeadM401_DaysToHeading,Schohr,2016,110,20,37,139.91027777777776,55.94499969444445,55.66666666666667
HeadM401_DaysToHeading,Schohr,2017,108,20,37,245.9911111111111,298.5180006055556,687.6040000916666
HeadM401_DaysToHeading,Schohr,2024,121,20,37,258.47777777777776,246.77534389722226,247.33333333333334
HeadM401_DaysToHeading,Wylie,2016,112,20,37,51.17111111111112,18.69200038888889,55.66666666666667
HeadM401_DaysToHeading,Wylie,2017,112,20,37,209.40805555555553,273.9680013638889,245.48005602222221
HeadM401_DaysToHeading,Canal,2024,112,20,38,350.8491666666667,252.30044365833334,209.19444444444446
HeadM401_DaysToHeading,ErdmanGallagher,2024,115,20,38,169.14666666666665,79.82959938055555,116.13888888888889
HeadM401_DaysToHeading,LarrabeeSheppard,2024,85,20,38,312.5872222222222,251.3892946277778,150.5
HeadM401_DaysToHeading,Lauppe,2024,114,20,38,168.25972222222222,98.64514923333334,58.913260883333336
HeadM401_DaysToHeading,Schohr,2016,110,20,38,140.41027777777776,56.74849891666667,56.44444444444445
HeadM401_DaysToHeading,Schohr,2017,108,20,38,248.45916666666668,304.570500375,702.3817778694445
HeadM401_DaysToHeading,Schohr,2024,121,20,38,260.9658333333333,250.83374309722225,251.61111111111111
HeadM401_DaysToHeading,Wylie,2016,112,20,38,51.17111111111112,19.19200038888889,56.44444444444445
HeadM401_DaysToHeading,Wylie,2017,112,20,38,210.43666666666667,280.14000225,248.45227824444444
HeadM401_DaysToHeading,Canal,2024,112,20,39,352.81111111111113,256.45574188055554,211.36111111111111
HeadM401_DaysToHeading,ErdmanGallagher,2024,115,20,39,169.82916666666665,81.05084801944444,118.13888888888889
HeadM401_DaysToHeading,LarrabeeSheppard,2024,85,20,39,313.0872222222222,254.96374415555556,152.02777777777777
HeadM401_DaysToHeading,Lauppe,2024,114,20,39,169.83666666666667,101.12964820555555,59.413260883333336
HeadM401_DaysToHeading,Schohr,2016,110,20,39,140.56472222222223,56.91899872222223,56.72222222222223
HeadM401_DaysToHeading,Schohr,2017,108,20,39,250.3372222222222,309.6305017638889,714.6317778694445
HeadM401_DaysToHeading,Schohr,2024,121,20,39,262.33444444444444,254.05134298611114,255.02777777777777
HeadM401_DaysToHeading,Wylie,2016,112,20,39,51.17111111111112,19.69200038888889,56.72222222222223
HeadM401_DaysToHeading,Wylie,2017,112,20,39,210.82861111111112,285.66050241666665,250.8689449111111
HeadM401_DaysToHeading,Canal,2024,112,20,40,353.8575,259.2510394916667,212.83333333333334
HeadM401_DaysToHeading,ErdmanGallagher,2024,115,20,40,170.1297222222222,81.2108974638889,119.91666666666667
HeadM401_DaysToHeading,LarrabeeSheppard,2024,85,20,40,313.5872222222222,257.5615434611111,152.69444444444443
HeadM401_DaysToHeading,Lauppe,2024,114,20,40,170.83666666666667,102.87164687222223,59.496594216666665
HeadM401_DaysToHeading,Schohr,2016,110,20,40,140.56472222222223,56.91899872222223,56.72222222222223
HeadM401_DaysToHeading,Schohr,2017,108,20,40,250.67305555555555,313.415001875,725.687333425
HeadM401_DaysToHeading,Schohr,2024,121,20,40,262.83444444444444,256.1990919583334,257.52777777777777
HeadM401_DaysToHeading,Wylie,2016,112,20,40,51.17111111111112,20.19200038888889,56.72222222222223
HeadM401_DaysToHeading,Wylie,2017,112,20,40,210.82861111111112,290.2075013888889,252.5356115777778
